# exact hook decomposition of the 31-box: a s i value
0 0 0 1/31
0 0 1 1/31
0 0 2 1/31
0 0 3 1/31
0 0 4 1/31
0 0 5 1/31
0 0 6 1/31
0 0 7 1/31
0 0 8 1/31
0 0 9 1/31
0 0 10 1/31
0 0 11 1/31
0 0 12 1/31
0 0 13 1/31
0 0 14 1/31
0 0 15 1/31
0 0 16 1/31
0 0 17 1/31
0 0 18 1/31
0 0 19 1/31
0 0 20 1/31
0 0 21 1/31
0 0 22 1/31
0 0 23 1/31
0 0 24 1/31
0 0 25 1/31
0 0 26 1/31
0 0 27 1/31
0 0 28 1/31
0 0 29 1/31
0 0 30 1/31
1 0 0 3/31
1 0 1 3/31
1 0 2 3/31
1 0 3 2/31
1 0 4 2/31
1 0 11 3/31
1 0 12 3/31
1 0 17 3/31
1 0 18 3/31
1 0 21 3/31
1 0 24 3/31
1 1 3 1/31
1 1 5 3/31
1 1 7 3/31
1 1 9 3/31
1 1 13 3/31
1 1 15 3/31
1 1 19 3/31
1 1 22 3/31
1 1 25 3/31
1 1 27 3/31
1 1 29 3/31
2 0 0 1/62
2 0 4 1/62
2 0 6 5/31
2 0 10 5/31
2 0 11 5/31
2 0 12 5/31
2 0 22 5/31
2 0 26 5/31
2 1 0 9/62
2 1 1 1/62
2 1 7 5/62
2 1 8 5/62
2 1 13 5/62
2 1 14 5/62
2 1 16 5/62
2 1 19 5/62
2 1 24 5/31
2 1 27 3/31
2 1 29 3/31
2 2 2 9/62
2 2 3 5/31
2 2 7 5/62
2 2 13 5/62
2 2 16 5/62
2 2 17 5/62
2 2 18 5/62
2 2 21 5/31
2 2 27 2/31
2 2 28 2/31
3 0 1 7/31
3 0 14 7/31
3 0 16 5132217602647790492207806254399712600523853852510920708964896660451723558729776470094248428558247859031/30293501973307339376874081277967157801769852948854422174103207486449605043178793904418719527924921412287
3 0 24 1/31
3 0 26 3662670067022082230110475406945591277409329261672621212548937771098161776386647566672476595678019647762/30293501973307339376874081277967157801769852948854422174103207486449605043178793904418719527924921412287
3 0 27 7/31
3 1 3 7/62
3 1 12 7/31
3 1 16 1708250584873221625150857259979968193424177458520723007768085675198187257471886669613204368069960201808/30293501973307339376874081277967157801769852948854422174103207486449605043178793904418719527924921412287
3 1 17 1/62
3 1 18 4155007861573360189727997180916901058531277950934971606574470612501736299272396021564612314754218136054/30293501973307339376874081277967157801769852948854422174103207486449605043178793904418719527924921412287
3 1 19 2685460325947651927630666333462779735416753360096672110158511723148174516929267118142840481873989924785/30293501973307339376874081277967157801769852948854422174103207486449605043178793904418719527924921412287
3 1 21 4155007861573360189727997180916901058531277950934971606574470612501736299272396021564612314754218136054/30293501973307339376874081277967157801769852948854422174103207486449605043178793904418719527924921412287
3 1 29 7/31
3 2 0 7/31
3 2 4 7/62
3 2 9 7/31
3 2 15 9287225464221150681935803435316613659055131803445892315539367272953459858002172491658860743312465995085/60587003946614678753748162555934315603539705897708844348206414972899210086357587808837439055849842824574
3 2 21 2685460325947651927630666333462779735416753360096672110158511723148174516929267118142840481873989924785/30293501973307339376874081277967157801769852948854422174103207486449605043178793904418719527924921412287
3 2 22 2685460325947651927630666333462779735416753360096672110158511723148174516929267118142840481873989924785/30293501973307339376874081277967157801769852948854422174103207486449605043178793904418719527924921412287
3 2 24 3177798120498929887248188107434089516538702049359022504184044564551749039815015573034976200950188413077/30293501973307339376874081277967157801769852948854422174103207486449605043178793904418719527924921412287
3 3 3 7/62
3 3 5 7/31
3 3 7 7/31
3 3 15 4393710910820873552781523593442747928840930818617395117926597398346361774401153787756044849943950126593/60587003946614678753748162555934315603539705897708844348206414972899210086357587808837439055849842824574
3 3 20 4155007861573360189727997180916901058531277950934971606574470612501736299272396021564612314754218136054/30293501973307339376874081277967157801769852948854422174103207486449605043178793904418719527924921412287
3 3 25 7/31
4 0 2 9/31
4 0 5 4713416768864484941608848050525899127503897651971619604529082007155243327582017384306754339547959012251/30293501973307339376874081277967157801769852948854422174103207486449605043178793904418719527924921412287
4 0 9 4713416768864484941608848050525899127503897651971619604529082007155243327582017384306754339547959012251/30293501973307339376874081277967157801769852948854422174103207486449605043178793904418719527924921412287
4 0 10 3991601360969750304273769746262497663994300962844403204013561911090353285000596660394851693138340277632/90880505919922018130622243833901473405309558846563266522309622459348815129536381713256158583774764236861
4 0 13 4405942940535029639396382260669591180904246598195179841248690359673744538939470340135123763554160720521/181761011839844036261244487667802946810619117693126533044619244918697630259072763426512317167549528473722
4 0 24 9/31
4 0 27 3756998861075745922022484960969218319954324326228664792720814489115539476129342964784817605822456268563/181761011839844036261244487667802946810619117693126533044619244918697630259072763426512317167549528473722
4 0 28 1757607026940734062076262205592352958263487824575971845053809491633047860810729873960460023242756350423/90880505919922018130622243833901473405309558846563266522309622459348815129536381713256158583774764236861
4 1 0 9/31
4 1 12 48363383077484206694513307707402232086694852086906071687834316229625567471759073880465226381863444320237/181761011839844036261244487667802946810619117693126533044619244918697630259072763426512317167549528473722
4 1 14 970102597910821920398678661257155951581588758749036783871093253936102784094645322740824360176282891791/181761011839844036261244487667802946810619117693126533044619244918697630259072763426512317167549528473722
4 1 16 12204725846787533139550890426572078907685697481782866634589246334419699039214902592116601732511108047568/90880505919922018130622243833901473405309558846563266522309622459348815129536381713256158583774764236861
4 1 25 51491749591778959111298545516958359369417858872575774981931521687881710437961351853687895209247523857237/181761011839844036261244487667802946810619117693126533044619244918697630259072763426512317167549528473722
4 1 29 3756998861075745922022484960969218319954324326228664792720814489115539476129342964784817605822456268563/181761011839844036261244487667802946810619117693126533044619244918697630259072763426512317167549528473722
4 2 14 26046506279157893407455580762485250059292572773561286268214739623474154541302237519406134367392170146297/181761011839844036261244487667802946810619117693126533044619244918697630259072763426512317167549528473722
4 2 15 1303578591746824524376239285299124097751383284372294891453670104285429623483538828956877631273118471476/90880505919922018130622243833901473405309558846563266522309622459348815129536381713256158583774764236861
4 2 16 2313368045286276647352328352442415392935130947974231991689774296985759390966501516961012313003218799325/181761011839844036261244487667802946810619117693126533044619244918697630259072763426512317167549528473722
4 2 19 9/31
4 2 27 49012327156943490411887205007102604947644774358872586736362192100183772534569201255815532539595148772195/181761011839844036261244487667802946810619117693126533044619244918697630259072763426512317167549528473722
4 2 28 49012327156943490411887205007102604947644774358872586736362192100183772534569201255815532539595148772195/181761011839844036261244487667802946810619117693126533044619244918697630259072763426512317167549528473722
4 3 3 9/31
4 3 7 22393061648039867862681075237773413969805248379706222560527941383559302720348675449905323379570462242747/90880505919922018130622243833901473405309558846563266522309622459348815129536381713256158583774764236861
4 3 12 4405942940535029639396382260669591180904246598195179841248690359673744538939470340135123763554160720521/181761011839844036261244487667802946810619117693126533044619244918697630259072763426512317167549528473722
4 3 14 4292119523491753501009238424054902876120822858798488079499528951981509114216943563075565236308192000445/30293501973307339376874081277967157801769852948854422174103207486449605043178793904418719527924921412287
4 3 20 9/31
4 3 22 172631936507666570790197316888158582458981855908125907423048232594692969704884858341426229472189602634/30293501973307339376874081277967157801769852948854422174103207486449605043178793904418719527924921412287
4 3 25 241784807194277797869960549784512403427348677076721102613195505849443754507883216863897559336943567717/181761011839844036261244487667802946810619117693126533044619244918697630259072763426512317167549528473722
4 4 4 9/31
4 4 5 4081470900805387780709433610819404750429285462211922316984752424394642007534406652459970684688308494542/30293501973307339376874081277967157801769852948854422174103207486449605043178793904418719527924921412287
4 4 7 3991601360969750304273769746262497663994300962844403204013561911090353285000596660394851693138340277632/90880505919922018130622243833901473405309558846563266522309622459348815129536381713256158583774764236861
4 4 11 22393061648039867862681075237773413969805248379706222560527941383559302720348675449905323379570462242747/90880505919922018130622243833901473405309558846563266522309622459348815129536381713256158583774764236861
4 4 18 50455957972732959686557361615629407874663967737127019537393232292313552619732042703639337832414386241433/181761011839844036261244487667802946810619117693126533044619244918697630259072763426512317167549528473722
4 4 22 1277576426240277222611144451113463898181239812525476547151484901417601572737192366912454936170081183521/181761011839844036261244487667802946810619117693126533044619244918697630259072763426512317167549528473722
5 0 0 6138052266338583673152634108126126527912193967616193241079468744942669804556669420979154677840725874163/30293501973307339376874081277967157801769852948854422174103207486449605043178793904418719527924921412287
5 0 13 11/31
5 0 22 51482224596732132020713824711732368476968622073961987534274365084924512370593786533316357852555987857549/181761011839844036261244487667802946810619117693126533044619244918697630259072763426512317167549528473722
5 0 26 5196273149024325087375548775674559719950745250283455514508906570578516056514175626676500022389750159529/181761011839844036261244487667802946810619117693126533044619244918697630259072763426512317167549528473722
5 0 27 3959726264190612858428651780295616279119429509861881631931840271473237313406279189614757952415578915864/30293501973307339376874081277967157801769852948854422174103207486449605043178793904418719527924921412287
5 1 14 13013618314180267942953574138133193294541387430050653223493754079774646753593323069639625658509973858933/181761011839844036261244487667802946810619117693126533044619244918697630259072763426512317167549528473722
5 1 16 28279494323406426214524128836512444461606096326775066370348739423758522544744109891141851420607966629493/181761011839844036261244487667802946810619117693126533044619244918697630259072763426512317167549528473722
5 1 19 28279494323406426214524128836512444461606096326775066370348739423758522544744109891141851420607966629493/181761011839844036261244487667802946810619117693126533044619244918697630259072763426512317167549528473722
5 1 24 19077406124181432537952762788439913437373059355907003040221059159573752633163022824846613683875813695356/90880505919922018130622243833901473405309558846563266522309622459348815129536381713256158583774764236861
5 1 26 3784710841808403048925111344398723899165225798299736263480129155055850159068099549761859310110533235249/30293501973307339376874081277967157801769852948854422174103207486449605043178793904418719527924921412287
5 1 29 51325327579637632519786462213372694323128064107913323419105118741923332195256577626324605439408794553597/181761011839844036261244487667802946810619117693126533044619244918697630259072763426512317167549528473722
5 2 1 6138052266338583673152634108126126527912193967616193241079468744942669804556669420979154677840725874163/30293501973307339376874081277967157801769852948854422174103207486449605043178793904418719527924921412287
5 2 2 34480320975233796041114648587877220180092164727570600452566900099288154797592263018931266261569773479965/181761011839844036261244487667802946810619117693126533044619244918697630259072763426512317167549528473722
5 2 4 1959710358959558734003701739328272693586970139940354116188676528930695848043674538013167604853533986330/30293501973307339376874081277967157801769852948854422174103207486449605043178793904418719527924921412287
5 2 7 8183664594651831317042916043095190614991960904307350067784944134127778216367117827123063145356756287277/60587003946614678753748162555934315603539705897708844348206414972899210086357587808837439055849842824574
5 2 8 46238583128991148445136859023846856341613985567212725149698959272872329885854310247010271890690977397945/181761011839844036261244487667802946810619117693126533044619244918697630259072763426512317167549528473722
5 2 19 27904538199874743380926216842066903114942100040081873095389681500913617010922772925247655883052949571023/181761011839844036261244487667802946810619117693126533044619244918697630259072763426512317167549528473722
5 3 0 4611254885480149654125265700184800434006140949719246885215217782507190049474515512846842574003601078584/30293501973307339376874081277967157801769852948854422174103207486449605043178793904418719527924921412287
5 3 11 24182844533903364023545489319954568858953829544284278213168945396132353361424023468802245922302325123938/90880505919922018130622243833901473405309558846563266522309622459348815129536381713256158583774764236861
5 3 15 51482224596732132020713824711732368476968622073961987534274365084924512370593786533316357852555987857549/181761011839844036261244487667802946810619117693126533044619244918697630259072763426512317167549528473722
5 3 17 36216348587505973749143270013353117309903913177237574387419379740940636579442999711814132090457995086989/181761011839844036261244487667802946810619117693126533044619244918697630259072763426512317167549528473722
5 3 24 3004870045819717419924136683616586783633679609173822230882717100920772381556806194449379989318214801634/30293501973307339376874081277967157801769852948854422174103207486449605043178793904418719527924921412287
5 4 1 4611254885480149654125265700184800434006140949719246885215217782507190049474515512846842574003601078584/30293501973307339376874081277967157801769852948854422174103207486449605043178793904418719527924921412287
5 4 2 197313625076646495962776649224954797059030261420715227108996470181222606411324734984728759087187763563/1954419482148860604959618146965623083985151803151898204780852095899974518914760897059272227608059445954
5 4 4 18257259781921251518530539826018705429896023936799915608069159891826829238332799355945711620374984318537/181761011839844036261244487667802946810619117693126533044619244918697630259072763426512317167549528473722
5 4 5 6138052266338583673152634108126126527912193967616193241079468744942669804556669420979154677840725874163/30293501973307339376874081277967157801769852948854422174103207486449605043178793904418719527924921412287
5 4 6 18257259781921251518530539826018705429896023936799915608069159891826829238332799355945711620374984318537/181761011839844036261244487667802946810619117693126533044619244918697630259072763426512317167549528473722
5 4 12 36216348587505973749143270013353117309903913177237574387419379740940636579442999711814132090457995086989/181761011839844036261244487667802946810619117693126533044619244918697630259072763426512317167549528473722
5 4 18 13013618314180267942953574138133193294541387430050653223493754079774646753593323069639625658509973858933/181761011839844036261244487667802946810619117693126533044619244918697630259072763426512317167549528473722
5 4 25 13170515331274767443880936636492867448381945396099317338663000422775826928930531976631378071657167162885/181761011839844036261244487667802946810619117693126533044619244918697630259072763426512317167549528473722
5 5 2 5832677401775239899007260942033772732464015232157762092032273669278650965170823115222471327193863112579/90880505919922018130622243833901473405309558846563266522309622459348815129536381713256158583774764236861
5 5 6 8065076921552835958288210104978212026801175207722042165715114186217226200669531332675745833230655734303/90880505919922018130622243833901473405309558846563266522309622459348815129536381713256158583774764236861
5 5 7 28279494323406426214524128836512444461606096326775066370348739423758522544744109891141851420607966629493/181761011839844036261244487667802946810619117693126533044619244918697630259072763426512317167549528473722
5 5 9 1038845176308467991207615357274410253020320995131143702645491430886601882581913198570622002650445869891/60587003946614678753748162555934315603539705897708844348206414972899210086357587808837439055849842824574
5 5 19 4155905193815615184108526585643107097480906568577850646014849120013509784260113393283238103702522757983/90880505919922018130622243833901473405309558846563266522309622459348815129536381713256158583774764236861
5 5 21 36591304711037656582741182007798658656567909463930767662378437663785542113264336677708327628013012145459/181761011839844036261244487667802946810619117693126533044619244918697630259072763426512317167549528473722
5 5 23 11/31
5 5 25 13170515331274767443880936636492867448381945396099317338663000422775826928930531976631378071657167162885/181761011839844036261244487667802946810619117693126533044619244918697630259072763426512317167549528473722
6 0 7 614067824409281012495356684883467686082919587339176643810055793424878774038762726577704369756224444582/2931629223223290907439427220448434625977727704727847307171278143849961778372141345588908341412089168931
6 0 11 13343485136754710008116065922792041440229642269106736077887827791669642406878631073349401574622161571703/90880505919922018130622243833901473405309558846563266522309622459348815129536381713256158583774764236861
6 0 14 28722813357098265096411252596546476223763362583505084025531093054750937060743875795902723693470205766690/90880505919922018130622243833901473405309558846563266522309622459348815129536381713256158583774764236861
6 0 25 14823219315697555112550222176964349324850451030911039401831737105632844413362754762157476285853650310461/90880505919922018130622243833901473405309558846563266522309622459348815129536381713256158583774764236861
6 0 30 14954885553683776526188645906211108147895595755525931058947234911124149253349475557937721567385788805965/90880505919922018130622243833901473405309558846563266522309622459348815129536381713256158583774764236861
6 1 3 614067824409281012495356684883467686082919587339176643810055793424878774038762726577704369756224444582/2931629223223290907439427220448434625977727704727847307171278143849961778372141345588908341412089168931
6 1 10 24767694765148071788596487943037608697480817892355278915338788078379860711959206419306406863734997624400/90880505919922018130622243833901473405309558846563266522309622459348815129536381713256158583774764236861
6 1 12 5731592208460360401240430711650110428910310684840802957227058482208618716757561895397571401292039842358/90880505919922018130622243833901473405309558846563266522309622459348815129536381713256158583774764236861
6 1 26 3233936487723092756716714081996605872637462900390693698405430432539590586780131381987536417947609791958/90880505919922018130622243833901473405309558846563266522309622459348815129536381713256158583774764236861
6 1 27 3863094275991487451944502698322581150737662710173448567808768891031084608860874460056646622635346839501/30293501973307339376874081277967157801769852948854422174103207486449605043178793904418719527924921412287
6 1 28 8840632357976106480293015256953968895165824010313889763266769732318749764085071370828622856817039559200/30293501973307339376874081277967157801769852948854422174103207486449605043178793904418719527924921412287
6 2 10 13343485136754710008116065922792041440229642269106736077887827791669642406878631073349401574622161571703/90880505919922018130622243833901473405309558846563266522309622459348815129536381713256158583774764236861
6 2 16 10366111225225185342701905106734941797019273668248540928963614347050816199537842393698595400629300350365/60587003946614678753748162555934315603539705897708844348206414972899210086357587808837439055849842824574
6 2 17 26666303783818215594851407907174006989086973249255847259835419647484919672039878066324633910218564090463/181761011839844036261244487667802946810619117693126533044619244918697630259072763426512317167549528473722
6 2 22 25366741467215195626865284608554714962147510319904819829663784558943829881855965285698214800595861208737/90880505919922018130622243833901473405309558846563266522309622459348815129536381713256158583774764236861
6 2 25 751224535038878280134268764156945187511613197759708890044996089174730925983067184854784908145274480182/2931629223223290907439427220448434625977727704727847307171278143849961778372141345588908341412089168931
6 3 1 19075077345215070409356496634442151869139952953947539035114886273878261123636192968746972975914201414061/90880505919922018130622243833901473405309558846563266522309622459348815129536381713256158583774764236861
6 3 6 19075077345215070409356496634442151869139952953947539035114886273878261123636192968746972975914201414061/90880505919922018130622243833901473405309558846563266522309622459348815129536381713256158583774764236861
6 3 9 614067824409281012495356684883467686082919587339176643810055793424878774038762726577704369756224444582/2931629223223290907439427220448434625977727704727847307171278143849961778372141345588908341412089168931
6 3 13 19635149258754835225624853896904604533237199635064016872436726076735211165098403390300643399303821366379/181761011839844036261244487667802946810619117693126533044619244918697630259072763426512317167549528473722
6 3 14 9388366544804516700301301269283173913947097577956930967695522815298566058093961696753084744886953429413/90880505919922018130622243833901473405309558846563266522309622459348815129536381713256158583774764236861
6 3 21 12744438434687586169847269257274935175562949841557195163562831311105673236981872206957593637761297987366/90880505919922018130622243833901473405309558846563266522309622459348815129536381713256158583774764236861
6 3 23 3487738127869290883184391717238520084660996988215155852982806301298412018874631305984754174406483053457/181761011839844036261244487667802946810619117693126533044619244918697630259072763426512317167549528473722
6 4 1 8481444751305111152469440684638660173967891990968391793993065949229679632869991587557200515280391560332/90880505919922018130622243833901473405309558846563266522309622459348815129536381713256158583774764236861
6 4 3 19075077345215070409356496634442151869139952953947539035114886273878261123636192968746972975914201414061/90880505919922018130622243833901473405309558846563266522309622459348815129536381713256158583774764236861
6 4 17 30779322930378314597971097285918945458439751917754320791226766462016954449447873525480813476721847442917/181761011839844036261244487667802946810619117693126533044619244918697630259072763426512317167549528473722
6 4 19 49556056019987347998573699824485293286333947073668182726617812092614086565635796918986982966495754301743/181761011839844036261244487667802946810619117693126533044619244918697630259072763426512317167549528473722
6 4 26 23156294348219005270523907959618541989814864405936083934279380958925353865488361934718086870971370390138/90880505919922018130622243833901473405309558846563266522309622459348815129536381713256158583774764236861
6 5 0 29629735150597670644243113181190989963742568170493623199233549920819823485967845905098607923076767635771/90880505919922018130622243833901473405309558846563266522309622459348815129536381713256158583774764236861
6 5 1 10554657805382600234886616546748838094602615216546084164118663646941562362331652936351634947162566221710/90880505919922018130622243833901473405309558846563266522309622459348815129536381713256158583774764236861
6 5 13 15041342042710002521773130803818158294787699772726135733187462899648852546354049268071943558275472447037/60587003946614678753748162555934315603539705897708844348206414972899210086357587808837439055849842824574
6 5 15 18756066599917828979221878600156271936521883866956237039450809694742766974470539313132000250748147805883/60587003946614678753748162555934315603539705897708844348206414972899210086357587808837439055849842824574
6 6 0 8481444751305111152469440684638660173967891990968391793993065949229679632869991587557200515280391560332/90880505919922018130622243833901473405309558846563266522309622459348815129536381713256158583774764236861
6 6 2 13/31
6 6 15 6651386668017358885253157310396828155285089574018439622700267551956901771421352348638538708156624991519/60587003946614678753748162555934315603539705897708844348206414972899210086357587808837439055849842824574
6 6 16 12744438434687586169847269257274935175562949841557195163562831311105673236981872206957593637761297987366/90880505919922018130622243833901473405309558846563266522309622459348815129536381713256158583774764236861
6 6 20 6651386668017358885253157310396828155285089574018439622700267551956901771421352348638538708156624991519/60587003946614678753748162555934315603539705897708844348206414972899210086357587808837439055849842824574
6 6 23 3863094275991487451944502698322581150737662710173448567808768891031084608860874460056646622635346839501/30293501973307339376874081277967157801769852948854422174103207486449605043178793904418719527924921412287
7 0 3 9860010016233160031965135412802897718942877852769217479176443742521585390820535914041768132536899152627/181761011839844036261244487667802946810619117693126533044619244918697630259072763426512317167549528473722
7 0 5 1210638998894010182442779464291594451254413191917039264144889377485005141841886658590185756157081984780/90880505919922018130622243833901473405309558846563266522309622459348815129536381713256158583774764236861
7 0 7 9773616753590592515445320249672019354190441757840630620573145687469205913408689234511699272164010755907/60587003946614678753748162555934315603539705897708844348206414972899210086357587808837439055849842824574
7 0 8 13570914778890734713693416945797959715654223115627647438856483188586100498030764924935770658536642508002/30293501973307339376874081277967157801769852948854422174103207486449605043178793904418719527924921412287
7 0 15 4911186544567946496296454894809482763565974415222706806502298633541225854557288304282319338359985142546/30293501973307339376874081277967157801769852948854422174103207486449605043178793904418719527924921412287
7 0 17 26269935501207479029683340702143801063047227901899056972590893216164003660932374505882019747297563771657/181761011839844036261244487667802946810619117693126533044619244918697630259072763426512317167549528473722
7 0 19 2996330123091512028435260831612346188227675096000162730690001209870455067881692610564519977529103408869/181761011839844036261244487667802946810619117693126533044619244918697630259072763426512317167549528473722
7 1 5 42763799349455353429148628842434924938411502379000670343424282780264421533740233525243439365024255549185/90880505919922018130622243833901473405309558846563266522309622459348815129536381713256158583774764236861
7 1 9 2491488312175978960522971336988343822647106311959815517867210925306302375016118702471606797460929920915/30293501973307339376874081277967157801769852948854422174103207486449605043178793904418719527924921412287
7 1 11 13563879820957978637006219906315177463584627189660235954222954091689968246577959503364033503207040165647/60587003946614678753748162555934315603539705897708844348206414972899210086357587808837439055849842824574
7 1 27 7413087009044607922180074288923005784194930937522364811101535055551886463046023390743317988808220067383/90880505919922018130622243833901473405309558846563266522309622459348815129536381713256158583774764236861
7 1 29 8588889928971434628143531221403830012923243873113620588565160473385765091889886289872353721832625739385/60587003946614678753748162555934315603539705897708844348206414972899210086357587808837439055849842824574
7 2 0 15/31
7 2 11 2059122759170390805347819374235987186150084568767860548853047041677267349117813907229257519123370956771/60587003946614678753748162555934315603539705897708844348206414972899210086357587808837439055849842824574
7 2 13 12665025289901197586172482162040567941343120554116030616133506499648974621197515150585755715467062203973/60587003946614678753748162555934315603539705897708844348206414972899210086357587808837439055849842824574
7 2 14 17406758488920664009570308933837115540208904653797355356159084934058139035435244551956695621899556894397/90880505919922018130622243833901473405309558846563266522309622459348815129536381713256158583774764236861
7 2 19 7413087009044607922180074288923005784194930937522364811101535055551886463046023390743317988808220067383/90880505919922018130622243833901473405309558846563266522309622459348815129536381713256158583774764236861
7 3 1 41791770418006602101870527196184884730779720940443851980078148378748107994253990834827264561933974621727/181761011839844036261244487667802946810619117693126533044619244918697630259072763426512317167549528473722
7 3 11 6846644826052269816020116461966590805021282644425188284318390152566191094012820022647896195895240283446/30293501973307339376874081277967157801769852948854422174103207486449605043178793904418719527924921412287
7 3 24 36561351339304755689411334017803513605470984633395344796467637102197540212536096793090307132373117466582/90880505919922018130622243833901473405309558846563266522309622459348815129536381713256158583774764236861
7 3 26 8588889928971434628143531221403830012923243873113620588565160473385765091889886289872353721832625739385/60587003946614678753748162555934315603539705897708844348206414972899210086357587808837439055849842824574
7 4 3 114962676043073556613719798335080944901132778085812671138897127939200080820596477872010937816027536608/30293501973307339376874081277967157801769852948854422174103207486449605043178793904418719527924921412287
7 4 10 7755428225443722114674707572867768595926324379743519607758468035174581990275382671852907784295583466435/181761011839844036261244487667802946810619117693126533044619244918697630259072763426512317167549528473722
7 4 14 1433354179033352731082264133703831424286667195982019729717121832270282241980482818671191346298845370675/60587003946614678753748162555934315603539705897708844348206414972899210086357587808837439055849842824574
7 4 15 6828893853195818495628880252824812791302207662717028842574677671768191453409321696738689021933859200245/60587003946614678753748162555934315603539705897708844348206414972899210086357587808837439055849842824574
7 4 18 8588889928971434628143531221403830012923243873113620588565160473385765091889886289872353721832625739385/30293501973307339376874081277967157801769852948854422174103207486449605043178793904418719527924921412287
7 4 19 17406758488920664009570308933837115540208904653797355356159084934058139035435244551956695621899556894397/90880505919922018130622243833901473405309558846563266522309622459348815129536381713256158583774764236861
7 4 26 20727402303261474446250740983080516246854033174164852483147620965113852691831527166016729692288265949925/60587003946614678753748162555934315603539705897708844348206414972899210086357587808837439055849842824574
7 5 1 1210638998894010182442779464291594451254413191917039264144889377485005141841886658590185756157081984780/90880505919922018130622243833901473405309558846563266522309622459348815129536381713256158583774764236861
7 5 3 4399143800564272391490373819116679547532963350474799601193439041681028374352597433555807025332515153215/181761011839844036261244487667802946810619117693126533044619244918697630259072763426512317167549528473722
7 5 8 2124244222790046549531941119548600937873529097594734980806006142301221988627053384496819265810304866703/181761011839844036261244487667802946810619117693126533044619244918697630259072763426512317167549528473722
7 5 12 42591528875984241969441484309922184517313844550994922977431036307599137936349969913640514502192299666471/181761011839844036261244487667802946810619117693126533044619244918697630259072763426512317167549528473722
7 5 13 27449766227929511918352164299333242557668261293347848119557570245543605398803082228484918641921129615077/181761011839844036261244487667802946810619117693126533044619244918697630259072763426512317167549528473722
7 5 19 7413087009044607922180074288923005784194930937522364811101535055551886463046023390743317988808220067383/90880505919922018130622243833901473405309558846563266522309622459348815129536381713256158583774764236861
7 5 20 15/31
7 6 1 43735828280904104756426730488684965146043283817557488706770417181780735073226476215659614168114536476643/181761011839844036261244487667802946810619117693126533044619244918697630259072763426512317167549528473722
7 6 3 12166657803940475576674164765253829307241532211679421017989179793943506516844588025472934909599515923740/30293501973307339376874081277967157801769852948854422174103207486449605043178793904418719527924921412287
7 6 4 46157106278692125121312289417268154048552110201391567235060195936750745356910249532839985680428700446203/181761011839844036261244487667802946810619117693126533044619244918697630259072763426512317167549528473722
7 6 7 7101211049382201790368903292870764950655212691120581309907553651837650026394058790620236315429970551959/90880505919922018130622243833901473405309558846563266522309622459348815129536381713256158583774764236861
7 6 12 2332854178920274671361336292292660935632052510929894187519222866414905337540195971967317615274627452259/90880505919922018130622243833901473405309558846563266522309622459348815129536381713256158583774764236861
7 7 10 102620496341435517333645116136489533327799777897534619704926961245890923407967182516907075230498987257/977209741074430302479809073482811541992575901575949102390426047949987259457380448529636113804029722977
7 7 16 26567679859428699602021099372889403849457010917120354251410087223691287640146875631876929499281780639568/90880505919922018130622243833901473405309558846563266522309622459348815129536381713256158583774764236861
7 7 21 36561351339304755689411334017803513605470984633395344796467637102197540212536096793090307132373117466582/90880505919922018130622243833901473405309558846563266522309622459348815129536381713256158583774764236861
7 7 22 6069256187145019909053604880838343116965394650525615947291230245864043799970820438072187985227820105270/30293501973307339376874081277967157801769852948854422174103207486449605043178793904418719527924921412287
8 0 0 29682910300311711765929487387017356715635989242804049724145057315952720830541114205682025424763379246885/60587003946614678753748162555934315603539705897708844348206414972899210086357587808837439055849842824574
8 0 20 33224136830066092569283423569414123649653181356802836493937884888229253190814734380788818145935589667911/181761011839844036261244487667802946810619117693126533044619244918697630259072763426512317167549528473722
8 0 28 48338472451622299750783026954358227920075350551722842746040451706707748863349563533472982388825452991831/181761011839844036261244487667802946810619117693126533044619244918697630259072763426512317167549528473722
8 0 30 3716557219073502881129858327659508364660872685396234877401912125300821904428374298401480119499449357775/60587003946614678753748162555934315603539705897708844348206414972899210086357587808837439055849842824574
8 1 3 16089170119994159435419183020300520792102096034437517758012305186299643554973771851023281699985291660333/90880505919922018130622243833901473405309558846563266522309622459348815129536381713256158583774764236861
8 1 7 220027505123981308201583028087848706445647954455673451072599744500710094035760709104702336478577769963/90880505919922018130622243833901473405309558846563266522309622459348815129536381713256158583774764236861
8 1 17 30692256975071221735467853114706891525036854969685784085227472226062705374199290481464894018942228334342/90880505919922018130622243833901473405309558846563266522309622459348815129536381713256158583774764236861
8 1 21 36421181501495720200909750800723875400282528366944616758211485420780560611351875126776659837551754192623/181761011839844036261244487667802946810619117693126533044619244918697630259072763426512317167549528473722
8 1 28 51336921137969591102157498540888549363167391409023965697783005184190951601303242216549901219185578751823/181761011839844036261244487667802946810619117693126533044619244918697630259072763426512317167549528473722
8 2 9 16089170119994159435419183020300520792102096034437517758012305186299643554973771851023281699985291660333/90880505919922018130622243833901473405309558846563266522309622459348815129536381713256158583774764236861
8 2 13 22581320699035682942121353104318952163327768640821683679805156862589622904035853103974655772813439942251/60587003946614678753748162555934315603539705897708844348206414972899210086357587808837439055849842824574
8 2 18 1054626753204867354490722429531036304745971009355344431883752608769185564324444513979570567649193519205/30293501973307339376874081277967157801769852948854422174103207486449605043178793904418719527924921412287
8 2 19 16090319331574738948427038188520076453493293897366418816417727982452973834446467608364980671186279034437/90880505919922018130622243833901473405309558846563266522309622459348815129536381713256158583774764236861
8 2 21 3716557219073502881129858327659508364660872685396234877401912125300821904428374298401480119499449357775/60587003946614678753748162555934315603539705897708844348206414972899210086357587808837439055849842824574
8 2 25 16090319331574738948427038188520076453493293897366418816417727982452973834446467608364980671186279034437/90880505919922018130622243833901473405309558846563266522309622459348815129536381713256158583774764236861
8 3 2 17/31
8 3 8 35565621857118729955525693272355814905779113853590015523390860215169581602160015609877403918469736506087/181761011839844036261244487667802946810619117693126533044619244918697630259072763426512317167549528473722
8 3 10 16819857623272515512137151815595669007273766373919760370593593360768387572574891047358169913295209539495/181761011839844036261244487667802946810619117693126533044619244918697630259072763426512317167549528473722
8 3 14 14850069384930449970320558542302342807161747752434974353405667225930480309842525509626929863886775342243/90880505919922018130622243833901473405309558846563266522309622459348815129536381713256158583774764236861
8 4 8 5149549202999323632535764109857288561707933006328242408955127261008617811194209519847164906951349408521/90880505919922018130622243833901473405309558846563266522309622459348815129536381713256158583774764236861
8 4 11 10643810497494947342192155394096640264419812012760585801469328767709943917515082146032972096523570638967/60587003946614678753748162555934315603539705897708844348206414972899210086357587808837439055849842824574
8 4 12 767619292906070906483701170655827425810204128589521355623229910024722538712565511491882192775350725883/181761011839844036261244487667802946810619117693126533044619244918697630259072763426512317167549528473722
8 4 14 5534878834501479965453090154547134609254260090095966178878326591442425597644968349509092892518680059523/60587003946614678753748162555934315603539705897708844348206414972899210086357587808837439055849842824574
8 4 21 9961950883863092055893561667252111940995503871440324710285389564654863235561436255655911034794185704416/90880505919922018130622243833901473405309558846563266522309622459348815129536381713256158583774764236861
8 4 22 54663471218507623210667072513294593264114677077296900119054793483205810756731756855406987928106253160547/181761011839844036261244487667802946810619117693126533044619244918697630259072763426512317167549528473722
8 4 25 23785426579358114422149662891851200247132573211566660695208610898341513162318499010990550098025051132974/90880505919922018130622243833901473405309558846563266522309622459348815129536381713256158583774764236861
8 5 1 28993079006662641025712538562910869904037724324351488342043368733875780857546686662597772732764688619323/90880505919922018130622243833901473405309558846563266522309622459348815129536381713256158583774764236861
8 5 4 33748526674801785991051079727322867849519274945935886463899423259149706677352631023988160104020224211494/90880505919922018130622243833901473405309558846563266522309622459348815129536381713256158583774764236861
8 5 7 46919440314420563879869847735451335258849378507456970510553253035709603553992388774009333458851327695721/181761011839844036261244487667802946810619117693126533044619244918697630259072763426512317167549528473722
8 5 17 1431790144931424573560617030204718103140922752750881927759529664485388182761528961306539307058837398414/30293501973307339376874081277967157801769852948854422174103207486449605043178793904418719527924921412287
8 5 24 767619292906070906483701170655827425810204128589521355623229910024722538712565511491882192775350725883/181761011839844036261244487667802946810619117693126533044619244918697630259072763426512317167549528473722
8 6 1 20844617788133304400757724184712518737583646656021915879868359711573569374779716212413669071240827252504/90880505919922018130622243833901473405309558846563266522309622459348815129536381713256158583774764236861
8 6 6 20844617788133304400757724184712518737583646656021915879868359711573569374779716212413669071240827252504/90880505919922018130622243833901473405309558846563266522309622459348815129536381713256158583774764236861
8 6 8 53370618316226551015940137947000687841156466185588961200377142664710463052032849682241745202681440880599/181761011839844036261244487667802946810619117693126533044619244918697630259072763426512317167549528473722
8 6 20 45011922371084267642273452981952184019128064883449908324768663407692889707921048894615895679904778583107/181761011839844036261244487667802946810619117693126533044619244918697630259072763426512317167549528473722
8 7 0 3542220896218918518384021111398235712111591410778219757129428314346845991009821044325602444573631334333/60587003946614678753748162555934315603539705897708844348206414972899210086357587808837439055849842824574
8 7 3 33748526674801785991051079727322867849519274945935886463899423259149706677352631023988160104020224211494/90880505919922018130622243833901473405309558846563266522309622459348815129536381713256158583774764236861
8 7 13 7555786934606163257219657183347125892992834832180998516907196471180722089985177695370373188137751188703/90880505919922018130622243833901473405309558846563266522309622459348815129536381713256158583774764236861
8 7 23 29508573977457127403183650170756084063086707968186034603872573504998744917122560951606147749837561223443/60587003946614678753748162555934315603539705897708844348206414972899210086357587808837439055849842824574
8 8 10 15358482616715803358701214225005372576930425694955275145431017011830899537372652654688393486675373781171/181761011839844036261244487667802946810619117693126533044619244918697630259072763426512317167549528473722
8 8 16 98907774296685819946456824324590949857432537832157287088200226980873977925940240238531001415235681017771/181761011839844036261244487667802946810619117693126533044619244918697630259072763426512317167549528473722
8 8 19 33747377463221206478043224559103312188128077083006985405494000462996376397879935266646461132819236837390/90880505919922018130622243833901473405309558846563266522309622459348815129536381713256158583774764236861
9 0 4 24819667202160147758009952323367009072290016159855826171233357592735395371570931064646120285063159241235/181761011839844036261244487667802946810619117693126533044619244918697630259072763426512317167549528473722
9 0 7 11570127741534709658564895767763074234962982930871828189431224273890299749791809050683128273159799225729/60587003946614678753748162555934315603539705897708844348206414972899210086357587808837439055849842824574
9 0 10 40412065609847655997736550134521782071525221836364369007552853587577629058758603688136785996070118249335/181761011839844036261244487667802946810619117693126533044619244918697630259072763426512317167549528473722
9 0 22 4695898788484418575131999016573050729213426339170193374770069152021857806691568406162979689137945002599/60587003946614678753748162555934315603539705897708844348206414972899210086357587808837439055849842824574
9 0 27 2870445962833051776378092165335191216559062356978443511497757483418428135814214943684345317114859739349/60587003946614678753748162555934315603539705897708844348206414972899210086357587808837439055849842824574
9 0 28 59119861549279692475273024360900207124597464815844942638735881010392848751850451472138051048178439080121/181761011839844036261244487667802946810619117693126533044619244918697630259072763426512317167549528473722
9 1 2 162496724980450887115758547721423888495743881621574691208112229972970929704573874667475856376161261070/977209741074430302479809073482811541992575901575949102390426047949987259457380448529636113804029722977
9 1 14 59957667025806016866422200854462366570960640466584348607089261761985757490335283953363297737640047088039/181761011839844036261244487667802946810619117693126533044619244918697630259072763426512317167549528473722
9 1 18 19734630796254037943485712845525657854925194167802534808841069370072092117677108771984930098001872278713/90880505919922018130622243833901473405309558846563266522309622459348815129536381713256158583774764236861
9 1 23 25481880720794910909928388539341893504771801446426233719992722857709638907932842841710792998635864315623/90880505919922018130622243833901473405309558846563266522309622459348815129536381713256158583774764236861
9 1 24 381976977858752228154331389140211420018708005490584938384507975391939264155611852535687983556004545997/60587003946614678753748162555934315603539705897708844348206414972899210086357587808837439055849842824574
9 2 1 50155501616708910965678872368876632055459348786951184818876029840246784491464134519115894203841706839793/181761011839844036261244487667802946810619117693126533044619244918697630259072763426512317167549528473722
9 2 4 86582243280324906724688282053673506714863636619802371501275211873563152206570440067732396688596229178143/181761011839844036261244487667802946810619117693126533044619244918697630259072763426512317167549528473722
9 2 11 6869194280527559367876236642718995359440774820113149179838602138035011352528062876242755459551742572509/30293501973307339376874081277967157801769852948854422174103207486449605043178793904418719527924921412287
9 2 19 1904050629822431181809956694469417941825741682847040822718195188338812722934905791103746758900568510366/90880505919922018130622243833901473405309558846563266522309622459348815129536381713256158583774764236861
9 3 12 51444243456679037616276033522578149216193012313073849065419307704312790087806087179015219236019341331339/181761011839844036261244487667802946810619117693126533044619244918697630259072763426512317167549528473722
9 3 18 4650748488544251083653435754103131241470819436071877054891052714650964009099380554934405755800266520532/90880505919922018130622243833901473405309558846563266522309622459348815129536381713256158583774764236861
9 3 19 7160738523369736445736430994771489707346035788013372204253655900441540508312096493731619470804229323417/181761011839844036261244487667802946810619117693126533044619244918697630259072763426512317167549528473722
9 3 20 30219074520447616331420728649178364388805024943402865116261561875439634881137842724478465488193829894066/90880505919922018130622243833901473405309558846563266522309622459348815129536381713256158583774764236861
9 3 26 381976977858752228154331389140211420018708005490584938384507975391939264155611852535687983556004545997/60587003946614678753748162555934315603539705897708844348206414972899210086357587808837439055849842824574
9 3 27 52270452908235270684620700176469682366472256816618072617487528207586284090013297637332672022069751351779/181761011839844036261244487667802946810619117693126533044619244918697630259072763426512317167549528473722
9 4 1 14337771397365704857183817795856021548198294035575327449124612977796243349136193128129642522496104542597/60587003946614678753748162555934315603539705897708844348206414972899210086357587808837439055849842824574
9 4 2 1831795806133581867287721663354854816072714489844333752387123008872912531686272761551003911890743479339/30293501973307339376874081277967157801769852948854422174103207486449605043178793904418719527924921412287
9 4 6 13828892365358656554283622343237880175853729220789823656910619539497920181453294495340096813718698365201/181761011839844036261244487667802946810619117693126533044619244918697630259072763426512317167549528473722
9 4 14 3672050896677976133447841747247991566636690663358281668657002852450775054418717402705816292006680823309/181761011839844036261244487667802946810619117693126533044619244918697630259072763426512317167549528473722
9 4 25 36751993182969599266078413403206627175699176254395480952451681846707576595224845191590484340997124927129/60587003946614678753748162555934315603539705897708844348206414972899210086357587808837439055849842824574
9 5 5 28580476253639370965339030949640426769887350861252002504022548169611499168964736474450817081935285902421/90880505919922018130622243833901473405309558846563266522309622459348815129536381713256158583774764236861
9 5 7 58458432584201896561535638453155473995165282101061682597956195951964615289497286751455436951850622790397/181761011839844036261244487667802946810619117693126533044619244918697630259072763426512317167549528473722
9 5 13 58959101016210500294972095430534946027724934908551092276387322444401660270169675075834028974048429997579/181761011839844036261244487667802946810619117693126533044619244918697630259072763426512317167549528473722
9 5 19 3591262866076448737029345942415836623977099480504876581115315091554178180738164325160608538889951940452/90880505919922018130622243833901473405309558846563266522309622459348815129536381713256158583774764236861
9 6 1 9116547336839514472733954310297909543549710942990515253129350346331516519634328614436847601164683975897/90880505919922018130622243833901473405309558846563266522309622459348815129536381713256158583774764236861
9 6 3 31022018019412278513488272131979040471485942011094120288923664851079170161626495925112113483851687020565/181761011839844036261244487667802946810619117693126533044619244918697630259072763426512317167549528473722
9 6 16 31022018019412278513488272131979040471485942011094120288923664851079170161626495925112113483851687020565/181761011839844036261244487667802946810619117693126533044619244918697630259072763426512317167549528473722
9 6 20 25481880720794910909928388539341893504771801446426233719992722857709638907932842841710792998635864315623/90880505919922018130622243833901473405309558846563266522309622459348815129536381713256158583774764236861
9 6 21 25260059842875314234471628852282629885502104446052397260263884404228489540342714331996404500122528924776/90880505919922018130622243833901473405309558846563266522309622459348815129536381713256158583774764236861
9 7 9 80379892463072775969209962245061475315667710768564077383584904615219377416514875207266403489807701398813/181761011839844036261244487667802946810619117693126533044619244918697630259072763426512317167549528473722
9 7 12 249872406934020050814427066884482095965893060920444334855510968336857033472999533651310130964904049607/30293501973307339376874081277967157801769852948854422174103207486449605043178793904418719527924921412287
9 7 14 23886096280000530741414095887665078824778160824857783698381152425931007516693684888154701472006330254015/90880505919922018130622243833901473405309558846563266522309622459348815129536381713256158583774764236861
9 7 17 52109692375166078504319771246104421269599726909324222255138969641595095608332521241028649947939742269237/181761011839844036261244487667802946810619117693126533044619244918697630259072763426512317167549528473722
9 8 0 19/31
9 8 5 11227643783109197980468719090191597602784068950428210317089634193686819192803318799087955242300502986745/181761011839844036261244487667802946810619117693126533044619244918697630259072763426512317167549528473722
9 8 22 59131457574249783798077534200570833420681395963040125055021041258712263488128073495045844951589637067599/181761011839844036261244487667802946810619117693126533044619244918697630259072763426512317167549528473722
9 9 2 11697790799886616379240135753454423938418167309829883765579492773014746577162165645820330702724822164054/30293501973307339376874081277967157801769852948854422174103207486449605043178793904418719527924921412287
9 9 17 59292218107318975978378463130936094517553925870333975417369599824703451969808849891349867025719646150141/181761011839844036261244487667802946810619117693126533044619244918697630259072763426512317167549528473722
9 9 19 52282048933205362007425210016140308662556187963813255033772688455905698826290919660240465925480949339257/181761011839844036261244487667802946810619117693126533044619244918697630259072763426512317167549528473722
10 0 0 4916550721977963459597562645659700977073072802744433110194292867755632155793355362215189625584372161285/30293501973307339376874081277967157801769852948854422174103207486449605043178793904418719527924921412287
10 0 3 41553965968185244527403170013100909420321834188722460460722913723757319399306854402027618378923232092809/90880505919922018130622243833901473405309558846563266522309622459348815129536381713256158583774764236861
10 0 8 10560986587893151883662472033374677467303105575098271916766339967587996034220636011396786086048749624702/90880505919922018130622243833901473405309558846563266522309622459348815129536381713256158583774764236861
10 0 21 8005300399303243780254637950148927862155133558169744938079163388245534409542941737728728414016555345165/30293501973307339376874081277967157801769852948854422174103207486449605043178793904418719527924921412287
10 1 1 105298851975589239651716669834597622522269832101656074963668475484901827737752574353148097140389090878717/181761011839844036261244487667802946810619117693126533044619244918697630259072763426512317167549528473722
10 1 7 35235823171439698324569335331185428325262825414058007683255603678805723963861252258921026338010112913866/90880505919922018130622243833901473405309558846563266522309622459348815129536381713256158583774764236861
10 1 21 5990513521375399960389147170834467637823634763354442714439562076184354593597684555522167351140211767273/181761011839844036261244487667802946810619117693126533044619244918697630259072763426512317167549528473722
10 2 10 7105483654928250444427020292258708605712294954892511707258442042790010876928239622156421530905850436884/30293501973307339376874081277967157801769852948854422174103207486449605043178793904418719527924921412287
10 2 14 6312879850803382398596966434036225932651464961067646373939365284086215933101774025633910585667796442907/90880505919922018130622243833901473405309558846563266522309622459348815129536381713256158583774764236861
10 2 21 5480182418660386577888859267271639951978985526293612973617921850671122520284780853964815548472809940801/181761011839844036261244487667802946810619117693126533044619244918697630259072763426512317167549528473722
10 2 27 121022167790007382219599573778906603359063432515342557079571940243114010611014996788341151262306023025803/181761011839844036261244487667802946810619117693126533044619244918697630259072763426512317167549528473722
10 3 2 2580108490100481287397221642989392239860904849994155444163022928851743471859584570401848537113077485544/90880505919922018130622243833901473405309558846563266522309622459348815129536381713256158583774764236861
10 3 5 18183802394662281022841244895703864051630347965242633359006586393172104517330492321975593984056361778317/181761011839844036261244487667802946810619117693126533044619244918697630259072763426512317167549528473722
10 3 18 26723742968113544461212637238962381788237083275259806281286549817991304857363985342212947437710148929326/90880505919922018130622243833901473405309558846563266522309622459348815129536381713256158583774764236861
10 3 20 211351961180922506381290231070834355859037867643250236000857647702841036029651101145882413383454735719/181761011839844036261244487667802946810619117693126533044619244918697630259072763426512317167549528473722
10 3 23 49862211141756615731011494459509940200637274239809779174576061936193030239028478455708195990565755251431/181761011839844036261244487667802946810619117693126533044619244918697630259072763426512317167549528473722
10 3 25 54895943425816165503790740317614760146296481369922946824136593447943557808237001722453052829897503878515/181761011839844036261244487667802946810619117693126533044619244918697630259072763426512317167549528473722
10 4 0 29105162463045759155607293291157018631072081161292620778539703265789325868845314076832193885151646635059/90880505919922018130622243833901473405309558846563266522309622459348815129536381713256158583774764236861
10 4 7 11609068544236614334192666390742255290581393757846686532385756042430126603343356611768681488122955016995/60587003946614678753748162555934315603539705897708844348206414972899210086357587808837439055849842824574
10 4 8 13351005462050236673151083634010178654302353655014394342143208355738850178135667652122931507133658239649/181761011839844036261244487667802946810619117693126533044619244918697630259072763426512317167549528473722
10 4 25 2106259585370835892856369479927650932001131083227029821621741798584384080614939726392999077001722069299/181761011839844036261244487667802946810619117693126533044619244918697630259072763426512317167549528473722
10 4 26 73266216233621602381444448799324314090427289358759807726617620105505364452601458059025954348741989843671/181761011839844036261244487667802946810619117693126533044619244918697630259072763426512317167549528473722
10 5 6 17940569977231463438916075622184192360641518701339026226107407439293616080761514890152920007413191272341/60587003946614678753748162555934315603539705897708844348206414972899210086357587808837439055849842824574
10 5 12 12376178625474466093871382978933255663157059366512003295992830045643567143255906132061032251607407479858/90880505919922018130622243833901473405309558846563266522309622459348815129536381713256158583774764236861
10 5 18 67574681853780293297174299300981839782589265964822944516998840607131400896287026103915256386885725167151/181761011839844036261244487667802946810619117693126533044619244918697630259072763426512317167549528473722
10 5 19 34655481566104570271969294229672370927626749258021228192433491337964419809600219099238925743400951389643/181761011839844036261244487667802946810619117693126533044619244918697630259072763426512317167549528473722
10 5 25 318927079105283395869967104243215897388142544413758354959676854811275674796387096259103503936154380063/60587003946614678753748162555934315603539705897708844348206414972899210086357587808837439055849842824574
10 6 1 17829575399788978460739273424236631768794731496913511937525206556796566953877362161586053198918654216385/181761011839844036261244487667802946810619117693126533044619244918697630259072763426512317167549528473722
10 6 3 84928043684286104154797582459953942398781611024780836091243151871833633834512407821391477518194105196/30293501973307339376874081277967157801769852948854422174103207486449605043178793904418719527924921412287
10 6 10 41195950230087625519554293998480125216621626181881785930443491749708416376080996619190938850903980931209/181761011839844036261244487667802946810619117693126533044619244918697630259072763426512317167549528473722
10 6 19 53993433998299663047356931809106972026041988119535910083045999107206808242714395406525878743207487478365/181761011839844036261244487667802946810619117693126533044619244918697630259072763426512317167549528473722
10 6 22 2201047869340711374473071062619983682089292975117633550872809309475962480109449509428422500303556168277/5863258446446581814878854440896869251955455409455694614342556287699923556744282691177816682824178337862
10 7 3 39299575215721089926339527506801877440169167687332730727199538035249913053979502162604682302968661542589/181761011839844036261244487667802946810619117693126533044619244918697630259072763426512317167549528473722
10 7 5 3257393534987608454805051188872941572540737379144577608704480414908693924915495975053227823109429428625/30293501973307339376874081277967157801769852948854422174103207486449605043178793904418719527924921412287
10 7 13 122917075414197295606074653027763419935205525730926336665192824393995553655600285413588267925924290359383/181761011839844036261244487667802946810619117693126533044619244918697630259072763426512317167549528473722
10 8 9 43600030497926791221935588480756259735094954736451577600848852413440721434721842940013588329350180803326/90880505919922018130622243833901473405309558846563266522309622459348815129536381713256158583774764236861
10 8 11 5746585301828997465521619536675818556232637703502074770952365266087861106552553668161557642116551037849/30293501973307339376874081277967157801769852948854422174103207486449605043178793904418719527924921412287
10 8 17 5588004564287851740421000169727611747280267696321212553755158561764908767837219185292454588696284264367/90880505919922018130622243833901473405309558846563266522309622459348815129536381713256158583774764236861
10 8 22 24452714952220382771700796573390146254236423303284252054848515685879601607319658583465442739378646055621/90880505919922018130622243833901473405309558846563266522309622459348815129536381713256158583774764236861
10 9 0 17709399058709459521827990401281005583240982229758873341474259151792975009589588093889312407749109428637/90880505919922018130622243833901473405309558846563266522309622459348815129536381713256158583774764236861
10 9 5 22792282612242376757010326857120792698420616200224974404600337981703109935743540051198283299483850192152/90880505919922018130622243833901473405309558846563266522309622459348815129536381713256158583774764236861
10 9 12 5089221551647939985112417320954907975928487704691724511044059074693550702880924997224451040087546728693/90880505919922018130622243833901473405309558846563266522309622459348815129536381713256158583774764236861
10 9 15 88472945809273647840486649029161883363437814340548358708760190703733974882029717415495224595906793705459/181761011839844036261244487667802946810619117693126533044619244918697630259072763426512317167549528473722
10 9 18 2106259585370835892856369479927650932001131083227029821621741798584384080614939726392999077001722069299/181761011839844036261244487667802946810619117693126533044619244918697630259072763426512317167549528473722
10 10 2 12669358419588015885944830138257847289072921796925201049199160699093080010158193020782356124692499245297/181761011839844036261244487667802946810619117693126533044619244918697630259072763426512317167549528473722
10 10 3 211351961180922506381290231070834355859037867643250236000857647702841036029651101145882413383454735719/181761011839844036261244487667802946810619117693126533044619244918697630259072763426512317167549528473722
10 10 4 32459051224643349900620678338260108514460200637992172672057137755059871476969654180534881284502225912492/90880505919922018130622243833901473405309558846563266522309622459348815129536381713256158583774764236861
10 10 5 34655481566104570271969294229672370927626749258021228192433491337964419809600219099238925743400951389643/181761011839844036261244487667802946810619117693126533044619244918697630259072763426512317167549528473722
10 10 6 23102239147894609265235905464093892403046669164850836074290486574605848816448463948091796772356057092693/60587003946614678753748162555934315603539705897708844348206414972899210086357587808837439055849842824574
11 0 9 12879881825667507183328207007641898562305687545119829816123409065074265533335764470649414001371492554469/90880505919922018130622243833901473405309558846563266522309622459348815129536381713256158583774764236861
11 0 17 132038042552850229972045729202071668739750068153404697614658126551733932371163258155919030688955251350617/181761011839844036261244487667802946810619117693126533044619244918697630259072763426512317167549528473722
11 0 27 7987735211886263974180781483482493648752558149827391932571433412271722273745992109764819491950430671389/60587003946614678753748162555934315603539705897708844348206414972899210086357587808837439055849842824574
11 1 1 36765265320515752851044195306378444831185778943371305386889745644972920371474023863887655842874174213037/90880505919922018130622243833901473405309558846563266522309622459348815129536381713256158583774764236861
11 1 24 3382349840782017384119601160849644075590115023901323518184401926195311373836451738534974432902322161415/60587003946614678753748162555934315603539705897708844348206414972899210086357587808837439055849842824574
11 1 27 42819964691655049008150125141863221114519028470307199147617744547853931930315662530184253386552061465487/181761011839844036261244487667802946810619117693126533044619244918697630259072763426512317167549528473722
11 1 28 30702119169075474363251228037815074845896310695702386070059242325632693296108577757184473544511115972985/181761011839844036261244487667802946810619117693126533044619244918697630259072763426512317167549528473722
11 1 29 8187115938578651678465313464272942987020625189556788832869853658893076722730373398587785084010345374977/60587003946614678753748162555934315603539705897708844348206414972899210086357587808837439055849842824574
11 2 2 34355198093373167879693677175636890601653901838772331219413755081427379083269758118578620140952708038317/181761011839844036261244487667802946810619117693126533044619244918697630259072763426512317167549528473722
11 2 5 58999475029365631830694614772094693984387946559735317788108614200130162152231808649420172397857375012245/181761011839844036261244487667802946810619117693126533044619244918697630259072763426512317167549528473722
11 2 6 32817236554485783694767585162670484674404232643167477431839059637719491094514652718756323036102526868393/181761011839844036261244487667802946810619117693126533044619244918697630259072763426512317167549528473722
11 2 12 27182147796608915780127401900812767349490139885605648805404458175962463183016967784994425700153117682061/181761011839844036261244487667802946810619117693126533044619244918697630259072763426512317167549528473722
11 2 18 6996328036310317096462035873159106733195683134439680927898501312682419349678905587302171969579865616010/90880505919922018130622243833901473405309558846563266522309622459348815129536381713256158583774764236861
11 2 23 2402383048898317147172856151711649455715255082827732657342725866348882674446960830026405325554011606781/30293501973307339376874081277967157801769852948854422174103207486449605043178793904418719527924921412287
11 3 0 16041269687089201494091335064318744599935437359031255469139274297775588696745763661479407421703374428133/60587003946614678753748162555934315603539705897708844348206414972899210086357587808837439055849842824574
11 3 8 5466530832549658792282828793806354161185000940932083601098137571725736302790058411712917418979825816162/90880505919922018130622243833901473405309558846563266522309622459348815129536381713256158583774764236861
11 3 16 5466530832549658792282828793806354161185000940932083601098137571725736302790058411712917418979825816162/90880505919922018130622243833901473405309558846563266522309622459348815129536381713256158583774764236861
11 3 18 7888134252398536425389497367641488751323964890835909997507081630364955623366184317159773196322355520151/90880505919922018130622243833901473405309558846563266522309622459348815129536381713256158583774764236861
11 3 21 90955461059791067584379977403357818872105580980387493277909939411227576952182250299351533083723362321213/181761011839844036261244487667802946810619117693126533044619244918697630259072763426512317167549528473722
11 3 23 2519674941894828087340097580490249995659645545122559479942384533255215379380309930775672875076014281580/90880505919922018130622243833901473405309558846563266522309622459348815129536381713256158583774764236861
11 4 6 102037707713785598047446066977957508120571241774313498698039734979378750710603849178333460668853574902433/181761011839844036261244487667802946810619117693126533044619244918697630259072763426512317167549528473722
11 4 22 79723304126058438213798420689845438690047875918813034346579509939318879548468914248178856498695953571289/181761011839844036261244487667802946810619117693126533044619244918697630259072763426512317167549528473722
11 5 0 13692567683519179118588532517694784239807040746717829895911459372167705495949761406152703148748102148055/181761011839844036261244487667802946810619117693126533044619244918697630259072763426512317167549528473722
11 5 3 29780232421446404422755147862473696665597323361710966139744156508774877042853278185593153811686169925357/181761011839844036261244487667802946810619117693126533044619244918697630259072763426512317167549528473722
11 5 24 27994615282343026013083095539825302071301154735887127377694395397336036083342342133440031754190190754415/181761011839844036261244487667802946810619117693126533044619244918697630259072763426512317167549528473722
11 5 25 36764532150845142235605903915936387944637866282936869877089744546806337212309127233775476150975021881965/60587003946614678753748162555934315603539705897708844348206414972899210086357587808837439055849842824574
11 6 2 26969215533866708160431584352234212530950014691966034136685548245725021978900696050735851878255045306435/181761011839844036261244487667802946810619117693126533044619244918697630259072763426512317167549528473722
11 6 3 11441007869281477668028753696221351454866991557828744704101199818661194206863330456479957781707449082831/181761011839844036261244487667802946810619117693126533044619244918697630259072763426512317167549528473722
11 6 14 107672796471662465962086250239815225445485334531875327324474336441135778622101534112095358004802984088765/181761011839844036261244487667802946810619117693126533044619244918697630259072763426512317167549528473722
11 6 23 35677991965033384470697899379532157379316776911456426879358160413175635451207202807201149502784049995691/181761011839844036261244487667802946810619117693126533044619244918697630259072763426512317167549528473722
11 7 0 36519283761742299070675557214988487377681060796834689913274756175801885109465724753249429145548938169186/90880505919922018130622243833901473405309558846563266522309622459348815129536381713256158583774764236861
11 7 5 10360483592564428465488417475139752428463414518504638074309786840800062359489488640252818026391770768421/30293501973307339376874081277967157801769852948854422174103207486449605043178793904418719527924921412287
11 7 8 34355198093373167879693677175636890601653901838772331219413755081427379083269758118578620140952708038317/181761011839844036261244487667802946810619117693126533044619244918697630259072763426512317167549528473722
11 7 21 12204344667599699447269191211350566882822607149656993552797256440866106799934623959917930577148319486507/181761011839844036261244487667802946810619117693126533044619244918697630259072763426512317167549528473722
11 8 1 32334808934775643298388452487227855817007789454906778908659139800130214786418183275606224031941506838911/181761011839844036261244487667802946810619117693126533044619244918697630259072763426512317167549528473722
11 8 10 1913815931010775476515388061013618679404052783667945492199448055348652409381190912524037524418140181276/90880505919922018130622243833901473405309558846563266522309622459348815129536381713256158583774764236861
11 8 11 61960941301586032078823997276507642236302736267808404463841259736823384599769192536831974433498225069251/90880505919922018130622243833901473405309558846563266522309622459348815129536381713256158583774764236861
11 8 16 5757818403791235992391775714895939624798393629502384919721254029948694648084554248693295568335582210953/181761011839844036261244487667802946810619117693126533044619244918697630259072763426512317167549528473722
11 8 21 7959435018041770929892744395318314768699678252882334652078717752137323403134629501750386825719854461402/90880505919922018130622243833901473405309558846563266522309622459348815129536381713256158583774764236861
11 9 1 9663201564154744247245603013547749105198709025277195482480054509007395425250756964569415995755415501947/60587003946614678753748162555934315603539705897708844348206414972899210086357587808837439055849842824574
11 9 3 45509894916275895169155745388976710874704847420847498878615615396335404465164602270578449846452359478239/181761011839844036261244487667802946810619117693126533044619244918697630259072763426512317167549528473722
11 9 9 52129872088890964821936701787400434515390544697779505935264181317560677261506302613314692127570774290105/181761011839844036261244487667802946810619117693126533044619244918697630259072763426512317167549528473722
11 9 13 55131640142212943528415231450782554104927598498667941783299284677779362256649587648910927206260148199537/181761011839844036261244487667802946810619117693126533044619244918697630259072763426512317167549528473722
11 10 7 90867797271650057102191062534074969523400202066976726297440905334332562385653023908733968258091949039/5863258446446581814878854440896869251955455409455694614342556287699923556744282691177816682824178337862
11 10 13 79723304126058438213798420689845438690047875918813034346579509939318879548468914248178856498695953571289/181761011839844036261244487667802946810619117693126533044619244918697630259072763426512317167549528473722
11 10 16 50092290258423287353735036289802054113608307408422822823414515611268931497888967787359581456108119636377/181761011839844036261244487667802946810619117693126533044619244918697630259072763426512317167549528473722
11 10 18 16376171913313719641181035916533043317245842700604799119801517100915169926253212549934375398914868281949/60587003946614678753748162555934315603539705897708844348206414972899210086357587808837439055849842824574
11 11 4 100499746174898213862519974964991102193321572578708644910465039535670862721848743778511163564003393732509/181761011839844036261244487667802946810619117693126533044619244918697630259072763426512317167549528473722
11 11 9 13189491723988281587203330154494553883098773616726286949607455550597624483659156610390081760993386450041/181761011839844036261244487667802946810619117693126533044619244918697630259072763426512317167549528473722
11 11 16 34035886970478770405760591274158645367099385748845800592273374916214571526782431518805535921276374145586/90880505919922018130622243833901473405309558846563266522309622459348815129536381713256158583774764236861
12 0 2 6824275791746859087244968747231574169204044884609896269666121759538918803254275649382854251699467568345/60587003946614678753748162555934315603539705897708844348206414972899210086357587808837439055849842824574
12 0 4 43794063098250192438614850001582847201654836243351091164987254572730868240528635781157267566899116396533/181761011839844036261244487667802946810619117693126533044619244918697630259072763426512317167549528473722
12 0 11 1101538064476949842438075736703127583443568024982579613514793534946449116266259441021371648035717570566/90880505919922018130622243833901473405309558846563266522309622459348815129536381713256158583774764236861
12 0 30 57645522618699683438009289975559560967232505372990296921802018998728553688124390907581871774740287115511/90880505919922018130622243833901473405309558846563266522309622459348815129536381713256158583774764236861
12 1 4 86689309430130428838292239520117551070246600600540963232352254951651865918554950402208319390182524815947/181761011839844036261244487667802946810619117693126533044619244918697630259072763426512317167549528473722
12 1 24 21863650459505214311723247682724565408348253342397769581861108093563563705928032714361152366616647723819/60587003946614678753748162555934315603539705897708844348206414972899210086357587808837439055849842824574
12 1 27 475495984374160717544879114508253217989157372022455823656188156231533439076350240019686139959952588489/2931629223223290907439427220448434625977727704727847307171278143849961778372141345588908341412089168931
12 2 1 21936828429987011372603969482630532072470865930649165067715188292668648259031547476838854468974811421381/90880505919922018130622243833901473405309558846563266522309622459348815129536381713256158583774764236861
12 2 12 40002290562644874008325172106365460642675684039680850144908934518822252474469131290758000527748306897609/181761011839844036261244487667802946810619117693126533044619244918697630259072763426512317167549528473722
12 2 13 25123576460213748058562359139063538430611362850122030538322006191537873301602760736103542931716878659967/181761011839844036261244487667802946810619117693126533044619244918697630259072763426512317167549528473722
12 2 21 1173572386403409539502403507372788445038553853903634229450934316500003354273189942676984915647334194732/2931629223223290907439427220448434625977727704727847307171278143849961778372141345588908341412089168931
12 3 2 24732756327493180290045413914560760771455365479940394132059674591394400866052257307129121830231624954863/90880505919922018130622243833901473405309558846563266522309622459348815129536381713256158583774764236861
12 3 12 9745920996784086959721886045562096260202056739813116941315652694401824595549826329796953534436090031805/30293501973307339376874081277967157801769852948854422174103207486449605043178793904418719527924921412287
12 3 23 36909986602076576961411171782654423853248023147183521566302989784748940476834645416736176150234869186583/90880505919922018130622243833901473405309558846563266522309622459348815129536381713256158583774764236861
12 4 7 3639115902068631372751810238022091825920750809312943917892776325690111545171393925416851846553673542775/30293501973307339376874081277967157801769852948854422174103207486449605043178793904418719527924921412287
12 4 10 22542915900846919538074024896627447417784902205927163448306395063449069598132439660002709672720853921221/60587003946614678753748162555934315603539705897708844348206414972899210086357587808837439055849842824574
12 4 18 23100454327926895898171850768119301321732290667488128580254972589727206906256090468994529632743842447522/90880505919922018130622243833901473405309558846563266522309622459348815129536381713256158583774764236861
12 4 22 46096660069037697614167850013549450958275324884491122031833456594755338381134899956014017804577240558365/181761011839844036261244487667802946810619117693126533044619244918697630259072763426512317167549528473722
12 5 1 3067708147138653975197295455145235744088571231197605524908105287459334770093457915894554785731222623965/30293501973307339376874081277967157801769852948854422174103207486449605043178793904418719527924921412287
12 5 2 76643121130937607530145626951605487248363519622681888285446192731092530776739725717038610655042805831789/181761011839844036261244487667802946810619117693126533044619244918697630259072763426512317167549528473722
12 5 5 2388235122527728965582869733124644273581335056898468910440320030562498074311356313059469030563375156505/90880505919922018130622243833901473405309558846563266522309622459348815129536381713256158583774764236861
12 5 7 48103644617815149605314872642683693094998360757832813565761056507264888870838978009905695336239611358111/181761011839844036261244487667802946810619117693126533044619244918697630259072763426512317167549528473722
12 5 15 5418054999309318531139182804639159968841468479742432030861083123654667112064154281537735999591066326479/30293501973307339376874081277967157801769852948854422174103207486449605043178793904418719527924921412287
12 5 24 661598483673993078299689524279051821257164466587334018958112576265601584962836944427664201603313634074/90880505919922018130622243833901473405309558846563266522309622459348815129536381713256158583774764236861
12 6 18 79667312815300916280202238925689931431327296276024388575064357759276194630897295247506631567547888006945/181761011839844036261244487667802946810619117693126533044619244918697630259072763426512317167549528473722
12 6 19 9424575273463322019406635058934722557598591707578367112316302529974518224835392448511111099843967364537/60587003946614678753748162555934315603539705897708844348206414972899210086357587808837439055849842824574
12 6 21 36909986602076576961411171782654423853248023147183521566302989784748940476834645416736176150234869186583/90880505919922018130622243833901473405309558846563266522309622459348815129536381713256158583774764236861
12 7 1 42150777709179299387789824663144626344706612993954201036842449441202391889991612415200189709133749929999/90880505919922018130622243833901473405309558846563266522309622459348815129536381713256158583774764236861
12 7 6 86153935393536386299885329257855737829162673119744990545037185890187957698665223410357405946878140386497/181761011839844036261244487667802946810619117693126533044619244918697630259072763426512317167549528473722
12 7 20 3768507009316350395259836361219318764014406195157713475299053382034962926808105061918177267467962742409/60587003946614678753748162555934315603539705897708844348206414972899210086357587808837439055849842824574
12 8 3 68259797183525801489124538648249247479328265313624556457957156750176184690086198459459222694671449055627/181761011839844036261244487667802946810619117693126533044619244918697630259072763426512317167549528473722
12 8 8 637056167571007259715924797482733854467876007458129337017624283217389985187674724449271613059546696631/1954419482148860604959618146965623083985151803151898204780852095899974518914760897059272227608059445954
12 8 9 497341263055308631205657634652120942154681760034638743496314911723383167973319065816115621266566644083/60587003946614678753748162555934315603539705897708844348206414972899210086357587808837439055849842824574
12 8 20 52762967283048633724921969949703088039314338405792032013534085094134027442612858395822487594540536699163/181761011839844036261244487667802946810619117693126533044619244918697630259072763426512317167549528473722
12 9 0 72405217947596216545387814156131630800517376731578428165799825251472204943020031606127067079289312076673/181761011839844036261244487667802946810619117693126533044619244918697630259072763426512317167549528473722
12 9 16 29008507509314257848337080855400236660678842694978375858491944252882920028218346611553186506025787778349/181761011839844036261244487667802946810619117693126533044619244918697630259072763426512317167549528473722
12 9 17 5336514512005204902750902227688045201726202833787218913993773000777839011524630402143224927895855785877/60587003946614678753748162555934315603539705897708844348206414972899210086357587808837439055849842824574
12 9 19 64337742846917947159266885973206943744244289765208072278346156412008988253260494002402388798546861261069/181761011839844036261244487667802946810619117693126533044619244918697630259072763426512317167549528473722
12 10 0 74176243213568328826583546866290100498369008504813937192764081941025883975587035673318349991315146369877/181761011839844036261244487667802946810619117693126533044619244918697630259072763426512317167549528473722
12 10 3 11595672854469732483279040683458824298745341875039764857664984041771334820240637953709028026812613996953/181761011839844036261244487667802946810619117693126533044619244918697630259072763426512317167549528473722
12 10 4 2683014772130654015844045250120222171164158065416718493537399611352559126587246849346638352253802872345/30293501973307339376874081277967157801769852948854422174103207486449605043178793904418719527924921412287
12 10 6 42021276884796235220902259033694579005192284729461741664078089577554122599381096373720682409338982316263/181761011839844036261244487667802946810619117693126533044619244918697630259072763426512317167549528473722
12 10 8 3033682158702271442810705530238230143960690554877934942239949970876036516170093075262777637799115799869/181761011839844036261244487667802946810619117693126533044619244918697630259072763426512317167549528473722
12 10 9 3779929428348575609755298133518001752904157643006236704718162332587427408080351744538003575233635146057/30293501973307339376874081277967157801769852948854422174103207486449605043178793904418719527924921412287
12 10 16 5327642175979039563364230380249648514468202778086271726071576012955676274614492641764686090934956078694/90880505919922018130622243833901473405309558846563266522309622459348815129536381713256158583774764236861
12 10 17 750593586737005703672207245896286145502746111111439873097807848959490295229661751832127677744564861480/90880505919922018130622243833901473405309558846563266522309622459348815129536381713256158583774764236861
12 11 3 11426167131597494327179921362726297687935523093214856953755694907606636445108567956299728705585386275604/90880505919922018130622243833901473405309558846563266522309622459348815129536381713256158583774764236861
12 11 5 182263510677170903949114651836560327050528502005602452942311709578465326429835149576126321252643013157/5863258446446581814878854440896869251955455409455694614342556287699923556744282691177816682824178337862
12 11 9 25002321427155474637217392580612863577240008683336300366983081605165585011592484004320990838056817780643/90880505919922018130622243833901473405309558846563266522309622459348815129536381713256158583774764236861
12 11 11 18094630812091018653819936490877892565715493005641662055406835139429445574986662128480780000179844331047/60587003946614678753748162555934315603539705897708844348206414972899210086357587808837439055849842824574
12 11 18 8839778765653782926307357515127483540066908535256892340374827141445721979513749009343474299884884872346/90880505919922018130622243833901473405309558846563266522309622459348815129536381713256158583774764236861
12 11 19 15645207961882589247976390535651304682210687245205885757479934597520490771179142732140836760561942107764/90880505919922018130622243833901473405309558846563266522309622459348815129536381713256158583774764236861
12 12 13 23708276452944678530244631942043630740367007391485579417539731069000923098098445179275440165196825403133/181761011839844036261244487667802946810619117693126533044619244918697630259072763426512317167549528473722
12 12 15 30474028724390364368242588782150655494013871068937040987181486092621265371320422875333736934724641636879/181761011839844036261244487667802946810619117693126533044619244918697630259072763426512317167549528473722
12 12 17 63789353331254496681378633471804330288119119616351956319949013878537720894826947685951570033814030716855/90880505919922018130622243833901473405309558846563266522309622459348815129536381713256158583774764236861
13 0 19 45575961476763907949183744068653273956372023460916811489115788404959857357206515376438447100327761871484/90880505919922018130622243833901473405309558846563266522309622459348815129536381713256158583774764236861
13 0 26 45304544443158110181438499765248199448937535385646455033193834054388957772329866336817711483447002365377/90880505919922018130622243833901473405309558846563266522309622459348815129536381713256158583774764236861
13 1 0 3384445441302416438114870400553698584261797253776185793712467035256143526409708867549616262327453703519/60587003946614678753748162555934315603539705897708844348206414972899210086357587808837439055849842824574
13 1 7 28294532494359495495954078208341723484958427119895883141861739319991548217390275487036133587707703586327/181761011839844036261244487667802946810619117693126533044619244918697630259072763426512317167549528473722
13 1 20 71925221621636341158526096959086934443180683004481627877794483760530910618522733909088849219528734619773/181761011839844036261244487667802946810619117693126533044619244918697630259072763426512317167549528473722
13 1 23 3689032232199461653567630924994122224772390523409620122964269073286720356494727439572858103971918765545/181761011839844036261244487667802946810619117693126533044619244918697630259072763426512317167549528473722
13 1 26 33849444583870744319426035186859535452461112642005422260430675829560010243717949994082813734679405195760/90880505919922018130622243833901473405309558846563266522309622459348815129536381713256158583774764236861
13 2 2 2349194110726098894641254015598844582928881969018732420442793221062767651172830150703681230558851686914/30293501973307339376874081277967157801769852948854422174103207486449605043178793904418719527924921412287
13 2 3 7071069060157865877614054806202765148002049982755323153287966640958315183777444971590447155021213855541/181761011839844036261244487667802946810619117693126533044619244918697630259072763426512317167549528473722
13 2 7 6595435054220365799363889164850085134330057230152709714850429784708116426207223460393105227811530245149/30293501973307339376874081277967157801769852948854422174103207486449605043178793904418719527924921412287
13 2 28 121022167790007382219599573778906603359063432515342557079571940243114010611014996788341151262306023025803/181761011839844036261244487667802946810619117693126533044619244918697630259072763426512317167549528473722
13 3 0 45575961476763907949183744068653273956372023460916811489115788404959857357206515376438447100327761871484/90880505919922018130622243833901473405309558846563266522309622459348815129536381713256158583774764236861
13 3 24 45304544443158110181438499765248199448937535385646455033193834054388957772329866336817711483447002365377/90880505919922018130622243833901473405309558846563266522309622459348815129536381713256158583774764236861
13 4 0 5967798344375482988804155008549039729313227947261313501607918626890015365204198472442042269011906765589/60587003946614678753748162555934315603539705897708844348206414972899210086357587808837439055849842824574
13 4 5 114780769273822423616985228946402429892249228321877660547284938065371366941736037754973953455348290415235/181761011839844036261244487667802946810619117693126533044619244918697630259072763426512317167549528473722
13 4 21 24538423766447581838923396847876698865215102764732465996255275486328108610862065127106118452582758880860/90880505919922018130622243833901473405309558846563266522309622459348815129536381713256158583774764236861
13 5 2 22033524353312594159676367279445288733323981875582833929479492943381887314925884602528755476561430024157/60587003946614678753748162555934315603539705897708844348206414972899210086357587808837439055849842824574
13 5 18 7474038181250979473059645353749499731976400801959189917128513338662880814252471374081330425954000480249/60587003946614678753748162555934315603539705897708844348206414972899210086357587808837439055849842824574
13 5 19 21407896463045828436399513449235776289083334602863510120585610024233097002499119652052068591802825693362/90880505919922018130622243833901473405309558846563266522309622459348815129536381713256158583774764236861
13 5 23 13136721046011331708107926744438162392817436914812243755946926499313206445458820319118023102450793477309/181761011839844036261244487667802946810619117693126533044619244918697630259072763426512317167549528473722
13 5 25 37285810264050326782129496125308866443733863539961197507677079524783925421080635873459899173946792096471/181761011839844036261244487667802946810619117693126533044619244918697630259072763426512317167549528473722
13 6 6 2959345559538734376602860005360647529545883439454545787079112549483519368142819463982439905451845393881/181761011839844036261244487667802946810619117693126533044619244918697630259072763426512317167549528473722
13 6 9 3954598454913090588560505968712529104567724352509835750861502994277870533116254144468465614035343236145/181761011839844036261244487667802946810619117693126533044619244918697630259072763426512317167549528473722
13 6 10 140565061609756410741690193669322821593997491511244747114175753168989213882991766807321378316645547542513/181761011839844036261244487667802946810619117693126533044619244918697630259072763426512317167549528473722
13 6 18 21194064009450370112485412550253396101983165554874204156725862537367106125942933244488632181781240239251/181761011839844036261244487667802946810619117693126533044619244918697630259072763426512317167549528473722
13 6 22 6543971103092715220952757737076776240262426417521600117888506834289960174439494883125700574817776030966/90880505919922018130622243833901473405309558846563266522309622459348815129536381713256158583774764236861
13 7 1 19143786853614553029158768246873019442428117120228866036081054227042567469197172491193452222805573852775/60587003946614678753748162555934315603539705897708844348206414972899210086357587808837439055849842824574
13 7 6 95607076446307649961359158409947208981456444573381542499582059028509672560407540016154911220671388087225/181761011839844036261244487667802946810619117693126533044619244918697630259072763426512317167549528473722
13 7 18 8830713910419581290146485305259763965743373984476319460420441926084728332165440074343287178300486135471/90880505919922018130622243833901473405309558846563266522309622459348815129536381713256158583774764236861
13 7 21 5530573505926782316058026953358575785195786895052876757976569678445399313371412894045237460930223278615/90880505919922018130622243833901473405309558846563266522309622459348815129536381713256158583774764236861
13 8 5 196000751183211932834031108341990724529817299734789090788581263771872332831086827608799192612275864793/977209741074430302479809073482811541992575901575949102390426047949987259457380448529636113804029722977
13 8 13 26244761887672639533240125342657986058794833731251441200990845677820009565105942710409489389698116183551/181761011839844036261244487667802946810619117693126533044619244918697630259072763426512317167549528473722
13 8 15 119060110232093977220874576173534685989278266211204320956952284179309366787384670780866177951968101438673/181761011839844036261244487667802946810619117693126533044619244918697630259072763426512317167549528473722
13 9 3 60084986040372027225747526960706156742051199150714808455729476317019906133905156937333709080576077523765/181761011839844036261244487667802946810619117693126533044619244918697630259072763426512317167549528473722
13 9 6 17646634683525320596146993880984127354475652745794798939717616297155349355797353868233203435124685223728/90880505919922018130622243833901473405309558846563266522309622459348815129536381713256158583774764236861
13 9 20 86382756432421367843202972945128535359616613050822126709454536007367025413572898752712201216724080502501/181761011839844036261244487667802946810619117693126533044619244918697630259072763426512317167549528473722
13 10 1 10276952883495576233981463903015400229774885793034069236283426755829547499327618540243691089747606547231/60587003946614678753748162555934315603539705897708844348206414972899210086357587808837439055849842824574
13 10 2 28082161355325376288387088699273979290936019967388383310692072464927382943603388185767860404322841116323/90880505919922018130622243833901473405309558846563266522309622459348815129536381713256158583774764236861
13 10 4 22183745479852000564227231604954099548867902804526285377240701954575536466769291733060962909532636621761/181761011839844036261244487667802946810619117693126533044619244918697630259072763426512317167549528473722
13 10 8 36291042499427277209149343477627343995277258787360636668572058883389342703556919850592280090064194988811/90880505919922018130622243833901473405309558846563266522309622459348815129536381713256158583774764236861
13 11 11 42492373134523660099928226065056423037824212892067182292799579833469764511370925680356659055669998493527/60587003946614678753748162555934315603539705897708844348206414972899210086357587808837439055849842824574
13 11 14 18094630812091018653819936490877892565715493005641662055406835139429445574986662128480780000179844331047/60587003946614678753748162555934315603539705897708844348206414972899210086357587808837439055849842824574
13 12 0 19549661871748097411302252769800353474664086765178816861528142985769872321420439944474590320789604985991/90880505919922018130622243833901473405309558846563266522309622459348815129536381713256158583774764236861
13 12 2 21947917619112580578078266573738577523380018679666091654769636681520902293074221578456975814569732695673/181761011839844036261244487667802946810619117693126533044619244918697630259072763426512317167549528473722
13 12 6 12224143340580341735736531863469679291421831275439034210576307797797022695975282722598646219940105596856/90880505919922018130622243833901473405309558846563266522309622459348815129536381713256158583774764236861
13 12 7 12170131087219118115281277434218684655943289963871555683923111454756013656342181302410009525995819996291/90880505919922018130622243833901473405309558846563266522309622459348815129536381713256158583774764236861
13 12 10 17742916444301298260038876234892648208799804544059007473073266598908722149103865854479672119607267579761/181761011839844036261244487667802946810619117693126533044619244918697630259072763426512317167549528473722
13 12 17 27091152588667521449243610362097143117190439230211310202360608580811094234709434027304588549960733520006/90880505919922018130622243833901473405309558846563266522309622459348815129536381713256158583774764236861
13 13 1 19964140839606690632654587417629705011134298518062130463006058571171053515764044321613590570536970937233/60587003946614678753748162555934315603539705897708844348206414972899210086357587808837439055849842824574
13 13 4 52062836438361333051620924590010591784208208797440567091263901303137873781338382303595936668165674041131/90880505919922018130622243833901473405309558846563266522309622459348815129536381713256158583774764236861
13 13 16 17742916444301298260038876234892648208799804544059007473073266598908722149103865854479672119607267579761/181761011839844036261244487667802946810619117693126533044619244918697630259072763426512317167549528473722
14 0 1 19472801083538340360847905027890001702192541071029237281537751331344436148927626240784961694385597185110/30293501973307339376874081277967157801769852948854422174103207486449605043178793904418719527924921412287
14 0 28 10820700889768999016026176250077156099577311877825184892565456155105168894251167663633757833539324227177/30293501973307339376874081277967157801769852948854422174103207486449605043178793904418719527924921412287
14 1 6 39324738987098954290297677818100785034544862272750203907062081891320628893061938937471606956332902000026/90880505919922018130622243833901473405309558846563266522309622459348815129536381713256158583774764236861
14 1 10 12263973349379953193684863448617563670688179424864662065476011427770610793552936018950063831911435116419/60587003946614678753748162555934315603539705897708844348206414972899210086357587808837439055849842824574
14 1 12 3014900542910941020555234524954022348366813025273307844672801797408823998494675061994719047186249212077/90880505919922018130622243833901473405309558846563266522309622459348815129536381713256158583774764236861
14 1 20 58659118802873012740285467539543861267190690818855533622642261404471072885094304465386048958765313022947/181761011839844036261244487667802946810619117693126533044619244918697630259072763426512317167549528473722
14 1 23 271782321468562219699767516049463294256756333938331620346530308909303201701070484223904117668601279552/30293501973307339376874081277967157801769852948854422174103207486449605043178793904418719527924921412287
14 2 4 18307362518368209515709959761518322781439529114469992324607029326039901967252736668594545988341443060238/90880505919922018130622243833901473405309558846563266522309622459348815129536381713256158583774764236861
14 2 6 1051818973053531822592341084973240395830011321822334328335603669020027505676090415107173468864802921239/5863258446446581814878854440896869251955455409455694614342556287699923556744282691177816682824178337862
14 2 21 16937673548839013073213539002384533429535795906777371511728876212403302494838533181352963231362740831076/90880505919922018130622243833901473405309558846563266522309622459348815129536381713256158583774764236861
14 2 22 16903079052807113215504151048762194282501840002243735827242605265870148032171933318951649149494109881059/90880505919922018130622243833901473405309558846563266522309622459348815129536381713256158583774764236861
14 2 25 14952797811718626050675538136100797850978145556550656513019503190150024198195851406797207631448016790189/60587003946614678753748162555934315603539705897708844348206414972899210086357587808837439055849842824574
14 3 5 13894766889913602096493868303680397384476957189012827265048805570587123448969702827297158060276586383793/90880505919922018130622243833901473405309558846563266522309622459348815129536381713256158583774764236861
14 3 11 3070611428202575885440407356397607221051104406847986984642593592794856737240011244522876242326962004468/30293501973307339376874081277967157801769852948854422174103207486449605043178793904418719527924921412287
14 3 12 23706720980754859985727591923072505299204310403892731414926162119435884592088677734704116577266813662862/90880505919922018130622243833901473405309558846563266522309622459348815129536381713256158583774764236861
14 3 20 11772225423321134152200613537921430850066080284739198789985748121193779188462829974730770937681527286851/181761011839844036261244487667802946810619117693126533044619244918697630259072763426512317167549528473722
14 3 22 21392521797712743836878418907256858375774573107961461268278547977319051852635887534582551901248181096927/90880505919922018130622243833901473405309558846563266522309622459348815129536381713256158583774764236861
14 3 23 33577098510545034958201671723476350515334729565565372450270903906050590859781329791476635698323066872899/181761011839844036261244487667802946810619117693126533044619244918697630259072763426512317167549528473722
14 4 1 18233338636719744057760231063851066050304452147943560211102565299061369167557637298614764801196182690029/181761011839844036261244487667802946810619117693126533044619244918697630259072763426512317167549528473722
14 4 3 45692508486376482025445711574903819118809241164357368000904984280328262679730160084606734944617683898973/90880505919922018130622243833901473405309558846563266522309622459348815129536381713256158583774764236861
14 4 4 10272427347599159904630136544188485359741739310769197894769531520091956833490876789386994954621718006289/181761011839844036261244487667802946810619117693126533044619244918697630259072763426512317167549528473722
14 4 10 8132912298901337622677886816238923818636614992797234445531919549429801975468259595346990658787189735377/90880505919922018130622243833901473405309558846563266522309622459348815129536381713256158583774764236861
14 4 12 7600734047494915500434487212912984920946868986684095007645556740004695824604568329767184367486980084784/30293501973307339376874081277967157801769852948854422174103207486449605043178793904418719527924921412287
14 5 0 18703616984692994868959814312262870718033247416487627747168794696374389765167878700603878819334572898078/90880505919922018130622243833901473405309558846563266522309622459348815129536381713256158583774764236861
14 5 5 2474417450708658610532322748238506685954059767564257290586763866440300061605833506455970716054808472379/181761011839844036261244487667802946810619117693126533044619244918697630259072763426512317167549528473722
14 5 11 14677376074800078588444905058066367463744427359077776754474898300392548243789245193825349727666666319122/90880505919922018130622243833901473405309558846563266522309622459348815129536381713256158583774764236861
14 5 13 5248950571318350474284062673363800116589524120182788440308534328622705384174922926603425606719308862675/90880505919922018130622243833901473405309558846563266522309622459348815129536381713256158583774764236861
14 5 16 2194918813287285202429238235141505883005011922232452748300603338305143649166174107340401830466967148545/30293501973307339376874081277967157801769852948854422174103207486449605043178793904418719527924921412287
14 5 18 13741794668536959853210250423488787930631625715280601631002776498792418304441618115314863015917288838268/90880505919922018130622243833901473405309558846563266522309622459348815129536381713256158583774764236861
14 5 22 61373604910714898866338670574351752368637337170109970118318853374062344907322555403318901129417243273787/181761011839844036261244487667802946810619117693126533044619244918697630259072763426512317167549528473722
14 6 4 92920541063799440706834211344473828524282005925961620659406252614950677354417613672660022148178671531549/181761011839844036261244487667802946810619117693126533044619244918697630259072763426512317167549528473722
14 6 18 6168030989328300248600112763479302858326258214394380662373177247242765928764764181472089230671306344314/90880505919922018130622243833901473405309558846563266522309622459348815129536381713256158583774764236861
14 6 19 25501469599129331685736683598790170856561531779458717020155545936420473682375207130302705519342748084515/60587003946614678753748162555934315603539705897708844348206414972899210086357587808837439055849842824574
14 7 1 7293642987645672240076734201633949653210543429957442671071237610705631442252524017490828713195039122271/60587003946614678753748162555934315603539705897708844348206414972899210086357587808837439055849842824574
14 7 2 17352807374875080902086509634423169518858838604192233151067778514676339134302715253288909139281919447873/60587003946614678753748162555934315603539705897708844348206414972899210086357587808837439055849842824574
14 7 4 15113400749407926494301255687155124429902701704272170306272144778087672511585117122460287361208948069842/90880505919922018130622243833901473405309558846563266522309622459348815129536381713256158583774764236861
14 7 19 52838819295229528831190764525176177932935863132578649626490951490502495708658476122966093545820478518955/181761011839844036261244487667802946810619117693126533044619244918697630259072763426512317167549528473722
14 7 23 8252013319412131671653826753381720833889901683184838446388985165291292599192778415428811780626759368217/60587003946614678753748162555934315603539705897708844348206414972899210086357587808837439055849842824574
14 8 3 5807955222671342679726321780871805222438302435850497833679619959957850412792506853178104689746507265759/30293501973307339376874081277967157801769852948854422174103207486449605043178793904418719527924921412287
14 8 11 3090069149277938125541854985222329260318190119696757817866790947068280255393367750397969835106990944415/90880505919922018130622243833901473405309558846563266522309622459348815129536381713256158583774764236861
14 8 20 22166468851693860870610537440830430725709513323262550110102236148883842713534601650428035695124291100235/90880505919922018130622243833901473405309558846563266522309622459348815129536381713256158583774764236861
14 8 21 64330516166676122530198803830847244882415852708410150680030498484189243375815782572022297397608574221629/181761011839844036261244487667802946810619117693126533044619244918697630259072763426512317167549528473722
14 8 22 10689896111732086553460989433206450207172681161231593168857657494285679489548666977923126856999782189413/60587003946614678753748162555934315603539705897708844348206414972899210086357587808837439055849842824574
14 9 0 24645665258276300224066897569703101614539925500676786065290300454546491765624518544202208424253999179925/60587003946614678753748162555934315603539705897708844348206414972899210086357587808837439055849842824574
14 9 8 38090209138914142614739307475441173365506434574412463695744155775198321586968781692372078780558798110745/90880505919922018130622243833901473405309558846563266522309622459348815129536381713256158583774764236861
14 9 20 31643597787186850359565180007811295235986472042271247457260032004661511788261644409161534333669934712457/181761011839844036261244487667802946810619117693126533044619244918697630259072763426512317167549528473722
14 10 0 7193930595500079495903293571655444815711457640166936926149747493245123132655141205832172708119668991353/60587003946614678753748162555934315603539705897708844348206414972899210086357587808837439055849842824574
14 10 8 1304798414099720083797514444505280216637702770230671807961251559897189237499977294636351491214676877411/181761011839844036261244487667802946810619117693126533044619244918697630259072763426512317167549528473722
14 10 9 7099576356211739917949727857207552952749603832997964937891857891297015954807519118699566487848783397007/181761011839844036261244487667802946810619117693126533044619244918697630259072763426512317167549528473722
14 10 14 20376930155644778730846607677538239043251912072884820185770564243936022668917396689660963722593121944990/30293501973307339376874081277967157801769852948854422174103207486449605043178793904418719527924921412287
14 10 15 2943324559490755874246637883411292716270014325132050339925944504474092899299623681845920273516257490016/90880505919922018130622243833901473405309558846563266522309622459348815129536381713256158583774764236861
14 10 20 23626615230182153638214442819071759502045937081824063725841618515203733856696215894022258181535814575273/181761011839844036261244487667802946810619117693126533044619244918697630259072763426512317167549528473722
14 11 0 4736494348865205080951927385217466775258863059112279650781716230790901947731607089244464288586946720207/60587003946614678753748162555934315603539705897708844348206414972899210086357587808837439055849842824574
14 11 2 39325357607441876641742416627579899916710563687212814787576932266422921914225350761429985461351804484793/60587003946614678753748162555934315603539705897708844348206414972899210086357587808837439055849842824574
14 11 6 22163903771357058519108929992600540404009073123282387174192196168955868748996043963702000377743591119061/181761011839844036261244487667802946810619117693126533044619244918697630259072763426512317167549528473722
14 11 19 27411552199565732574052525636810306330701764330868862555351103258100289924205845910786967539989683739661/181761011839844036261244487667802946810619117693126533044619244918697630259072763426512317167549528473722
14 12 0 22898990369640128490800794581755427254110973441371880394931250414801453077214640125112389900350181327387/181761011839844036261244487667802946810619117693126533044619244918697630259072763426512317167549528473722
14 12 15 31901248300540047806560746901677531192568216517226602079278384699392682821837044210223079889069939076822/90880505919922018130622243833901473405309558846563266522309622459348815129536381713256158583774764236861
14 12 16 30388675952474578397054323201942705128912654480369467120168461557449542176503994380749032705208322117233/90880505919922018130622243833901473405309558846563266522309622459348815129536381713256158583774764236861
14 12 18 11427390988058218454404517626269015637848800752187504750264767330070575728392015373151900692880941586075/60587003946614678753748162555934315603539705897708844348206414972899210086357587808837439055849842824574
14 13 1 6541710423032034844204457474958141541808439005111915951195673112026451378851615624179831347403144315248/90880505919922018130622243833901473405309558846563266522309622459348815129536381713256158583774764236861
14 13 5 42064985555154638016143429871016549682714642873853208144904801321936543744072782091641937262713931035924/90880505919922018130622243833901473405309558846563266522309622459348815129536381713256158583774764236861
14 13 13 35530719896166659716580934506633863626663841521664506883240663291965958637568949782670438110034642194115/181761011839844036261244487667802946810619117693126533044619244918697630259072763426512317167549528473722
14 13 16 3521412287951392407217661596277353049613792956970228255161742026292427577062210712060400291404585254219/30293501973307339376874081277967157801769852948854422174103207486449605043178793904418719527924921412287
14 13 17 27888426259595676380661808891555582437226354671710408438207180601051115913281753939835940088853224051949/181761011839844036261244487667802946810619117693126533044619244918697630259072763426512317167549528473722
14 14 3 21900873319084926251118712475485369367229954965198710406023222011447077654684418377937292887093380202749/90880505919922018130622243833901473405309558846563266522309622459348815129536381713256158583774764236861
14 14 9 36939500691284989335076829316422841953762310726610121228968037544332274490994977532983764623444632517597/181761011839844036261244487667802946810619117693126533044619244918697630259072763426512317167549528473722
14 14 12 48087857245009649125513408030722816231773772654406614855931613654778737939575442347043516447722984212029/181761011839844036261244487667802946810619117693126533044619244918697630259072763426512317167549528473722
14 14 15 26465953632689772649208412684843274945311562190856188073836574848346231259566753395305225161097575669299/90880505919922018130622243833901473405309558846563266522309622459348815129536381713256158583774764236861
15 0 3 23734431515966880576612149635369207498388735078181770266989768288520545133135223544960620742897876707297/60587003946614678753748162555934315603539705897708844348206414972899210086357587808837439055849842824574
15 0 6 4158309662603978420851669626551171774922449185189512407337397261960627092703920302363290288338593835594/30293501973307339376874081277967157801769852948854422174103207486449605043178793904418719527924921412287
15 0 20 13519824079945679200236394860197871404700907272654542167483693733080072383070903865824026731100347689523/90880505919922018130622243833901473405309558846563266522309622459348815129536381713256158583774764236861
15 0 25 58568211156428165605825231281992550856516402802135063464658169015212087537301763245802659746623639959221/181761011839844036261244487667802946810619117693126533044619244918697630259072763426512317167549528473722
15 1 14 2887098626240350119744764824894752285589688089979131267649382203050717951688157375579042166935382808288/90880505919922018130622243833901473405309558846563266522309622459348815129536381713256158583774764236861
15 1 16 17360736032917793246586049719337393707201320521337026470437851342610129533201136934252249061073189782265/30293501973307339376874081277967157801769852948854422174103207486449605043178793904418719527924921412287
15 1 23 7367279891007548535726386715289975822740548466566311579191232613477133442023431806271279729981311143218/30293501973307339376874081277967157801769852948854422174103207486449605043178793904418719527924921412287
15 1 26 18380811566297953586719101691447730525664678260955817480585582981293462117973980763473327006677917764349/181761011839844036261244487667802946810619117693126533044619244918697630259072763426512317167549528473722
15 1 27 9237907477513331741161237718801494534123849324792424730960393794779154386375055468739733080673839539899/181761011839844036261244487667802946810619117693126533044619244918697630259072763426512317167549528473722
15 2 1 9571531935896397446183501053223068057109657871337853936344221118265157216928381191216418763901417252869/60587003946614678753748162555934315603539705897708844348206414972899210086357587808837439055849842824574
15 2 2 4955317162784473024623839245998145273804167275171828634627066255577751341332490315589431317795676458606/30293501973307339376874081277967157801769852948854422174103207486449605043178793904418719527924921412287
15 2 3 6742587014483008051640150231380090980451830827473649925272798889819506266347041628706391695863326064176/30293501973307339376874081277967157801769852948854422174103207486449605043178793904418719527924921412287
15 2 5 12512347083782144461556999342917846222089332457768899167250557532253307208355254527716293416149376775980/30293501973307339376874081277967157801769852948854422174103207486449605043178793904418719527924921412287
15 2 8 2594969488619030231922683862119082593739386905542234957561348499332923237359633673596787432331666974181/60587003946614678753748162555934315603539705897708844348206414972899210086357587808837439055849842824574
15 3 6 30644158586236090369545626684545619423279756045961607029335008246714470618904626404413880535756566541256/90880505919922018130622243833901473405309558846563266522309622459348815129536381713256158583774764236861
15 3 18 9825803605503510664684288147960086704049353126760210225487104756268428425973907302126259842893405916967/60587003946614678753748162555934315603539705897708844348206414972899210086357587808837439055849842824574
15 3 27 90995283850861323528100369854831447851911546220922688309487914156463403743341788711305776567356177640309/181761011839844036261244487667802946810619117693126533044619244918697630259072763426512317167549528473722
15 4 1 10201718487015005141779112035798074099092453408827014703968548338299865510022398060749146734186629747145/90880505919922018130622243833901473405309558846563266522309622459348815129536381713256158583774764236861
15 4 4 4696686913940333467163693429070998211245461631887437610260142415220654584502156488829871162920808325203/181761011839844036261244487667802946810619117693126533044619244918697630259072763426512317167549528473722
15 4 7 14633541804217001346303999843196825067663614940934704798294697003381852696100016718398631447819940450353/60587003946614678753748162555934315603539705897708844348206414972899210086357587808837439055849842824574
15 4 21 18793377089870448078601761772924220866366317403463491938589652469455281094370960110164709698799273217195/30293501973307339376874081277967157801769852948854422174103207486449605043178793904418719527924921412287
15 5 0 22913985138111555449251683075209587698593615582008604540771004854830509195407095183238956513550025969248/90880505919922018130622243833901473405309558846563266522309622459348815129536381713256158583774764236861
15 5 8 67966520781810462681370560758691885706715943264554661981538617604518305934129286530017202070224738267613/90880505919922018130622243833901473405309558846563266522309622459348815129536381713256158583774764236861
15 6 1 10045546318200885882849187794143415555585731196771778355721366844051692740523472565927602742617552553982/30293501973307339376874081277967157801769852948854422174103207486449605043178793904418719527924921412287
15 6 15 11158005594499175589631725553271865009764808904531958089614059842985219478329430093429947096686197237262/90880505919922018130622243833901473405309558846563266522309622459348815129536381713256158583774764236861
15 6 18 34281786518218074685678305332450506780328069716719589494041335063784398822351503285786437478438893769449/90880505919922018130622243833901473405309558846563266522309622459348815129536381713256158583774764236861
15 6 21 4588711888793050893145151463247463918500842088143509748522328901345526830783747795435218386527379951422/90880505919922018130622243833901473405309558846563266522309622459348815129536381713256158583774764236861
15 6 23 10715362963809059313619498102501391029958644546852874122967798119078591776501282840821747394269635616782/90880505919922018130622243833901473405309558846563266522309622459348815129536381713256158583774764236861
15 7 2 2885282464455568083647111140879253990033395260347042397766583719688178075256593389533795467124930259261/90880505919922018130622243833901473405309558846563266522309622459348815129536381713256158583774764236861
15 7 8 1733509860263367473815258654490885330224473952125889624486321099197314749583072191650453606776841649715/30293501973307339376874081277967157801769852948854422174103207486449605043178793904418719527924921412287
15 7 17 34496879728681297837764778355581039156759843730144742290694589555133015981114583008655881915391937037758/90880505919922018130622243833901473405309558846563266522309622459348815129536381713256158583774764236861
15 7 22 16099271381998349929254859457989508089280965999897937653463161962311892274805329580038373460309123996899/30293501973307339376874081277967157801769852948854422174103207486449605043178793904418719527924921412287
15 8 1 72369701148919518342040633671677101107590850080828271693321283822992271145101988335799150951766701896933/181761011839844036261244487667802946810619117693126533044619244918697630259072763426512317167549528473722
15 8 2 8221687926954816902154580987563446823810200147748549878440569265313541663619849015292718914574300317901/30293501973307339376874081277967157801769852948854422174103207486449605043178793904418719527924921412287
15 8 19 53969585167585325618973475476227346061917359710168583026540696183470556349814442892123043739786833626321/181761011839844036261244487667802946810619117693126533044619244918697630259072763426512317167549528473722
15 8 22 1015266326935048481217148765752969783041617835939729842352308220058925463739539684472301498091698507177/30293501973307339376874081277967157801769852948854422174103207486449605043178793904418719527924921412287
15 9 4 11798477377343309571564893467384701547094140231268897044372949540969054078422983615585504599656600909055/60587003946614678753748162555934315603539705897708844348206414972899210086357587808837439055849842824574
15 9 9 42332428589541201012818378345276098876401964999680962497094777162900061725648335502817814210019832975755/181761011839844036261244487667802946810619117693126533044619244918697630259072763426512317167549528473722
15 9 19 10756196660170241881742598550723641144725615830963901825384567960574049148072777243628153020585954156585/60587003946614678753748162555934315603539705897708844348206414972899210086357587808837439055849842824574
15 9 20 31867328810117909029238167357431558107508016300016579438952338453334546528619110132319290808577756629382/90880505919922018130622243833901473405309558846563266522309622459348815129536381713256158583774764236861
15 9 21 2676634505842120943342432851112901214580617302238005020115746114833055265566308360471649493215505680761/60587003946614678753748162555934315603539705897708844348206414972899210086357587808837439055849842824574
15 10 0 8014202706884874751671979524426973241905672059164392390578161275844493202495261863995069972908710556233/30293501973307339376874081277967157801769852948854422174103207486449605043178793904418719527924921412287
15 10 2 1058619439897796932928988975753913499941299675695219640662628901919677164599083169665664083361728033756/2931629223223290907439427220448434625977727704727847307171278143849961778372141345588908341412089168931
15 10 20 34020695162435688954807647012249235181412252722518280490033642672305343419479017861635362080835063521726/90880505919922018130622243833901473405309558846563266522309622459348815129536381713256158583774764236861
15 11 4 1058619439897796932928988975753913499941299675695219640662628901919677164599083169665664083361728033756/2931629223223290907439427220448434625977727704727847307171278143849961778372141345588908341412089168931
15 11 12 1873009783325493974510438244694521126036428029032627666508649241930284613773058175923244258050361135175/2931629223223290907439427220448434625977727704727847307171278143849961778372141345588908341412089168931
15 12 4 7717097423917254348340960310641055886484275303882969128732477404680553531027259613019695188409620096141/30293501973307339376874081277967157801769852948854422174103207486449605043178793904418719527924921412287
15 12 8 3824219289140913648780011534674269570562794183791288141946649200209617599455783284492492987753865465410/30293501973307339376874081277967157801769852948854422174103207486449605043178793904418719527924921412287
15 12 10 25520253190316265214172357669834392878368574578340724852607605391250217116767732376665073848552154102125/60587003946614678753748162555934315603539705897708844348206414972899210086357587808837439055849842824574
15 12 13 10432538144193182183808685748265070755904810470210517948423161086753856155545239519721399228130249211331/181761011839844036261244487667802946810619117693126533044619244918697630259072763426512317167549528473722
15 12 14 12759906923176525226096448919071372338663083280924148457149254014426047985163034695861283668390951793355/90880505919922018130622243833901473405309558846563266522309622459348815129536381713256158583774764236861
15 13 6 47761418345873992498521608269702338657262455245033122270962422426752463232519994401752407183002416188823/90880505919922018130622243833901473405309558846563266522309622459348815129536381713256158583774764236861
15 13 15 38817669481560685079001319243890881621101350049122699431045721156210941348197999409660221915609090195730/90880505919922018130622243833901473405309558846563266522309622459348815129536381713256158583774764236861
15 13 17 4301418092487340553099316320308253126945753552407444820301478876385410548818387901843529485163257852308/90880505919922018130622243833901473405309558846563266522309622459348815129536381713256158583774764236861
15 14 0 43923912661155838426354622185410965980998927087061484809804133776984826326643500938031992151498606598914/90880505919922018130622243833901473405309558846563266522309622459348815129536381713256158583774764236861
15 14 2 5215668516472291781947071247988708208084257123634426574932878739158921978950397357146775278442111533881/30293501973307339376874081277967157801769852948854422174103207486449605043178793904418719527924921412287
15 14 14 31309587709349304358426407904524382800057860388598501987706852464887222866041688703783840596949823036304/90880505919922018130622243833901473405309558846563266522309622459348815129536381713256158583774764236861
15 15 3 6897933232892692313836105702290929043568825646620960147163413893237247601799949907623808078661948368028/30293501973307339376874081277967157801769852948854422174103207486449605043178793904418719527924921412287
15 15 7 27021785110697313504251239955321515500837537022347887224769974738947015887100545262935977112775603687/1954419482148860604959618146965623083985151803151898204780852095899974518914760897059272227608059445954
15 15 11 45953462142397677407444162712737490535876090956774139549911717969517357390257571090438807608029902374221/60587003946614678753748162555934315603539705897708844348206414972899210086357587808837439055849842824574
16 0 6 26601291944359618016761741621420215603648580583866073745392043799964057737412340295645099151178474926961/60587003946614678753748162555934315603539705897708844348206414972899210086357587808837439055849842824574
16 0 23 12960450412926741595908424832061612020004370107542962624726189329293852967282954437080151076796434613590/30293501973307339376874081277967157801769852948854422174103207486449605043178793904418719527924921412287
16 0 24 8064811176401577545169571270390875959882385098756845353361992514347446414379338639032037751078498670433/60587003946614678753748162555934315603539705897708844348206414972899210086357587808837439055849842824574
16 1 0 42232119457291415233126073685405260619374136537608641002471013138783125570310357898828637155997564015061/181761011839844036261244487667802946810619117693126533044619244918697630259072763426512317167549528473722
16 1 8 361178081057976831840744471256914052821497092231946618974189633020686023440205935870835231641247560139/30293501973307339376874081277967157801769852948854422174103207486449605043178793904418719527924921412287
16 1 13 5848675950400689518540405631638817974495802651517963862379792668275992303710752962645112281962033833684/30293501973307339376874081277967157801769852948854422174103207486449605043178793904418719527924921412287
16 1 20 8529445235889113727072153861528691850041290644964895257363749958949274459242620842006236498209246805167/30293501973307339376874081277967157801769852948854422174103207486449605043178793904418719527924921412287
16 1 24 6850386467816919680252794531192045760319137408725233789352878637200541224044581474396649880545277698588/90880505919922018130622243833901473405309558846563266522309622459348815129536381713256158583774764236861
16 1 25 37264015850157265896709102428695636514170962257729303449101043393314478616161375351046415351511193951275/181761011839844036261244487667802946810619117693126533044619244918697630259072763426512317167549528473722
16 1 29 64153996337417653091949352385707446142100874024643291017518775361613453075194392355430414037522958135/90880505919922018130622243833901473405309558846563266522309622459348815129536381713256158583774764236861
16 2 3 104918128460555212999395259268835289520128805698250837267981703500322659693491655226794436423227466543815/181761011839844036261244487667802946810619117693126533044619244918697630259072763426512317167549528473722
16 2 24 7998832035047499309165626734580629629427462013341782031909852554950864282972393109686322574939470862105/90880505919922018130622243833901473405309558846563266522309622459348815129536381713256158583774764236861
16 2 26 60845219309193824643517974929806398031635387968192131712817836308473241999636321980345235594443120205697/181761011839844036261244487667802946810619117693126533044619244918697630259072763426512317167549528473722
16 3 19 99784290636731178156066892263198050892910987600180349921690927422041931313610459490976696142929762977553/181761011839844036261244487667802946810619117693126533044619244918697630259072763426512317167549528473722
16 3 25 81976721203112858105177595404604895917708130092946183122928317496655698945462303935535621024619765496169/181761011839844036261244487667802946810619117693126533044619244918697630259072763426512317167549528473722
16 4 0 1061995912101087775462169134699691822859483632431852147896045982241489761133406342518572426996186995185/30293501973307339376874081277967157801769852948854422174103207486449605043178793904418719527924921412287
16 4 7 21324275694435717907449791363685464907272543556115047667187995000321475146731262252144287735785569790561/181761011839844036261244487667802946810619117693126533044619244918697630259072763426512317167549528473722
16 4 8 29661857323026015241553882112571169160016435209953872188426841130507918300841102434212541983208739163519/60587003946614678753748162555934315603539705897708844348206414972899210086357587808837439055849842824574
16 4 11 32539594351861872988180017579102911743070183356279377962387225316701730821508877908309484460080309610747/90880505919922018130622243833901473405309558846563266522309622459348815129536381713256158583774764236861
16 5 4 57131979245120232139571164106578605555790283900627380058410199200199108452183750689267998479754540025367/90880505919922018130622243833901473405309558846563266522309622459348815129536381713256158583774764236861
16 5 6 1914260115205454901863281900485363385302439249097966849096870317837359750345607651267557144213128717401/181761011839844036261244487667802946810619117693126533044619244918697630259072763426512317167549528473722
16 5 21 10328138383277728712827819184112523007122949260352327409038525046463996367980339597302206611512481478401/30293501973307339376874081277967157801769852948854422174103207486449605043178793904418719527924921412287
16 5 22 1204654311577248267757320816495078090332805026886613874823608640559358465492538937631841131584143611727/60587003946614678753748162555934315603539705897708844348206414972899210086357587808837439055849842824574
16 6 2 78569436502171764507387795583909434004248182678236468921480464932873602042496392390464848412580164775081/181761011839844036261244487667802946810619117693126533044619244918697630259072763426512317167549528473722
16 6 13 52525987117241754611550065868708121441184424563990456685580576296855491789113668143060374840834364251061/181761011839844036261244487667802946810619117693126533044619244918697630259072763426512317167549528473722
16 6 22 8444264703405086190384437702530898560864418408483267906259700614828089404577117148831182319022499907930/30293501973307339376874081277967157801769852948854422174103207486449605043178793904418719527924921412287
16 7 0 98095781627702682564741309903631264918922221867122493946681447624053322067111850787036651542730758132351/181761011839844036261244487667802946810619117693126533044619244918697630259072763426512317167549528473722
16 7 19 2901966533937456409246158436209708911188509782886493098889103733937341663822801279048402461381623399643/30293501973307339376874081277967157801769852948854422174103207486449605043178793904418719527924921412287
16 7 20 66253431008516615241026227146913428424565837128685080504603174891020258209024104965185250856529029943513/181761011839844036261244487667802946810619117693126533044619244918697630259072763426512317167549528473722
16 8 1 38528250878074437310407700754448994943010239078695741221319410647787572163776295907553471091920659868939/90880505919922018130622243833901473405309558846563266522309622459348815129536381713256158583774764236861
16 8 4 10498123434281567282895485967661291424672857067131201986003334481980327093017029266991623550868181064983/90880505919922018130622243833901473405309558846563266522309622459348815129536381713256158583774764236861
16 8 7 561039366232646970505959324638829650618056053556343392513841199590663222710424484067472667850721859640/30293501973307339376874081277967157801769852948854422174103207486449605043178793904418719527924921412287
16 8 21 13390337836289357541933726379291566028590764846689097712481784576936308734870594362169548645811252574673/30293501973307339376874081277967157801769852948854422174103207486449605043178793904418719527924921412287
16 9 3 38083065441598056933170607659060039596931535560782112855137076602671159830001502109300079120260545735859/90880505919922018130622243833901473405309558846563266522309622459348815129536381713256158583774764236861
16 9 6 12964754283870831811145010032483313260581207473701891947934463855490907625211681776057826690985588865251/181761011839844036261244487667802946810619117693126533044619244918697630259072763426512317167549528473722
16 9 13 32084107928943854055148352663287492994162177753948447263841388528138185611009590858361717840066477831927/181761011839844036261244487667802946810619117693126533044619244918697630259072763426512317167549528473722
16 9 16 30273009371916618264304954826956030681006330671955984061284619664863108681424243286746307197988185152413/90880505919922018130622243833901473405309558846563266522309622459348815129536381713256158583774764236861
16 10 5 26960228120743728791599326923253915201685297865709322730938638893554743675773529947710652531303594255985/60587003946614678753748162555934315603539705897708844348206414972899210086357587808837439055849842824574
16 10 12 2446526337299968578069454319480171930423979208783225341914337311090249541333652917882306413771404685735/60587003946614678753748162555934315603539705897708844348206414972899210086357587808837439055849842824574
16 10 14 9916571817662560646027473600428918758517940875969601988332643242513582374261397214757755805331799467297/30293501973307339376874081277967157801769852948854422174103207486449605043178793904418719527924921412287
16 10 17 5673552926622930046012217056171195477197273535638546149344076141613526060363805256864484250055622474130/30293501973307339376874081277967157801769852948854422174103207486449605043178793904418719527924921412287
16 11 0 23393826087568287720180899076181004419538384156357837218387810418906045584169341033945613636246220515462/90880505919922018130622243833901473405309558846563266522309622459348815129536381713256158583774764236861
16 11 3 4134423129661957675088573987547105533512717230740953098349500262810832673022223121157785289816442377971/60587003946614678753748162555934315603539705897708844348206414972899210086357587808837439055849842824574
16 11 6 32934879500194019709236226584122453952566880012546614080032297306959012261589006164869089748154580928637/60587003946614678753748162555934315603539705897708844348206414972899210086357587808837439055849842824574
16 11 8 11882725887569764333954143900216129756651778825274078536349115685788002143450196750270232390572008761487/90880505919922018130622243833901473405309558846563266522309622459348815129536381713256158583774764236861
16 12 4 4466082911459178428937379034906088426745854777853505107859711266947461430561005495113638611645200592503/181761011839844036261244487667802946810619117693126533044619244918697630259072763426512317167549528473722
16 12 15 5199444197585925650943902440218804176507370734551874308782746521165816290124792411442393553506093856151/30293501973307339376874081277967157801769852948854422174103207486449605043178793904418719527924921412287
16 12 18 146098263742869303926643693991584033324829038507961782084063054524755271087763003462744317234867764744313/181761011839844036261244487667802946810619117693126533044619244918697630259072763426512317167549528473722
16 13 7 22789570132978367256911363240837151866790372765634784470670648512090328585444138350901241390451246179085/60587003946614678753748162555934315603539705897708844348206414972899210086357587808837439055849842824574
16 13 10 37797433813636311496836799315097163736749333132074059877535766460808881500913449457936197665398596645489/60587003946614678753748162555934315603539705897708844348206414972899210086357587808837439055849842824574
16 14 2 27138259779073937448197093252742550358318049286617325107340441918842295552226728822664663166108656427805/90880505919922018130622243833901473405309558846563266522309622459348815129536381713256158583774764236861
16 14 4 1528685967415093418205112985742343612570999677550843231911009773204587299509623398262052687042907109843/5863258446446581814878854440896869251955455409455694614342556287699923556744282691177816682824178337862
16 14 10 26698409097276088466830599534768398034760676371938580880232352703890277623273660145019785845667365070993/60587003946614678753748162555934315603539705897708844348206414972899210086357587808837439055849842824574
16 15 1 74198907519296910037060721355293434809135413817037798828194523059739207474698379094932371193359001396507/181761011839844036261244487667802946810619117693126533044619244918697630259072763426512317167549528473722
16 15 2 20213857557472520162406738153400716864548582420188934379047669574513094741870492924357925262800135839585/60587003946614678753748162555934315603539705897708844348206414972899210086357587808837439055849842824574
16 15 5 3844357954975400258404478255499825094672664608329558406253368656555293325874541869470778258029817918838/90880505919922018130622243833901473405309558846563266522309622459348815129536381713256158583774764236861
16 15 14 19615907869089382610077297670653855609246313699431407133387487911154275953506910909782306834865241860392/90880505919922018130622243833901473405309558846563266522309622459348815129536381713256158583774764236861
16 16 7 777508271422605275013749870645173994751936156852655630779974045302571688707751270859483692074495843813/60587003946614678753748162555934315603539705897708844348206414972899210086357587808837439055849842824574
16 16 11 29191076022117852832483644987429012348368955340775238697734710352361544832064010510472954730273063194533/90880505919922018130622243833901473405309558846563266522309622459348815129536381713256158583774764236861
16 16 13 12297562997357909018843557371294693838701435047498539191600606109907974358362258671929197360087473344059/30293501973307339376874081277967157801769852948854422174103207486449605043178793904418719527924921412287
16 16 14 47260956997193060658174603853241237097416788256026853607206265418618979378647936561412772470255074488863/181761011839844036261244487667802946810619117693126533044619244918697630259072763426512317167549528473722
17 0 12 79533983164992705718877940441184712507577332357178011104239596705074995180164868436411227437770134743867/181761011839844036261244487667802946810619117693126533044619244918697630259072763426512317167549528473722
17 0 16 22623840993832452046879230963391367940546910678817042548887752838890783159036790633592811011215224687291/181761011839844036261244487667802946810619117693126533044619244918697630259072763426512317167549528473722
17 0 21 39801593840509439247743658131613433181247437328565739695745947687365925959935552178254139359282084521282/90880505919922018130622243833901473405309558846563266522309622459348815129536381713256158583774764236861
17 1 2 11156917784030222600924177417906862674854185700892163937538825672064299875669227019078616340181676951131/60587003946614678753748162555934315603539705897708844348206414972899210086357587808837439055849842824574
17 1 8 42086512113355998170110851881414344578272695194977306481043993402797402546194226805382171911948371473918/90880505919922018130622243833901473405309558846563266522309622459348815129536381713256158583774764236861
17 1 19 40664200475255044858734833887666192621689348562672649812544555946110231312699497993800857591811041321045/181761011839844036261244487667802946810619117693126533044619244918697630259072763426512317167549528473722
17 1 28 4/31
17 2 0 3442572907965191173398845884357539176412896893025348859194642479513110594925543923684086545396493072091/60587003946614678753748162555934315603539705897708844348206414972899210086357587808837439055849842824574
17 2 17 1362193189831443120946866419065759735017613272630116455490809253184654753968377736368724105711530141471/60587003946614678753748162555934315603539705897708844348206414972899210086357587808837439055849842824574
17 2 23 27891118924409022229701225126255508346054597866026689516760481620100722368731833074392314202370909805506/30293501973307339376874081277967157801769852948854422174103207486449605043178793904418719527924921412287
17 3 3 48320397530375982781228321047759320949365067177200531500584494482827194538346103947871068769687011184665/181761011839844036261244487667802946810619117693126533044619244918697630259072763426512317167549528473722
17 3 4 63686200229267613117419018039629845339571293386498284035390377440109799260223205120351728379544364276515/181761011839844036261244487667802946810619117693126533044619244918697630259072763426512317167549528473722
17 3 13 2400667351154004331327316002908614055928434786031630871189842722435890614077082846311223965674586118007/90880505919922018130622243833901473405309558846563266522309622459348815129536381713256158583774764236861
17 3 26 32476539688946215849971258287298276204912943778682227883132343775444427616174644332833536043484490388264/90880505919922018130622243833901473405309558846563266522309622459348815129536381713256158583774764236861
17 4 1 19822059104202237872307456505519169407477441965615827899512005563628811991529023795318920884982817700171/181761011839844036261244487667802946810619117693126533044619244918697630259072763426512317167549528473722
17 4 2 15028619611339628341174191704566979310018343674263966157935237049491615032362363066343053387737641697257/60587003946614678753748162555934315603539705897708844348206414972899210086357587808837439055849842824574
17 4 7 5304428323114899964711104286169092385277264061199010490992663691451428929961498196178280370416588386517/90880505919922018130622243833901473405309558846563266522309622459348815129536381713256158583774764236861
17 4 8 38423391053271432624688224463397256280741565377952840117977813038877462720529590227129070669024706164099/181761011839844036261244487667802946810619117693126533044619244918697630259072763426512317167549528473722
17 4 16 67820846202121680811304023012847398421790551204367945571338387784813652590004063812678604709495902744647/181761011839844036261244487667802946810619117693126533044619244918697630259072763426512317167549528473722
17 5 0 25573769609520415217746734012781265810073214608428992174361086602480479870037362442476727506878693319473/181761011839844036261244487667802946810619117693126533044619244918697630259072763426512317167549528473722
17 5 1 21239906768731591535471230711525153075475033578135387057106282143314578847513435692341264069272571087001/90880505919922018130622243833901473405309558846563266522309622459348815129536381713256158583774764236861
17 5 17 11594179810576666454643737900933899694501886630767762088144479863924506394273907795739177645152616519467/30293501973307339376874081277967157801769852948854422174103207486449605043178793904418719527924921412287
17 5 24 44142349829400439244692864826367976682584516143820194227178714846040954328365082824917995651209993863445/181761011839844036261244487667802946810619117693126533044619244918697630259072763426512317167549528473722
17 6 5 72772444711510074559690531841633893001249601328352153746094204668663158653096311780582685269143770588227/181761011839844036261244487667802946810619117693126533044619244918697630259072763426512317167549528473722
17 6 24 108988567128333961701553955826169053809369516364774379298525040250034471605976451645929631898405757885495/181761011839844036261244487667802946810619117693126533044619244918697630259072763426512317167549528473722
17 7 5 87045772200397635871015183071456095599640681428552337682022173234724873971387196172845250237840960217299/181761011839844036261244487667802946810619117693126533044619244918697630259072763426512317167549528473722
17 7 8 12258528988287952777303723914402047357688518649573523049812994772625973992200458059196369212034652658891/181761011839844036261244487667802946810619117693126533044619244918697630259072763426512317167549528473722
17 7 14 7431563095330369578395504334681238351862760913368582985226249427075632003637702241600166505508855434233/30293501973307339376874081277967157801769852948854422174103207486449605043178793904418719527924921412287
17 7 23 6311222013196038357092092445642895623685558689131529066904430058148831712276482624144949780770130498689/30293501973307339376874081277967157801769852948854422174103207486449605043178793904418719527924921412287
17 8 0 12/31
17 8 2 31605139772454316024244647387330305051218811323680404856554570363193259108700312078813711224007322149298/90880505919922018130622243833901473405309558846563266522309622459348815129536381713256158583774764236861
17 8 14 24095815468788211217104469801189952842358015066148693979699714369956014680370373487375547262822372060391/90880505919922018130622243833901473405309558846563266522309622459348815129536381713256158583774764236861
17 9 1 20868529509105864239684265030050242782895260161597450116605075110488054212495173638099761432238546787183/181761011839844036261244487667802946810619117693126533044619244918697630259072763426512317167549528473722
17 9 4 9325849541739159298430392878885124447982476032879758357495269852963956499411482536044409399973770557717/90880505919922018130622243833901473405309558846563266522309622459348815129536381713256158583774764236861
17 9 9 6320887773055930638819620974842453503428960127670350871577514081062859368944621802018416530161831289585/181761011839844036261244487667802946810619117693126533044619244918697630259072763426512317167549528473722
17 9 15 8680521444649327095752180796475565554414484470392456329380952495570316425284726620062659391538415012705/30293501973307339376874081277967157801769852948854422174103207486449605043178793904418719527924921412287
17 9 18 36493188180700617530364975169482931923468006430083843824572415002069719879237462762274034425049431179887/181761011839844036261244487667802946810619117693126533044619244918697630259072763426512317167549528473722
17 9 21 47343578625607342681001755956803676378375032085660633540587986045727185247864180431655329630921688025403/181761011839844036261244487667802946810619117693126533044619244918697630259072763426512317167549528473722
17 10 1 40610914755963496343882388339139448682212269960066378924636646005977102657676862006094779296289764821303/60587003946614678753748162555934315603539705897708844348206414972899210086357587808837439055849842824574
17 10 7 19976089190651182409865774216794866921327435937642465423569768966922107428680725802742659759560078003271/60587003946614678753748162555934315603539705897708844348206414972899210086357587808837439055849842824574
17 11 1 210899206968589306178557455352359430481360167266122597749887090819992613968239354838035554210440699905/181761011839844036261244487667802946810619117693126533044619244918697630259072763426512317167549528473722
17 11 7 10991622163929110571994132455208789990950623637489823409730961957785024361261316649296826989391060808655/60587003946614678753748162555934315603539705897708844348206414972899210086357587808837439055849842824574
17 11 10 11225966915673974957965935734424150322131489035981900219517364028861498432162798651152992172102417383935/60587003946614678753748162555934315603539705897708844348206414972899210086357587808837439055849842824574
17 11 15 2045424667775862110375850414094579483621348874033860724800883667247154822665892983612431837151947627517/5863258446446581814878854440896869251955455409455694614342556287699923556744282691177816682824178337862
17 11 18 25744590346507232471767181403309901224314802205197778545148493091638134881094747839169718588574138371510/90880505919922018130622243833901473405309558846563266522309622459348815129536381713256158583774764236861
17 12 7 38015854686392071528338958803411422971480939096656139984711572472363271996077565322396834531615284339843/181761011839844036261244487667802946810619117693126533044619244918697630259072763426512317167549528473722
17 12 10 43728667912296971179344269211703559983356794707022675506861581073019128379832850221018711751142899293793/90880505919922018130622243833901473405309558846563266522309622459348815129536381713256158583774764236861
17 12 15 56287821328858022374216990440984403872424589182425042046184510300296101503329497662078059133648445546293/181761011839844036261244487667802946810619117693126533044619244918697630259072763426512317167549528473722
17 13 6 34663987861886156322533273923439929394035386987343053706693350075783063577794914829820413413700581687366/90880505919922018130622243833901473405309558846563266522309622459348815129536381713256158583774764236861
17 13 14 56216518058035861808088969910461544011274171859220212815616272383565751551741466883435745170074182549495/90880505919922018130622243833901473405309558846563266522309622459348815129536381713256158583774764236861
17 14 3 11939019936787081366743259353034190947065745319254165555990142704271666595409856133242394405352619712357/30293501973307339376874081277967157801769852948854422174103207486449605043178793904418719527924921412287
17 14 4 77935922487072018692058549114818865970062497450330089486349668929733402391894364000701214798313520186713/181761011839844036261244487667802946810619117693126533044619244918697630259072763426512317167549528473722
17 14 15 21176401939536700373074743460218615269579109581546325960878856338491550936168896257587812252222277090729/181761011839844036261244487667802946810619117693126533044619244918697630259072763426512317167549528473722
17 14 16 1835761298752138165941939829093386648097173124287520710241643904140446226425061061461487280816335487023/30293501973307339376874081277967157801769852948854422174103207486449605043178793904418719527924921412287
17 15 13 1
17 16 0 49476727967427696502135190237387054727831784564987968688966890288039215075152253841780398280943964617540/90880505919922018130622243833901473405309558846563266522309622459348815129536381713256158583774764236861
17 16 4 22470111912906206557210776259585731806421098214180710632629441996863104917554679999040910960520408123254/90880505919922018130622243833901473405309558846563266522309622459348815129536381713256158583774764236861
17 16 9 6311222013196038357092092445642895623685558689131529066904430058148831712276482624144949780770130498689/30293501973307339376874081277967157801769852948854422174103207486449605043178793904418719527924921412287
17 17 2 53119435170716605125778965636235670232147037879044064924874213739903729759777868006278892630884162365137/181761011839844036261244487667802946810619117693126533044619244918697630259072763426512317167549528473722
17 17 3 25894387561220612368149748005852684581059421567773647426423821172423615374118486193331149838249240756485/90880505919922018130622243833901473405309558846563266522309622459348815129536381713256158583774764236861
17 17 9 25617600515562068799722008673287302472117745559511724422299129611315556583685974344523708286722294865205/60587003946614678753748162555934315603539705897708844348206414972899210086357587808837439055849842824574
18 0 5 32329315191145809058268798354704715607183005688328920160849917792445105667356075110427157442554765040865/90880505919922018130622243833901473405309558846563266522309622459348815129536381713256158583774764236861
18 0 20 34377518671225442864535372101715038172611835350619371191986629505932448579575857358734247166606281251357/90880505919922018130622243833901473405309558846563266522309622459348815129536381713256158583774764236861
18 0 26 28800078723691506541055960274577225016604593644780272502373705886552686659113273579098634507252585669695/181761011839844036261244487667802946810619117693126533044619244918697630259072763426512317167549528473722
18 0 30 6515755130470008624860062160128738078141613990149892612190814811796611702031874969696957813991616739861/60587003946614678753748162555934315603539705897708844348206414972899210086357587808837439055849842824574
18 1 6 16646741234117816751240212066946736680173805822672477677054800931152152986818916016674931985075898219216/30293501973307339376874081277967157801769852948854422174103207486449605043178793904418719527924921412287
18 1 9 17321536641433032587740203216579792080652584338427870532403541996218709857340066762225438427420836155133/90880505919922018130622243833901473405309558846563266522309622459348815129536381713256158583774764236861
18 1 21 23618745576135535289161404416481471284135557040117962958741677669673646311739566901005924201126233424080/90880505919922018130622243833901473405309558846563266522309622459348815129536381713256158583774764236861
18 2 0 41977823191183642688194054763860268540647368483469469129223248431423008485667423802426502304502644219901/181761011839844036261244487667802946810619117693126533044619244918697630259072763426512317167549528473722
18 2 9 54269931237364822343127070270461910231363368879030817614098370266099439125957620443110518493904848394011/90880505919922018130622243833901473405309558846563266522309622459348815129536381713256158583774764236861
18 2 15 4625512288807540426104946984359416595281588482837373498350648252499548935308499300175899611342657287133/60587003946614678753748162555934315603539705897708844348206414972899210086357587808837439055849842824574
18 2 20 8683394653754063804240725704970304010700123001541654096073655598788548357782300418668539520604607802200/90880505919922018130622243833901473405309558846563266522309622459348815129536381713256158583774764236861
18 3 0 14817750512167717955851400136431362494031912995883662347678538520408009157575348612116145257762274974851/181761011839844036261244487667802946810619117693126533044619244918697630259072763426512317167549528473722
18 3 1 33939695577135764446886989067577919447186496948262534331437107997397666672515462218063702217929050341291/60587003946614678753748162555934315603539705897708844348206414972899210086357587808837439055849842824574
18 3 3 30074941864442890397015243054416380105905428948864909432376398419810695630711562919459269931280144032891/90880505919922018130622243833901473405309558846563266522309622459348815129536381713256158583774764236861
18 3 12 456845862929527340149141303428124061239295422578209714444447037375254989624102202623832139837915747643/60587003946614678753748162555934315603539705897708844348206414972899210086357587808837439055849842824574
18 3 25 3603753278594662150254210309520693579498969686990819694543244454349464853655595713415028973926067166287/181761011839844036261244487667802946810619117693126533044619244918697630259072763426512317167549528473722
18 4 8 30701944949445673973672005012967427272110027017641197201307445610540326835495779204928359227862247762375/181761011839844036261244487667802946810619117693126533044619244918697630259072763426512317167549528473722
18 4 10 67990743389404088173341698017261764876323236347023704418999829794630005371021560251337412046453819501727/181761011839844036261244487667802946810619117693126533044619244918697630259072763426512317167549528473722
18 4 24 74410919285420867832258169079513608253312488300981209787749734152995634913339665843511159093384299015417/181761011839844036261244487667802946810619117693126533044619244918697630259072763426512317167549528473722
18 4 25 8657404215573406281972615558060146408873366027480421636562235360531663139215758126735386799849162194203/181761011839844036261244487667802946810619117693126533044619244918697630259072763426512317167549528473722
18 5 15 1048186578152365220477590855223177203865092778238222770044994827350651940383873745422813298776930227564/2931629223223290907439427220448434625977727704727847307171278143849961778372141345588908341412089168931
18 5 22 1883442645070925686961836365225257422112634926489624537126283316499309837988267600166095042635158941367/2931629223223290907439427220448434625977727704727847307171278143849961778372141345588908341412089168931
18 6 4 21341682248676235216548993453030482118892500782886672575076398183498103773872450110506154669471078247985/90880505919922018130622243833901473405309558846563266522309622459348815129536381713256158583774764236861
18 6 12 8042079351202572315145959495145165419592921488692294947825485818771531913323595458063923298695722541055/181761011839844036261244487667802946810619117693126533044619244918697630259072763426512317167549528473722
18 6 19 22989443223766412098457599885521294542096759112479370564157700412305846294726569283544988566781894648201/181761011839844036261244487667802946810619117693126533044619244918697630259072763426512317167549528473722
18 6 20 32915584011558935071677392837988245658046090597384419205882166569857378710510985901279609682951573142406/90880505919922018130622243833901473405309558846563266522309622459348815129536381713256158583774764236861
18 6 24 7035826124067451878531359284183171882508709055235447328453154863484881180375954443555312766204434750614/30293501973307339376874081277967157801769852948854422174103207486449605043178793904418719527924921412287
18 7 19 96388194358062775458207913153674745664156150206553436661685670002151985851749643334189019763755000976901/181761011839844036261244487667802946810619117693126533044619244918697630259072763426512317167549528473722
18 7 21 85372817481781260803036574514128201146462967486573096382933574916545644407323120092323297403794527496821/181761011839844036261244487667802946810619117693126533044619244918697630259072763426512317167549528473722
18 8 8 21849189312675366567185033975057518224112279336870372846584331137672551892126778963716451469382694406956/90880505919922018130622243833901473405309558846563266522309622459348815129536381713256158583774764236861
18 8 17 17083299191691061125799153381895543133449572399200173672039372026389492361599511962524502841855179662705/30293501973307339376874081277967157801769852948854422174103207486449605043178793904418719527924921412287
18 8 22 573594162328176393098056442359913734866082655228786214826037911048638262987453769740845115768597769090/2931629223223290907439427220448434625977727704727847307171278143849961778372141345588908341412089168931
18 9 2 7806854074013027396721592021419451680437750316252014850005414112939374536273326109100815799194815762409/60587003946614678753748162555934315603539705897708844348206414972899210086357587808837439055849842824574
18 9 8 33521410167318179705802617689577551245269883435382512734462135243020523541338629965968167126445182887755/60587003946614678753748162555934315603539705897708844348206414972899210086357587808837439055849842824574
18 9 16 8301196345546804501449087502842389021284807989003150011623300227252380096977959056106788336288559039863/60587003946614678753748162555934315603539705897708844348206414972899210086357587808837439055849842824574
18 9 19 10957543359736667149774865342094923656547264157071166752115565389686931911767672677661667793921285134547/60587003946614678753748162555934315603539705897708844348206414972899210086357587808837439055849842824574
18 10 0 18958880299233110218459591469992336206840851956412715364968476421434708835274366475863514607211555896194/90880505919922018130622243833901473405309558846563266522309622459348815129536381713256158583774764236861
18 10 3 10021262937368302037980377377785943623229073238230447868236373800849335952691037959239272028753326704571/30293501973307339376874081277967157801769852948854422174103207486449605043178793904418719527924921412287
18 10 4 72438111289763763376758660204389439743007357739299752586210462285707964034247172698375801271765290981051/181761011839844036261244487667802946810619117693126533044619244918697630259072763426512317167549528473722
18 10 19 3759187442468080073228126752237724304851872203872887506351195661674744279376876673657951502947055157619/60587003946614678753748162555934315603539705897708844348206414972899210086357587808837439055849842824574
18 11 0 3337705938145266332587875854694498839181777426080449858351665748106145065825530987431524534511295203511/60587003946614678753748162555934315603539705897708844348206414972899210086357587808837439055849842824574
18 11 2 154415527439235822667809317939618316766480010303786113708085573210618357403689310671399565090255650909/977209741074430302479809073482811541992575901575949102390426047949987259457380448529636113804029722977
18 11 5 15726600800449479018367998720513593197643083916121642457906265074276305414444818621882232969714558921279/60587003946614678753748162555934315603539705897708844348206414972899210086357587808837439055849842824574
18 11 18 15974467253393656198694055134234943963596541958336006491023589305729210723529250468948454258014069171713/30293501973307339376874081277967157801769852948854422174103207486449605043178793904418719527924921412287
18 12 1 14189179429535760426020251738980703954799505041408133796124476293427208422986992615578884939142524321457/30293501973307339376874081277967157801769852948854422174103207486449605043178793904418719527924921412287
18 12 3 9185337817024629746630664737899968175650468866203597622287564930462445151022264630955767490058070158336/30293501973307339376874081277967157801769852948854422174103207486449605043178793904418719527924921412287
18 12 9 12804408408789968124042745150895877137044123367180715550652862806031030069140538365568586979880336345383/90880505919922018130622243833901473405309558846563266522309622459348815129536381713256158583774764236861
18 12 14 7952545771450879488626749252363579876915513756547356716420635981648824338368071608083614316292644452099/90880505919922018130622243833901473405309558846563266522309622459348815129536381713256158583774764236861
18 13 1 9995466403300557084578378892188726750665109685541431653205466964046973681356705741971600325284100516093/60587003946614678753748162555934315603539705897708844348206414972899210086357587808837439055849842824574
18 13 6 8455099712161869309567361640759205354011716614187090544653849956813288319221472481683337987071766360672/90880505919922018130622243833901473405309558846563266522309622459348815129536381713256158583774764236861
18 13 10 33705620750434682931678340016717176633256739647382479366777919647964121295543132625051589809833838400543/181761011839844036261244487667802946810619117693126533044619244918697630259072763426512317167549528473722
18 13 16 50579396227591971728348143846500589608671807880372788814458612232483005640508284306089625203859927901778/90880505919922018130622243833901473405309558846563266522309622459348815129536381713256158583774764236861
18 14 0 10206739028850748456476206970079872565731633164606078444335539236373544157821155393927991445945965855213/60587003946614678753748162555934315603539705897708844348206414972899210086357587808837439055849842824574
18 14 7 58721437066891259521072740664301264333529521848690247328951926776942174430455128948106897498686931465147/181761011839844036261244487667802946810619117693126533044619244918697630259072763426512317167549528473722
18 14 9 19066390036299132505026060166540231426281899694959226807177715427509360251872290395102507233541990023276/90880505919922018130622243833901473405309558846563266522309622459348815129536381713256158583774764236861
18 14 11 27143288806901133180345502880090800963665448480349798384152634788808051425704793753208215431970359698192/90880505919922018130622243833901473405309558846563266522309622459348815129536381713256158583774764236861
18 15 0 40796946657858950851180363999292372329625316492811276807887113948378834307403447531615496273217392168791/90880505919922018130622243833901473405309558846563266522309622459348815129536381713256158583774764236861
18 15 12 50083559262063067279441879834609101075684242353751989714422508510969980822132934181640662310557372068070/90880505919922018130622243833901473405309558846563266522309622459348815129536381713256158583774764236861
18 16 2 113051679646959017643207324012629333121179676911152366836707560991750375345039361301824568417714460929561/181761011839844036261244487667802946810619117693126533044619244918697630259072763426512317167549528473722
18 16 3 26733323751112437692969475373804568823231826629642946575099614896997084558260169581374295031303654282819/181761011839844036261244487667802946810619117693126533044619244918697630259072763426512317167549528473722
18 16 8 6996001406962096820844614713561507477701269025388536605468678171658361725962205423885575619755235543557/30293501973307339376874081277967157801769852948854422174103207486449605043178793904418719527924921412287
18 17 2 9769209354643921612738926335667198700646271889978603065023614265730649682925484357145380037905494995131/181761011839844036261244487667802946810619117693126533044619244918697630259072763426512317167549528473722
18 17 6 6666671993434517871651855420192095220245787347953639119047546717456047629793148778540734919555898066412/30293501973307339376874081277967157801769852948854422174103207486449605043178793904418719527924921412287
18 17 7 1881892840223398939419471007974273480896112689197922172238511299388454169295801113723313801785557345821/5863258446446581814878854440896869251955455409455694614342556287699923556744282691177816682824178337862
18 17 9 5008014935374808015322728352114270285833948795331719861004800826590046495458713820782557497499288332644/90880505919922018130622243833901473405309558846563266522309622459348815129536381713256158583774764236861
18 17 11 10340221196758367457822032191868444186717816102051037304550666475972815844958529945672364205812924709364/90880505919922018130622243833901473405309558846563266522309622459348815129536381713256158583774764236861
18 17 13 7159436702233548225050217745969211655935849759254165599134260910343815144730677389964992725055323545942/30293501973307339376874081277967157801769852948854422174103207486449605043178793904418719527924921412287
18 18 5 3390391281770434579963742627168837145646986678220578485008256510876711097467479144744458176459399730817/5863258446446581814878854440896869251955455409455694614342556287699923556744282691177816682824178337862
18 18 12 2472867164676147234915111813728032106308468731235116129334299776823212459276803546433358506364778607045/5863258446446581814878854440896869251955455409455694614342556287699923556744282691177816682824178337862
19 0 5 40268672200065453157644694642879031338382719305674600976556291124103012559220226445729644025006951005532/90880505919922018130622243833901473405309558846563266522309622459348815129536381713256158583774764236861
19 0 9 1544308261938062537520007073754239347608118721682134204793555007628508121000778211099717546794442004169/90880505919922018130622243833901473405309558846563266522309622459348815129536381713256158583774764236861
19 0 23 16355841819306167478485847372422734239772906939735510446986592109205764816438459018808932337324457075720/30293501973307339376874081277967157801769852948854422174103207486449605043178793904418719527924921412287
19 1 2 8454280831547252844864362343210516519675572656911530189066479099943916094680746681537727331974176728407/60587003946614678753748162555934315603539705897708844348206414972899210086357587808837439055849842824574
19 1 6 1615543230469613586603929814960478330243279105795629584083137774571727276017694725759755672214167579187/90880505919922018130622243833901473405309558846563266522309622459348815129536381713256158583774764236861
19 1 7 25153428268450490758957436657990944188244369542098483627608519584871817181897453600973367237665731330748/90880505919922018130622243833901473405309558846563266522309622459348815129536381713256158583774764236861
19 1 8 75102704293490207399766638846074820896559742790971680555419628113343687667097015283018377833759195914209/181761011839844036261244487667802946810619117693126533044619244918697630259072763426512317167549528473722
19 1 12 7768654640726027817645621853088632276623256703727523025659537980690057216834736781771663894992889357803/90880505919922018130622243833901473405309558846563266522309622459348815129536381713256158583774764236861
19 1 14 6110106386209903000235392570008233382405423114088494723648894412627495479216868940935591864061112919408/90880505919922018130622243833901473405309558846563266522309622459348815129536381713256158583774764236861
19 2 0 231892051470010062759548775569468598856519761277867911137915359668485870127244323560794102362740802292/90880505919922018130622243833901473405309558846563266522309622459348815129536381713256158583774764236861
19 2 11 33634732745984175023153170919572860159243848231279101595529049586359097489254888418543883104713367863738/90880505919922018130622243833901473405309558846563266522309622459348815129536381713256158583774764236861
19 2 25 12092721345342955034344178898997571659407765192490477220115081237797101308508371034453253821763573180835/60587003946614678753748162555934315603539705897708844348206414972899210086357587808837439055849842824574
19 2 26 77749598208906800986386511580525574316195086130541162370940071313251159614783384838943201288106591599157/181761011839844036261244487667802946810619117693126533044619244918697630259072763426512317167549528473722
19 3 9 133369350252079825511179230309983919134238565772595959585223262718195610138044720468324870680153166734549/181761011839844036261244487667802946810619117693126533044619244918697630259072763426512317167549528473722
19 3 22 48391661587764210750065257357819027676380551920530573459395982200502020121028042958187446487396361739173/181761011839844036261244487667802946810619117693126533044619244918697630259072763426512317167549528473722
19 4 4 85110351683320740184635480036928404718924369038944237299245557414161446937394653400910643379772106912327/181761011839844036261244487667802946810619117693126533044619244918697630259072763426512317167549528473722
19 4 7 12262841775376107616604008544754318387737747745929949912005898436779680874315562872371457421844066931401/181761011839844036261244487667802946810619117693126533044619244918697630259072763426512317167549528473722
19 4 9 2851068056995088799048239981901780350041369160306696901521615728916784110980622130398694503773618086587/30293501973307339376874081277967157801769852948854422174103207486449605043178793904418719527924921412287
19 4 19 11213568339862775944285926532451590267284797657735360737373015782375966296913135728473008223881941018412/30293501973307339376874081277967157801769852948854422174103207486449605043178793904418719527924921412287
19 5 20 60556523076294037715450208095001402062575979399018185837915018105811866205646391050346282502256441413513/181761011839844036261244487667802946810619117693126533044619244918697630259072763426512317167549528473722
19 5 21 6835629147851742302704416245202903879817112271226662580248773600060524957349636654179477749562860599189/90880505919922018130622243833901473405309558846563266522309622459348815129536381713256158583774764236861
19 5 24 35844410155948837980128482360798578996136304583885007348735559870921571379575699689269026388722455287277/60587003946614678753748162555934315603539705897708844348206414972899210086357587808837439055849842824574
19 6 0 66161729666869937704079651794134703480210380979536356561900342235408639933839767109817358895692205705969/90880505919922018130622243833901473405309558846563266522309622459348815129536381713256158583774764236861
19 6 17 24718776253052080426542592039766769925099177867026909960409280223940175195696614603438799688082558530892/90880505919922018130622243833901473405309558846563266522309622459348815129536381713256158583774764236861
19 7 1 9073583448852380838979165497996393417144955027329602424738735261524124872370224535029547470640094844293/90880505919922018130622243833901473405309558846563266522309622459348815129536381713256158583774764236861
19 7 4 137735535183553871434982225130626026051223257265242137051769564874597940812669985202137253853697175922885/181761011839844036261244487667802946810619117693126533044619244918697630259072763426512317167549528473722
19 7 7 25878309758585403148303931541184133925105950373225191143372209521051439701662329154315968372572162862251/181761011839844036261244487667802946810619117693126533044619244918697630259072763426512317167549528473722
19 8 4 970198757423679860109603004570578342685855777430952601390762155256271827160397725481158899445612056901/30293501973307339376874081277967157801769852948854422174103207486449605043178793904418719527924921412287
19 8 14 91792090056446322964212332987083147449141538286243122435016343850318376410192629853651147266440018570597/181761011839844036261244487667802946810619117693126533044619244918697630259072763426512317167549528473722
19 8 18 84147729238855634136374536653296329305362444742297695001258328136841622885917747219974216504435837561719/181761011839844036261244487667802946810619117693126533044619244918697630259072763426512317167549528473722
19 9 1 28440122371053693400804248049178135810076800244012686153866860834417606335426487752841046443605719727912/90880505919922018130622243833901473405309558846563266522309622459348815129536381713256158583774764236861
19 9 2 1899872826753060280397124613408639344802343249173633300754355456033533674588616674056395524195829432476/30293501973307339376874081277967157801769852948854422174103207486449605043178793904418719527924921412287
19 9 7 13368003219500488818792380461035532041378492543235170724713023059851481042429367736918775567312963324915/60587003946614678753748162555934315603539705897708844348206414972899210086357587808837439055849842824574
19 9 12 3622185498285742379488042703153913344360528119425215298271921223954884221275037002087220666745839938255/60587003946614678753748162555934315603539705897708844348206414972899210086357587808837439055849842824574
19 9 15 3795027853311525430756110917354376622332705762693564977014059890709333296683325622426831136366537883421/30293501973307339376874081277967157801769852948854422174103207486449605043178793904418719527924921412287
19 9 18 19870398431995220798937654446150121615219080572958406500660099158993059984737459962456437807393737666503/90880505919922018130622243833901473405309558846563266522309622459348815129536381713256158583774764236861
19 10 5 14604807535467850335926710676204850864937817822279436541361280261380548843217308142015508812141193622055/90880505919922018130622243833901473405309558846563266522309622459348815129536381713256158583774764236861
19 10 13 6906532975149434695279747843099206966859088824946521466191743711463140820762113632682803943369724775021/90880505919922018130622243833901473405309558846563266522309622459348815129536381713256158583774764236861
19 10 17 33959777510038851152806092979813502856563149318117035072732028207540975073479562066067933145608049397677/181761011839844036261244487667802946810619117693126533044619244918697630259072763426512317167549528473722
19 10 18 34926184436190205015341825883127109430154051693519193985593722921823091952544785937015919503639880760631/60587003946614678753748162555934315603539705897708844348206414972899210086357587808837439055849842824574
19 11 13 32787893941233674751784403536151968034619204213651892683689552087758768264733324051188928215258787338087/60587003946614678753748162555934315603539705897708844348206414972899210086357587808837439055849842824574
19 11 19 27799110005381004001963759019782347568920501684056951664516862885140441821624263757648510840591055486487/60587003946614678753748162555934315603539705897708844348206414972899210086357587808837439055849842824574
19 12 2 13571762906293495054027166818681165299643847209956480613392452451152972527654578580962272187375258720153/60587003946614678753748162555934315603539705897708844348206414972899210086357587808837439055849842824574
19 12 3 39164823352499208846412030891549268437688755229756903624201375198583355618129951511851206349367055183992/90880505919922018130622243833901473405309558846563266522309622459348815129536381713256158583774764236861
19 12 13 16577148522025858658475591463589915816704545846069938324400682026495418199239842353979197075572920649711/181761011839844036261244487667802946810619117693126533044619244918697630259072763426512317167549528473722
19 12 16 23069463946969637373931666982535499109802759878836672815819227570788291620304641152971945415558360647784/90880505919922018130622243833901473405309558846563266522309622459348815129536381713256158583774764236861
19 13 3 12163754148190119162286813844057362897039287258841766026270046117940645670306176581174333019726579918855/60587003946614678753748162555934315603539705897708844348206414972899210086357587808837439055849842824574
19 13 17 48423249798424559591461348711876952706500418638867078321936368854958564416051411227663106036123262905719/60587003946614678753748162555934315603539705897708844348206414972899210086357587808837439055849842824574
19 14 2 48095240591431205336583936837192798422738738189042661690170544323029753640458460819151169582339773207413/90880505919922018130622243833901473405309558846563266522309622459348815129536381713256158583774764236861
19 14 6 55550137625171839273460834794962182905211741616599960035121722082710167145812744213247288788468456302261/181761011839844036261244487667802946810619117693126533044619244918697630259072763426512317167549528473722
19 14 7 10006797677269928771538593066151722353309966566147083209718811396642651944114365858320896404800508585545/60587003946614678753748162555934315603539705897708844348206414972899210086357587808837439055849842824574
19 15 0 43068718871596806915295194707663467861101267030180515159426118065429109525899407015884624880402502212591/90880505919922018130622243833901473405309558846563266522309622459348815129536381713256158583774764236861
19 15 6 37562395991565748925447325181825354300143699181508157632271013117626117147499357071533332705861752304045/181761011839844036261244487667802946810619117693126533044619244918697630259072763426512317167549528473722
19 15 14 19353726035028224501735591023550218929424294817085781697831998556737764686591530774403244900294257248165/60587003946614678753748162555934315603539705897708844348206414972899210086357587808837439055849842824574
19 16 0 4871199115771590708003266320121310472963212713391305347215471949642274026647094028704647436614028867457/90880505919922018130622243833901473405309558846563266522309622459348815129536381713256158583774764236861
19 16 5 19820019990058347298855418759468356069936947785477335820587425408221649318025325963407424159307777653574/30293501973307339376874081277967157801769852948854422174103207486449605043178793904418719527924921412287
19 16 10 856427317225012436324281330173390152339854928281933990752641105969083649961719670784814150620561368022/2931629223223290907439427220448434625977727704727847307171278143849961778372141345588908341412089168931
19 17 10 19781390166893088821093564104311906626839692487877801704160370830229769957424571643599046734076118483905/30293501973307339376874081277967157801769852948854422174103207486449605043178793904418719527924921412287
19 17 12 10512111806414250555780517173655251174930160460976620469942836656219835085754222260819672793848802928382/30293501973307339376874081277967157801769852948854422174103207486449605043178793904418719527924921412287
19 18 1 25996113118699007702889495646973772171930823323396356847190337290206631822225139770717089588359380868895/60587003946614678753748162555934315603539705897708844348206414972899210086357587808837439055849842824574
19 18 2 36909090294443294599324271145306790002448259497255501825745463873981324530809708624298885302844874035321/181761011839844036261244487667802946810619117693126533044619244918697630259072763426512317167549528473722
19 18 7 33431791094651859276625864790787420146189194112840980338651384587048205130793817745031081549813255915858/90880505919922018130622243833901473405309558846563266522309622459348815129536381713256158583774764236861
19 19 1 25217109471835839730680003053235841952008926818632814086859163719264553610252727022680798012191061141841/60587003946614678753748162555934315603539705897708844348206414972899210086357587808837439055849842824574
19 19 2 17626355657130360003206745658019695253851666475229696719094384591427347246508230214373666254669770181351/181761011839844036261244487667802946810619117693126533044619244918697630259072763426512317167549528473722
19 19 3 44241663883603078532998866425037862850370335380999197032473684584738311090903176072048128438153287433424/90880505919922018130622243833901473405309558846563266522309622459348815129536381713256158583774764236861
20 0 9 44291177383838236084922749724285484130707745185938535484520146119629719131682831889045762866345133701718/90880505919922018130622243833901473405309558846563266522309622459348815129536381713256158583774764236861
20 0 16 17697697011780405873967176535157829145608040656773189691841473331581830774192309815494021080083725337931/181761011839844036261244487667802946810619117693126533044619244918697630259072763426512317167549528473722
20 0 24 25160320020129052739143937228024716467865195554825424127912493115952120407171596610975590118258511910785/60587003946614678753748162555934315603539705897708844348206414972899210086357587808837439055849842824574
20 1 11 227748883483568536488916144390796886924945647270170631858124574570994295135731043646621392243885929826/30293501973307339376874081277967157801769852948854422174103207486449605043178793904418719527924921412287
20 1 23 27091281630399362751754384758696134291439765157945528761480984198557670741455112186848923326802135513437/60587003946614678753748162555934315603539705897708844348206414972899210086357587808837439055849842824574
20 1 24 23705202589176470978447560125911419443586218001214552198468533901196981729175852455841262275361530702831/181761011839844036261244487667802946810619117693126533044619244918697630259072763426512317167549528473722
20 1 25 37707735529284032904300138199729171585581965167227185385279505487200835267358594074122278279159137825812/90880505919922018130622243833901473405309558846563266522309622459348815129536381713256158583774764236861
20 2 5 16743267245234939953358789458441622437635801196043444385318750751457064689132519733824956108825165756355/181761011839844036261244487667802946810619117693126533044619244918697630259072763426512317167549528473722
20 2 6 5805761105960522340215369089075312734467818863103206512908034050868413791410938221418487850739950374413/30293501973307339376874081277967157801769852948854422174103207486449605043178793904418719527924921412287
20 2 15 37368856161338369081515242996734800376439744977365210506590438559051977417878823405768029832052405201883/181761011839844036261244487667802946810619117693126533044619244918697630259072763426512317167549528473722
20 2 18 40186237244046113653179236138454920380016071884783166091445754469547884588006254895493454529292844908041/90880505919922018130622243833901473405309558846563266522309622459348815129536381713256158583774764236861
20 2 22 6220923654707682939359884200632403414852257285766153446185171181941168113791640583710747531823282726462/90880505919922018130622243833901473405309558846563266522309622459348815129536381713256158583774764236861
20 3 7 10372995803777859968316862591289919806446244636743353121650123167738628328154961816315898998300738296751/60587003946614678753748162555934315603539705897708844348206414972899210086357587808837439055849842824574
20 3 21 22251417606301970315362098995857100697077694627361240864519520839358140890303220566069631630109057260787/181761011839844036261244487667802946810619117693126533044619244918697630259072763426512317167549528473722
20 3 26 44947665870730521996204191630787135050983687249974730348752776010737830979293490166810559982207328420524/90880505919922018130622243833901473405309558846563266522309622459348815129536381713256158583774764236861
20 3 27 6415879180124573674753902939416969432039219109264295352940633759107990404286279512978978096353933246939/30293501973307339376874081277967157801769852948854422174103207486449605043178793904418719527924921412287
20 4 2 17889035172815922651576225699342013976272997569857019322559020665021934595935806217432893156313946749093/30293501973307339376874081277967157801769852948854422174103207486449605043178793904418719527924921412287
20 4 11 29742714993574774859651451686754451905334611926232457266087189305754742716860326751615096425864677435553/181761011839844036261244487667802946810619117693126533044619244918697630259072763426512317167549528473722
20 4 23 44684085809373725492135681784996411047646520347751959843177931622811279966597599370299861803801170543611/181761011839844036261244487667802946810619117693126533044619244918697630259072763426512317167549528473722
20 5 2 4558660474236361075675872832299007982892603663230103131111671003150355934535622945240416238072451057384/30293501973307339376874081277967157801769852948854422174103207486449605043178793904418719527924921412287
20 5 6 19732661887190878956559889698416674753173558507165564397752002003084018909209915673663367669496706061240/90880505919922018130622243833901473405309558846563266522309622459348815129536381713256158583774764236861
20 5 11 5669266556624310901025556598102154691077058653700058256625013572694597018289525761752534472920302520251/90880505919922018130622243833901473405309558846563266522309622459348815129536381713256158583774764236861
20 5 17 557017161864491882215152462800920645294420760172121876070941869614184208585269585399129115345595725626/977209741074430302479809073482811541992575901575949102390426047949987259457380448529636113804029722977
20 6 7 35572575364901632487629336451502978918829246796295922674411831663719036546550018393752251963508794643705/181761011839844036261244487667802946810619117693126533044619244918697630259072763426512317167549528473722
20 6 13 69684527266113078051520768569415895246001046909135622440492179119604738874672139524902410730957433231643/181761011839844036261244487667802946810619117693126533044619244918697630259072763426512317167549528473722
20 6 17 27583661465663345358570302504464638321278032582862409970429304681110527975446692505843189780744848106003/181761011839844036261244487667802946810619117693126533044619244918697630259072763426512317167549528473722
20 6 21 24121747586177076041594291735716955748058589165183837947220419369025858281575274169088359546889986174080/90880505919922018130622243833901473405309558846563266522309622459348815129536381713256158583774764236861
20 6 24 676752570811828280335496670985522828393613074464902064845090716211610299253364663837745598558480144211/181761011839844036261244487667802946810619117693126533044619244918697630259072763426512317167549528473722
20 7 3 14059739497396565599952106429103559273529251049269500316370222239096535530007347997360644533268386964692/90880505919922018130622243833901473405309558846563266522309622459348815129536381713256158583774764236861
20 7 7 12156126709200956720485668145700127483562837037174142968057833688822936242504282830377729040973147210873/90880505919922018130622243833901473405309558846563266522309622459348815129536381713256158583774764236861
20 7 8 15439968939336752675861682221540099210923744637714581053841001468461142763065188458327796966017340221807/60587003946614678753748162555934315603539705897708844348206414972899210086357587808837439055849842824574
20 7 18 52397454738578704698604389632043117286087771002870763821832140098540730988386086815514439229478655750563/181761011839844036261244487667802946810619117693126533044619244918697630259072763426512317167549528473722
20 7 23 5101986311676671482363250370255359729595989434037456582067998093155754572744641596756289981922630617768/30293501973307339376874081277967157801769852948854422174103207486449605043178793904418719527924921412287
20 8 3 78653483320290178693762018334322867996661037764398989584584368408774343092231523847984466334399035823541/181761011839844036261244487667802946810619117693126533044619244918697630259072763426512317167549528473722
20 8 5 42505166336749868576251011910401819139019286448232119351825381658779580134655741201452641113130232965713/90880505919922018130622243833901473405309558846563266522309622459348815129536381713256158583774764236861
20 8 18 18097195846054120414980445512676440535919507032263304756384113192364126897529757175622568606890026718755/181761011839844036261244487667802946810619117693126533044619244918697630259072763426512317167549528473722
20 9 1 22799669724369183627998997229336833371780022028166498685568992230351943549330254040877913047670134805822/90880505919922018130622243833901473405309558846563266522309622459348815129536381713256158583774764236861
20 9 2 6409040279168292372452067011502469583974862204189267315092176032847983264511039497345362231419010621193/30293501973307339376874081277967157801769852948854422174103207486449605043178793904418719527924921412287
20 9 6 31813991038242481214696595065925579982780959091493129790547177235227199220920755904069452610802013833769/181761011839844036261244487667802946810619117693126533044619244918697630259072763426512317167549528473722
20 9 14 10687550607234121551012461784450117995661382017889621087309646867780281961797337588106620076306532892980/90880505919922018130622243833901473405309558846563266522309622459348815129536381713256158583774764236861
20 9 21 44518338463385190453812572505288646589106177284385559817761733290118080428830587280401624920280115515191/181761011839844036261244487667802946810619117693126533044619244918697630259072763426512317167549528473722
20 10 1 4849568153577803087942155156889733345776275072304198093643171105546279964676553631249484334906235728020/30293501973307339376874081277967157801769852948854422174103207486449605043178793904418719527924921412287
20 10 8 18555339406416019974741533927935958144448806947565442128628802481875809119320057878707451122125164654763/90880505919922018130622243833901473405309558846563266522309622459348815129536381713256158583774764236861
20 10 15 25459917820754673070693738046359913501315178197904551886792272262785122668954814072381174089518197941079/181761011839844036261244487667802946810619117693126533044619244918697630259072763426512317167549528473722
20 10 20 30031002094930168237804916941410905648582891722088636112903447019627736521139503936406444941447862284999/60587003946614678753748162555934315603539705897708844348206414972899210086357587808837439055849842824574
20 11 1 56787944702929874468525297362843659583205522862113157802572077713429219058262705865977986164731787909751/181761011839844036261244487667802946810619117693126533044619244918697630259072763426512317167549528473722
20 11 5 33993734739343768799337631700948350853145367454998516139225517798906502382564196439866046068324693961528/90880505919922018130622243833901473405309558846563266522309622459348815129536381713256158583774764236861
20 11 15 56985597658226624194043926903062585521122859921016342963596131607455406435681664680802238866168352640915/181761011839844036261244487667802946810619117693126533044619244918697630259072763426512317167549528473722
20 12 2 42849186220443226542590762061471380604221080942020644046478537352383366779775662482168137359085387154557/181761011839844036261244487667802946810619117693126533044619244918697630259072763426512317167549528473722
20 12 4 130992344384881331742261346769050523064967611091975213164364669223666847642348200253280507425446607304373/181761011839844036261244487667802946810619117693126533044619244918697630259072763426512317167549528473722
20 12 11 1319913539086579662732063139546840523571737609855112638962673057107902639491483448510612063836255669132/30293501973307339376874081277967157801769852948854422174103207486449605043178793904418719527924921412287
20 13 0 6653850216889979373047513484979635071868657210528794196838647424196031147748740452680794065878550401811/30293501973307339376874081277967157801769852948854422174103207486449605043178793904418719527924921412287
20 13 1 39399384632529111710568336894215684220802007536046007396796661044495322955003640993698540892640012741624/90880505919922018130622243833901473405309558846563266522309622459348815129536381713256158583774764236861
20 13 3 6188776157855978696539066087231138015576583910768963770068801248622994304133817933139397203885493123240/90880505919922018130622243833901473405309558846563266522309622459348815129536381713256158583774764236861
20 13 8 5139126798579689531937276116786131726113656236966153152155527507352214137654794162997622872627712660526/30293501973307339376874081277967157801769852948854422174103207486449605043178793904418719527924921412287
20 13 11 2177957985458529591878730374338809249094932286804147475641175154585793589768005571673318408130626870620/90880505919922018130622243833901473405309558846563266522309622459348815129536381713256158583774764236861
20 13 14 7735456097669391416681741672818541525889094770459305832820460216999968424420313367709651263599842314366/90880505919922018130622243833901473405309558846563266522309622459348815129536381713256158583774764236861
20 14 0 57587373990599465069945853020931316274121948122524680571597066807116479879288778296337264089666854378099/181761011839844036261244487667802946810619117693126533044619244918697630259072763426512317167549528473722
20 14 3 33162572790475847779273753299313531196882367923602059448315972335086737688622394935591682480623524897041/90880505919922018130622243833901473405309558846563266522309622459348815129536381713256158583774764236861
20 14 5 55642347468023408879978308531152909645351938189330967688131748072459736704615571341866482637031723119097/181761011839844036261244487667802946810619117693126533044619244918697630259072763426512317167549528473722
20 14 13 1103072400134733376386409758545829248690247767033382944129242684473969148961811958562602739801950591222/90880505919922018130622243833901473405309558846563266522309622459348815129536381713256158583774764236861
20 15 5 80699889456259305513541112174606275606756046214235463077916720733375803216815182687965972510884780228/977209741074430302479809073482811541992575901575949102390426047949987259457380448529636113804029722977
20 15 7 99942562361555827170077628838096283008597085602132006817490213446384410525227050390620656595990467301217/181761011839844036261244487667802946810619117693126533044619244918697630259072763426512317167549528473722
20 15 10 54105658225261304303801181251915886128756323734618686481727926995866331258494448907258888411200847916375/181761011839844036261244487667802946810619117693126533044619244918697630259072763426512317167549528473722
20 15 15 2117101969027112326974505118885668401734847293421340602151432403339831512837273358111850212222274022287/30293501973307339376874081277967157801769852948854422174103207486449605043178793904418719527924921412287
20 16 1 2755370494780477159690810947986949106964448494118535432598966068561311129542570835628941983733101891969/90880505919922018130622243833901473405309558846563266522309622459348815129536381713256158583774764236861
20 16 9 4654945935985317774942943310541479899632125258310277014332461781453014323393599969525081715956901944935/90880505919922018130622243833901473405309558846563266522309622459348815129536381713256158583774764236861
20 16 12 79471732040063191332326988171333215419356801899860371925278362718989587200817269216341850283990053173828/90880505919922018130622243833901473405309558846563266522309622459348815129536381713256158583774764236861
20 16 13 3998457449093031863661501404039828979356183194274082150099831890344902475782941691760284600094707226129/90880505919922018130622243833901473405309558846563266522309622459348815129536381713256158583774764236861
20 17 3 54917936092562891564741162111152314361536228256003442533950447741309987688756944758122569225837466058855/181761011839844036261244487667802946810619117693126533044619244918697630259072763426512317167549528473722
20 17 4 15757597378465067394341020067245865031865114020628680616398258314009273853050411529276128519309315127508/30293501973307339376874081277967157801769852948854422174103207486449605043178793904418719527924921412287
20 17 6 8981834606342315110489029627836249858866899028032621863063766086319846154364845484595336667890834385019/60587003946614678753748162555934315603539705897708844348206414972899210086357587808837439055849842824574
20 17 7 2675993828731897499495058134833346340645754114626570611543974517186230494459406519473483411091834247381/90880505919922018130622243833901473405309558846563266522309622459348815129536381713256158583774764236861
20 18 0 281805335584692269035519660211130776662562559612108570804728175279272153365307101068557337938637689556/977209741074430302479809073482811541992575901575949102390426047949987259457380448529636113804029722977
20 18 1 24599392976555616417338513629510646273217542375083049793684464762172811712440630944404799973535610695641/181761011839844036261244487667802946810619117693126533044619244918697630259072763426512317167549528473722
20 18 10 40725066112091735872689527867052604245730033993981367668744041178858845712440525952803391713905602752343/90880505919922018130622243833901473405309558846563266522309622459348815129536381713256158583774764236861
20 18 12 7765231406784062019306753834972255862234957080742851247922419065620835531934653259249689636538700671993/60587003946614678753748162555934315603539705897708844348206414972899210086357587808837439055849842824574
20 19 0 90467328593617751061195441346692188165603144314133839265736415841459578534787248527116790654266544805961/181761011839844036261244487667802946810619117693126533044619244918697630259072763426512317167549528473722
20 19 8 91293683246226285200049046321110758645015973378992693778882829077238051724285514899395526513282983667761/181761011839844036261244487667802946810619117693126533044619244918697630259072763426512317167549528473722
20 20 2 24403994526543171269217276756439309467109810222004496528989064237191856276845115896010316881873474131765/181761011839844036261244487667802946810619117693126533044619244918697630259072763426512317167549528473722
20 20 4 14855667648638118301725564904245926074015376571936182325290588687974375065864920909353205454488813782921/181761011839844036261244487667802946810619117693126533044619244918697630259072763426512317167549528473722
20 20 9 23750224944110457781716941001186285211582321816530975698389931998921899819393787770191465805197873426506/30293501973307339376874081277967157801769852948854422174103207486449605043178793904418719527924921412287
21 0 6 24236195867603882714843655549710927073121932656470284533089303290426841918079812214222652906923798591701/181761011839844036261244487667802946810619117693126533044619244918697630259072763426512317167549528473722
21 0 7 36897157397323062574811435355912900127031186901252255042020059777288352861161848415966173461934002313434/90880505919922018130622243833901473405309558846563266522309622459348815129536381713256158583774764236861
21 0 14 17685837733458220190688011822057061072021063728332644286735892670000401654567458833812305367722803748811/60587003946614678753748162555934315603539705897708844348206414972899210086357587808837439055849842824574
21 0 21 15336493988609683912356962970047518133685810024576902783641072031846438827483438939460200616794657004360/90880505919922018130622243833901473405309558846563266522309622459348815129536381713256158583774764236861
21 1 4 30659921804536099139328823442329284629031202354508694021734837098847950520145690544647032195729686452721/60587003946614678753748162555934315603539705897708844348206414972899210086357587808837439055849842824574
21 1 5 39321818900796791979155333330121244588964873353379054257371505247534508260679724151245994194514241180883/90880505919922018130622243833901473405309558846563266522309622459348815129536381713256158583774764236861
21 1 12 11137608624642154884947350680572603745595763922842342464671723127084762177276243490079232191331986753793/181761011839844036261244487667802946810619117693126533044619244918697630259072763426512317167549528473722
21 2 1 11094471978720204086445684262619643635707949812583148417401681334331029385710186927097264833504795893791/90880505919922018130622243833901473405309558846563266522309622459348815129536381713256158583774764236861
21 2 4 13142188403231160874519042555992057994755254035823560523399484106260383290564906687194732241632292537303/90880505919922018130622243833901473405309558846563266522309622459348815129536381713256158583774764236861
21 2 16 11940458593827322491887593078599680046008274913082933948075867844748831889054027429663831276900150047449/30293501973307339376874081277967157801769852948854422174103207486449605043178793904418719527924921412287
21 2 18 2706738334939528976218893325550341084968315388108314028492157402560010370977177154401755674260648585966/90880505919922018130622243833901473405309558846563266522309622459348815129536381713256158583774764236861
21 2 21 6532634260677451402105843875204903320458893073602822228358027433464282092795500351958971861176668743020/90880505919922018130622243833901473405309558846563266522309622459348815129536381713256158583774764236861
21 2 26 21583097160871705315670000578735487231394321797196619480430668648486614322326528303611940142499908334434/90880505919922018130622243833901473405309558846563266522309622459348815129536381713256158583774764236861
21 3 7 14068811462930613860331934801774210870371206435083890794215374551335439268268891632805055239656375323931/60587003946614678753748162555934315603539705897708844348206414972899210086357587808837439055849842824574
21 3 17 96842613569421556776397515575740437953703373705326961296602191513952999132445956150925744813280377547909/181761011839844036261244487667802946810619117693126533044619244918697630259072763426512317167549528473722
21 3 20 42703294464524710804910848818750260497076906523849852474325713111939876249790048518133397166646008313/60587003946614678753748162555934315603539705897708844348206414972899210086357587808837439055849842824574
21 3 22 42583853998237063771436435140283625464310893962976349807947952611402493693070762231617006443800086929081/181761011839844036261244487667802946810619117693126533044619244918697630259072763426512317167549528473722
21 4 0 5432855689429140874805301504727635152722422887539424407308902500261817597282794357928066771563048400310/30293501973307339376874081277967157801769852948854422174103207486449605043178793904418719527924921412287
21 4 12 16528773279077083100501765534386015424870631077865811209283882471284016032214964704100532779899050358691/30293501973307339376874081277967157801769852948854422174103207486449605043178793904418719527924921412287
21 4 24 8331873004801115401567014238853507224176798983449186557510422514903771413681034842390119976462822653286/30293501973307339376874081277967157801769852948854422174103207486449605043178793904418719527924921412287
21 5 1 6559699632945071075505730727663103549224686280673483706724034231784627870007448671897212240408062817384/30293501973307339376874081277967157801769852948854422174103207486449605043178793904418719527924921412287
21 5 3 17598628396326844966890455740741695788921796357809218545601283123559690721826010974108530674533138508204/30293501973307339376874081277967157801769852948854422174103207486449605043178793904418719527924921412287
21 5 9 8378367554772437433030463505955874694657469793608093014268220010173339730163476482080279360345140045956/90880505919922018130622243833901473405309558846563266522309622459348815129536381713256158583774764236861
21 5 25 10027154277333832570403220922731200696212641137507066751065450383142519623872526293158650478606020214141/90880505919922018130622243833901473405309558846563266522309622459348815129536381713256158583774764236861
21 6 5 4819822759039563360458142521204739975755118299383967736320884223452866339595810846162123980437893079299/181761011839844036261244487667802946810619117693126533044619244918697630259072763426512317167549528473722
21 6 9 15139627760450357786202967701091064311654927366151774808000306668543599101540272318128322885645491371957/60587003946614678753748162555934315603539705897708844348206414972899210086357587808837439055849842824574
21 6 16 55947370638752027456662228147718185045469315296335553764793665631133913857055664408122772134117710253/60587003946614678753748162555934315603539705897708844348206414972899210086357587808837439055849842824574
21 6 23 101473728291243608451640575893332520466959075426923666512472874921178303601697748177327793140414126207461/181761011839844036261244487667802946810619117693126533044619244918697630259072763426512317167549528473722
21 6 24 4980122566048922501361146577591556479633955653745761285088364128590376878597870075902177178893113656722/30293501973307339376874081277967157801769852948854422174103207486449605043178793904418719527924921412287
21 7 10 41129162596914222250675815068677842270554084671417674735596239397129548067309583151488761443060930999463/90880505919922018130622243833901473405309558846563266522309622459348815129536381713256158583774764236861
21 7 15 49751343323007795879946428765223631134755474175145591786713383062219267062226798561767397140713833237398/90880505919922018130622243833901473405309558846563266522309622459348815129536381713256158583774764236861
21 8 9 73019174433953016762041595245469255339273039558432557648935250062884617672939033266742849662037428981231/181761011839844036261244487667802946810619117693126533044619244918697630259072763426512317167549528473722
21 8 15 62700901607750059040369911494268260821340851481922212087666960739388263471688092645646139215581427035049/181761011839844036261244487667802946810619117693126533044619244918697630259072763426512317167549528473722
21 8 20 24871337178792733839175144157495754430745907253954636522476430647808861446681481836151374046296942576191/181761011839844036261244487667802946810619117693126533044619244918697630259072763426512317167549528473722
21 8 21 21169598619348226619657836770569676219259319398817126785540603468615887667764155677971954243633729881251/181761011839844036261244487667802946810619117693126533044619244918697630259072763426512317167549528473722
21 9 2 12766742060985713292847915777783798188711210055071260735348952336167308517560618065292446339975702626719/60587003946614678753748162555934315603539705897708844348206414972899210086357587808837439055849842824574
21 9 4 126120688238586927380412024729421758176132383501885972551086710471733864583660493254025966027564681737/60587003946614678753748162555934315603539705897708844348206414972899210086357587808837439055849842824574
21 9 5 19830828191194497180205835067085583122622635671754123261907118989361548391447243368970246099414413328412/90880505919922018130622243833901473405309558846563266522309622459348815129536381713256158583774764236861
21 9 18 51710383604891070620073917063046060362355909516949423198552444900028703164872720506466204025355449945765/90880505919922018130622243833901473405309558846563266522309622459348815129536381713256158583774764236861
21 10 2 11721339915160126773760617236179320550509116640213280475118145065741624472010768004184558448583734089781/90880505919922018130622243833901473405309558846563266522309622459348815129536381713256158583774764236861
21 10 5 18507615420286289471311895657979564274030419596709231788323638188653940867858669100055208102977703536007/90880505919922018130622243833901473405309558846563266522309622459348815129536381713256158583774764236861
21 10 19 60651550584475601885549730939742588580770022609640754258867839204953249789666944609016392032213326611073/90880505919922018130622243833901473405309558846563266522309622459348815129536381713256158583774764236861
21 11 1 118367185067778111004311562599318040438246798936131097746118612284824605625416587997594571593545911442565/181761011839844036261244487667802946810619117693126533044619244918697630259072763426512317167549528473722
21 11 3 18099697188870085534286467836059121922982281507090619664501089571210183405176740786539547847776142900365/181761011839844036261244487667802946810619117693126533044619244918697630259072763426512317167549528473722
21 11 4 3741205410756857469147638757308766630103580741253842377493998562165618151762155398484899500769346915168/90880505919922018130622243833901473405309558846563266522309622459348815129536381713256158583774764236861
21 11 13 12933537023956910019193248167314064197232073152093818017369360445102321190327134202941554963217818053995/90880505919922018130622243833901473405309558846563266522309622459348815129536381713256158583774764236861
21 11 19 5972322356884152372982341691590061397359364731604747422136412524063481272150427719762644399126572096233/90880505919922018130622243833901473405309558846563266522309622459348815129536381713256158583774764236861
21 12 8 124864575895716095339365562027772252498207440151525092983244006264879011990172993279211086961841113207095/181761011839844036261244487667802946810619117693126533044619244918697630259072763426512317167549528473722
21 12 13 13387610035396568090340704356863113231046416033960691461293844568572774793244976595558178283893045447203/60587003946614678753748162555934315603539705897708844348206414972899210086357587808837439055849842824574
21 12 16 8366802918969118325428406284720677309636214719859682838746852474050146944582420180313347677014639462509/90880505919922018130622243833901473405309558846563266522309622459348815129536381713256158583774764236861
21 13 0 104378229470525955604424668647918906666008382550065471892688975045190698340698928583100047873412529542749/181761011839844036261244487667802946810619117693126533044619244918697630259072763426512317167549528473722
21 13 13 1132193691664768104175304454043034420328203944792123963275737217281985226901432322179792171298349769947/2931629223223290907439427220448434625977727704727847307171278143849961778372141345588908341412089168931
21 13 14 2395591162034152732650314289738635361420696855316458476278187467341282616828343622755051557879771064753/60587003946614678753748162555934315603539705897708844348206414972899210086357587808837439055849842824574
21 14 14 117357737829921944509016697641036250976216808417832507910835912388791700477418567862303447817336694438273/181761011839844036261244487667802946810619117693126533044619244918697630259072763426512317167549528473722
21 14 16 64403274009922091752227790026766695834402309275294025133783332529905929781654195564208869350212834035449/181761011839844036261244487667802946810619117693126533044619244918697630259072763426512317167549528473722
21 15 7 8233833243353014261296799350484768519357980417133276092914526016823766031721708542127334778911608087770/90880505919922018130622243833901473405309558846563266522309622459348815129536381713256158583774764236861
21 15 9 37637991738555275781207582550946349090040362900352134295898874962218799195051031823004218853377631740835/181761011839844036261244487667802946810619117693126533044619244918697630259072763426512317167549528473722
21 15 10 127655353614582731957443306415887060681862793958507846562891317922831299000578314519253428756348680557347/181761011839844036261244487667802946810619117693126533044619244918697630259072763426512317167549528473722
21 16 2 68709332192885018618037163655173613689439440781974166207911683926947254914033402124687748749835067544161/181761011839844036261244487667802946810619117693126533044619244918697630259072763426512317167549528473722
21 16 11 113051679646959017643207324012629333121179676911152366836707560991750375345039361301824568417714460929561/181761011839844036261244487667802946810619117693126533044619244918697630259072763426512317167549528473722
21 17 2 1917296247007798540689138640256452868997190450388772017011635756662310497038216307469162008044514050217/2931629223223290907439427220448434625977727704727847307171278143849961778372141345588908341412089168931
21 17 8 21663766923525852899082444486342950602346364308214464159878215364859556618875096596783846352399724271747/181761011839844036261244487667802946810619117693126533044619244918697630259072763426512317167549528473722
21 17 9 41224877601834673839435447485559918330446945460808203830019612640774822823828255766640426316389933088521/181761011839844036261244487667802946810619117693126533044619244918697630259072763426512317167549528473722
21 18 0 94638243925576299285238646922609063675711049548633034395929831305775471611186893427079404870048504379/5863258446446581814878854440896869251955455409455694614342556287699923556744282691177816682824178337862
21 18 4 15566343992388012983916310483736966417735061918861962698038628100785791886244202048002546460331057636315/30293501973307339376874081277967157801769852948854422174103207486449605043178793904418719527924921412287
21 18 6 77255477206163113882511360295602263343935561082374566189132887972107817230452394794943990941626519802875/181761011839844036261244487667802946810619117693126533044619244918697630259072763426512317167549528473722
21 18 11 4086842558829989598696433207589001993163071280786283300490381785698011045604181323656792956482579608604/90880505919922018130622243833901473405309558846563266522309622459348815129536381713256158583774764236861
21 19 2 1397753838278548236480999900890825299833735227438246998906836195550516356448976164311934097875076905366/90880505919922018130622243833901473405309558846563266522309622459348815129536381713256158583774764236861
21 19 7 91190804672699621828093827189819390026261632568977854010131717951601073934696044368419948941404327241149/181761011839844036261244487667802946810619117693126533044619244918697630259072763426512317167549528473722
21 19 11 87774699490587317960188660676201906184690014669272185036673854575995523611478766729468500030395047421841/181761011839844036261244487667802946810619117693126533044619244918697630259072763426512317167549528473722
21 20 1 24068595458104690803184475156009809609691255453752190531821246675634093774374167279157914219478596131205/60587003946614678753748162555934315603539705897708844348206414972899210086357587808837439055849842824574
21 20 3 24917368297820291203717944424699513041125212943657265267483684234755254017425981349399947030530279924859/60587003946614678753748162555934315603539705897708844348206414972899210086357587808837439055849842824574
21 20 6 3171113858854844641026294487523480477119358202651942946310772505132251734468997501607373599073952896407/90880505919922018130622243833901473405309558846563266522309622459348815129536381713256158583774764236861
21 20 7 14230446427179700479242319975314008951965498047797139877041453588632541707367161268811993109687497256358/90880505919922018130622243833901473405309558846563266522309622459348815129536381713256158583774764236861
21 21 0 18701827338068225318115310871279963212965770032547537668985617592309344899276944548956367884612890824618/30293501973307339376874081277967157801769852948854422174103207486449605043178793904418719527924921412287
21 21 3 5247932796578430153352722813119709130463330749418474140227786114266760730028838531176835784644043836053/30293501973307339376874081277967157801769852948854422174103207486449605043178793904418719527924921412287
21 21 9 6343741838660683905406047593567485458340752166888410364889803779873499413873010824285515858667986751616/30293501973307339376874081277967157801769852948854422174103207486449605043178793904418719527924921412287
22 0 6 8795765742428969040866231424571563382642007858593392572637044465207655616033356182053862490056836030201/90880505919922018130622243833901473405309558846563266522309622459348815129536381713256158583774764236861
22 0 11 2007910395030540860140661434640888912500279382144604416688932053996145093770960905291663858553682076807/60587003946614678753748162555934315603539705897708844348206414972899210086357587808837439055849842824574
22 0 19 77134208970915317973228501253766942673556779684586136949299025174785880617754592818889480461140174601695/181761011839844036261244487667802946810619117693126533044619244918697630259072763426512317167549528473722
22 0 22 1306637745144825122997766762273713074746411034595480608064182816959806502063525411736130970171526380342/2931629223223290907439427220448434625977727704727847307171278143849961778372141345588908341412089168931
22 1 3 85125803477470676448739162180390997055474361866671919847829672059106203153372658566347907769984227068593/181761011839844036261244487667802946810619117693126533044619244918697630259072763426512317167549528473722
22 1 4 1545968498052655002482888910348770926639455014529743873531239335250956390040370695181450595088972149806/90880505919922018130622243833901473405309558846563266522309622459348815129536381713256158583774764236861
22 1 26 22168391026502663409563073124083530079921977852526688688493558160956621841898007537442377998318127107481/60587003946614678753748162555934315603539705897708844348206414972899210086357587808837439055849842824574
22 1 27 4506349714460009929808388049077302943683318706635843230707736617703274799987556809579062368738829297179/30293501973307339376874081277967157801769852948854422174103207486449605043178793904418719527924921412287
22 2 6 3806350367020261555587180105201640937958260118461276591418748639576197094137904984081686352694713989057/30293501973307339376874081277967157801769852948854422174103207486449605043178793904418719527924921412287
22 2 8 1158302354653560810814478185846672783741520792712583312112803595999004879847524747764183479767573265317/60587003946614678753748162555934315603539705897708844348206414972899210086357587808837439055849842824574
22 2 14 8751443527006326175853866925015932379113013233932289604073069871758025600464875509799833800109068472379/181761011839844036261244487667802946810619117693126533044619244918697630259072763426512317167549528473722
22 2 24 73348279523377729159712052777018575226265990685144416977847636210742703727118941884464907405984728135525/90880505919922018130622243833901473405309558846563266522309622459348815129536381713256158583774764236861
22 3 4 1981333963290337907468590201216136807912732565141376064314072357104200280969829564112598530480661724621/5863258446446581814878854440896869251955455409455694614342556287699923556744282691177816682824178337862
22 3 9 611773387295718185008133510868927961809931731660523635687988742001584429914037796209060190189489778267/90880505919922018130622243833901473405309558846563266522309622459348815129536381713256158583774764236861
22 3 10 17908339383484945045253058447242793182086716753189658529771506165100665040181203091574638283777439185495/60587003946614678753748162555934315603539705897708844348206414972899210086357587808837439055849842824574
22 3 11 15936648041905615425232750104361553526916226657432803547113063863067637183673930698252933240724345269185/181761011839844036261244487667802946810619117693126533044619244918697630259072763426512317167549528473722
22 3 19 5320881196948566434780038931903996964822742180563202808491842304620967836045903521966883694716096388114/90880505919922018130622243833901473405309558846563266522309622459348815129536381713256158583774764236861
22 3 22 12937561205664847109716640366155640946294227810764881008698585798950894904290208109897675620260393284013/60587003946614678753748162555934315603539705897708844348206414972899210086357587808837439055849842824574
22 4 6 512227440632027205817035037855794119186001320013153710554835811913915377727772262332183312522605063307/1954419482148860604959618146965623083985151803151898204780852095899974518914760897059272227608059445954
22 4 9 10104587079340840427584358078032988839090666858273917549430138260591918111574445829889172375404390262404/30293501973307339376874081277967157801769852948854422174103207486449605043178793904418719527924921412287
22 4 15 6421509387490669844455233335077882701411986406393449692242824511804793660284093186284411472689571012791/181761011839844036261244487667802946810619117693126533044619244918697630259072763426512317167549528473722
22 4 19 9715973471913317690714614188769982778119171884416079062388884659067830937012286335339385162443051460367/181761011839844036261244487667802946810619117693126533044619244918697630259072763426512317167549528473722
22 4 24 57358854525616476019584233155168295212245835491450203911806975676279366863646888528660438215388293538589/181761011839844036261244487667802946810619117693126533044619244918697630259072763426512317167549528473722
22 5 5 35504092158726442620057555000235614644940251233184354363974305225434204467165532947731644760224101449866/90880505919922018130622243833901473405309558846563266522309622459348815129536381713256158583774764236861
22 5 14 55376413761195575510564688833665858760369307613378912158335317233914610662370848765524513823550662786995/90880505919922018130622243833901473405309558846563266522309622459348815129536381713256158583774764236861
22 6 5 52084372184647199170547906652482156916807199032695205781102078013290802633190320399883753958983932403098/90880505919922018130622243833901473405309558846563266522309622459348815129536381713256158583774764236861
22 6 17 38796133735274818960074337181419316488502359813868060741207544446058012496346061313372404624790831833763/90880505919922018130622243833901473405309558846563266522309622459348815129536381713256158583774764236861
22 7 2 2975600334201196298663253298660722266061429778183155947344403494650739323187352995161777199413132706843/60587003946614678753748162555934315603539705897708844348206414972899210086357587808837439055849842824574
22 7 3 37028805523266698399569235249293981856954343527661896503402708094200356192510343686255844193058985357613/181761011839844036261244487667802946810619117693126533044619244918697630259072763426512317167549528473722
22 7 16 169910459734383758770143769275780839040163563720144390242281808919207380792344179995691434772228681143/977209741074430302479809073482811541992575901575949102390426047949987259457380448529636113804029722977
22 7 20 52101029901689184917219375718615781047005030989484156057059454940786241634812171637786267254308305151491/90880505919922018130622243833901473405309558846563266522309622459348815129536381713256158583774764236861
22 8 4 55297202611865977680949274435896612654408824461516315921460540153582869637791569664241190016695283464891/181761011839844036261244487667802946810619117693126533044619244918697630259072763426512317167549528473722
22 8 7 82034881512900126279146638526177093145085337501933564698358611318852668097688611836796370096283934656299/181761011839844036261244487667802946810619117693126533044619244918697630259072763426512317167549528473722
22 8 10 7404821285846322050191429117621540168520825954946108737466682241043682087265430320912459509095051725422/30293501973307339376874081277967157801769852948854422174103207486449605043178793904418719527924921412287
22 9 7 59146530343916129058293817449026043345717785181722687358587630338468200494006707004095178162636109171599/90880505919922018130622243833901473405309558846563266522309622459348815129536381713256158583774764236861
22 9 16 31733975576005889072328426384875430059591773664840579163721992120880614635529674709160980421138655065262/90880505919922018130622243833901473405309558846563266522309622459348815129536381713256158583774764236861
22 10 8 11288294575892575061142418813655472028428098816360961450002720109565683476608122933002287602359502751549/30293501973307339376874081277967157801769852948854422174103207486449605043178793904418719527924921412287
22 10 12 14006775450766086261995763908675161089239021045030665357314669477785751054443648945182823206002641111200/90880505919922018130622243833901473405309558846563266522309622459348815129536381713256158583774764236861
22 10 17 8983402348135558808261899168092707158629592331918517893710080931482284826249715784965834087220238617327/181761011839844036261244487667802946810619117693126533044619244918697630259072763426512317167549528473722
22 10 18 4642323798555377048612650378137081428069905751792425621405587475080474103779794660943572076647546890997/30293501973307339376874081277967157801769852948854422174103207486449605043178793904418719527924921412287
22 10 19 49180348343488592270460645531604596734523455862226362007829979523766897841608244187505678594281709778719/181761011839844036261244487667802946810619117693126533044619244918697630259072763426512317167549528473722
22 11 3 64202855499396544523666227571824956455613819153691670088779132371920837972306108681949978019576642944118/90880505919922018130622243833901473405309558846563266522309622459348815129536381713256158583774764236861
22 11 6 26677650420525473606956016262076516949695739692871596433530490087427977157230273031306180564198121292743/90880505919922018130622243833901473405309558846563266522309622459348815129536381713256158583774764236861
22 12 0 59299744494498302984206352236636273223415912856193370615309345829170996886654943160538767704196466526524/90880505919922018130622243833901473405309558846563266522309622459348815129536381713256158583774764236861
22 12 13 31580761425423715146415891597265200181893645990369895907000276630177818242881438552717390879578297710337/90880505919922018130622243833901473405309558846563266522309622459348815129536381713256158583774764236861
22 13 9 35122364326231059106995127933254555585570599799034693529242305777774144810568138770456396638078244923973/60587003946614678753748162555934315603539705897708844348206414972899210086357587808837439055849842824574
22 13 12 17331544824250209419527874852897139483557189324760937022617012944153432230394641213826067180759950068356/90880505919922018130622243833901473405309558846563266522309622459348815129536381713256158583774764236861
22 13 16 1346155781053240003264624327814354873767514182145179948763171022486075205373518215725515899735319147261/5863258446446581814878854440896869251955455409455694614342556287699923556744282691177816682824178337862
22 14 6 122424543583287196899396615315264256961272314850585325002967741495773981813455212374898498437807555736009/181761011839844036261244487667802946810619117693126533044619244918697630259072763426512317167549528473722
22 14 13 27337963052773596097344030449129242584475821000450660633646173705179612891111756737772986363516713211471/181761011839844036261244487667802946810619117693126533044619244918697630259072763426512317167549528473722
22 14 15 5333084200630540544083973650568241210811830307015091234667554952957339259084299052306805394370876587707/30293501973307339376874081277967157801769852948854422174103207486449605043178793904418719527924921412287
22 15 2 1149251150491279044088668504244956301278813422085216669482595951452472547645376207901462594996409300465/181761011839844036261244487667802946810619117693126533044619244918697630259072763426512317167549528473722
22 15 5 12406675567810204978571027695954432427571038865317540176109460523050031656804388484176905926887953054933/60587003946614678753748162555934315603539705897708844348206414972899210086357587808837439055849842824574
22 15 15 71695866992961071140721368037847346613313593837544347923404133699047531370507110883040068395944630004229/90880505919922018130622243833901473405309558846563266522309622459348815129536381713256158583774764236861
22 16 1 61383204139934379341568587640514893000845444329011604366373143498294911686222480210388641833446735516493/90880505919922018130622243833901473405309558846563266522309622459348815129536381713256158583774764236861
22 16 13 29497301779987638789053656193386580404464114517551662155936478961053903443313901502867516750328028720368/90880505919922018130622243833901473405309558846563266522309622459348815129536381713256158583774764236861
22 17 9 22021752673019745469223292770346182285327543568438651879294114011919373968473748268702999587407379787867/90880505919922018130622243833901473405309558846563266522309622459348815129536381713256158583774764236861
22 17 11 68858753246902272661398951063555291119982015278124614643015508447429441161062633444553158996367384448994/90880505919922018130622243833901473405309558846563266522309622459348815129536381713256158583774764236861
22 18 0 20638998688055089451644909997312425764647085047818213798694182332059587007928772268975305933079236165997/30293501973307339376874081277967157801769852948854422174103207486449605043178793904418719527924921412287
22 18 7 1048667513681661071143940089214847728089938020372330118072458940238641128862989385262234930315679370521/90880505919922018130622243833901473405309558846563266522309622459348815129536381713256158583774764236861
22 18 9 29779933519540607121964221119191196599014172316773641554212774239172664740887541834888887560347105966493/181761011839844036261244487667802946810619117693126533044619244918697630259072763426512317167549528473722
22 18 12 8683250388203190095707642128769166722514186349566316154032152935563387070962203069082374716031882256735/60587003946614678753748162555934315603539705897708844348206414972899210086357587808837439055849842824574
22 19 2 53779716168718859928358580736000533652366660254340114109237062645389750099888860294504927572376534827213/60587003946614678753748162555934315603539705897708844348206414972899210086357587808837439055849842824574
22 19 9 4626075997527612818880027998264644218422093542412403778299031939551939148372152287366395948882235212719/60587003946614678753748162555934315603539705897708844348206414972899210086357587808837439055849842824574
22 19 10 1090605890184103003254776910834568866375476050478163230335160193978760419048287613483057767295536392321/30293501973307339376874081277967157801769852948854422174103207486449605043178793904418719527924921412287
22 20 1 81094332611170562893206422249145500077614355236275681695072597714530265521215939051414588289738745567391/181761011839844036261244487667802946810619117693126533044619244918697630259072763426512317167549528473722
22 20 4 26154470762430250110189699896147356327248098094057911134837620487386413317784858405110197279990314436440/90880505919922018130622243833901473405309558846563266522309622459348815129536381713256158583774764236861
22 20 5 16119245901270991049219555208787578026169522089578343026623802076464846034095702521625778105943384677817/60587003946614678753748162555934315603539705897708844348206414972899210086357587808837439055849842824574
22 21 0 10706574486384519495633142691606007651640578713105116811315623647898522116305100584036189860109837577380/90880505919922018130622243833901473405309558846563266522309622459348815129536381713256158583774764236861
22 21 2 14158192406330164472372261315545239043785154921699972216325082450160610022763412171818178446162161129981/30293501973307339376874081277967157801769852948854422174103207486449605043178793904418719527924921412287
22 21 8 37699354214547005217872317195659748622313515368358233062018751460968462944941044613765433385178443269538/90880505919922018130622243833901473405309558846563266522309622459348815129536381713256158583774764236861
22 22 1 59985889199056860093204852310183830258690249531207367217596148235376471159831821630809878770455808603413/181761011839844036261244487667802946810619117693126533044619244918697630259072763426512317167549528473722
22 22 2 7482274992863747110160711338858958018721480375651397508237543873958959100038231995191103139749646521271/181761011839844036261244487667802946810619117693126533044619244918697630259072763426512317167549528473722
22 22 3 214295324041382544740445117210068137328050801996598405106844968537876205854798411072549076207927853054/2931629223223290907439427220448434625977727704727847307171278143849961778372141345588908341412089168931
22 22 4 2200464205931080727662846457793003691680830453586684621883619339434179712204439394779600915116476011521/60587003946614678753748162555934315603539705897708844348206414972899210086357587808837439055849842824574
22 22 8 94405144939564469100982787378356922943825746701718613336510306741711336099591890129674489787103118425127/181761011839844036261244487667802946810619117693126533044619244918697630259072763426512317167549528473722
23 0 11 31359302744756619215268176692272706252724253424470945627554733171392566640257185153765143000385039639335/60587003946614678753748162555934315603539705897708844348206414972899210086357587808837439055849842824574
23 0 25 29227701201858059538479985863661609350815452473237898720651681801506643446100402655072296055464803185239/60587003946614678753748162555934315603539705897708844348206414972899210086357587808837439055849842824574
23 1 8 2830034358588758496507271064557889655348181717584661638705050741192606233542676094780021206492829203094/90880505919922018130622243833901473405309558846563266522309622459348815129536381713256158583774764236861
23 1 11 63079575509876950570881723232156459911079111139160750630493392542993124675431370862568196828875763045388/90880505919922018130622243833901473405309558846563266522309622459348815129536381713256158583774764236861
23 1 19 13358324251878306735952123645293107727512941045470822133208102243082187945475642524360471282579230467246/90880505919922018130622243833901473405309558846563266522309622459348815129536381713256158583774764236861
23 1 28 11612571799578002327281125891894016111369324944347032119903076932080896275086692231547469265826941521133/90880505919922018130622243833901473405309558846563266522309622459348815129536381713256158583774764236861
23 2 2 25223756794671586983492431126323511652936721123879406268638248616541359667081925804968147255299815393163/181761011839844036261244487667802946810619117693126533044619244918697630259072763426512317167549528473722
23 2 6 2092840579146214789849669679386201706839473390194651919715279802348589108123768689607361630069293776473/90880505919922018130622243833901473405309558846563266522309622459348815129536381713256158583774764236861
23 2 8 124262613181035114687896142500058824336562409031149353085897829359829516021596977915419132540560830357283/181761011839844036261244487667802946810619117693126533044619244918697630259072763426512317167549528473722
23 2 11 14044480352922452505078287341324103703720520378854234925326303668814788177073161163455157055775147585165/90880505919922018130622243833901473405309558846563266522309622459348815129536381713256158583774764236861
23 3 16 69347877767734105119718307456882394960154587645431562234777561436398532158224607639668175994677507778366/90880505919922018130622243833901473405309558846563266522309622459348815129536381713256158583774764236861
23 3 21 21532628152187913010903936377019078445154971201131704287532061022950282971311774073587982589097256458495/90880505919922018130622243833901473405309558846563266522309622459348815129536381713256158583774764236861
23 4 3 8589344020067081675326292076516753194218988798000307157624353507108230361236079742095472616598265438001/30293501973307339376874081277967157801769852948854422174103207486449605043178793904418719527924921412287
23 4 23 21704157953240257701547789201450404607550864150854115016478853979341374681942714162323246911326655974286/30293501973307339376874081277967157801769852948854422174103207486449605043178793904418719527924921412287
23 5 14 36191515733990056158125023612106725173051521606444777603577683164907099371195083352505164560481369222571/181761011839844036261244487667802946810619117693126533044619244918697630259072763426512317167549528473722
23 5 18 2070650362642991877151633085077754992368482705885179138978316979755603276264861412580433257990716825953/181761011839844036261244487667802946810619117693126533044619244918697630259072763426512317167549528473722
23 5 19 73969227209774465429840272905695124293519825256168100534551134998027867588385702804794924977741536165719/181761011839844036261244487667802946810619117693126533044619244918697630259072763426512317167549528473722
23 5 21 69529618533436522796127558064923342351679288124628475767512109776007060023227115856631794371335906259479/181761011839844036261244487667802946810619117693126533044619244918697630259072763426512317167549528473722
23 6 7 43995338125392666730959114876852812663493148504863149250130768650434431219911542483839864191060264242033/60587003946614678753748162555934315603539705897708844348206414972899210086357587808837439055849842824574
23 6 22 16591665821222012022789047679081502940046557392845695098075646322464778866446045324997574864789578582541/60587003946614678753748162555934315603539705897708844348206414972899210086357587808837439055849842824574
23 7 2 13945527489143298136788450193855506376329734087024744581525202913991811447791628047309932146818897589150/30293501973307339376874081277967157801769852948854422174103207486449605043178793904418719527924921412287
23 7 3 4908049378229772376664676299427116633699277243860566126738853896377438298931479767477090698472329610574/90880505919922018130622243833901473405309558846563266522309622459348815129536381713256158583774764236861
23 7 5 13007976874134178868468492612270687204953524878678901264511468149720218581255659561830791832701367074147/181761011839844036261244487667802946810619117693126533044619244918697630259072763426512317167549528473722
23 7 18 25087923758130174606238647097848329360096211268192677345826283830757222131068125348622583685663372214509/60587003946614678753748162555934315603539705897708844348206414972899210086357587808837439055849842824574
23 8 4 33215456604957614951282207756386760416916481477587365847602487623205491824094916291800308884148070179153/60587003946614678753748162555934315603539705897708844348206414972899210086357587808837439055849842824574
23 8 5 16355631887719227207047986201732478722416819365187771045734244115294465630125270763094143291035082901351/60587003946614678753748162555934315603539705897708844348206414972899210086357587808837439055849842824574
23 8 10 109151582027835884976941399948857840457762883556469086578302488103347282865781599597928691334388718988/90880505919922018130622243833901473405309558846563266522309622459348815129536381713256158583774764236861
23 8 20 16414721598878919008150011496773756855851844698844092095726222363495531665340319531316551629665645897117/90880505919922018130622243833901473405309558846563266522309622459348815129536381713256158583774764236861
23 9 17 33297273535506298654947209005143675537074353758920069472898985893448143824464564264490634343616106860959/60587003946614678753748162555934315603539705897708844348206414972899210086357587808837439055849842824574
23 9 21 27289730411108380098800953550790640066465352138788774875307429079451066261893023544346804712233735963615/60587003946614678753748162555934315603539705897708844348206414972899210086357587808837439055849842824574
23 10 3 17532239302056986933473531910254971431650544118752975155839587890531062226347629209602106093394461530645/60587003946614678753748162555934315603539705897708844348206414972899210086357587808837439055849842824574
23 10 4 3061481994078824211976483840608928731419253740407919387914703750089516022296754768962980151862165905928/90880505919922018130622243833901473405309558846563266522309622459348815129536381713256158583774764236861
23 10 10 33279199040119401388848772037584288999522015517568508550506115111156237137232225950219698355538309836472/90880505919922018130622243833901473405309558846563266522309622459348815129536381713256158583774764236861
23 10 11 5093351968044142994640776263561886224867403161744232103711876922056444667034360339676745057460440759915/181761011839844036261244487667802946810619117693126533044619244918697630259072763426512317167549528473722
23 10 17 8564929982872080210755433986181618471486257276528419932757827767092748765656259003277316135850791939512/30293501973307339376874081277967157801769852948854422174103207486449605043178793904418719527924921412287
23 11 0 11076887527538269253470415617405861314633488886615303388042338331023218437083153316169251132409500470244/90880505919922018130622243833901473405309558846563266522309622459348815129536381713256158583774764236861
23 11 7 33146406350105057214445711522384326490396899379472516925534583416059429365749117531062340778662011165867/181761011839844036261244487667802946810619117693126533044619244918697630259072763426512317167549528473722
23 11 13 13834558331637797674707685072983858981783827520297490668333736215486953583681636788838729254716660687097/181761011839844036261244487667802946810619117693126533044619244918697630259072763426512317167549528473722
23 11 14 18771045350504107144191709972937173118195235503354319779111041437517468405912617079045457478225309280045/30293501973307339376874081277967157801769852948854422174103207486449605043178793904418719527924921412287
23 12 3 24159669116348920044318218728652300440669397018195570031245552469378124058339636308537649764233498577861/90880505919922018130622243833901473405309558846563266522309622459348815129536381713256158583774764236861
23 12 5 36405044181642318820089848562431910681932076343448789675364224411653960695845965026500267542540890971251/60587003946614678753748162555934315603539705897708844348206414972899210086357587808837439055849842824574
23 12 6 24226541062219239712338504523202613883484094626389023956035466744979500054855595729936215011459858404247/181761011839844036261244487667802946810619117693126533044619244918697630259072763426512317167549528473722
23 13 2 151599611319146957885420644330359919575021708320249223283547131417370577801037447803808862337362544205639/181761011839844036261244487667802946810619117693126533044619244918697630259072763426512317167549528473722
23 13 3 29315287126974008835685777495878552920113525077465788188120300790140920066157686874441086129190839245567/181761011839844036261244487667802946810619117693126533044619244918697630259072763426512317167549528473722
23 13 7 141018898953844923356344306927412385913980715901920262158635451864355398646271458043728116832690837086/30293501973307339376874081277967157801769852948854422174103207486449605043178793904418719527924921412287
23 14 4 26852330473270486690285439237598286174055552594725444041783414405598758298442289882565993863781245721190/90880505919922018130622243833901473405309558846563266522309622459348815129536381713256158583774764236861
23 14 9 52402153462158515555424532258118040076962110615898361432990506941730532412923617596907107213080196513189/181761011839844036261244487667802946810619117693126533044619244918697630259072763426512317167549528473722
23 14 15 25218065810381515775083025644829444795181967295925761176020636388589860416421522021491074075635613506051/60587003946614678753748162555934315603539705897708844348206414972899210086357587808837439055849842824574
23 15 1 107562104320547126224183766312509512001483703876088734216424721858958422784374384331579945974190527077215/181761011839844036261244487667802946810619117693126533044619244918697630259072763426512317167549528473722
23 15 2 2512768989051835268277063683722730892661595046356758305460591334005600168685357432120130269860106124302/30293501973307339376874081277967157801769852948854422174103207486449605043178793904418719527924921412287
23 15 5 19966546279758096191423590666029413847847592711566478562899630254191237042759871515226355642740342402729/90880505919922018130622243833901473405309558846563266522309622459348815129536381713256158583774764236861
23 15 9 19189201025469706044551157920898221757470658115764291869631714547323132377066491471758878288717679845237/181761011839844036261244487667802946810619117693126533044619244918697630259072763426512317167549528473722
23 16 5 11261597089935336294799863222497373293584264468430362788156209719821187434092306366289141345306630025172/90880505919922018130622243833901473405309558846563266522309622459348815129536381713256158583774764236861
23 16 8 18479624646401680829981503681002582157142564193478849907937649064197343716715525184797579826564148446125/90880505919922018130622243833901473405309558846563266522309622459348815129536381713256158583774764236861
23 16 10 1646173209353004159603846269597802412320498232276995832404721118955102641740109203685360464629146366311/181761011839844036261244487667802946810619117693126533044619244918697630259072763426512317167549528473722
23 16 14 1297122528578677396258902232163497134374677012226140987312116196039843713072225710974768971604073388869/1954419482148860604959618146965623083985151803151898204780852095899974518914760897059272227608059445954
23 17 1 43471406911517443763064803511424441683170831385764534279674746550712998457145596400791399438701204979782/90880505919922018130622243833901473405309558846563266522309622459348815129536381713256158583774764236861
23 17 7 29029274371290364149943642134272548440116121133471158839737661200349084791101717150970123170153920168513/90880505919922018130622243833901473405309558846563266522309622459348815129536381713256158583774764236861
23 17 12 6126608212371403405871266062734827760674202109109191134299071569428910627096356053831545324973213029522/30293501973307339376874081277967157801769852948854422174103207486449605043178793904418719527924921412287
23 18 3 53492534763937040600727364542262802588485185202554480225577330099936762880232578776254182658431054001941/181761011839844036261244487667802946810619117693126533044619244918697630259072763426512317167549528473722
23 18 8 104505534633680922378733127372200683466683556610751966855486356946589813028620368631568326225923008670847/181761011839844036261244487667802946810619117693126533044619244918697630259072763426512317167549528473722
23 18 9 3960490407037678880297332625556576792575062646636680993925926312028509058369969336448301380532577633489/30293501973307339376874081277967157801769852948854422174103207486449605043178793904418719527924921412287
23 19 4 45437697719373145828721629085127316063635313008754708101629098862181011693068261250965181076852766347328/90880505919922018130622243833901473405309558846563266522309622459348815129536381713256158583774764236861
23 19 9 45442808200548872301900614748774157341674245837808558420680523597167803436468120462290977506921997889533/90880505919922018130622243833901473405309558846563266522309622459348815129536381713256158583774764236861
23 20 0 18114908541332804851736516198204540944158955333684387102744698811143314532247923115808143595115529941645/30293501973307339376874081277967157801769852948854422174103207486449605043178793904418719527924921412287
23 20 10 12178593431974534525137565079762616857610897615170035071358508675306290510930870788610575932809391470642/30293501973307339376874081277967157801769852948854422174103207486449605043178793904418719527924921412287
23 21 1 81068228839407331548992785386794459474081037596799844098325930561511987468315709352194639241143444842735/181761011839844036261244487667802946810619117693126533044619244918697630259072763426512317167549528473722
23 21 3 30497106076347460168548878437987231724304780296024337731168817186065030659589422601253480399929855035195/181761011839844036261244487667802946810619117693126533044619244918697630259072763426512317167549528473722
23 21 6 11699279487348207423950470640503542602038883300050391869187416195186768688527938578844032921079371432632/30293501973307339376874081277967157801769852948854422174103207486449605043178793904418719527924921412287
23 22 0 72364960339957988840973115149056943273842847234540358740773637996495041549663720579085010128612100644578/90880505919922018130622243833901473405309558846563266522309622459348815129536381713256158583774764236861
23 22 6 18515545579964029289649128684844530131466711612022907781535984462853773579872661134171148455162663592283/90880505919922018130622243833901473405309558846563266522309622459348815129536381713256158583774764236861
23 23 5 41826855161383663376977254040335425141042477879835380744181591843306060654107563791712365783213148331759/181761011839844036261244487667802946810619117693126533044619244918697630259072763426512317167549528473722
23 23 6 139934156678460372884267233627467521669576639813291152300437653075391569604965199634799951384336380141963/181761011839844036261244487667802946810619117693126533044619244918697630259072763426512317167549528473722
24 0 1 71393737950265688748276441766229137658976960489744766270769627655309040219982729807760581694997274430/30293501973307339376874081277967157801769852948854422174103207486449605043178793904418719527924921412287
24 0 4 90996857281221233953010638430044359322046160220313589134029027331254642201478296854999523215075989754/30293501973307339376874081277967157801769852948854422174103207486449605043178793904418719527924921412287
24 0 18 814819145842943379778521993286538045011552780865890746985627392963423577035919421866876008893956458793/30293501973307339376874081277967157801769852948854422174103207486449605043178793904418719527924921412287
24 0 29 30/31
24 1 0 50221567031616517212909267828628855537060941366537457367386320790197106093485462594134306006443195786967/181761011839844036261244487667802946810619117693126533044619244918697630259072763426512317167549528473722
24 1 15 131539444808227519048335219839174091273558176326589075677232924128500524165587300832378011161106332686755/181761011839844036261244487667802946810619117693126533044619244918697630259072763426512317167549528473722
24 2 7 17163210269074982162789211407862448504962375512608164669384240514802631360144560409139992442924938716057/30293501973307339376874081277967157801769852948854422174103207486449605043178793904418719527924921412287
24 2 10 8970987742690141926801215116419865496938573575473171457857326753368563997598348948085761182281865473490/30293501973307339376874081277967157801769852948854422174103207486449605043178793904418719527924921412287
24 2 18 1543964618076964991347665857185989526229321887235086625789781584276734726749155929061744127886760307974/90880505919922018130622243833901473405309558846563266522309622459348815129536381713256158583774764236861
24 2 25 10933947266549680870503298403868541873377389695084171514795139070558494329558497712517153580267591360246/90880505919922018130622243833901473405309558846563266522309622459348815129536381713256158583774764236861
24 3 7 11303328809256403172891981963392821038434039926021246937784487490228678565946936670547045457384007380574/90880505919922018130622243833901473405309558846563266522309622459348815129536381713256158583774764236861
24 3 8 8980700378752769042275220039680691528422960364819600068017499936514364381410773764627105463153951691462/30293501973307339376874081277967157801769852948854422174103207486449605043178793904418719527924921412287
24 3 18 73758349605220840326680482502508683136407323108510715700788562323877896001491941091519284859203768782803/181761011839844036261244487667802946810619117693126533044619244918697630259072763426512317167549528473722
24 3 20 31511802343593775335128721000424472426805952543655723060156707995276190837222306406136308614654034780999/181761011839844036261244487667802946810619117693126533044619244918697630259072763426512317167549528473722
24 4 0 66678182271444697082012612223277828507043832408929691651486391611429088275272335652841967398855102533867/181761011839844036261244487667802946810619117693126533044619244918697630259072763426512317167549528473722
24 4 11 1703592225663489612215730694167653781045701042773519554715622651548498117658680586728114795468765902380/30293501973307339376874081277967157801769852948854422174103207486449605043178793904418719527924921412287
24 4 17 28101362963723330813136276076713477565630453691754948157669255623712375585317481759097162971913367161191/60587003946614678753748162555934315603539705897708844348206414972899210086357587808837439055849842824574
24 4 18 10278593661624204533264331524689381460204858976145439795915675263420213260947949488005086040070864521001/90880505919922018130622243833901473405309558846563266522309622459348815129536381713256158583774764236861
24 5 12 99538001565277001798468678264081836768215858910236929704813661467440639478126932720812709362418958775/5863258446446581814878854440896869251955455409455694614342556287699923556744282691177816682824178337862
24 5 13 13243405774979105178010903393250894369227924644227869522831631624186798727562670821590229221104977931535/60587003946614678753748162555934315603539705897708844348206414972899210086357587808837439055849842824574
24 5 14 34816668583462829081990086388364504116828980859923931124370927285961309563135982542958124959966833677161/181761011839844036261244487667802946810619117693126533044619244918697630259072763426512317167549528473722
24 5 23 104128447882920304589469162073499222646291671274301648530904199254685264689426833504438310554032773279931/181761011839844036261244487667802946810619117693126533044619244918697630259072763426512317167549528473722
24 6 0 16237331501746969274073151355128109751131285876058518166416214274710495562826623015881599172802166970560/90880505919922018130622243833901473405309558846563266522309622459348815129536381713256158583774764236861
24 6 3 12417852549175158978813549806319167545267835002389495726734699909354761934475484762912542376602691316111/181761011839844036261244487667802946810619117693126533044619244918697630259072763426512317167549528473722
24 6 6 34907432160964923791105467154013273496465229234619677070096727355496949287172460786529258167494473889277/90880505919922018130622243833901473405309558846563266522309622459348815129536381713256158583774764236861
24 6 12 14331963817985310218314322061484188088541548094215448491476509063677348010179792701570106051478983058555/181761011839844036261244487667802946810619117693126533044619244918697630259072763426512317167549528473722
24 6 15 29819987782061449436031998538449514098513336196613980560563445934754174115117795173535611668643515415999/181761011839844036261244487667802946810619117693126533044619244918697630259072763426512317167549528473722
24 6 16 22901680365198331497727380243267310583103368178551217792818706750496456499301523183672342390231056963383/181761011839844036261244487667802946810619117693126533044619244918697630259072763426512317167549528473722
24 7 7 7843233123016762158925012849118735701465773058881504019235945994880122768581160240585933265210681246619/60587003946614678753748162555934315603539705897708844348206414972899210086357587808837439055849842824574
24 7 9 11845101472993988602220276904003595821081365829657575863672049936781927403626217496039300377475852225143/181761011839844036261244487667802946810619117693126533044619244918697630259072763426512317167549528473722
24 7 10 1353274260879953003640109039378889400206175265976878445380403420541884512493177866042984356210689877259/181761011839844036261244487667802946810619117693126533044619244918697630259072763426512317167549528473722
24 7 11 3903816448640866533785620638701133632522479317756211428246530122528526624218028901622578845433891220811/60587003946614678753748162555934315603539705897708844348206414972899210086357587808837439055849842824574
24 7 13 4799974616701576292140012000813620798514090541283996082251986447057824707494797357022631970293537504788/30293501973307339376874081277967157801769852948854422174103207486449605043178793904418719527924921412287
24 7 14 44699720353930378654021634942192679524943115281599733868249721752190911601929590100300957595241867680147/90880505919922018130622243833901473405309558846563266522309622459348815129536381713256158583774764236861
24 7 19 2520366497154498919394809895282294957732674276112581360518000170403183119287972715844464848280718096668/30293501973307339376874081277967157801769852948854422174103207486449605043178793904418719527924921412287
24 8 2 34610302366603251399913853483880827882660147079637212030433344300214931029976522588564290616044541133860/90880505919922018130622243833901473405309558846563266522309622459348815129536381713256158583774764236861
24 8 17 34042603780560983012803783518487232257680573952641532952436347818415429276900626640390195469512940984379/90880505919922018130622243833901473405309558846563266522309622459348815129536381713256158583774764236861
24 8 18 2915145511443076416030489662945182892083586606567077163654674754906819505548314022925677353217064838930/30293501973307339376874081277967157801769852948854422174103207486449605043178793904418719527924921412287
24 8 20 4494054412809518156604379280899288196239359331527763349491968691999332102004763471841546812855362533944/30293501973307339376874081277967157801769852948854422174103207486449605043178793904418719527924921412287
24 9 6 50844498575340041021554447403712899429152822818170956713351185616834412350672809004959315497756277663623/90880505919922018130622243833901473405309558846563266522309622459348815129536381713256158583774764236861
24 9 13 40036007344581977109067796430188573976156736028392309808958436842514402778863572708296843086018486573238/90880505919922018130622243833901473405309558846563266522309622459348815129536381713256158583774764236861
24 10 7 25577841031562825284381611670246815233818952458252939053445076423623452160697276676436662092181002594933/181761011839844036261244487667802946810619117693126533044619244918697630259072763426512317167549528473722
24 10 12 4189358878822841792082570624216665921351276794032647238144826344334690522345262636918611089388027631157/60587003946614678753748162555934315603539705897708844348206414972899210086357587808837439055849842824574
24 10 13 22601656942350015819834173507404538144671930124244485507678112180552760319384888483696458277632946305361/181761011839844036261244487667802946810619117693126533044619244918697630259072763426512317167549528473722
24 10 16 121013437229462669780780990617501595668074404728531166769061577281517346211954810355623363529571496679957/181761011839844036261244487667802946810619117693126533044619244918697630259072763426512317167549528473722
24 11 0 4454776376189807929447395333103497503739947105897798414012632958332946032041712132823503450483440412789/60587003946614678753748162555934315603539705897708844348206414972899210086357587808837439055849842824574
24 11 2 11687883637940181106601568216098080047307381571661290510728177167417950013103499785780680558902187983423/60587003946614678753748162555934315603539705897708844348206414972899210086357587808837439055849842824574
24 11 8 1888918971871611704097548144616160243320339116160697372900615842117733218674181443651236459419517692163/30293501973307339376874081277967157801769852948854422174103207486449605043178793904418719527924921412287
24 11 9 48565436888054296037489300673246208964567403593834713098667294575144412754453237158615198630451889909614/90880505919922018130622243833901473405309558846563266522309622459348815129536381713256158583774764236861
24 11 10 10017796889569469418899288448462604364119064119740027631926039463145234204048490124764716824313617512569/181761011839844036261244487667802946810619117693126533044619244918697630259072763426512317167549528473722
24 11 14 4950282433515445811544806119182076801433741885358542734577496958434827699545691522265744099219379933437/60587003946614678753748162555934315603539705897708844348206414972899210086357587808837439055849842824574
24 12 2 25416206427135914659497986192183164261362158813856785167731237843778147867753047874333462477256210821011/60587003946614678753748162555934315603539705897708844348206414972899210086357587808837439055849842824574
24 12 11 104131817425636215311363288293841587454288964322953940831663642983632554669679905959199631881741957039505/181761011839844036261244487667802946810619117693126533044619244918697630259072763426512317167549528473722
24 12 18 690287566400038485693620398705933286121838464301118354880944201865315993066856922156148927019469485592/90880505919922018130622243833901473405309558846563266522309622459348815129536381713256158583774764236861
24 13 0 37459681067978204418534738110006229713398791879888295970898385328330745031881392127327504898865696520107/181761011839844036261244487667802946810619117693126533044619244918697630259072763426512317167549528473722
24 13 5 48815520364767380114478813962884923722594915972710058377404821137412271385463599621614221321060833200937/90880505919922018130622243833901473405309558846563266522309622459348815129536381713256158583774764236861
24 13 14 46670290042331071613752121632026869652030493867818120318911217315542342456264172055956369626562165551741/181761011839844036261244487667802946810619117693126533044619244918697630259072763426512317167549528473722
24 14 4 14683674281522302280949233977284174745938306716502232717534646281852177341373625347072480340555894836/977209741074430302479809073482811541992575901575949102390426047949987259457380448529636113804029722977
24 14 12 133673154594834387135731079637080130578845345038719918188687631263918892319497321079468800719826544261693/181761011839844036261244487667802946810619117693126533044619244918697630259072763426512317167549528473722
24 14 13 21786297618711508932940938146615014747371329553520089206050270923111374452254564937923423474033199904846/90880505919922018130622243833901473405309558846563266522309622459348815129536381713256158583774764236861
24 14 14 1784098591223483035374974217717930234286588498097021158369627600131484049570818156641188156313187962841/181761011839844036261244487667802946810619117693126533044619244918697630259072763426512317167549528473722
24 15 0 7014840390466260364146685126945633214582975323571474554996390445540871296233527165756037430154869855479/90880505919922018130622243833901473405309558846563266522309622459348815129536381713256158583774764236861
24 15 2 52446787041312092560136611300509727279862493366166981702615046119836136236851881926408148582496037454345/90880505919922018130622243833901473405309558846563266522309622459348815129536381713256158583774764236861
24 15 7 31418878488143665206338947406446112910864090156824810264698185893971807596450972621091972571123856927037/90880505919922018130622243833901473405309558846563266522309622459348815129536381713256158583774764236861
24 16 3 155027688088731598568275012293998377987387291063483586469519630021700545700812593845138022136245874190903/181761011839844036261244487667802946810619117693126533044619244918697630259072763426512317167549528473722
24 16 4 26733323751112437692969475373804568823231826629642946575099614896997084558260169581374295031303654282819/181761011839844036261244487667802946810619117693126533044619244918697630259072763426512317167549528473722
24 17 8 160097244916318183362162043181459996208272753384912068884741029553838073640197666829728470815149804201975/181761011839844036261244487667802946810619117693126533044619244918697630259072763426512317167549528473722
24 17 10 21663766923525852899082444486342950602346364308214464159878215364859556618875096596783846352399724271747/181761011839844036261244487667802946810619117693126533044619244918697630259072763426512317167549528473722
24 18 1 11833265731588569589640770113698830005880493797713641018063834119084816831458058420440443752661769325698/30293501973307339376874081277967157801769852948854422174103207486449605043178793904418719527924921412287
24 18 4 14727157980919326392957770794230191384034791029992459476064579385663813156934591856416173067593863775972/30293501973307339376874081277967157801769852948854422174103207486449605043178793904418719527924921412287
24 18 7 120421879380627206266952915162520529414663487778978118708864321990354034025359471856842022828041558407/977209741074430302479809073482811541992575901575949102390426047949987259457380448529636113804029722977
24 19 4 8282708342477480554624163192081728388043653567102878245978459521313524112961484630925892414847421507809/60587003946614678753748162555934315603539705897708844348206414972899210086357587808837439055849842824574
24 19 9 31463287231577438148158085549978360510279526983981775149369238006027475636297156418345411392926391449207/90880505919922018130622243833901473405309558846563266522309622459348815129536381713256158583774764236861
24 19 11 93986312349256718301055826991601040625929103023854348007945390342702106647593996697043817137154481051881/181761011839844036261244487667802946810619117693126533044619244918697630259072763426512317167549528473722
24 20 0 12178593431974534525137565079762616857610897615170035071358508675306290510930870788610575932809391470642/30293501973307339376874081277967157801769852948854422174103207486449605043178793904418719527924921412287
24 20 3 77814253949756209396033152531587509627836096864603434447217119208911425871463621464630885780762626015/181761011839844036261244487667802946810619117693126533044619244918697630259072763426512317167549528473722
24 20 10 108611636994047072901023064036695658155325895905241719182020975747650975767616075073384230684912417023855/181761011839844036261244487667802946810619117693126533044619244918697630259072763426512317167549528473722
24 21 3 119776308984025995172579272351097460303534352900591350472083711047032035219310309638197822059755410422209/181761011839844036261244487667802946810619117693126533044619244918697630259072763426512317167549528473722
24 21 8 61984702855818041088665215316705486507084764792535182572535533871665595039762453788314495107794118051513/181761011839844036261244487667802946810619117693126533044619244918697630259072763426512317167549528473722
24 22 2 312202477470588951777379135053625015793902169194403600218372037267637684040566642904284992138064160921/30293501973307339376874081277967157801769852948854422174103207486449605043178793904418719527924921412287
24 22 5 25419636545632965913920560813036500517958763869626593158799370458913663525863385317176443100788423677169/30293501973307339376874081277967157801769852948854422174103207486449605043178793904418719527924921412287
24 22 7 4561662950203784511176141329877032268017186910033425415085464990268303833274841944337991434998433574197/30293501973307339376874081277967157801769852948854422174103207486449605043178793904418719527924921412287
24 23 1 165650140027032980045820320442527382947519549147571264029391314826658392956916142372089485445800943167503/181761011839844036261244487667802946810619117693126533044619244918697630259072763426512317167549528473722
24 23 4 167882977617568220969577251065109457031739195388061871584797112678772747754024335172164794348454023092/30293501973307339376874081277967157801769852948854422174103207486449605043178793904418719527924921412287
24 23 5 15103573947105646889606703718884907120909133373226897785719147415966600815632475043389842955657861167667/181761011839844036261244487667802946810619117693126533044619244918697630259072763426512317167549528473722
24 24 4 76392642514621089178670580808492083146334711960573338232101995662461960841216831495503572129395958042721/181761011839844036261244487667802946810619117693126533044619244918697630259072763426512317167549528473722
24 24 5 22047229925444306326976171081072835671965766526922462609460245653023129538729865678036073255874668922683/181761011839844036261244487667802946810619117693126533044619244918697630259072763426512317167549528473722
24 24 6 41660569699889320377798867889119013996159319602815366101528501801606269939563033126486335891139450754159/90880505919922018130622243833901473405309558846563266522309622459348815129536381713256158583774764236861
25 0 13 106995967541950024843301852116370924606249406181463017831259879106624803039201900792243393210105227698857/181761011839844036261244487667802946810619117693126533044619244918697630259072763426512317167549528473722
25 0 27 74765044297894011417942635551432022204369711511663515213359365812072827219870862634268923957444300774865/181761011839844036261244487667802946810619117693126533044619244918697630259072763426512317167549528473722
25 1 2 15367713533438819896025310420550480735061322559557586653059582567775329615828336516826957744618499542862/30293501973307339376874081277967157801769852948854422174103207486449605043178793904418719527924921412287
25 1 10 13879151053287494666483224279769687649006820978303728531388556332278684489266408961034913714584536774123/60587003946614678753748162555934315603539705897708844348206414972899210086357587808837439055849842824574
25 1 17 15972425826449544295214317435063666484410239800289942510698693505069866365434505814148609852028306964727/60587003946614678753748162555934315603539705897708844348206414972899210086357587808837439055849842824574
25 2 6 9079839520753605518599949057754647402874852233948414828164202632332073826509785204536308019315256218859/30293501973307339376874081277967157801769852948854422174103207486449605043178793904418719527924921412287
25 2 10 29307606590312131008821471685073709657127310986359480949074488279203448099077984929180208869589454934036/90880505919922018130622243833901473405309558846563266522309622459348815129536381713256158583774764236861
25 2 22 34333380767349070566000924975563821539557691158358541088742526283149145550929041170467025656239540646248/90880505919922018130622243833901473405309558846563266522309622459348815129536381713256158583774764236861
25 3 2 13729944307532411126709345528727931752371917536255312724175196493653320559298136960713746412424545924627/90880505919922018130622243833901473405309558846563266522309622459348815129536381713256158583774764236861
25 3 6 13720423329490285783906706838304567370963283282218040152619909312918694462331854113365101690701332093848/30293501973307339376874081277967157801769852948854422174103207486449605043178793904418719527924921412287
25 3 9 9095909699797351605336875873306175215619674042180574271796545524156367270796678317951655182131466618555/181761011839844036261244487667802946810619117693126533044619244918697630259072763426512317167549528473722
25 3 14 23454016288154931553852144332962357776152564685101514467227063195287584833365136664311762881364260541608/90880505919922018130622243833901473405309558846563266522309622459348815129536381713256158583774764236861
25 3 23 15974640971730284591344391041288788312170779514924063474298724139147285428958413178319033253632456359609/181761011839844036261244487667802946810619117693126533044619244918697630259072763426512317167549528473722
25 4 14 7752127412171648576241571488433838726763260078383425372251419704187289527003045119266994864443826978095/30293501973307339376874081277967157801769852948854422174103207486449605043178793904418719527924921412287
25 4 17 304675466055467488918199163360155999723862417677332406257861985015426174636805466547375690437659354577/60587003946614678753748162555934315603539705897708844348206414972899210086357587808837439055849842824574
25 4 20 44778073656215914112346820415706482150289323323264661197445713579509204857714692103756073636524529513807/60587003946614678753748162555934315603539705897708844348206414972899210086357587808837439055849842824574
25 5 3 34552192043874781989326771188773857523026387960802713999440009378096200689015412060055188305088486659459/181761011839844036261244487667802946810619117693126533044619244918697630259072763426512317167549528473722
25 5 5 46340987319348292548753253553563068747847183622892624197158134201040926776583678449572484706049194983759/181761011839844036261244487667802946810619117693126533044619244918697630259072763426512317167549528473722
25 5 16 12885952244675689587281781517316247853758876974483852824256702340441118586197815786580577981145113155723/60587003946614678753748162555934315603539705897708844348206414972899210086357587808837439055849842824574
25 5 18 62209975742593892961319118373517276978468915185979636375250994318237147034880225557142910212976507363335/181761011839844036261244487667802946810619117693126533044619244918697630259072763426512317167549528473722
25 6 13 8285777193603206509294236127679330666737012668409124888550091796019061051184268920667648600421583644517/60587003946614678753748162555934315603539705897708844348206414972899210086357587808837439055849842824574
25 6 14 21842615533460053926868980390061799341709231060441903055498751322743736428810773352679500111164724168973/60587003946614678753748162555934315603539705897708844348206414972899210086357587808837439055849842824574
25 6 15 21409434420375787607771503797871140374380792252699755847172141554939503639848972506474717423910901798281/60587003946614678753748162555934315603539705897708844348206414972899210086357587808837439055849842824574
25 6 17 9049176799175630709813442240322045220712669916158060556985430299196908966513573029015572920352633212803/60587003946614678753748162555934315603539705897708844348206414972899210086357587808837439055849842824574
25 7 4 4599558385824770612553250387622223966530152339780018460101796829308114807744181326484829530478152137051/60587003946614678753748162555934315603539705897708844348206414972899210086357587808837439055849842824574
25 7 8 26142106259530817577923495995399466412386206526293865955650521354692320132302849574617071758616365737601/60587003946614678753748162555934315603539705897708844348206414972899210086357587808837439055849842824574
25 7 9 14922669650629545281635708086456312612311673515817479966227048394449387573155278453867768883377662474961/30293501973307339376874081277967157801769852948854422174103207486449605043178793904418719527924921412287
25 8 6 18018131998630265978512526437008025007100226907337773087434866272863075084375925523646780984523987305808/90880505919922018130622243833901473405309558846563266522309622459348815129536381713256158583774764236861
25 8 11 8589739563571055529691532962144046239990719348551879927744475977193566954716160421541541388819895109648/90880505919922018130622243833901473405309558846563266522309622459348815129536381713256158583774764236861
25 8 12 45540134868121582413407900986317869442176593272553574836766882881828858502215909996955467900797690511094/90880505919922018130622243833901473405309558846563266522309622459348815129536381713256158583774764236861
25 8 16 6244166496533038069670094482810510905347339772706679556787799109154438196076128590370789436544397103437/30293501973307339376874081277967157801769852948854422174103207486449605043178793904418719527924921412287
25 9 1 14711646723714092611108461520039759174207042955669563400851150075824145000655917653633194382746513056615/90880505919922018130622243833901473405309558846563266522309622459348815129536381713256158583774764236861
25 9 4 63667759279810014083773892716845163999421673891527333639428298229223676715614933013952453335274745292956/90880505919922018130622243833901473405309558846563266522309622459348815129536381713256158583774764236861
25 9 15 18434770242805273261708088355661410386698161954062046497488979897285757045234732556080149404213017391507/181761011839844036261244487667802946810619117693126533044619244918697630259072763426512317167549528473722
25 9 17 6567429589990549609771690838371690076663522044670692466571368411316229781296329535260872327293994383073/181761011839844036261244487667802946810619117693126533044619244918697630259072763426512317167549528473722
25 10 3 6639560514399333336681538425440181207404072318749227592617269953261126961662307277986234190352271002107/30293501973307339376874081277967157801769852948854422174103207486449605043178793904418719527924921412287
25 10 10 4041921731752301807179186047899874244689688093006791449551605101139780264975100443425496889684976580217/90880505919922018130622243833901473405309558846563266522309622459348815129536381713256158583774764236861
25 10 12 66919902644971716313398442509681055538407653797308792294906207498425653979574359435871959123032974650323/90880505919922018130622243833901473405309558846563266522309622459348815129536381713256158583774764236861
25 11 1 6394982862167461482229070250288887358685435727616154898178667829623812961425230208101723855061388421501/181761011839844036261244487667802946810619117693126533044619244918697630259072763426512317167549528473722
25 11 4 8144449569768697618831918691451674360729803738806585658083216339675547028556552331760181433580302818005/181761011839844036261244487667802946810619117693126533044619244918697630259072763426512317167549528473722
25 11 6 1239528121142328566752474233113668441586320857743518460544862775668128401808192484265114402824325330544/30293501973307339376874081277967157801769852948854422174103207486449605043178793904418719527924921412287
25 11 7 7927994176165684419882532705245826602195262650582157450890837632808997459329138818324737263026931098453/30293501973307339376874081277967157801769852948854422174103207486449605043178793904418719527924921412287
25 11 17 1362893171571903077435326396431331438943526335811035288439649992524636198692451737615136243506300786994/2931629223223290907439427220448434625977727704727847307171278143849961778372141345588908341412089168931
25 11 19 13858534493300904219691610258581432807007872178232774568242429381004035391667492669486427393204824933303/90880505919922018130622243833901473405309558846563266522309622459348815129536381713256158583774764236861
25 12 7 85234142276982205711702363336349122016990861351035933889775181294252902667191586982848523380237998640277/181761011839844036261244487667802946810619117693126533044619244918697630259072763426512317167549528473722
25 12 9 14600708062233354331662776425732123049629368177593875915309379458057220709091883638938680179025080360479/30293501973307339376874081277967157801769852948854422174103207486449605043178793904418719527924921412287
25 12 11 8922621189461704559565465777061086495852047276527343662987786876101403337329874610031712713161047670571/181761011839844036261244487667802946810619117693126533044619244918697630259072763426512317167549528473722
25 13 4 38817669481560685079001319243890881621101350049122699431045721156210941348197999409660221915609090195730/90880505919922018130622243833901473405309558846563266522309622459348815129536381713256158583774764236861
25 13 15 52062836438361333051620924590010591784208208797440567091263901303137873781338382303595936668165674041131/90880505919922018130622243833901473405309558846563266522309622459348815129536381713256158583774764236861
25 14 0 950932573396774828193461560968346812884069317110107920067882141415144208838919512054515739507927222026/30293501973307339376874081277967157801769852948854422174103207486449605043178793904418719527924921412287
25 14 5 26773181020621663574439201868626128474442088024200794422255524952887790252516141818646352353179598277762/90880505919922018130622243833901473405309558846563266522309622459348815129536381713256158583774764236861
25 14 7 12923954449314725025064169200741321312877667030179293445813825840156667126453556468383372917458976038961/181761011839844036261244487667802946810619117693126533044619244918697630259072763426512317167549528473722
25 14 8 1620964935748109802388043348761678291959544519888809792250513680162747127842602377487310487122555515473/90880505919922018130622243833901473405309558846563266522309622459348815129536381713256158583774764236861
25 14 16 106343170037409115513365058666475931087633769672107383649386048963949023118868201493534524132438681516135/181761011839844036261244487667802946810619117693126533044619244918697630259072763426512317167549528473722
25 15 9 4620950398475535778082441333928941605031970128301041896747416230302118239575577079302895820804468297113/30293501973307339376874081277967157801769852948854422174103207486449605043178793904418719527924921412287
25 15 11 14633541804217001346303999843196825067663614940934704798294697003381852696100016718398631447819940450353/60587003946614678753748162555934315603539705897708844348206414972899210086357587808837439055849842824574
25 15 14 2724774774083245081802681266317567058188825994935689473688653981489541428783366105927031251514073322853/5863258446446581814878854440896869251955455409455694614342556287699923556744282691177816682824178337862
25 15 15 12833333019879610008977360439397121586791423128754896792451191550281789220517450755880539551163312165771/90880505919922018130622243833901473405309558846563266522309622459348815129536381713256158583774764236861
25 16 0 13512068557181994087888178925857358047431872777768263035612564832900383950554163065680521414313358388635/90880505919922018130622243833901473405309558846563266522309622459348815129536381713256158583774764236861
25 16 5 12971912421319112589037871002945120248292754791578247707407930711019651186549547842895809655309391046656/90880505919922018130622243833901473405309558846563266522309622459348815129536381713256158583774764236861
25 16 10 57462695099003922578200205793420757001406247627182471970596040281242187210078752932456812345094200391549/90880505919922018130622243833901473405309558846563266522309622459348815129536381713256158583774764236861
25 16 14 6933829842416988875495988111678238108178683650034283808693086634186592782353917872223015169057814410021/90880505919922018130622243833901473405309558846563266522309622459348815129536381713256158583774764236861
25 17 1 47409099008404574367557440322477031722138727460798732242634875908635816672390785312464759145073559257079/90880505919922018130622243833901473405309558846563266522309622459348815129536381713256158583774764236861
25 17 6 43471406911517443763064803511424441683170831385764534279674746550712998457145596400791399438701204979782/90880505919922018130622243833901473405309558846563266522309622459348815129536381713256158583774764236861
25 18 1 4086842558829989598696433207589001993163071280786283300490381785698011045604181323656792956482579608604/90880505919922018130622243833901473405309558846563266522309622459348815129536381713256158583774764236861
25 18 11 86793663361092028531925810626312471412146487565776983221819240673650804083932200389599365627292184628257/90880505919922018130622243833901473405309558846563266522309622459348815129536381713256158583774764236861
25 19 0 41159055819168310737099474086235999401659412431216826169289644898409604142103035519277476729578274899250/90880505919922018130622243833901473405309558846563266522309622459348815129536381713256158583774764236861
25 19 3 46638842036318939597623377408863610554939223465564069489835937874610504038633205641208030145621476803437/90880505919922018130622243833901473405309558846563266522309622459348815129536381713256158583774764236861
25 19 4 3423453704863541690039880171701238090931064683087518252116774598482205679366101886270987218699655814347/181761011839844036261244487667802946810619117693126533044619244918697630259072763426512317167549528473722
25 19 9 2741762424005993901758904505902488806490781216477223474251304774175208218234179219270316198450369254001/181761011839844036261244487667802946810619117693126533044619244918697630259072763426512317167549528473722
25 20 1 14230446427179700479242319975314008951965498047797139877041453588632541707367161268811993109687497256358/90880505919922018130622243833901473405309558846563266522309622459348815129536381713256158583774764236861
25 20 7 76650059492742317651379923858587464453344060798766126645268168870716273422169220444444165474087266980503/90880505919922018130622243833901473405309558846563266522309622459348815129536381713256158583774764236861
25 21 0 20146536927871180677652956669222690577483624586582138995920690921851789511534679722914789007974418748678/90880505919922018130622243833901473405309558846563266522309622459348815129536381713256158583774764236861
25 21 4 68688744813927723086739602538248656257430852559706199900016950475744768135177354205357643078551009210085/181761011839844036261244487667802946810619117693126533044619244918697630259072763426512317167549528473722
25 21 6 5301392853360488976685355968973016529439895175429328324879549450005095694502730431365524216756204800046/30293501973307339376874081277967157801769852948854422174103207486449605043178793904418719527924921412287
25 21 8 13656945350003672653028945325756936740527214969226695067827871966406236311269889062377316924170817655335/60587003946614678753748162555934315603539705897708844348206414972899210086357587808837439055849842824574
25 22 1 94405144939564469100982787378356922943825746701718613336510306741711336099591890129674489787103118425127/181761011839844036261244487667802946810619117693126533044619244918697630259072763426512317167549528473722
25 22 8 87355866900279567160261700289446023866793370991407919708108938176986294159480873296837827380446410048595/181761011839844036261244487667802946810619117693126533044619244918697630259072763426512317167549528473722
25 23 1 2066621108762178790259327005232519478461808705936830723824650905640850009968548670624019608945702600373/30293501973307339376874081277967157801769852948854422174103207486449605043178793904418719527924921412287
25 23 2 61701916356681941766857939415333719679525871206907668910238375729134828905146005711300185322014583770413/181761011839844036261244487667802946810619117693126533044619244918697630259072763426512317167549528473722
25 23 5 107659368830589021752830586221074110260322394250597879791432963755717701294115465691468014191860729101071/181761011839844036261244487667802946810619117693126533044619244918697630259072763426512317167549528473722
25 24 1 4158376146368992520140741129143300165582918621196872518632961324989137236848985628569140056702345737464/30293501973307339376874081277967157801769852948854422174103207486449605043178793904418719527924921412287
25 24 2 39219364865465329720797694496549288085030194748492203684841368849867551225082039505459742069819474118041/60587003946614678753748162555934315603539705897708844348206414972899210086357587808837439055849842824574
25 24 3 13050886788411363992668985801098427187343673906822895626099123473053384387577577046239416872625677231605/60587003946614678753748162555934315603539705897708844348206414972899210086357587808837439055849842824574
25 25 0 23947543786658675430729931292883025819878998398074220234902879419646946822090190593665997013875571304280/30293501973307339376874081277967157801769852948854422174103207486449605043178793904418719527924921412287
25 25 5 6345958186648663946144149985084131981890854550780201939200328066802658221088603310752722514049350108007/30293501973307339376874081277967157801769852948854422174103207486449605043178793904418719527924921412287
26 0 2 28355274886932631802028157898149641342528687572124271416389215966660622537211420497684045845245602458827/60587003946614678753748162555934315603539705897708844348206414972899210086357587808837439055849842824574
26 0 4 92079895833183332308825630969133781998897894395502803023395511582294106345159337380456573786412172714913/181761011839844036261244487667802946810619117693126533044619244918697630259072763426512317167549528473722
26 0 19 2307645672931404273167191502110120392067580290625457886028042718210828151139582276501802922700274191164/90880505919922018130622243833901473405309558846563266522309622459348815129536381713256158583774764236861
26 1 2 82790657685804257365985997493846926075590880126173030289493403508068621333680422591838399567495936486/30293501973307339376874081277967157801769852948854422174103207486449605043178793904418719527924921412287
26 1 15 32631791692276771768272704505938247781194575138170373524358651927097335423252614520600855957970660773381/181761011839844036261244487667802946810619117693126533044619244918697630259072763426512317167549528473722
26 1 17 5560281668306272494521885690506682752607018025251875919293201894341375851479015854112733417215406406649/90880505919922018130622243833901473405309558846563266522309622459348815129536381713256158583774764236861
26 1 18 58680851538947899617952539445625112374790530825955816893745141251771514114042084876577391541510237549986/90880505919922018130622243833901473405309558846563266522309622459348815129536381713256158583774764236861
26 1 19 20150209786944094723827016904638027218175899571783735712446946278326103176775864908980180894722604168155/181761011839844036261244487667802946810619117693126533044619244918697630259072763426512317167549528473722
26 2 2 2915000887748739279066387704057912266956414199201700501506613494491327791791270262662572191148543361463/30293501973307339376874081277967157801769852948854422174103207486449605043178793904418719527924921412287
26 2 19 7021756742283890151589333214213430668567452613542683455428466995401960178431125722247426564457341994779/60587003946614678753748162555934315603539705897708844348206414972899210086357587808837439055849842824574
26 2 20 47735245428833310044026053933605060401059424885762759889764720988514594324343921561264868109095414106869/60587003946614678753748162555934315603539705897708844348206414972899210086357587808837439055849842824574
26 3 8 27126042015036458155833938856583424803977413256251583303642369980330129920955996135148815210732143395513/60587003946614678753748162555934315603539705897708844348206414972899210086357587808837439055849842824574
26 3 17 24351024841458252867851851039354695773505915405280998680298836831901997273591903781886220131905577919412/90880505919922018130622243833901473405309558846563266522309622459348815129536381713256158583774764236861
26 3 19 51680836111818156058038969019343280851675047113809785773094461313903245949020967457293431271541942448359/181761011839844036261244487667802946810619117693126533044619244918697630259072763426512317167549528473722
26 4 1 11886148039101269748792215689627458519361601658311622759805433284172162823315216858165317990308855123091/60587003946614678753748162555934315603539705897708844348206414972899210086357587808837439055849842824574
26 4 4 171854195081343787941531417153621448761490727252007953277287856259635978300866664045786224265198481784/2931629223223290907439427220448434625977727704727847307171278143849961778372141345588908341412089168931
26 4 13 51139576468743067034870313319863414834547785753756220357892805984622532791185247378467144996722491035911/181761011839844036261244487667802946810619117693126533044619244918697630259072763426512317167549528473722
26 4 14 1948746537932625635115090679960902970165045331247616273323162823854300935451204166056601782649190438339/30293501973307339376874081277967157801769852948854422174103207486449605043178793904418719527924921412287
26 4 17 65763573620129326757109964661663100656116417447075370561611125630497270529762028224097887703774601483501/181761011839844036261244487667802946810619117693126533044619244918697630259072763426512317167549528473722
26 4 23 6851978311028764559822070674104108117667412440249883102568189419838102200818879082272973895788422084395/181761011839844036261244487667802946810619117693126533044619244918697630259072763426512317167549528473722
26 5 3 7437673195997507656329460352988538340931664873282742030633941248787379821895409902656983978243525686467/181761011839844036261244487667802946810619117693126533044619244918697630259072763426512317167549528473722
26 5 11 70533863288497628641151782177732951250488072833785431511209710586261669867457610757678274383187795397488/90880505919922018130622243833901473405309558846563266522309622459348815129536381713256158583774764236861
26 5 20 33255612066851271322611462959348505968711307152272927991565882497386910702262132008498784422930411992279/181761011839844036261244487667802946810619117693126533044619244918697630259072763426512317167549528473722
26 6 3 53370618316226551015940137947000687841156466185588961200377142664710463052032849682241745202681440880599/181761011839844036261244487667802946810619117693126533044619244918697630259072763426512317167549528473722
26 6 8 128390393523617485245304349720802258969462651507537571844242102253987167207039913744270571964868087593123/181761011839844036261244487667802946810619117693126533044619244918697630259072763426512317167549528473722
26 7 2 15666029424422139835485137711829862608906558751578906732349156983694585024669801809116537168150562978076/90880505919922018130622243833901473405309558846563266522309622459348815129536381713256158583774764236861
26 7 7 12245108159658163647636375774648321592051250022444178554168660739659114545561320141623425103000005962899/60587003946614678753748162555934315603539705897708844348206414972899210086357587808837439055849842824574
26 7 11 64943782087041448415971383285362417243511296332050972477322057062689102762633336065560019027920520768165/181761011839844036261244487667802946810619117693126533044619244918697630259072763426512317167549528473722
26 7 22 8124974404163969538565616939139306595523492298430868573348815278273668968402643886308158082387977310118/30293501973307339376874081277967157801769852948854422174103207486449605043178793904418719527924921412287
26 8 7 96359894129548028159062093193792875761825443869854907991177586402300982825121604685311111064161262659583/181761011839844036261244487667802946810619117693126533044619244918697630259072763426512317167549528473722
26 8 9 10024876310435755580857371278432404587346061690843451981748672646880710106385043541146971991506018976795/90880505919922018130622243833901473405309558846563266522309622459348815129536381713256158583774764236861
26 8 13 65351365089424496940467651917145261874101550441584721089944313222635227221181071658907262120376227860549/181761011839844036261244487667802946810619117693126533044619244918697630259072763426512317167549528473722
26 9 5 48257395116485144193406081909695097584266306974584168855802165488284156802345598293087629184876500716297/90880505919922018130622243833901473405309558846563266522309622459348815129536381713256158583774764236861
26 9 7 23363941493510311688279711386644263995048069699975646153304915062206786143771246207565634140338420155779/181761011839844036261244487667802946810619117693126533044619244918697630259072763426512317167549528473722
26 9 10 15803010344613383908869100589470911962607521553419008266716100284057084558974627043375146236090725863189/60587003946614678753748162555934315603539705897708844348206414972899210086357587808837439055849842824574
26 9 13 2412208179920547409924218448892625293202644897287587396593616337958546138947739917107664324864321549297/30293501973307339376874081277967157801769852948854422174103207486449605043178793904418719527924921412287
26 10 2 23850245605621604409406929161895862842295342787894386702716657239246551212543101506553950168616740723345/181761011839844036261244487667802946810619117693126533044619244918697630259072763426512317167549528473722
26 10 7 31045717290585163578955308297716353911868622154850633319300016128605118955412002082301954072068364263828/90880505919922018130622243833901473405309558846563266522309622459348815129536381713256158583774764236861
26 10 9 43933584301826551341700767136487095332266831647664575863932458792723100322941881244390966591002434968815/181761011839844036261244487667802946810619117693126533044619244918697630259072763426512317167549528473722
26 10 17 25942873675612776676113087386993640406159849473933151919685048314758870406381888255481746131896812126953/90880505919922018130622243833901473405309558846563266522309622459348815129536381713256158583774764236861
26 11 7 34035886970478770405760591274158645367099385748845800592273374916214571526782431518805535921276374145586/90880505919922018130622243833901473405309558846563266522309622459348815129536381713256158583774764236861
26 11 16 56844618949443247724861652559742828038210173097717465930036247543134243602753950194450622662498390091275/90880505919922018130622243833901473405309558846563266522309622459348815129536381713256158583774764236861
26 12 0 387736245903702326475494357724755386782715003003425898671005624671479588569119030457737072409068040435/60587003946614678753748162555934315603539705897708844348206414972899210086357587808837439055849842824574
26 12 7 4536771776629604101397769000542173524280213633846092484701547084801680316127676418733598102349243265153/181761011839844036261244487667802946810619117693126533044619244918697630259072763426512317167549528473722
26 12 12 69320660563496253688778567585227636753745454930321245581020295052222096365456521517818469998903939362513/90880505919922018130622243833901473405309558846563266522309622459348815129536381713256158583774764236861
26 12 14 6236618366418469633810516737271872269749974864937945283644015142572886407720781146794761308360867060373/30293501973307339376874081277967157801769852948854422174103207486449605043178793904418719527924921412287
26 13 10 17331544824250209419527874852897139483557189324760937022617012944153432230394641213826067180759950068356/90880505919922018130622243833901473405309558846563266522309622459348815129536381713256158583774764236861
26 13 12 73548961095671808711094368981004333921752369521802329499692609515195382899141740499430091403014814168505/90880505919922018130622243833901473405309558846563266522309622459348815129536381713256158583774764236861
26 14 1 1
26 15 3 37562395991565748925447325181825354300143699181508157632271013117626117147499357071533332705861752304045/181761011839844036261244487667802946810619117693126533044619244918697630259072763426512317167549528473722
26 15 6 144198615848278287335797162485977592510475418511618375412348231801071513111573406354978984461687776169677/181761011839844036261244487667802946810619117693126533044619244918697630259072763426512317167549528473722
26 16 4 21813029946152344758119647208007654805520608169748291275416939281011719036064471155792758093643679195607/60587003946614678753748162555934315603539705897708844348206414972899210086357587808837439055849842824574
26 16 5 7186936438492527350218253330053911653621696230122648564983205803843028554818549613848935105235410204311/90880505919922018130622243833901473405309558846563266522309622459348815129536381713256158583774764236861
26 16 6 26321514879421824153761571109592008483214495877871506649056134635627814470645973835420657073669736990615/90880505919922018130622243833901473405309558846563266522309622459348815129536381713256158583774764236861
26 16 10 8320903968023058136173068919306177109614996983409539507346759640268614829244778054913328222628979980675/181761011839844036261244487667802946810619117693126533044619244918697630259072763426512317167549528473722
26 16 13 6830685899589206807125471374196994168461651997413968213823831092742028711784254167613588384363202752729/30293501973307339376874081277967157801769852948854422174103207486449605043178793904418719527924921412287
26 17 7 9796778630439266663749392659429896869197821811374882222659335195084887310676813846864342793571515559323/90880505919922018130622243833901473405309558846563266522309622459348815129536381713256158583774764236861
26 17 11 11681531476261378011401260578477738098609727466387614574743447535946558123515218323030635381594455078503/90880505919922018130622243833901473405309558846563266522309622459348815129536381713256158583774764236861
26 17 13 23134065271073791151823863531997946145834003189600256574968946576105789898448116514453726802869597866345/30293501973307339376874081277967157801769852948854422174103207486449605043178793904418719527924921412287
26 18 5 2472867164676147234915111813728032106308468731235116129334299776823212459276803546433358506364778607045/5863258446446581814878854440896869251955455409455694614342556287699923556744282691177816682824178337862
26 18 9 1597083373074302487670196502845404398632512439891378442708263092066035062433380655390889910167689562097/60587003946614678753748162555934315603539705897708844348206414972899210086357587808837439055849842824574
26 18 10 50155439807830282257932715966848869159579524852581898853565581280489969417095855760452766869869161484518/90880505919922018130622243833901473405309558846563266522309622459348815129536381713256158583774764236861
26 19 4 5408867878667526123044255547131870581337848624982462179185364969866882674592573878276372533757732196731/90880505919922018130622243833901473405309558846563266522309622459348815129536381713256158583774764236861
26 19 8 8482413781144056840713040588869344263002545623393671697658880112099098033931714361855287157085332141594/30293501973307339376874081277967157801769852948854422174103207486449605043178793904418719527924921412287
26 19 10 60024396697822321485438866520161570034964073351399789250147617153184638353148664749413924578761035615348/90880505919922018130622243833901473405309558846563266522309622459348815129536381713256158583774764236861
26 20 6 37970350684848966848419660220790820292244908811263475283231660725256268818193876202201328526884733918593/60587003946614678753748162555934315603539705897708844348206414972899210086357587808837439055849842824574
26 20 8 9530099203371948715014221781581750130919734821798476113548203272587530820593699338181603083511012934419/60587003946614678753748162555934315603539705897708844348206414972899210086357587808837439055849842824574
26 20 9 6543277029196881595157140276780872590187531132323446475713275487527705223785006134227253722727047985781/30293501973307339376874081277967157801769852948854422174103207486449605043178793904418719527924921412287
26 21 4 20112825351809107839732251516998496640868522189164329338270290788224590507700609323082983546948134003347/60587003946614678753748162555934315603539705897708844348206414972899210086357587808837439055849842824574
26 21 8 567794084153494462957966997084525472887612876032466524093765370979400065936425537255834086147678486188/30293501973307339376874081277967157801769852948854422174103207486449605043178793904418719527924921412287
26 21 9 39338590426498581988099977044766768016895957956479581961748593442715819446784127411242787336606351848851/60587003946614678753748162555934315603539705897708844348206414972899210086357587808837439055849842824574
26 22 2 25419636545632965913920560813036500517958763869626593158799370458913663525863385317176443100788423677169/30293501973307339376874081277967157801769852948854422174103207486449605043178793904418719527924921412287
26 22 5 4873865427674373462953520464930657283811089079227829015303837027535941517315408587242276427136497735118/30293501973307339376874081277967157801769852948854422174103207486449605043178793904418719527924921412287
26 23 0 1
26 24 1 1130011086258816514912618224115829139013185869964213541199895312187814523932250671868005908385113057538/2931629223223290907439427220448434625977727704727847307171278143849961778372141345588908341412089168931
26 24 3 26698404364197266770898889484310401435226166791098778076121804999231637896786773494764260734634288719636/90880505919922018130622243833901473405309558846563266522309622459348815129536381713256158583774764236861
26 24 5 29151757881701439397432189402000368660674630086573868668991062782294926990849837390583714689201970733547/90880505919922018130622243833901473405309558846563266522309622459348815129536381713256158583774764236861
26 25 1 23272554356474366756375820735667341366117690095309173681726429121237329294629026975599646731328348496335/181761011839844036261244487667802946810619117693126533044619244918697630259072763426512317167549528473722
26 25 3 158488457483369669504868666932135605444501427597817359362892815797460300964443736450912670436221179977387/181761011839844036261244487667802946810619117693126533044619244918697630259072763426512317167549528473722
26 26 0 42609492361371230982636104875518952460890624666338334606507740485127959827555620704846251934968239770553/60587003946614678753748162555934315603539705897708844348206414972899210086357587808837439055849842824574
26 26 4 17977511585243447771112057680415363142649081231370509741698674487771250258801967103991187120881603054021/60587003946614678753748162555934315603539705897708844348206414972899210086357587808837439055849842824574
27 0 8 36675145772133371198440093742684482165066056219854204981802554782152555822851309581463152180703997919222/90880505919922018130622243833901473405309558846563266522309622459348815129536381713256158583774764236861
27 0 9 15093258918661466592585308656193719356198586733180060896113988101700630582398813643952092809207729770821/90880505919922018130622243833901473405309558846563266522309622459348815129536381713256158583774764236861
27 0 10 31345271397265242931655007136380409013704836106737826071388001886247845862352293070252692644349570507447/181761011839844036261244487667802946810619117693126533044619244918697630259072763426512317167549528473722
27 0 20 46878931060989117747538675733666134754384995680320175217398157264743411586220223905429134543376502586189/181761011839844036261244487667802946810619117693126533044619244918697630259072763426512317167549528473722
27 1 9 57289616672291175938994844945011345978782472458072407514790613255661312812031534806849174739734870812190/90880505919922018130622243833901473405309558846563266522309622459348815129536381713256158583774764236861
27 1 21 33590889247630842191627398888890127426527086388490859007519009203687502317504846906406983844039893424671/90880505919922018130622243833901473405309558846563266522309622459348815129536381713256158583774764236861
27 2 5 15472093531275298853924543689879776528029687595367187933844267386795280083788453938484714081985363524621/90880505919922018130622243833901473405309558846563266522309622459348815129536381713256158583774764236861
27 2 12 57288286740295123236395956830312359409226646883920017047152926111956457300793332175379945469824051947026/90880505919922018130622243833901473405309558846563266522309622459348815129536381713256158583774764236861
27 2 13 18120125648351596040301743313709337468053224367276061541312428960597077744954595599391499031965348765214/90880505919922018130622243833901473405309558846563266522309622459348815129536381713256158583774764236861
27 3 4 9442243124762658002049862231745476737625519131207598502582104068059603714797473636445005723850775122326/30293501973307339376874081277967157801769852948854422174103207486449605043178793904418719527924921412287
27 3 10 55608068033058342806674080255239449128542600529818898542355566531313623782977131552215116201461000688871/90880505919922018130622243833901473405309558846563266522309622459348815129536381713256158583774764236861
27 3 14 1913146534258223107834100470486828514346283606763285391443773362659530065243802938536958075093492072751/60587003946614678753748162555934315603539705897708844348206414972899210086357587808837439055849842824574
27 3 22 8151977422376733312094852355390702584741951025953288770084167359734170208602249687801176196242400143771/181761011839844036261244487667802946810619117693126533044619244918697630259072763426512317167549528473722
27 4 16 113940165637722355449940464654955548388828566488758587473280857133883977669068699613833712458053625729075/181761011839844036261244487667802946810619117693126533044619244918697630259072763426512317167549528473722
27 4 19 10197027665462693443549998296081949031019701740517698059528141802321818452037688348717254225759981406173/90880505919922018130622243833901473405309558846563266522309622459348815129536381713256158583774764236861
27 4 20 15808930290398764641401342140227833453250382574444183150760701393390005228642895705081365419325313310767/60587003946614678753748162555934315603539705897708844348206414972899210086357587808837439055849842824574
27 5 8 14567908684477688116323808343623524819771234022140824700245334522453265467395712327327031253763249023931/60587003946614678753748162555934315603539705897708844348206414972899210086357587808837439055849842824574
27 5 15 1353940593386285937908224821987867399998833398403966810306287247299070208567225836967175194157899214441/30293501973307339376874081277967157801769852948854422174103207486449605043178793904418719527924921412287
27 5 16 43311214075364418761607904568335055983770805078760086027348505955847804201827423807576057413770795371761/60587003946614678753748162555934315603539705897708844348206414972899210086357587808837439055849842824574
27 6 12 50812648180279828012039244061578105791908995635529701948256289413616806431926740464594344231862755101228/90880505919922018130622243833901473405309558846563266522309622459348815129536381713256158583774764236861
27 6 13 34693165875679584070290944846640938123222608214773079252896214114180216441734148996546585794492980057467/181761011839844036261244487667802946810619117693126533044619244918697630259072763426512317167549528473722
27 6 15 15147516534534932055625018232668599034526172735764683298403483992427933651161711166925680969777012737933/60587003946614678753748162555934315603539705897708844348206414972899210086357587808837439055849842824574
27 7 10 45131970541731574241319481217894668631240941873457841106826316120861665609915342858242903765662853723559/181761011839844036261244487667802946810619117693126533044619244918697630259072763426512317167549528473722
27 7 11 5977452699416124118314063393619093375171347186702748067377693509287030767128944616282779330428342980849/60587003946614678753748162555934315603539705897708844348206414972899210086357587808837439055849842824574
27 7 15 41129162596914222250675815068677842270554084671417674735596239397129548067309583151488761443060930999463/90880505919922018130622243833901473405309558846563266522309622459348815129536381713256158583774764236861
27 7 18 6073059667672607527271864355282552252125994152787516377411228245952629368858570069407258754079963968115/30293501973307339376874081277967157801769852948854422174103207486449605043178793904418719527924921412287
27 8 8 8830917780965312249265070995967498572288159161216730441138234860472560607549775966972211346519633179545/90880505919922018130622243833901473405309558846563266522309622459348815129536381713256158583774764236861
27 8 14 13925763615273763620941071692779964558920516424862007550067824109489074829379795532703358458488255260781/60587003946614678753748162555934315603539705897708844348206414972899210086357587808837439055849842824574
27 8 18 31012606843137911606853283762079539808417823139581535152524377530025481721167687446680733968460637579834/90880505919922018130622243833901473405309558846563266522309622459348815129536381713256158583774764236861
27 8 19 20098890581938765895394854357789658790815201272314659735696849269744773704499483333698783720708073724207/60587003946614678753748162555934315603539705897708844348206414972899210086357587808837439055849842824574
27 9 8 5016363060061211914358019648187946343796598238154067449744527639239416461119310143863658227096383588967/181761011839844036261244487667802946810619117693126533044619244918697630259072763426512317167549528473722
27 9 10 16358738154407031187666903920712289647526165797625174724874766096321147462475365032349581925516682196993/181761011839844036261244487667802946810619117693126533044619244918697630259072763426512317167549528473722
27 9 14 80192955312687896579609782049451355409648176828673645434999975591568533167739044125149538507468231343881/90880505919922018130622243833901473405309558846563266522309622459348815129536381713256158583774764236861
27 10 7 10448855646578728273062337937727499644618402282722884188881387090577769489184687145357671545516904307037/60587003946614678753748162555934315603539705897708844348206414972899210086357587808837439055849842824574
27 10 15 50138148300035950480685824618206815958921303614985960159325027882321440597172900663479767510332938517537/60587003946614678753748162555934315603539705897708844348206414972899210086357587808837439055849842824574
27 11 0 25077551540010028094993420853860941995911202944636222687440300869049707693257074699261370269831013164263/60587003946614678753748162555934315603539705897708844348206414972899210086357587808837439055849842824574
27 11 5 30471785564407881792521336948716047686416373736295448675618875550561642065642512522136805081462265189481/90880505919922018130622243833901473405309558846563266522309622459348815129536381713256158583774764236861
27 11 12 28839315995838120118290472183269511949776316924425815303629522592270570851336247368659390352584891646239/181761011839844036261244487667802946810619117693126533044619244918697630259072763426512317167549528473722
27 11 18 2790911682526678045488513170919752250046074077033525387905178103025775366113377819299200973757844492622/30293501973307339376874081277967157801769852948854422174103207486449605043178793904418719527924921412287
27 12 1 16104322543771578950853829538986453846970347907446288377978731193022396620191801288839834588782397090830/30293501973307339376874081277967157801769852948854422174103207486449605043178793904418719527924921412287
27 12 6 14189179429535760426020251738980703954799505041408133796124476293427208422986992615578884939142524321457/30293501973307339376874081277967157801769852948854422174103207486449605043178793904418719527924921412287
27 13 8 39960622114801131491691714034268294474802470649753588898273303785646788713479224639230367358303298701993/90880505919922018130622243833901473405309558846563266522309622459348815129536381713256158583774764236861
27 13 11 50919883805120886638930529799633178930507088196809677624036318673702026416057157074025791225471465534868/90880505919922018130622243833901473405309558846563266522309622459348815129536381713256158583774764236861
27 14 9 27143288806901133180345502880090800963665448480349798384152634788808051425704793753208215431970359698192/90880505919922018130622243833901473405309558846563266522309622459348815129536381713256158583774764236861
27 14 11 63737217113020884950276740953810672441644110366213468138156987670540763703831587960047943151804404538669/90880505919922018130622243833901473405309558846563266522309622459348815129536381713256158583774764236861
27 15 4 1
27 16 1 287547648228033996014654249950533669865587806703582007777822719274113895847003555561705105017149750843/977209741074430302479809073482811541992575901575949102390426047949987259457380448529636113804029722977
27 16 8 51412877052634046838106896012214368815063187576918806797965938880176386234934240256801851897944909160065/90880505919922018130622243833901473405309558846563266522309622459348815129536381713256158583774764236861
27 16 10 628341799418226292826953070217877306800020278265857722835322504484392011717291785723587741938032754379/30293501973307339376874081277967157801769852948854422174103207486449605043178793904418719527924921412287
27 16 12 10840672183826130784671643365633841372346644411413759832500203173226660545678935432044968693420829985260/90880505919922018130622243833901473405309558846563266522309622459348815129536381713256158583774764236861
27 17 0 1
27 18 0 2577441731067872232925972830057186789552928782357432016500885553916448065606215317669355161515997584575/181761011839844036261244487667802946810619117693126533044619244918697630259072763426512317167549528473722
27 18 9 61713442879427224197242840643368038130128516088429335099363061765577902990332631803380475796751944010002/90880505919922018130622243833901473405309558846563266522309622459348815129536381713256158583774764236861
27 18 12 55756684349921715633832833551009683760809156733910430829392235833625376212801284502082010412529642869143/181761011839844036261244487667802946810619117693126533044619244918697630259072763426512317167549528473722
27 19 0 8975571607889663725850098148638759841697148516559041440303539280418843440079443860840573054126433869261/181761011839844036261244487667802946810619117693126533044619244918697630259072763426512317167549528473722
27 19 1 35369894474778839023068159502698473651530779079076030261347251253634656476104860786156641043658781682733/60587003946614678753748162555934315603539705897708844348206414972899210086357587808837439055849842824574
27 19 5 33337878403808927733094955505534383007164815969669700410136975938687408695339368603600910491223374778131/90880505919922018130622243833901473405309558846563266522309622459348815129536381713256158583774764236861
27 20 2 661880874178891649240927413443340178504753790858638843453346553406775807282607804371382663491510719398/977209741074430302479809073482811541992575901575949102390426047949987259457380448529636113804029722977
27 20 3 58573354988620433293035955614810086099107076496555104727849568865828418678636248191970510872347772039679/181761011839844036261244487667802946810619117693126533044619244918697630259072763426512317167549528473722
27 20 10 77814253949756209396033152531587509627836096864603434447217119208911425871463621464630885780762626015/181761011839844036261244487667802946810619117693126533044619244918697630259072763426512317167549528473722
27 21 6 20603998831790010520058788724563860560505618065341573427320489162595183758536037245426105706165068294637/90880505919922018130622243833901473405309558846563266522309622459348815129536381713256158583774764236861
27 21 7 70276507088132007610563455109337612844803940781221693094989133296753631371000344467830052877609695942224/90880505919922018130622243833901473405309558846563266522309622459348815129536381713256158583774764236861
27 22 4 14010790661023669257465555531842000270196302506615179954788121082740090512179657128266261007445938229122/30293501973307339376874081277967157801769852948854422174103207486449605043178793904418719527924921412287
27 22 6 16282711312283670119408525746125157531573550442239242219315086403709514530999136776152458520478983183165/30293501973307339376874081277967157801769852948854422174103207486449605043178793904418719527924921412287
27 23 1 3711145160237983473868205193880446992328716309934284672280024658194137242345329030678714068074369703981/181761011839844036261244487667802946810619117693126533044619244918697630259072763426512317167549528473722
27 23 3 57533939526085399364750736513342414533007966125860525111651105742098225530854193224213134221495416388044/90880505919922018130622243833901473405309558846563266522309622459348815129536381713256158583774764236861
27 23 7 20993995875811751352624936482412556917424823043823732716345669592102347318339682649135778218828108664551/60587003946614678753748162555934315603539705897708844348206414972899210086357587808837439055849842824574
27 24 2 3618792297733661260037729044878545284773288585781327969652944292587735197104191877079527316469065583585/181761011839844036261244487667802946810619117693126533044619244918697630259072763426512317167549528473722
27 24 5 79702347102044979495560006733359482707545350619849404233404059310624804682021874375893144465809835924733/181761011839844036261244487667802946810619117693126533044619244918697630259072763426512317167549528473722
27 24 6 49219936220032697752823375944782459409150239243747900420781120657742545189973348586769822692635313482702/90880505919922018130622243833901473405309558846563266522309622459348815129536381713256158583774764236861
27 25 2 32515886462103744232516390813365011701278725131859135842794315385971767003233253305356801129123854266837/60587003946614678753748162555934315603539705897708844348206414972899210086357587808837439055849842824574
27 25 5 28071117484510934521231771742569303902260980765849708505412099586927443083124334503480637926725988557737/60587003946614678753748162555934315603539705897708844348206414972899210086357587808837439055849842824574
27 26 0 17977511585243447771112057680415363142649081231370509741698674487771250258801967103991187120881603054021/60587003946614678753748162555934315603539705897708844348206414972899210086357587808837439055849842824574
27 26 3 42609492361371230982636104875518952460890624666338334606507740485127959827555620704846251934968239770553/60587003946614678753748162555934315603539705897708844348206414972899210086357587808837439055849842824574
27 27 1 31274294068471851155707821411316977616903787240678422308985702230639062300791083779057561645197428814226/90880505919922018130622243833901473405309558846563266522309622459348815129536381713256158583774764236861
27 27 2 49101460136621629550968796931946477633528189219498821704241123219666229629783272304276405721034093195143/90880505919922018130622243833901473405309558846563266522309622459348815129536381713256158583774764236861
27 27 3 3501583904942845807981875163546006051625860795462007503027599003014507732987341876640730405847747409164/30293501973307339376874081277967157801769852948854422174103207486449605043178793904418719527924921412287
28 0 10 41225839055966501511486612873746332521569033073491710272611859440756719036260478940113035179429902379993/181761011839844036261244487667802946810619117693126533044619244918697630259072763426512317167549528473722
28 0 12 49457702656832094208456857258546411035442686650847270411296641624323323068209350769500739584361788689097/181761011839844036261244487667802946810619117693126533044619244918697630259072763426512317167549528473722
28 0 15 15179578354507573423550169589251700542267899661464592060118457308936264692433822286149757067292972900772/30293501973307339376874081277967157801769852948854422174103207486449605043178793904418719527924921412287
28 1 19 3/31
28 1 22 28/31
28 2 11 15204393815188689289778074940299786438078673965140520116357908119824735629559331326355964825881599956915/181761011839844036261244487667802946810619117693126533044619244918697630259072763426512317167549528473722
28 2 16 62048412439801814097263749421315452620687877738269838041727029792816622043307863422527989284197062493953/181761011839844036261244487667802946810619117693126533044619244918697630259072763426512317167549528473722
28 2 17 54112755884802724366711345977941622102464340865117520549970296860888047354425895238749788650499982820907/181761011839844036261244487667802946810619117693126533044619244918697630259072763426512317167549528473722
28 2 19 14603481727107414993403221435599464031673814045921854576693119694795737330651637766748970303958406326616/90880505919922018130622243833901473405309558846563266522309622459348815129536381713256158583774764236861
28 2 20 21188486245835978520684874457047157586040597032754945183177770755576750570476397905380633799054070548715/181761011839844036261244487667802946810619117693126533044619244918697630259072763426512317167549528473722
28 3 5 94744866540228478341263525078460203226346667483668382855117153370451813946592886611697690283170745562785/181761011839844036261244487667802946810619117693126533044619244918697630259072763426512317167549528473722
28 3 14 54883950660339049482738747422917295016332509689058908816634244645796722975436445491064496544143921626271/181761011839844036261244487667802946810619117693126533044619244918697630259072763426512317167549528473722
28 3 16 16066097319638254218621107583212724283969970260199620686433923451224546668521715661875065170117430642333/90880505919922018130622243833901473405309558846563266522309622459348815129536381713256158583774764236861
28 4 7 14509654272045137460610039782275095693403082695386435288007441592468151319371632522923628997829653382384/90880505919922018130622243833901473405309558846563266522309622459348815129536381713256158583774764236861
28 4 10 22120267924652792113650233755313223447741620362983349781877922799686230152441982332619887001063184271143/181761011839844036261244487667802946810619117693126533044619244918697630259072763426512317167549528473722
28 4 13 130621435371100969226374174347939531976071331939370312686726438934075097467887516048045172170827037437811/181761011839844036261244487667802946810619117693126533044619244918697630259072763426512317167549528473722
28 5 10 1
28 6 6 65733749260339556635957813503565496946977730228700449867723859830300552654672036669265645362913619912215/181761011839844036261244487667802946810619117693126533044619244918697630259072763426512317167549528473722
28 6 12 26547981976127974180491522701716029923701275908649798666883112738092663398317751196877482061550028883569/90880505919922018130622243833901473405309558846563266522309622459348815129536381713256158583774764236861
28 6 14 4280184383900704259275648128901161670003044989962748276824327254665321175269454628189229414626185939019/90880505919922018130622243833901473405309558846563266522309622459348815129536381713256158583774764236861
28 6 16 54370929859447122745752332503003066676232745667200989289480505102881108457226315107113248852283478916331/181761011839844036261244487667802946810619117693126533044619244918697630259072763426512317167549528473722
28 7 10 16965014761948529145437637835893325519546536260957512378051815895649636124081590225552095083340655622088/90880505919922018130622243833901473405309558846563266522309622459348815129536381713256158583774764236861
28 7 11 87173422308631615888974052285479848544026341847698682080424516960561855322398506807236223612042305100577/181761011839844036261244487667802946810619117693126533044619244918697630259072763426512317167549528473722
28 7 17 60657560007315362081395159710536447227499703323512826208091096166836502688511076168171903388825912128969/181761011839844036261244487667802946810619117693126533044619244918697630259072763426512317167549528473722
28 8 6 72862373921291752152109717396893448398209331939225493434874756186485740045160456189609377599250776931053/90880505919922018130622243833901473405309558846563266522309622459348815129536381713256158583774764236861
28 8 8 18018131998630265978512526437008025007100226907337773087434866272863075084375925523646780984523987305808/90880505919922018130622243833901473405309558846563266522309622459348815129536381713256158583774764236861
28 9 9 80977823388355939787669786560283959915397647867995713740682772357174031902973503508361394299797089918277/181761011839844036261244487667802946810619117693126533044619244918697630259072763426512317167549528473722
28 9 11 100783188451488096473574701107518986895221469825130819303936472561523598356099259918150922867752438555445/181761011839844036261244487667802946810619117693126533044619244918697630259072763426512317167549528473722
28 10 3 5797442802472202741064022067717208292421410750768846572770925677655830079213171773166017044178829636349/60587003946614678753748162555934315603539705897708844348206414972899210086357587808837439055849842824574
28 10 11 102025418328056486874547795233272734097328307310231700940791927572049150787623750299545181619642514880429/181761011839844036261244487667802946810619117693126533044619244918697630259072763426512317167549528473722
28 10 13 31171632552185470581752313115689293918013289065294146192757270156840494616904748903734542207685262342123/90880505919922018130622243833901473405309558846563266522309622459348815129536381713256158583774764236861
28 11 8 98957758873842136291067518734404301669479155494007806268712488284637195695002182682537769348340002450775/181761011839844036261244487667802946810619117693126533044619244918697630259072763426512317167549528473722
28 11 9 21436003485436213324627771005590247843905519522058219163711037007480010243322164490249856469538726643167/181761011839844036261244487667802946810619117693126533044619244918697630259072763426512317167549528473722
28 11 15 10227874913427614440924866321301399549539073779510084602032619937763404053458069375620781891611799896630/30293501973307339376874081277967157801769852948854422174103207486449605043178793904418719527924921412287
28 12 6 15983702506416516840437136327925583538498110089136879296894768272520278091448215519301833360451437649007/60587003946614678753748162555934315603539705897708844348206414972899210086357587808837439055849842824574
28 12 7 29633980925401918689242841659062858985980523683845255317584721157767747966991572097713342101355362235867/181761011839844036261244487667802946810619117693126533044619244918697630259072763426512317167549528473722
28 12 12 629763571557079010877623061830764224091094656657394420367422436129240426025340416519760818411359835129/90880505919922018130622243833901473405309558846563266522309622459348815129536381713256158583774764236861
28 12 14 51458198126039204514467495450650904380481037214277925497807687035555283582842931968926976674008566810288/90880505919922018130622243833901473405309558846563266522309622459348815129536381713256158583774764236861
28 13 3 51788454976293856272810068232645014584117281508798759618775601638744392286864455471134718785703981612555/90880505919922018130622243833901473405309558846563266522309622459348815129536381713256158583774764236861
28 13 7 1196515844748781271564491383993891689675385950617762911988094889653012946526383885696172396827485023672/30293501973307339376874081277967157801769852948854422174103207486449605043178793904418719527924921412287
28 13 8 35502503409381818043118701449274783752166119485911218167569736151645384003092774585032922607588327553290/90880505919922018130622243833901473405309558846563266522309622459348815129536381713256158583774764236861
28 14 5 72572302330577300232387775399397780216383003455393976511976446940462313049424908447353129824158608799101/181761011839844036261244487667802946810619117693126533044619244918697630259072763426512317167549528473722
28 14 8 90733459981463413935158476675525060035995364360604737004792329981331174019933680565318161171400900751/30293501973307339376874081277967157801769852948854422174103207486449605043178793904418719527924921412287
28 14 13 108644308749377955545245761408352016234020142051568928110614043998347330165528252895767278376362514270115/181761011839844036261244487667802946810619117693126533044619244918697630259072763426512317167549528473722
28 15 3 1479500919580147395946330238416737909226104400150061965120429497298486197382045353674739760243668515584/90880505919922018130622243833901473405309558846563266522309622459348815129536381713256158583774764236861
28 15 9 48604058342482919883495549596192363166458137953601927749302079013671494624750888827965922550313703552486/90880505919922018130622243833901473405309558846563266522309622459348815129536381713256158583774764236861
28 15 12 40796946657858950851180363999292372329625316492811276807887113948378834307403447531615496273217392168791/90880505919922018130622243833901473405309558846563266522309622459348815129536381713256158583774764236861
28 16 0 23020510279540736832595608350535750157082688790415729450514695388766942077182870777090591451903412363229/90880505919922018130622243833901473405309558846563266522309622459348815129536381713256158583774764236861
28 16 9 67291893944348585284403023186431306634620757520858402307263870503449305669313333871296227525507470795859/90880505919922018130622243833901473405309558846563266522309622459348815129536381713256158583774764236861
28 16 12 568101696032696013623612296934416613606112535289134764531056567132567383040177064869339606363881077773/90880505919922018130622243833901473405309558846563266522309622459348815129536381713256158583774764236861
28 17 3 2102815423943381979118722025668786165699623641860070046536959053208414522722195939508627110206409673125/30293501973307339376874081277967157801769852948854422174103207486449605043178793904418719527924921412287
28 17 4 14535904594842271982533061210721292769904738928225741557704949172440331190128382375142591008615606284779/30293501973307339376874081277967157801769852948854422174103207486449605043178793904418719527924921412287
28 17 12 13654781954521685415222298041577078866165490378768610569861299260800859330328215589767501409102905454383/30293501973307339376874081277967157801769852948854422174103207486449605043178793904418719527924921412287
28 18 2 144851921545400741661920216522496156808170858195871031218873781044716305728263054802213431864704654438401/181761011839844036261244487667802946810619117693126533044619244918697630259072763426512317167549528473722
28 18 3 36909090294443294599324271145306790002448259497255501825745463873981324530809708624298885302844874035321/181761011839844036261244487667802946810619117693126533044619244918697630259072763426512317167549528473722
28 19 4 25898150955733354501900174327669075132805384520628019746469082046089531752750268694490272741543305523915/90880505919922018130622243833901473405309558846563266522309622459348815129536381713256158583774764236861
28 19 6 12466021137547091997767674308332067167095038994068753064894671896343795952514419631790941713034779756132/30293501973307339376874081277967157801769852948854422174103207486449605043178793904418719527924921412287
28 19 10 27584291551547387635419046581236196771219057343728987581156524724227895519242854123393060703127119444550/90880505919922018130622243833901473405309558846563266522309622459348815129536381713256158583774764236861
28 20 2 34247174716027018233214712010902364141625102371415211633307721747845473827662595917424824876255060533929/181761011839844036261244487667802946810619117693126533044619244918697630259072763426512317167549528473722
28 20 4 114596402666345417739139522971262308082107544933074528449653415255950428557638125706938717153080085817921/181761011839844036261244487667802946810619117693126533044619244918697630259072763426512317167549528473722
28 20 8 16458717228735800144445126342819137293443235194318396480829053957450863936886020901074387569107191060936/90880505919922018130622243833901473405309558846563266522309622459348815129536381713256158583774764236861
28 21 0 1307304163820547334330070619744295179096015149744465902705485037556822934621922586478692020617278478983/30293501973307339376874081277967157801769852948854422174103207486449605043178793904418719527924921412287
28 21 1 59683503365751972648223908955003469542593789616680369287939380757106463246099287030846067307280156394517/181761011839844036261244487667802946810619117693126533044619244918697630259072763426512317167549528473722
28 21 2 4754158371648419232854159320005046099494623040361709907828106332637984567770851863613184215575572436790/30293501973307339376874081277967157801769852948854422174103207486449605043178793904418719527924921412287
28 21 5 85708733261278264209915199074303429596481498935809108893478315940422321998616829695114992443112266584567/181761011839844036261244487667802946810619117693126533044619244918697630259072763426512317167549528473722
28 22 1 4561662950203784511176141329877032268017186910033425415085464990268303833274841944337991434998433574197/30293501973307339376874081277967157801769852948854422174103207486449605043178793904418719527924921412287
28 22 7 25731839023103554865697939948090125533752666038820996759017742496181301209903951960080728092926487838090/30293501973307339376874081277967157801769852948854422174103207486449605043178793904418719527924921412287
28 23 4 22592899689665027749062431250932851054171053455134207982242721725837307689655167415866256427369956462265/60587003946614678753748162555934315603539705897708844348206414972899210086357587808837439055849842824574
28 23 7 37994104256949651004685731305001464549368652442574636365963693247061902396702420392971182628479886362309/60587003946614678753748162555934315603539705897708844348206414972899210086357587808837439055849842824574
28 24 0 30242062472857192919406837566638268635377622430934297010221097038253620693361226516526781820811020268007/90880505919922018130622243833901473405309558846563266522309622459348815129536381713256158583774764236861
28 24 1 43375033806791728607908855498880869599152041014082029189213983806559153177089653999640555253729222240791/90880505919922018130622243833901473405309558846563266522309622459348815129536381713256158583774764236861
28 24 4 2136483371932386927128195081232463205300175071647825296996044806435373410258275633793662158501326882819/30293501973307339376874081277967157801769852948854422174103207486449605043178793904418719527924921412287
28 24 5 10853959524475935821921965524684945554879370186603464431886407195229921028310674295707835033730541079606/90880505919922018130622243833901473405309558846563266522309622459348815129536381713256158583774764236861
28 25 0 6345958186648663946144149985084131981890854550780201939200328066802658221088603310752722514049350108007/30293501973307339376874081277967157801769852948854422174103207486449605043178793904418719527924921412287
28 25 1 28071117484510934521231771742569303902260980765849708505412099586927443083124334503480637926725988557737/60587003946614678753748162555934315603539705897708844348206414972899210086357587808837439055849842824574
28 25 5 19823970088806416340228090843196747737497016030298731964393659252366450561056046683851356101025154050823/60587003946614678753748162555934315603539705897708844348206414972899210086357587808837439055849842824574
28 26 1 38094415156682111476650459985693116652838511468190243672204635663139360442561731595269255358035498631821/90880505919922018130622243833901473405309558846563266522309622459348815129536381713256158583774764236861
28 26 2 52786090763239906653971783848208356752471047378373022850104986796209454686974650117986903225739265605040/90880505919922018130622243833901473405309558846563266522309622459348815129536381713256158583774764236861
28 27 2 3501583904942845807981875163546006051625860795462007503027599003014507732987341876640730405847747409164/30293501973307339376874081277967157801769852948854422174103207486449605043178793904418719527924921412287
28 27 3 26791918068364493568892206114421151750143992153392414671075608483435097310191452027777989122077174003123/30293501973307339376874081277967157801769852948854422174103207486449605043178793904418719527924921412287
28 28 0 1
29 0 10 8538360792048548107515217128416070788032897431369884532994689485245062797078166086717733288159395584837/60587003946614678753748162555934315603539705897708844348206414972899210086357587808837439055849842824574
29 0 14 908955428232781071880299446019497637930815342969489780099973684281682432652716345253107640060755116565/60587003946614678753748162555934315603539705897708844348206414972899210086357587808837439055849842824574
29 0 18 25569843863166674787176322990749373588787996561684735017555875901686232428313352688433299063814846061586/30293501973307339376874081277967157801769852948854422174103207486449605043178793904418719527924921412287
29 1 10 26898124550772774551773624298282987728286240349455401711673982740895011493348157823972285400295808776648/90880505919922018130622243833901473405309558846563266522309622459348815129536381713256158583774764236861
29 1 11 13543728056314787989528884618199713276157339962203300129814850110215510397661756929404094646713566307049/181761011839844036261244487667802946810619117693126533044619244918697630259072763426512317167549528473722
29 1 13 38140344893994566389389451484345752692629765677337476497152143108897365624904896949721217240081448204459/60587003946614678753748162555934315603539705897708844348206414972899210086357587808837439055849842824574
29 2 14 16587297559038620643600081540759180237748798742650492285355755831196123363371935540354189430818930530073/30293501973307339376874081277967157801769852948854422174103207486449605043178793904418719527924921412287
29 2 17 13706204414268718733273999737207977564021054206203929888747451655253481679806858364064530097105990882214/30293501973307339376874081277967157801769852948854422174103207486449605043178793904418719527924921412287
29 3 11 57955137204602618580157616013347067409360909639486121457402387791198999365033798187630257452887319229177/181761011839844036261244487667802946810619117693126533044619244918697630259072763426512317167549528473722
29 3 12 6217106637209048418446049284917748690061003755819570172290555112434204635326195283766841129104037220793/60587003946614678753748162555934315603539705897708844348206414972899210086357587808837439055849842824574
29 3 15 30887056849862146564635535424340167300677877985395027180582892039042346724007648815668244478169565544667/60587003946614678753748162555934315603539705897708844348206414972899210086357587808837439055849842824574
29 3 19 12493384174027832731842117526682131429041562829996619528596515673068976816037432940576802892841400948165/181761011839844036261244487667802946810619117693126533044619244918697630259072763426512317167549528473722
29 4 5 5663103563157783921086852407727329248321012792280179148948979837302392444790269230903611537027031846257/181761011839844036261244487667802946810619117693126533044619244918697630259072763426512317167549528473722
29 4 9 17337846836971410150241483218032388612637816930273807723151453496940902820623725944130852648746913063296/30293501973307339376874081277967157801769852948854422174103207486449605043178793904418719527924921412287
29 4 15 72070827254857791438708735951881285886471203319203507556761544099749820890540138530823589738041018247689/181761011839844036261244487667802946810619117693126533044619244918697630259072763426512317167549528473722
29 5 6 35214782087728380606468389646987616391721327455118137195132959952188466023341858546053886497821051174106/90880505919922018130622243833901473405309558846563266522309622459348815129536381713256158583774764236861
29 5 12 55665723832193637524153854186913857013588231391445129327176662507160349106194523167202272085953713062755/90880505919922018130622243833901473405309558846563266522309622459348815129536381713256158583774764236861
29 6 6 781908560884644432478715740712608932998876121844175744943049202386260456176776647689188710856730442032/90880505919922018130622243833901473405309558846563266522309622459348815129536381713256158583774764236861
29 6 9 66193765051789936157037539297908612385543305621080686434878410959394481210667846163829441448288855560853/90880505919922018130622243833901473405309558846563266522309622459348815129536381713256158583774764236861
29 6 16 7968277435749145847035329598426750695589125701212801447496054099189357820897252967245842808209726077992/30293501973307339376874081277967157801769852948854422174103207486449605043178793904418719527924921412287
29 7 7 71305424814831942252285053963917386037836424001576008244917547816382606129974427464812815608399009561171/181761011839844036261244487667802946810619117693126533044619244918697630259072763426512317167549528473722
29 7 12 144443875426030495516170815775878040027398071877543621967387560107231634168767110517630647933323509791/1954419482148860604959618146965623083985151803151898204780852095899974518914760897059272227608059445954
29 7 16 48511153305195628962977773918364451525117336503469483978367327006171241075701497341779925650675716250994/90880505919922018130622243833901473405309558846563266522309622459348815129536381713256158583774764236861
29 8 12 45340371051800435717214342847583603963132965574009691685542739577519956627320471716300690682977073725767/90880505919922018130622243833901473405309558846563266522309622459348815129536381713256158583774764236861
29 8 13 8574974929345735487073413540197124498008173158313394329593799418451564749306770432807942039480583066302/30293501973307339376874081277967157801769852948854422174103207486449605043178793904418719527924921412287
29 8 16 19815210080084375952187660365726495948152073797613391847985484626474164254295598698531641782355941312188/90880505919922018130622243833901473405309558846563266522309622459348815129536381713256158583774764236861
29 9 10 58996621325798426673485140989338960637635193617622166759798088985102614559836758632018648266880334343581/90880505919922018130622243833901473405309558846563266522309622459348815129536381713256158583774764236861
29 9 12 29966411895101416339490411904456201965229544050168309411889445267961138916693271253825415109692238323063/90880505919922018130622243833901473405309558846563266522309622459348815129536381713256158583774764236861
29 9 16 1917472699022175117646690940106310802444821178772790350622088206285061653006351827412095207202191570217/90880505919922018130622243833901473405309558846563266522309622459348815129536381713256158583774764236861
29 10 10 17853128382683438311531428582805770053699285078662655507417300749017599242443018439870321112850492606724/30293501973307339376874081277967157801769852948854422174103207486449605043178793904418719527924921412287
29 10 11 12440373590623901065342652695161387748070567870191766666685906737432005800735775464548398415074428805563/30293501973307339376874081277967157801769852948854422174103207486449605043178793904418719527924921412287
29 11 8 15901429119877567025894464088423141389304789950535461821934943403259343655041699527175554760516134115665/60587003946614678753748162555934315603539705897708844348206414972899210086357587808837439055849842824574
29 11 12 36795089277825289723306844313473125046584262968677802417453469326749413353806909150611782815842246446633/181761011839844036261244487667802946810619117693126533044619244918697630259072763426512317167549528473722
29 11 17 1568736051651387830004100824017103187034201368916812018731628151325325579679689607973772097905788381937/2931629223223290907439427220448434625977727704727847307171278143849961778372141345588908341412089168931
29 12 5 27550969493981347084823227063389654428974298132464899549005920323141857808270863283162794730962135417485/90880505919922018130622243833901473405309558846563266522309622459348815129536381713256158583774764236861
29 12 9 34273973324431987011591169405809227119377330946600923225728621279146122933120192430871531066819186810041/90880505919922018130622243833901473405309558846563266522309622459348815129536381713256158583774764236861
29 12 16 29055563101508684034207847364702591856957929767497443747575080857060834388145325999221832785993442009335/90880505919922018130622243833901473405309558846563266522309622459348815129536381713256158583774764236861
29 13 2 30161400520697078375823843337443027235597409372877309761072113501327052458035315622703454830186984268083/181761011839844036261244487667802946810619117693126533044619244918697630259072763426512317167549528473722
29 13 11 37782664129342601899812983659929485225707538362949441422632128631060995123711219067557048950172671831373/90880505919922018130622243833901473405309558846563266522309622459348815129536381713256158583774764236861
29 13 13 25344761020153918028598225670166983041202210531450113479427624718416195851205003222898254812339066847631/60587003946614678753748162555934315603539705897708844348206414972899210086357587808837439055849842824574
29 14 6 1893165315692500044193518778788253472067530612970624003264890670106740649902403419183264970636758217726/90880505919922018130622243833901473405309558846563266522309622459348815129536381713256158583774764236861
29 14 8 88987340604229518086428725055113219933242028233592642519044731789242074479633978294072893613138006019135/90880505919922018130622243833901473405309558846563266522309622459348815129536381713256158583774764236861
29 15 3 33284004870587279553629289265132847476870085277197496866375629815683685035336538733962218823076249643447/60587003946614678753748162555934315603539705897708844348206414972899210086357587808837439055849842824574
29 15 5 27302999076027399200118873290801468126669620620511347481830785157215525051021049074875220232773593181127/60587003946614678753748162555934315603539705897708844348206414972899210086357587808837439055849842824574
29 16 6 777508271422605275013749870645173994751936156852655630779974045302571688707751270859483692074495843813/60587003946614678753748162555934315603539705897708844348206414972899210086357587808837439055849842824574
29 16 7 59809495675192073478734412685289141608787769740856188717426440927596638397649836537977955363775346980761/60587003946614678753748162555934315603539705897708844348206414972899210086357587808837439055849842824574
29 17 3 62437408081179628085491497390932546292766304450415375378599400513289924685745670644675685603975122863147/181761011839844036261244487667802946810619117693126533044619244918697630259072763426512317167549528473722
29 17 5 34145451184585354343300679901910814074561131979411743269568313032995477460677597683186394665850968881733/90880505919922018130622243833901473405309558846563266522309622459348815129536381713256158583774764236861
29 17 9 4811898737267024526775485958730107960747975413121206233552206883478648378160830223664825910589687274282/90880505919922018130622243833901473405309558846563266522309622459348815129536381713256158583774764236861
29 17 10 41408903914959650435600658555588556447234598457645258659778804572459453895650236968134190410693093298545/181761011839844036261244487667802946810619117693126533044619244918697630259072763426512317167549528473722
29 18 3 45679693390731850530596425990116677109842836496658275496648225472389771424015238012979624603136800218230/90880505919922018130622243833901473405309558846563266522309622459348815129536381713256158583774764236861
29 18 7 45200812529190167600025817843784796295466722349904991025661396986959043705521143700276533980637964018631/90880505919922018130622243833901473405309558846563266522309622459348815129536381713256158583774764236861
29 19 5 34286073469857159589477257351232634300915426881580774271715895199577414360978471556505415516764126558155/60587003946614678753748162555934315603539705897708844348206414972899210086357587808837439055849842824574
29 19 6 26300930476757519164270905204701681302624279016128070076490519773321795725379116252332023539085716266419/60587003946614678753748162555934315603539705897708844348206414972899210086357587808837439055849842824574
29 20 6 61507732067587446433932918030383524979645674854032221302302717732664320335553139816693584388747420925129/181761011839844036261244487667802946810619117693126533044619244918697630259072763426512317167549528473722
29 20 8 120253279772256589827311569637419421830973442839094311742316527186033309923519623609818732778802107548593/181761011839844036261244487667802946810619117693126533044619244918697630259072763426512317167549528473722
29 21 2 16343182713277779496193390903422916471094811979850322859871687426206839574876632665692842039053401021477/90880505919922018130622243833901473405309558846563266522309622459348815129536381713256158583774764236861
29 21 4 26366895485244494827654065289279400315291349282963672564895711039139545300396790625952861724077058626798/90880505919922018130622243833901473405309558846563266522309622459348815129536381713256158583774764236861
29 21 5 32109085782403463931729353748484712327224853635576152199473333354339608629226925721747286707360122271319/181761011839844036261244487667802946810619117693126533044619244918697630259072763426512317167549528473722
29 21 6 19274490066005918408655975280907935450367605354782532512788236361178038221908337437201381464102967244190/90880505919922018130622243833901473405309558846563266522309622459348815129536381713256158583774764236861
29 21 9 8560929842794728954836090324032576669962243607452441656678213970436391811827438749023620001907517472491/60587003946614678753748162555934315603539705897708844348206414972899210086357587808837439055849842824574
29 22 0 18515545579964029289649128684844530131466711612022907781535984462853773579872661134171148455162663592283/90880505919922018130622243833901473405309558846563266522309622459348815129536381713256158583774764236861
29 22 2 2200464205931080727662846457793003691680830453586684621883619339434179712204439394779600915116476011521/60587003946614678753748162555934315603539705897708844348206414972899210086357587808837439055849842824574
29 22 4 30364958418636259511154205034457311371466270430891799816746553467984849349793834157525316125841490354809/60587003946614678753748162555934315603539705897708844348206414972899210086357587808837439055849842824574
29 22 6 23516826403106978482747537910681470679122195907822632082828378785366497956666310250627634567175151095083/90880505919922018130622243833901473405309558846563266522309622459348815129536381713256158583774764236861
29 23 2 120059095483162094494386548252469227131093246486218864134380869189562801353926757715212131845534944703309/181761011839844036261244487667802946810619117693126533044619244918697630259072763426512317167549528473722
29 23 3 2513058292289741533428033511572902021374117015523477061394271247437314522848664603232730818862648674252/30293501973307339376874081277967157801769852948854422174103207486449605043178793904418719527924921412287
29 23 6 41826855161383663376977254040335425141042477879835380744181591843306060654107563791712365783213148331759/181761011839844036261244487667802946810619117693126533044619244918697630259072763426512317167549528473722
29 23 7 799451906926638198218747384260147068373115205655237632948526066867480185657742383365239104270923898857/30293501973307339376874081277967157801769852948854422174103207486449605043178793904418719527924921412287
29 24 0 60638443447064825211215406267263204769931936415628969512088525421095194436175155196729376762963743968854/90880505919922018130622243833901473405309558846563266522309622459348815129536381713256158583774764236861
29 24 2 30242062472857192919406837566638268635377622430934297010221097038253620693361226516526781820811020268007/90880505919922018130622243833901473405309558846563266522309622459348815129536381713256158583774764236861
29 25 2 28071117484510934521231771742569303902260980765849708505412099586927443083124334503480637926725988557737/60587003946614678753748162555934315603539705897708844348206414972899210086357587808837439055849842824574
29 25 3 23272554356474366756375820735667341366117690095309173681726429121237329294629026975599646731328348496335/181761011839844036261244487667802946810619117693126533044619244918697630259072763426512317167549528473722
29 25 4 37137552514918432970586675852213846868859242650134116923328258518338985857535366470235378328021607152088/90880505919922018130622243833901473405309558846563266522309622459348815129536381713256158583774764236861
29 26 3 17977511585243447771112057680415363142649081231370509741698674487771250258801967103991187120881603054021/60587003946614678753748162555934315603539705897708844348206414972899210086357587808837439055849842824574
29 26 4 42609492361371230982636104875518952460890624666338334606507740485127959827555620704846251934968239770553/60587003946614678753748162555934315603539705897708844348206414972899210086357587808837439055849842824574
29 27 0 1
29 28 1 29/31
29 28 2 2/31
29 29 0 1/31
29 29 1 30/31
30 0 14 10812469034500923880843106571652682108796556018282202939154504722375057710985112384044048647332506820659/90880505919922018130622243833901473405309558846563266522309622459348815129536381713256158583774764236861
30 0 15 9225527333157389154547647720423162953943402970591174205092025496022127236730302865457007008467933645992/30293501973307339376874081277967157801769852948854422174103207486449605043178793904418719527924921412287
30 0 16 52391454885948926786136194100979302434682793916507540967879041248907375708360360732841088911038456478226/90880505919922018130622243833901473405309558846563266522309622459348815129536381713256158583774764236861
30 1 12 24093458114198471749374637007082248053419776494752494468298257513736417924326759869697616563821246105091/90880505919922018130622243833901473405309558846563266522309622459348815129536381713256158583774764236861
30 1 14 12527844626821661459052097186983681087942773350994667651952031978732481246229791953299126607028297889152/30293501973307339376874081277967157801769852948854422174103207486449605043178793904418719527924921412287
30 1 17 29203513925258562004091315265868182088061462298826769098155269009414953466520245983661162198868624464314/90880505919922018130622243833901473405309558846563266522309622459348815129536381713256158583774764236861
30 2 11 11902828933082781645851309113343649465758401940368431580479938167641626567167756978506983353005164656817/90880505919922018130622243833901473405309558846563266522309622459348815129536381713256158583774764236861
30 2 15 33348928411975314935618171613813935825222148429388978437817139858238589071431615662442083669661838827411/60587003946614678753748162555934315603539705897708844348206414972899210086357587808837439055849842824574
30 2 18 57908568737752528162687354599673840403435868524222734570207949008698609910442402482172099452553682677855/181761011839844036261244487667802946810619117693126533044619244918697630259072763426512317167549528473722
30 3 13 157324527878781192372965001765081114165525048485999254429802833397090637865820194343589225836896534871329/181761011839844036261244487667802946810619117693126533044619244918697630259072763426512317167549528473722
30 3 15 24436483961062843888279485902721832645094069207127278614816411521606992393252569082923091330652993602393/181761011839844036261244487667802946810619117693126533044619244918697630259072763426512317167549528473722
30 4 14 98979018201935916770050610045433606961789812713748043776728401626859188911052196807324068276532166861215/181761011839844036261244487667802946810619117693126533044619244918697630259072763426512317167549528473722
30 4 15 82781993637908119491193877622369339848829304979378489267890843291838441348020566619188248891017361612507/181761011839844036261244487667802946810619117693126533044619244918697630259072763426512317167549528473722
30 5 9 161887741201373757421560714584067966662243215120516915908146330605691145151000070866639892438907910772137/181761011839844036261244487667802946810619117693126533044619244918697630259072763426512317167549528473722
30 5 15 19873270638470278839683773083734980148375902572609617136472914313006485108072692559872424728641617701585/181761011839844036261244487667802946810619117693126533044619244918697630259072763426512317167549528473722
30 6 11 1
30 7 12 55609498994539693291118013133113132170758579547664103397506378672901315360179808315488268707987005921839/60587003946614678753748162555934315603539705897708844348206414972899210086357587808837439055849842824574
30 7 13 4977504952074985462630149422821183432781126350044740950700036299997894726177779493349170347862836902735/60587003946614678753748162555934315603539705897708844348206414972899210086357587808837439055849842824574
30 8 8 25118310071198471517738218685842614738105318188670751951665322037463986468514053144059169552159055902421/181761011839844036261244487667802946810619117693126533044619244918697630259072763426512317167549528473722
30 8 10 117927666481973077878410039815143380182840104934045776316832633373700638813613583822105234194798786539491/181761011839844036261244487667802946810619117693126533044619244918697630259072763426512317167549528473722
30 8 13 6452505881112081144182704861136158648278949095068334129353548251255500829490854410057985570098614338635/30293501973307339376874081277967157801769852948854422174103207486449605043178793904418719527924921412287
30 9 11 80977823388355939787669786560283959915397647867995713740682772357174031902973503508361394299797089918277/181761011839844036261244487667802946810619117693126533044619244918697630259072763426512317167549528473722
30 9 12 100783188451488096473574701107518986895221469825130819303936472561523598356099259918150922867752438555445/181761011839844036261244487667802946810619117693126533044619244918697630259072763426512317167549528473722
30 10 6 35216508755681986622317256120913345298143412734556141578834847808662980605173137604258122220571187439690/90880505919922018130622243833901473405309558846563266522309622459348815129536381713256158583774764236861
30 10 9 54024137305857145671531101936500144004088868177213286007242977119576474766420626298096881318648249615779/90880505919922018130622243833901473405309558846563266522309622459348815129536381713256158583774764236861
30 10 13 546619952794295278924628592162661367692425978264612978743932510369786585980872603633718348185109060464/30293501973307339376874081277967157801769852948854422174103207486449605043178793904418719527924921412287
30 11 10 69032657101626320984223696008033945740052793232720402377070556684483950379267938674144311913464329404674/90880505919922018130622243833901473405309558846563266522309622459348815129536381713256158583774764236861
30 11 13 21847848818295697146398547825867527665256765613842864145239065774864864750268443039111846670310434832187/90880505919922018130622243833901473405309558846563266522309622459348815129536381713256158583774764236861
30 12 5 17443940306954385631328487853727905906874292397850364920514731037452032554993141780685925078002584724999/181761011839844036261244487667802946810619117693126533044619244918697630259072763426512317167549528473722
30 12 8 33951120209282459029198856431985076889034912438853711209695343452560912672165070440346272279185222474167/181761011839844036261244487667802946810619117693126533044619244918697630259072763426512317167549528473722
30 12 11 10131181998371106402320559126603204953174613405752428786031962786052709402519013694369550031604831624809/30293501973307339376874081277967157801769852948854422174103207486449605043178793904418719527924921412287
30 12 12 6976693928289561810322017728947690809157669753194875506973968323665826112684839926305975922153155013073/30293501973307339376874081277967157801769852948854422174103207486449605043178793904418719527924921412287
30 12 13 13859347881821591162430841124392294720358106951369315578186791885186735970345714740713482043906900723632/90880505919922018130622243833901473405309558846563266522309622459348815129536381713256158583774764236861
30 13 7 35122364326231059106995127933254555585570599799034693529242305777774144810568138770456396638078244923973/60587003946614678753748162555934315603539705897708844348206414972899210086357587808837439055849842824574
30 13 9 25464639620383619646753034622679760017969106098674150818964109195125065275789449038381042417771597900601/60587003946614678753748162555934315603539705897708844348206414972899210086357587808837439055849842824574
30 14 7 26698409097276088466830599534768398034760676371938580880232352703890277623273660145019785845667365070993/60587003946614678753748162555934315603539705897708844348206414972899210086357587808837439055849842824574
30 14 10 33888594849338590286917563021165917568779029525770263467974062269008932463083927663817653210182477753581/60587003946614678753748162555934315603539705897708844348206414972899210086357587808837439055849842824574
30 15 8 1
30 16 4 7441395737410358529915753025133991659663878354312881896334988030823196459584970063279654322379003392929/30293501973307339376874081277967157801769852948854422174103207486449605043178793904418719527924921412287
30 16 6 4089853460217179746086454704409142189030139273123404930779582371339815685537340707841695223999566676163/5863258446446581814878854440896869251955455409455694614342556287699923556744282691177816682824178337862
30 16 11 10327180148649312953069873680315588992701530100423688812442263222224165249905381103741839289288941155095/181761011839844036261244487667802946810619117693126533044619244918697630259072763426512317167549528473722
30 17 5 56735054735336663787321563931990659330748426867151523252741309426353337668858784030069763917923795355128/90880505919922018130622243833901473405309558846563266522309622459348815129536381713256158583774764236861
30 17 6 27872662237175096173736659240292742546202033749777764181793173253575809102928141499899098769139226960629/181761011839844036261244487667802946810619117693126533044619244918697630259072763426512317167549528473722
30 17 7 13472746710665204170954900187842961867640076736348574119114484270805048606142351288824563520854236934279/60587003946614678753748162555934315603539705897708844348206414972899210086357587808837439055849842824574
30 18 6 104505534633680922378733127372200683466683556610751966855486356946589813028620368631568326225923008670847/181761011839844036261244487667802946810619117693126533044619244918697630259072763426512317167549528473722
30 18 8 77255477206163113882511360295602263343935561082374566189132887972107817230452394794943990941626519802875/181761011839844036261244487667802946810619117693126533044619244918697630259072763426512317167549528473722
30 19 5 12227034622654702026622804603036277893543205109044809409197607442590569785458611549794249634810399242995/181761011839844036261244487667802946810619117693126533044619244918697630259072763426512317167549528473722
30 19 6 9354031194762975593941908734568499966725348893443268141926551406889822455949632292923532090694567045891/60587003946614678753748162555934315603539705897708844348206414972899210086357587808837439055849842824574
30 19 7 90570207167144414433150660477983556784357485124148679034487526967096556324376719058092368226145201232573/181761011839844036261244487667802946810619117693126533044619244918697630259072763426512317167549528473722
30 19 8 39572845906753410016917197813476122587587870573771809079783135168864990331196962355985067711754551956397/181761011839844036261244487667802946810619117693126533044619244918697630259072763426512317167549528473722
30 19 9 5664415279501291501364049284800744822477255102915715547685660559738023225095786791935017661377837452042/90880505919922018130622243833901473405309558846563266522309622459348815129536381713256158583774764236861
30 20 3 16119245901270991049219555208787578026169522089578343026623802076464846034095702521625778105943384677817/60587003946614678753748162555934315603539705897708844348206414972899210086357587808837439055849842824574
30 20 5 44467758045343687704528607347146737577370183808130501321582612896434364052261885287211660949906458146757/60587003946614678753748162555934315603539705897708844348206414972899210086357587808837439055849842824574
30 21 1 20504639817342366032013896663002508896972145239823159829176966800039589772328883521735805309562963618235/90880505919922018130622243833901473405309558846563266522309622459348815129536381713256158583774764236861
30 21 2 574202286216402823185470678187990371108884289694448299676721570475683605905063127137717050306714919841/2931629223223290907439427220448434625977727704727847307171278143849961778372141345588908341412089168931
30 21 5 10657198799360384686599989140835800814485460853623545325277932603989283271871501334941673002846189936306/30293501973307339376874081277967157801769852948854422174103207486449605043178793904418719527924921412287
30 21 7 20603998831790010520058788724563860560505618065341573427320489162595183758536037245426105706165068294637/90880505919922018130622243833901473405309558846563266522309622459348815129536381713256158583774764236861
30 22 2 214295324041382544740445117210068137328050801996598405106844968537876205854798411072549076207927853054/2931629223223290907439427220448434625977727704727847307171278143849961778372141345588908341412089168931
30 22 3 2717333899181908362698982103238366488649676902731248902064433175312085572517342934516359265204161315877/2931629223223290907439427220448434625977727704727847307171278143849961778372141345588908341412089168931
30 23 3 25807391516967394165587406785840352808179241674132310226475702974938646030136194679344831905691401826061/90880505919922018130622243833901473405309558846563266522309622459348815129536381713256158583774764236861
30 23 4 37658338301714514562746576802871245635305174051798512622794099021704356901194371722626853039782978316125/60587003946614678753748162555934315603539705897708844348206414972899210086357587808837439055849842824574
30 23 5 17171213900765704241829943687508504288345112189466374723285541903707267495217258899942094236817789873225/181761011839844036261244487667802946810619117693126533044619244918697630259072763426512317167549528473722
30 24 3 89211542746215410741439751295886862378135762390460290014078264501074201302766485298265545080403919339635/181761011839844036261244487667802946810619117693126533044619244918697630259072763426512317167549528473722
30 24 4 92549469093628625519804736371916084432483355302666243030540980417623428956306278128246772087145609134087/181761011839844036261244487667802946810619117693126533044619244918697630259072763426512317167549528473722
30 25 1 37137552514918432970586675852213846868859242650134116923328258518338985857535366470235378328021607152088/90880505919922018130622243833901473405309558846563266522309622459348815129536381713256158583774764236861
30 25 4 53742953405003585160035567981687626536450316196429149598981363941009829272001015243020780255753157084773/90880505919922018130622243833901473405309558846563266522309622459348815129536381713256158583774764236861
30 26 1 52786090763239906653971783848208356752471047378373022850104986796209454686974650117986903225739265605040/90880505919922018130622243833901473405309558846563266522309622459348815129536381713256158583774764236861
30 26 2 38094415156682111476650459985693116652838511468190243672204635663139360442561731595269255358035498631821/90880505919922018130622243833901473405309558846563266522309622459348815129536381713256158583774764236861
30 27 1 59606211851450166974914422422584495788405771605884844213323920228709752828745297934198596938577335422635/90880505919922018130622243833901473405309558846563266522309622459348815129536381713256158583774764236861
30 27 2 31274294068471851155707821411316977616903787240678422308985702230639062300791083779057561645197428814226/90880505919922018130622243833901473405309558846563266522309622459348815129536381713256158583774764236861
30 28 1 2/31
30 28 2 29/31
30 29 0 30/31
30 29 1 1/31
30 30 0 1
