# exact hook decomposition of the 23-box: a s i value
0 0 0 1/23
0 0 1 1/23
0 0 2 1/23
0 0 3 1/23
0 0 4 1/23
0 0 5 1/23
0 0 6 1/23
0 0 7 1/23
0 0 8 1/23
0 0 9 1/23
0 0 10 1/23
0 0 11 1/23
0 0 12 1/23
0 0 13 1/23
0 0 14 1/23
0 0 15 1/23
0 0 16 1/23
0 0 17 1/23
0 0 18 1/23
0 0 19 1/23
0 0 20 1/23
0 0 21 1/23
0 0 22 1/23
1 0 2 3/23
1 0 11 3/23
1 0 12 3/23
1 0 13 3/23
1 0 14 3/23
1 0 17 3/23
1 0 18 3/23
1 0 21 1/23
1 0 22 1/23
1 1 0 3/23
1 1 3 3/23
1 1 5 3/23
1 1 7 3/23
1 1 9 3/23
1 1 15 3/23
1 1 19 3/23
1 1 21 2/23
2 0 1 5/23
2 0 7 125844326995424331855936340225005953857161300905026/30848926736698722922069108321067978986722491193323547
2 0 8 5/23
2 0 10 3772084398622028239166706665776246220988611032101715/30848926736698722922069108321067978986722491193323547
2 0 11 3897928725617452571022643006001252174845772333006741/30848926736698722922069108321067978986722491193323547
2 0 20 2934204022399433265630925577934183993516278357751230/30848926736698722922069108321067978986722491193323547
2 0 22 5/23
2 1 3 5/23
2 1 5 5/23
2 1 9 125844326995424331855936340225005953857161300905026/30848926736698722922069108321067978986722491193323547
2 1 12 3897928725617452571022643006001252174845772333006741/30848926736698722922069108321067978986722491193323547
2 1 14 5/23
2 1 16 5239186409821744871982169454743338217746750210977330/30848926736698722922069108321067978986722491193323547
2 1 17 1467102011199716632815462788967091996758139178875615/30848926736698722922069108321067978986722491193323547
2 2 0 5/23
2 2 7 6580444094026037172941695903485424260647728088947919/30848926736698722922069108321067978986722491193323547
2 2 10 2808359695404008933774989237709178039659117056846204/30848926736698722922069108321067978986722491193323547
2 2 11 2808359695404008933774989237709178039659117056846204/30848926736698722922069108321067978986722491193323547
2 2 16 1467102011199716632815462788967091996758139178875615/30848926736698722922069108321067978986722491193323547
2 2 18 3772084398622028239166706665776246220988611032101715/30848926736698722922069108321067978986722491193323547
2 2 19 5/23
3 0 0 11662309343609447088106076987425517734025127815163949/61697853473397445844138216642135957973444982386647094
3 0 4 17870819124903977445232633393988458554400016602316183/61697853473397445844138216642135957973444982386647094
3 0 14 7/23
3 0 16 2231186237670654849561022663055462847401024612929786/10282975578899574307356369440355992995574163731107849
3 1 0 3121114791137017398162518877368839651901071347888983/61697853473397445844138216642135957973444982386647094
3 1 1 15656492787723074815270851405020364948712618943699263/61697853473397445844138216642135957973444982386647094
3 1 3 906788453956114768200736888400746046213673689272063/61697853473397445844138216642135957973444982386647094
3 1 5 889928553466362548601496214313376804500046734959197/30848926736698722922069108321067978986722491193323547
3 1 8 889928553466362548601496214313376804500046734959197/30848926736698722922069108321067978986722491193323547
3 1 11 6936252744155047227291591278425141885150357035265795/61697853473397445844138216642135957973444982386647094
3 1 17 2123313817283441537895527175546358937142230689849326/10282975578899574307356369440355992995574163731107849
3 1 20 7/23
3 2 0 3121114791137017398162518877368839651901071347888983/61697853473397445844138216642135957973444982386647094
3 2 3 8498875235963683558115188926881225495806798410834926/30848926736698722922069108321067978986722491193323547
3 2 6 8498875235963683558115188926881225495806798410834926/30848926736698722922069108321067978986722491193323547
3 2 9 5156395637222322130088598849798388276150263565347401/61697853473397445844138216642135957973444982386647094
3 2 11 48441733315092194609081015609896191589225142688225/447085894734764100319842149580695347633659292656863
3 2 13 1117026371423534373552159304027850440848846331100611/10282975578899574307356369440355992995574163731107849
3 2 15 1006287445859907164343367871518508496293384358748715/10282975578899574307356369440355992995574163731107849
3 3 0 873068652976610329002255540226007562786419780646331/61697853473397445844138216642135957973444982386647094
3 3 7 7/23
3 3 9 11841354834705044986141779003964062715463333256322451/61697853473397445844138216642135957973444982386647094
3 3 13 898415025472693852677872384009404586034590435668255/10282975578899574307356369440355992995574163731107849
3 3 15 1006287445859907164343367871518508496293384358748715/10282975578899574307356369440355992995574163731107849
3 3 19 7/23
4 0 2 9/23
4 0 7 5510786562074747414386854987568088048817658592593168/30848926736698722922069108321067978986722491193323547
4 0 18 3641224822639136120741320152235197758883404721540052/30848926736698722922069108321067978986722491193323547
4 0 19 11/46
4 0 21 4497357862045202046055599349008891113914497297233573/61697853473397445844138216642135957973444982386647094
4 1 5 9862388598862371249893705143977235285518408809115929/61697853473397445844138216642135957973444982386647094
4 1 9 6414776770506305083700133858510942460077395228431321/61697853473397445844138216642135957973444982386647094
4 1 10 188935235690670827589510327222155436377137771516271/61697853473397445844138216642135957973444982386647094
4 1 11 156994752006649623205568110839333632771857672661885/894171789469528200639684299161390695267318585313726
4 1 16 9/23
4 1 20 5128238332101006632249595793577027678998129680221453/30848926736698722922069108321067978986722491193323547
4 2 6 14280249716814890167377770933380313486699192994354673/61697853473397445844138216642135957973444982386647094
4 2 13 9/23
4 2 19 7/46
4 2 20 301873079379896698973310532395728117700463966152776/1341257684204292300959526448742086042900977877970589
4 3 0 9/23
4 3 1 9/23
4 3 5 4982482506843428421700846600977283801784382599510641/61697853473397445844138216642135957973444982386647094
4 3 9 8430094335199494587894417886443576627225396180195249/61697853473397445844138216642135957973444982386647094
4 4 5 1549627868328576957612820722067171614152468399140672/10282975578899574307356369440355992995574163731107849
4 4 7 6560532595763883294248883051110686337291142309142133/30848926736698722922069108321067978986722491193323547
4 4 8 2439953046009471414096429271499975741867013104802644/30848926736698722922069108321067978986722491193323547
4 4 10 2923154384913380917663638648604075145960511467253835/10282975578899574307356369440355992995574163731107849
4 4 14 1100618667699495985214940697622182982742422166657932/10282975578899574307356369440355992995574163731107849
4 4 18 5128238332101006632249595793577027678998129680221453/30848926736698722922069108321067978986722491193323547
5 0 4 7201875173699540987232417029980106008552858608622534/30848926736698722922069108321067978986722491193323547
5 0 11 5041147211416341471545855762402199945444529969616275/20565951157799148614712738880711985991148327462215698
5 0 13 7063756252829635571772327986874659265356044576444155/20565951157799148614712738880711985991148327462215698
5 0 21 598119640007537633588725450028840750679402190509266/30848926736698722922069108321067978986722491193323547
5 0 22 70892416327864909221314350973097730598396646015958/447085894734764100319842149580695347633659292656863
5 1 0 9391413602759959353591234874798758424422477617041523/30848926736698722922069108321067978986722491193323547
5 1 1 2700733390897303746474597505523012933361933331058413/30848926736698722922069108321067978986722491193323547
5 1 4 7551959352547674323322373906182840463357898049053945/30848926736698722922069108321067978986722491193323547
5 1 6 39045858307351535985638949681837819235587621481870/30848926736698722922069108321067978986722491193323547
5 1 7 3698130044479498645971285234419012992058151922256293/61697853473397445844138216642135957973444982386647094
5 1 19 18633419019893369279419240935344045700631037227119299/61697853473397445844138216642135957973444982386647094
5 2 8 5865223867112955406833213129988043253547138259605283/20565951157799148614712738880711985991148327462215698
5 2 9 4794742472748468735490671528373097702495974468834711/20565951157799148614712738880711985991148327462215698
5 2 14 9369280860276370338723865666353683390689051335053188/30848926736698722922069108321067978986722491193323547
5 2 17 10874250032601061341690340936981847243190476088233659/61697853473397445844138216642135957973444982386647094
5 2 18 35047566886457132676163465787773693582355147662359/20565951157799148614712738880711985991148327462215698
5 3 0 1258740587031400572647521044594229543509775721740011/20565951157799148614712738880711985991148327462215698
5 3 9 4354334302307334470975716747588073673890179263602243/61697853473397445844138216642135957973444982386647094
5 3 10 102532887329458151153940663759164956631432971739677/61697853473397445844138216642135957973444982386647094
5 3 12 25153334750187096150133865124737819269931334051750715/61697853473397445844138216642135957973444982386647094
5 3 18 615465864619116420737655021136265466140493672485531/1341257684204292300959526448742086042900977877970589
5 4 2 12053101135349911564080193430639933538548823326618066/30848926736698722922069108321067978986722491193323547
5 4 3 8577149097133409634389006246181068104430728716710975/20565951157799148614712738880711985991148327462215698
5 4 16 234111028955254129210040229122141873096595883592317/1341257684204292300959526448742086042900977877970589
5 4 18 1091096579355703869148960502694360420611738938031455/61697853473397445844138216642135957973444982386647094
5 5 0 6948620085880310195984548988945687464447230916049879/61697853473397445844138216642135957973444982386647094
5 5 1 887229177529984070162986185280391704708781903192181/10282975578899574307356369440355992995574163731107849
5 5 5 2485043420506257259493428357004841517552828767065063/20565951157799148614712738880711985991148327462215698
5 5 8 4106933703338032877319328623971375095560973307140408/30848926736698722922069108321067978986722491193323547
5 5 9 234111028955254129210040229122141873096595883592317/1341257684204292300959526448742086042900977877970589
5 5 10 4354334302307334470975716747588073673890179263602243/61697853473397445844138216642135957973444982386647094
5 5 17 18633419019893369279419240935344045700631037227119299/61697853473397445844138216642135957973444982386647094
6 0 1 12223855042374105619151743057884961700400754801617859/61697853473397445844138216642135957973444982386647094
6 0 2 314051258544899370254011062156119968065684345227216/1341257684204292300959526448742086042900977877970589
6 0 9 16685869425817953369062611589001019815314778180645190/30848926736698722922069108321067978986722491193323547
6 0 19 9798234830308061864951133414600225511202315640751/365076056055606188426853352912047088600266167968326
6 1 4 11850213030631184507613590793031251913157178639592871/61697853473397445844138216642135957973444982386647094
6 1 6 11888970969912660309978002958303933813766325496591748/30848926736698722922069108321067978986722491193323547
6 1 12 1048400780869606081038928513924336044667852951229183/4745988728722880449549093587856612151803460183588238
6 1 19 2073414725272676943843758208580078308678844064648558/10282975578899574307356369440355992995574163731107849
6 2 0 1555264007793324931378582842904391516085195185455260/10282975578899574307356369440355992995574163731107849
6 2 1 22648844746937494205795944609409275415024670025617455/61697853473397445844138216642135957973444982386647094
6 2 5 5547378924743139602495840875343184743946386917025909/30848926736698722922069108321067978986722491193323547
6 2 19 6207555610071240948359697741537987991338789138082087/20565951157799148614712738880711985991148327462215698
6 3 0 2945830435233259923521260258515171251675042096842451/20565951157799148614712738880711985991148327462215698
6 3 8 12583736865404364562569019172507089115835338776239383/30848926736698722922069108321067978986722491193323547
6 3 10 12735192793098835767951815860139854578064226732403449/61697853473397445844138216642135957973444982386647094
6 3 15 2492949273965016863414096943572735234780825301872921/10282975578899574307356369440355992995574163731107849
6 4 0 32946004806413945692529407957243341743371060007843/121692018685202062808951117637349029533422055989442
6 4 2 5547378924743139602495840875343184743946386917025909/30848926736698722922069108321067978986722491193323547
6 4 4 3159431160914272425610843519970305469189559381833021/30848926736698722922069108321067978986722491193323547
6 4 9 750480468837846543411232244646098742397934232972467/30848926736698722922069108321067978986722491193323547
6 4 11 1868969039461608305638729000695509458190823245409173/30848926736698722922069108321067978986722491193323547
6 4 14 10289391048227965397547007896294737469150939971698789/61697853473397445844138216642135957973444982386647094
6 4 17 6026159400201938113082753815104324706477753718245382/30848926736698722922069108321067978986722491193323547
6 5 3 1693181868337162924293981141169723972687814255545253/30848926736698722922069108321067978986722491193323547
6 5 5 5960440929614482023810223802687575747002371569652423/61697853473397445844138216642135957973444982386647094
6 5 10 8088533033299141016592824002233403395179413262589721/30848926736698722922069108321067978986722491193323547
6 5 12 6207555610071240948359697741537987991338789138082087/20565951157799148614712738880711985991148327462215698
6 5 13 7004790289500535320553574347899183676862563997289325/61697853473397445844138216642135957973444982386647094
6 5 14 2151097303408096265515541355185732382922124416192559/61697853473397445844138216642135957973444982386647094
6 5 16 322901089130307750284852831728586440650273075115253/4745988728722880449549093587856612151803460183588238
6 5 17 322901089130307750284852831728586440650273075115253/4745988728722880449549093587856612151803460183588238
6 6 5 2983643989789827044266095660444519983686550391969101/30848926736698722922069108321067978986722491193323547
6 6 12 1310411403896498963181261880831952280363484523504837/30848926736698722922069108321067978986722491193323547
6 6 13 848539243885532037920762982210931673559088539409/20565951157799148614712738880711985991148327462215698
6 6 14 3738701906279256360314189735968961210558726739890661/10282975578899574307356369440355992995574163731107849
6 6 16 2359614279278276851634200065755585645151682680825925/4745988728722880449549093587856612151803460183588238
7 0 0 2583725379580863616343019437072901874256143351754087/10282975578899574307356369440355992995574163731107849
7 0 4 992961778297249186215717759572660906813130989500817/10282975578899574307356369440355992995574163731107849
7 0 16 15/23
7 1 0 3342166984201468834744560475955056649296471739545101/20565951157799148614712738880711985991148327462215698
7 1 1 9262298632866120741535641791075362634383154746681214/30848926736698722922069108321067978986722491193323547
7 1 6 6064864528474190576470904793230866698443873292134581/61697853473397445844138216642135957973444982386647094
7 1 18 8470982953660154867317336478633499284536802316239593/20565951157799148614712738880711985991148327462215698
7 1 19 1668941865606142678410337402988698204734977433796003/61697853473397445844138216642135957973444982386647094
7 2 4 112715310055409805570145866736594614849402759563845/894171789469528200639684299161390695267318585313726
7 2 5 304303435493986518983991218117402307686440027261435/1341257684204292300959526448742086042900977877970589
7 2 7 14995111306773466713090291087912404831060384718270083/61697853473397445844138216642135957973444982386647094
7 2 20 4154571290012887112240710785999669760699927667407616/10282975578899574307356369440355992995574163731107849
7 3 0 2344810105659500175461540146179653239069966812663899/10282975578899574307356369440355992995574163731107849
7 3 4 629992121583347505727959862825705482786404185679938/30848926736698722922069108321067978986722491193323547
7 3 8 132779216094683095163052016208238993514643105408797/1581996242907626816516364529285537383934486727862746
7 3 12 22971710273098131402568456690165784126958079253371205/61697853473397445844138216642135957973444982386647094
7 3 15 622950783849467883941439994251054431228701254509781/10282975578899574307356369440355992995574163731107849
7 3 17 8932613975542212516267061937964579351900903485271119/61697853473397445844138216642135957973444982386647094
7 3 19 1849530072281319282023289604549538920050033920886577/20565951157799148614712738880711985991148327462215698
7 4 6 2344810105659500175461540146179653239069966812663899/10282975578899574307356369440355992995574163731107849
7 4 8 17266020253030637626217336772096797160071257085746465/61697853473397445844138216642135957973444982386647094
7 4 11 8819568605030739161904567401279185406505160143082927/61697853473397445844138216642135957973444982386647094
7 4 13 10771701990689534001623535795841027986224382140917154/30848926736698722922069108321067978986722491193323547
7 5 1 11686632307792121041480828452246686070373611627119939/61697853473397445844138216642135957973444982386647094
7 5 2 653302069165172809084180303677898773062671450554520/10282975578899574307356369440355992995574163731107849
7 5 4 25242619219355302315695502374350176455968951620847587/61697853473397445844138216642135957973444982386647094
7 5 13 284284024667987105722696001560404021693505688803595/1581996242907626816516364529285537383934486727862746
7 5 17 3253904189735829503090553310871981987559889524004081/20565951157799148614712738880711985991148327462215698
7 6 0 213338887360726591241584844960693553061086711324817/20565951157799148614712738880711985991148327462215698
7 6 2 8896660422702745345604714029022231689943499071214061/30848926736698722922069108321067978986722491193323547
7 6 5 13119886246702694577761098714431037566726547542545830/30848926736698722922069108321067978986722491193323547
7 6 13 330749981856443647928416426509772542110167399736659/2682515368408584601919052897484172085801955755941178
7 6 14 784791157483848526777354900885214194365648235934142/10282975578899574307356369440355992995574163731107849
7 6 15 784791157483848526777354900885214194365648235934142/10282975578899574307356369440355992995574163731107849
7 7 3 4361478315361961329336092097530776975434922577189046/10282975578899574307356369440355992995574163731107849
7 7 14 5921497263537612978020277342825216020139241153918803/10282975578899574307356369440355992995574163731107849
8 0 5 739720584599672241902797552507266687344427482993959/2372994364361440224774546793928306075901730091794119
8 0 6 1351162757002521595985724729630285261539315367282536/30848926736698722922069108321067978986722491193323547
8 0 7 10321180879712720915459399894147008013344290513929434/30848926736698722922069108321067978986722491193323547
8 0 22 9560215500187741265887615514696218776361328033190110/30848926736698722922069108321067978986722491193323547
8 1 3 2420445265872927215649558196787647762401062680191224/30848926736698722922069108321067978986722491193323547
8 1 12 9925256744695531866657756881104796703929934741851441/61697853473397445844138216642135957973444982386647094
8 1 14 8532223059709232388093192831864251550403765885496379/20565951157799148614712738880711985991148327462215698
8 1 16 2253495270588399694884911412197854141155985626525839/10282975578899574307356369440355992995574163731107849
8 1 18 1302344232382994035432049399779331041094285144794839/10282975578899574307356369440355992995574163731107849
8 2 8 9269891689920908471734687708647490354154458700286286/30848926736698722922069108321067978986722491193323547
8 2 19 3378967668618458980457862298151088545018665174483470/10282975578899574307356369440355992995574163731107849
8 2 20 11442132040922437508960833717967222997512036969586851/30848926736698722922069108321067978986722491193323547
8 3 0 1715631985955945444926526485235106684534329445183257/30848926736698722922069108321067978986722491193323547
8 3 4 12480199751760248200852549734468454715972333411570579/30848926736698722922069108321067978986722491193323547
8 3 16 6969748278218733875943408953673049167093640639781030/30848926736698722922069108321067978986722491193323547
8 3 17 3227782240254598466782207715897122806374062565596227/10282975578899574307356369440355992995574163731107849
8 4 0 7900735613839793699809841697359360250943227833738210/30848926736698722922069108321067978986722491193323547
8 4 8 13175193964011668113553027997118002890683617826392155/61697853473397445844138216642135957973444982386647094
8 4 10 9416467972566998236480390483834556745476628090017177/61697853473397445844138216642135957973444982386647094
8 4 13 2119182699647991543770197414776843962242159783044605/10282975578899574307356369440355992995574163731107849
8 4 14 5294812055625621415931965138901807030972661052246856/30848926736698722922069108321067978986722491193323547
8 5 0 1014231771667479228582737034309307368756851280506042/2372994364361440224774546793928306075901730091794119
8 5 1 5628215660528118351396911390425272021451811231027282/10282975578899574307356369440355992995574163731107849
8 5 10 779266723437137896302792703771167128527990853663155/30848926736698722922069108321067978986722491193323547
8 6 2 1972244549962871354040405152446548888320396744139389/10282975578899574307356369440355992995574163731107849
8 6 10 5362658821220949086689515982853017915930573551027989/20565951157799148614712738880711985991148327462215698
8 6 12 3154486208956497644502583869450969376041905104498053/10282975578899574307356369440355992995574163731107849
8 6 15 4949830818739461530937244854063931546493150213912825/20565951157799148614712738880711985991148327462215698
8 7 2 5628215660528118351396911390425272021451811231027282/10282975578899574307356369440355992995574163731107849
8 7 6 4565570892886092466135490727709361403421874865135631/30848926736698722922069108321067978986722491193323547
8 7 11 4136077251828872660576084682022754446935392125374481/30848926736698722922069108321067978986722491193323547
8 7 12 1787696650249876192698805581151154803884132327884056/30848926736698722922069108321067978986722491193323547
8 7 13 1675901869786736207004492762956871312682399259124481/30848926736698722922069108321067978986722491193323547
8 7 15 1799033090362790341463500395952020955443258922723052/30848926736698722922069108321067978986722491193323547
8 8 1 1972244549962871354040405152446548888320396744139389/10282975578899574307356369440355992995574163731107849
8 8 3 18665303379644096455735864946592708282381231800125532/30848926736698722922069108321067978986722491193323547
8 8 8 158024355331940388566081917549126809978333243015305/4745988728722880449549093587856612151803460183588238
8 8 13 11682790183965217120473791422667335060247275543323/68782445343809861587668023012414668866716814254902
9 0 0 245051011321846388703080027318903486646343350659471/2682515368408584601919052897484172085801955755941178
9 0 4 20782997962902306705227389733267149875258506874139763/61697853473397445844138216642135957973444982386647094
9 0 19 5879780375015445366456664380089004650886763074556583/10282975578899574307356369440355992995574163731107849
9 1 5 5048739159119102815997663798184407664337452331319915/20565951157799148614712738880711985991148327462215698
9 1 8 2243475747992131915003221394477299699223852533484939/4745988728722880449549093587856612151803460183588238
9 1 9 53111203476068048646994537192922213093237983873723/1581996242907626816516364529285537383934486727862746
9 1 12 3730715829268525308669037215151951859974365812887577/61697853473397445844138216642135957973444982386647094
9 1 19 1930733084551207215866920492283653453318649212236728/10282975578899574307356369440355992995574163731107849
9 2 3 3855127210457099553883524006696775353057140001523723/10282975578899574307356369440355992995574163731107849
9 2 9 758895013088413024776436152825784893449645963711653/2372994364361440224774546793928306075901730091794119
9 2 16 13157753567650080614665379882111749170159278476149815/61697853473397445844138216642135957973444982386647094
9 2 17 684118540393865323753415969660553500834114273687086/10282975578899574307356369440355992995574163731107849
9 2 18 121027312334064409189527456031525265403644861748419/4745988728722880449549093587856612151803460183588238
9 3 1 9808934904663956157892407465534993700128379471968214/30848926736698722922069108321067978986722491193323547
9 3 8 6430568243307883977039987138335438436252271271205693/20565951157799148614712738880711985991148327462215698
9 3 14 3212088968266882452737428327266161445269099016075594/10282975578899574307356369440355992995574163731107849
9 3 18 3515745124544586880808870332462686592816815532640023/61697853473397445844138216642135957973444982386647094
9 4 0 849723135918291065888698813933466056797341478918927/10282975578899574307356369440355992995574163731107849
9 4 14 18789476225774672627009398588447641172583052626400965/61697853473397445844138216642135957973444982386647094
9 4 16 37810038432113026821796625170087520460077880886732567/61697853473397445844138216642135957973444982386647094
9 5 2 1924601884939160827482748063498991056779729641415799/2682515368408584601919052897484172085801955755941178
9 5 10 7570883437539716760083084736277167401285117039521531/61697853473397445844138216642135957973444982386647094
9 5 17 1643521113709505008658654407563666044371013932427031/10282975578899574307356369440355992995574163731107849
9 6 0 519153253947910130267666864603565893293113077810473/894171789469528200639684299161390695267318585313726
9 6 11 11944816929540716861154703663722547091789550492762325/61697853473397445844138216642135957973444982386647094
9 6 12 6965731010725464997257249660383682122215314762481066/30848926736698722922069108321067978986722491193323547
9 7 0 2205852700722547556244978941308823229681205527639175/30848926736698722922069108321067978986722491193323547
9 7 10 1091233596686377751370047884182126121343994307673565/20565951157799148614712738880711985991148327462215698
9 7 14 12905781964387140093028036500154659786039512640027853/61697853473397445844138216642135957973444982386647094
9 7 15 6851110886251012897418346434469545560668512628053366/10282975578899574307356369440355992995574163731107849
9 8 2 6701948646162408404358799591722475324303377610319005/61697853473397445844138216642135957973444982386647094
9 8 4 5468585412023142020117607504261336013937844671292629/61697853473397445844138216642135957973444982386647094
9 8 5 4230270419887733888389289872488464839627320786593433/20565951157799148614712738880711985991148327462215698
9 8 7 2290243244717313291868841709104828864940966555040655/61697853473397445844138216642135957973444982386647094
9 8 13 17273132455415690231312549109790961625690415595107253/30848926736698722922069108321067978986722491193323547
9 9 1 15674961095217597560338595060564641114990200209472977/30848926736698722922069108321067978986722491193323547
9 9 3 4639504789503418352193476835336436251982386558956674/10282975578899574307356369440355992995574163731107849
9 9 8 1255451272970870305150082754494029115785131306980548/30848926736698722922069108321067978986722491193323547
10 0 2 1362090430544501605563912330501974816721037115860241/10282975578899574307356369440355992995574163731107849
10 0 5 1918178603291399845057060907115392666101509917894795/30848926736698722922069108321067978986722491193323547
10 0 7 4516619094570512653135796883461930309267467635975110/10282975578899574307356369440355992995574163731107849
10 0 20 9757152284823062831185565097215847555329067612628073/30848926736698722922069108321067978986722491193323547
10 0 22 1537467273239217469727354674845023387326399407294626/30848926736698722922069108321067978986722491193323547
10 1 2 14335351165773871147928415416218811756537314924816447/61697853473397445844138216642135957973444982386647094
10 1 4 23363583185119056899752409261941525587548227459436885/61697853473397445844138216642135957973444982386647094
10 1 15 3999819853750752966076231993995936771559906667065627/10282975578899574307356369440355992995574163731107849
10 2 3 77980179747907016471624654207786303911775077824896/790998121453813408258182264642768691967243363931373
10 2 5 1856229898155833362245445372962826418564784085394667/20565951157799148614712738880711985991148327462215698
10 2 10 22507893749040880781311889399230660656863537619977893/61697853473397445844138216642135957973444982386647094
10 2 13 2261177868251584766020485643656900626244437925921575/10282975578899574307356369440355992995574163731107849
10 2 18 6985874400021404547590177116934041299151004442306931/30848926736698722922069108321067978986722491193323547
10 3 3 21854506234033775430728283086075753571507183580612577/61697853473397445844138216642135957973444982386647094
10 3 9 865753865482793467921782430965767208179806030809433/30848926736698722922069108321067978986722491193323547
10 3 14 7736617806978847602485719741698225299117747564924411/30848926736698722922069108321067978986722491193323547
10 3 19 22638603894440388272594929210732219387342691614566829/61697853473397445844138216642135957973444982386647094
10 4 17 6719227900737883274100162389973430746255166958441016/10282975578899574307356369440355992995574163731107849
10 4 18 3563747678161691033256207050382562249318996772666833/10282975578899574307356369440355992995574163731107849
10 5 0 2913623105012362113151753437316581986879502542168729/10282975578899574307356369440355992995574163731107849
10 5 3 2343418552739313796142781552777619461446352716498971/10282975578899574307356369440355992995574163731107849
10 5 7 606779960889479503455102395577116735654920841095643/1581996242907626816516364529285537383934486727862746
10 5 9 4938139237883420388734294074693099825604884488637121/61697853473397445844138216642135957973444982386647094
10 5 13 776522907157134682443859599685048383671526771636848/30848926736698722922069108321067978986722491193323547
10 6 9 3422623981009961187868321554448092984412648236162189/20565951157799148614712738880711985991148327462215698
10 6 13 33694218842139888367705181636435394414498379260197909/61697853473397445844138216642135957973444982386647094
10 6 15 2832988153845455561371613452635436820592352869451653/20565951157799148614712738880711985991148327462215698
10 6 16 401599922899622053422314347149998875823113035200333/2682515368408584601919052897484172085801955755941178
10 7 1 7045385236690732310573903588416982838860492429295152/10282975578899574307356369440355992995574163731107849
10 7 11 3237590342208841996782465851939010156713671301812697/10282975578899574307356369440355992995574163731107849
10 8 2 1470649086414756341695140062953780571520762315425515/2682515368408584601919052897484172085801955755941178
10 8 4 1404833796980684714732610526416311006346001398406317/10282975578899574307356369440355992995574163731107849
10 8 6 247417632938305425966137801355431330473562091986714/1341257684204292300959526448742086042900977877970589
10 8 9 272109859097640895363848511965289363037286997134910/30848926736698722922069108321067978986722491193323547
10 8 13 2506163623538870103861432049806906287511003505254561/20565951157799148614712738880711985991148327462215698
10 9 0 6475180684417683993564931703878020313427342603625394/10282975578899574307356369440355992995574163731107849
10 9 11 3807794894481890313791437736477972682146821127482455/10282975578899574307356369440355992995574163731107849
10 10 1 2343418552739313796142781552777619461446352716498971/10282975578899574307356369440355992995574163731107849
10 10 4 24540236769577111452152038426728222176216835024889951/61697853473397445844138216642135957973444982386647094
10 10 6 23097105387384451615129488898742019028550031062763317/61697853473397445844138216642135957973444982386647094
11 0 1 560063877802100570448214142053699526100270281155903/61697853473397445844138216642135957973444982386647094
11 0 3 23526009162374125180223577337114907826001802057236823/30848926736698722922069108321067978986722491193323547
11 0 8 1523319950691445657957802790847269489886308755478436/30848926736698722922069108321067978986722491193323547
11 0 11 799187579401639206732763832566531306690998390616831/61697853473397445844138216642135957973444982386647094
11 0 14 5119971895031282195297239205795686254438746044721921/30848926736698722922069108321067978986722491193323547
11 1 5 3573664066378674460377296269350317046137070277425053/20565951157799148614712738880711985991148327462215698
11 1 14 3751003676023734238902069504420922160294151164202109/10282975578899574307356369440355992995574163731107849
11 1 18 9490279739373005676531303602519824624422954856386427/20565951157799148614712738880711985991148327462215698
11 2 2 6632676259808020476672860355022398243512622090419449/20565951157799148614712738880711985991148327462215698
11 2 4 5533437550398689681888927063350813813144383736517195/20565951157799148614712738880711985991148327462215698
11 2 15 9873214222024735506642409247410687099227657660208903/61697853473397445844138216642135957973444982386647094
11 2 16 666360774815329559209149788678505856706361184592533/2682515368408584601919052897484172085801955755941178
11 3 1 3389322284995506561224017985222310222711892839425725/61697853473397445844138216642135957973444982386647094
11 3 2 19617526788057097555275985975651837657711798951011598/30848926736698722922069108321067978986722491193323547
11 3 16 6357825870762581390787408901869990811769830548399391/20565951157799148614712738880711985991148327462215698
11 4 1 11741807698147227352454355882781331519610173652348739/61697853473397445844138216642135957973444982386647094
11 4 10 874121160157960467709469802708086552911899156301053/20565951157799148614712738880711985991148327462215698
11 4 13 13719676647065214289134980280896419113771629703272578/30848926736698722922069108321067978986722491193323547
11 4 15 5282080866039819268456878058675402242298689329669903/30848926736698722922069108321067978986722491193323547
11 4 17 4665083634283134986685867336043362041479236599755117/30848926736698722922069108321067978986722491193323547
11 5 2 1787445589563817605044498847149700668560539287605247/61697853473397445844138216642135957973444982386647094
11 5 6 349870629406380817405940645571207502240597152249257/2682515368408584601919052897484172085801955755941178
11 5 10 9186069240356168416804798399341892757777572726658888/30848926736698722922069108321067978986722491193323547
11 5 11 18436126238098520819293373987318990674079971023608359/61697853473397445844138216642135957973444982386647094
11 5 12 15055118688676011785854112160845708563715592120382801/61697853473397445844138216642135957973444982386647094
11 6 1 15766159039325009725671193936721591902542122230270387/30848926736698722922069108321067978986722491193323547
11 6 2 388662764147685849261582389307693629461489462880152/30848926736698722922069108321067978986722491193323547
11 6 4 21810189757781808807228836401794011580762072066411437/61697853473397445844138216642135957973444982386647094
11 6 16 2526006702890081962347942529427791776225228977978193/20565951157799148614712738880711985991148327462215698
11 7 0 13997886411372639627095646234688962793750152504966559/30848926736698722922069108321067978986722491193323547
11 7 1 148217607652498095538969981058082231927358145323691/894171789469528200639684299161390695267318585313726
11 7 3 7322917574324597741845530983953071160720689136086724/30848926736698722922069108321067978986722491193323547
11 7 11 1746618554356518802932870166742836293748779854752005/20565951157799148614712738880711985991148327462215698
11 7 12 1794687455455523052634161505807853590134623756474917/30848926736698722922069108321067978986722491193323547
11 8 0 16851040325326083294973462086379016192972338688356988/30848926736698722922069108321067978986722491193323547
11 8 6 26329524146718594617002911795894792844066885843087439/61697853473397445844138216642135957973444982386647094
11 8 7 127438994146109844520012484055049304099964542855985/20565951157799148614712738880711985991148327462215698
11 8 8 213988615598059183938057203552997471855587589712954/10282975578899574307356369440355992995574163731107849
11 9 1 2123663302890111658240156032813879448475344562920637/30848926736698722922069108321067978986722491193323547
11 9 12 11596013344175102630894824248082539665296285140351941/30848926736698722922069108321067978986722491193323547
11 9 13 17129250089633508632934128040171559872950861490050969/30848926736698722922069108321067978986722491193323547
11 10 8 12660860771456292543935250194742340514683471007603539/61697853473397445844138216642135957973444982386647094
11 10 11 4862609919413495101496138912314025759982323151072163/10282975578899574307356369440355992995574163731107849
11 10 12 19861333185460182691226132973509462898867572472610577/61697853473397445844138216642135957973444982386647094
11 11 9 1
12 0 11 3456384723421110919634064877816143630745691252382794/10282975578899574307356369440355992995574163731107849
12 0 19 3663459821163455638873822490443686699509250091201510/30848926736698722922069108321067978986722491193323547
12 0 20 16816312745271934524293091197175861394976167344973655/30848926736698722922069108321067978986722491193323547
12 1 1 517113890264180301768525713031168001317790872325917/20565951157799148614712738880711985991148327462215698
12 1 9 3974671518243674498588723589689814302738455644800201/61697853473397445844138216642135957973444982386647094
12 1 13 3897552772658389284154509516644387571709117733939092/30848926736698722922069108321067978986722491193323547
12 1 15 1394645132763668103354382544474075750027737831885459/20565951157799148614712738880711985991148327462215698
12 1 16 6777935357273148256796466591052303959398983201033399/30848926736698722922069108321067978986722491193323547
12 1 20 2111106512836255808370115351708738854780658738564992/10282975578899574307356369440355992995574163731107849
12 1 21 5990096516396538732686041318094865408589928775959277/20565951157799148614712738880711985991148327462215698
12 2 0 10912960907693309716608821509880455104590899452094967/61697853473397445844138216642135957973444982386647094
12 2 4 1667377222323649980041353618990286023053820549614439/61697853473397445844138216642135957973444982386647094
12 2 7 11858288600435027206550969129364010323128464070079343/61697853473397445844138216642135957973444982386647094
12 2 17 37259226742945458940937072383901206522671798314858345/61697853473397445844138216642135957973444982386647094
12 3 2 11231399948641625366793122345416141329010692242311949/30848926736698722922069108321067978986722491193323547
12 3 6 700283156669059086289879464682257702797373050031107/30848926736698722922069108321067978986722491193323547
12 3 14 434879405712491282013712617928495455100667453051195/30848926736698722922069108321067978986722491193323547
12 3 15 6160788075225182395657464631013694833271252815976432/10282975578899574307356369440355992995574163731107849
12 4 0 10025558359399240530304689652416147432465549545697317/61697853473397445844138216642135957973444982386647094
12 4 1 22300042156465682157195038873136009743513754706952776/30848926736698722922069108321067978986722491193323547
12 4 2 7072210801066840999443449243447791053951923427044225/61697853473397445844138216642135957973444982386647094
12 5 3 13064325189735190176503776863734245199008259144537272/30848926736698722922069108321067978986722491193323547
12 5 4 409115482234074032772381964531816036121736780353905/20565951157799148614712738880711985991148327462215698
12 5 9 34341856647224843392813517021072019467063253756510835/61697853473397445844138216642135957973444982386647094
12 6 2 5294553665385908740399175508890423460140788538300141/20565951157799148614712738880711985991148327462215698
12 6 6 5835285255964383249763389935413995437300403206309195/10282975578899574307356369440355992995574163731107849
12 6 10 2638774414830555455847854447369535114595964703101513/30848926736698722922069108321067978986722491193323547
12 6 12 5524932111792309212664641608241644740028268127688475/61697853473397445844138216642135957973444982386647094
12 7 0 14645187624603535738728483145070192963291133160717813/30848926736698722922069108321067978986722491193323547
12 7 4 73167195029516660338323192356985679957887890344585/447085894734764100319842149580695347633659292656863
12 7 11 858092511927579816922794223335828777410545661448413/2372994364361440224774546793928306075901730091794119
12 8 0 1286917504822131822239818555324409571625707296643199/30848926736698722922069108321067978986722491193323547
12 8 6 2135086029723846573269143080763650026274634315563920/30848926736698722922069108321067978986722491193323547
12 8 7 664467188732628624717138128656407843470209320692679/1581996242907626816516364529285537383934486727862746
12 8 13 4576817448466327656431915683500358155244667259154087/30848926736698722922069108321067978986722491193323547
12 8 14 19785991146800317376288074985359216571816801136910201/61697853473397445844138216642135957973444982386647094
12 9 0 7130077342135364839563103937009247269079381993007571/30848926736698722922069108321067978986722491193323547
12 9 1 20911458226490709828280667551738778654068011867646147/61697853473397445844138216642135957973444982386647094
12 9 12 2040480043279692795133180093567591137016785117921985/4745988728722880449549093587856612151803460183588238
12 10 3 20467116915372117347484384354817905873516187804727453/30848926736698722922069108321067978986722491193323547
12 10 10 10381809821326605574584723966250073113206303388596094/30848926736698722922069108321067978986722491193323547
12 11 2 4589954968610473235917351663589499472054474151444093/30848926736698722922069108321067978986722491193323547
12 11 6 15378027941297877029418891635241496793377794275501917/61697853473397445844138216642135957973444982386647094
12 11 8 22476737824942244829291605072315722223358595401268085/61697853473397445844138216642135957973444982386647094
12 11 10 124346687406467058350388964864645283147935681327948/10282975578899574307356369440355992995574163731107849
12 11 11 6958548822748787581745341409105934156856015159510609/30848926736698722922069108321067978986722491193323547
12 12 4 14681843089238734437541510908946132248991928198201083/20565951157799148614712738880711985991148327462215698
12 12 6 754272778984712073791414412016313397572973892441215/20565951157799148614712738880711985991148327462215698
12 12 10 2564917644787851051689906779874770172291712685786700/10282975578899574307356369440355992995574163731107849
13 0 1 16233957332545294514482986207005850400839498854601746/30848926736698722922069108321067978986722491193323547
13 0 12 3838006186691869448382609976746889687244303791417966/30848926736698722922069108321067978986722491193323547
13 0 13 7215716606350545652207034731059720803751767412456235/61697853473397445844138216642135957973444982386647094
13 0 21 14338209828572572266199989543570756993525609682151435/61697853473397445844138216642135957973444982386647094
13 1 4 5690069276275927895063734387398749773011890094754724/30848926736698722922069108321067978986722491193323547
13 1 8 1332841213457021660325095804346575363346490391294857/20565951157799148614712738880711985991148327462215698
13 1 9 3978329046541932315396736780707857380655223238183084/30848926736698722922069108321067978986722491193323547
13 1 21 555978741846241455684666476708449530087989631114303/894171789469528200639684299161390695267318585313726
13 2 2 2982459353749614917557347462376559123502052154047577/10282975578899574307356369440355992995574163731107849
13 2 15 7300516225149959389799021977979433872072111577060272/10282975578899574307356369440355992995574163731107849
13 3 4 33012974168725211924249044612956070769496772924760233/61697853473397445844138216642135957973444982386647094
13 3 16 28684879304672233919889172029179887203948209461886861/61697853473397445844138216642135957973444982386647094
13 4 1 1785320487439618059097927671027535655602433106797601/20565951157799148614712738880711985991148327462215698
13 4 3 11988802060665738980323732634530917886717598745504723/20565951157799148614712738880711985991148327462215698
13 4 5 5098848104890528242115232054646835334441506723503145/30848926736698722922069108321067978986722491193323547
13 4 18 5088894809650159120821385808083463338800936691366916/30848926736698722922069108321067978986722491193323547
13 5 3 11799037013267062165810014577847526703361872359016081/61697853473397445844138216642135957973444982386647094
13 5 12 7086058291141824885936401440885765135332524374530685/20565951157799148614712738880711985991148327462215698
13 5 13 12339147871170193126265958564033729366501768885435170/30848926736698722922069108321067978986722491193323547
13 5 15 1981172922182261383993540306781838565540999566584309/30848926736698722922069108321067978986722491193323547
13 6 0 4/23
13 6 4 1386701690275236888441369014260486790948688273699272/30848926736698722922069108321067978986722491193323547
13 6 6 9771530349219581584222022708905755613440762654367199/30848926736698722922069108321067978986722491193323547
13 6 14 14325663960386735245567610802933392410729128753374720/30848926736698722922069108321067978986722491193323547
13 7 2 3253952545225328596937633393232364294379298276881722/10282975578899574307356369440355992995574163731107849
13 7 6 2559705526664170988294585166410427363128305753073579/30848926736698722922069108321067978986722491193323547
13 7 9 30214873868682687515654664192594680144403535966822349/61697853473397445844138216642135957973444982386647094
13 7 12 2279951093344814923422860585775412445503015084129085/20565951157799148614712738880711985991148327462215698
13 8 5 11804830515004170123495435346708204017880296240312691/20565951157799148614712738880711985991148327462215698
13 8 12 219369406689089266134966368984407986830462232600797/790998121453813408258182264642768691967243363931373
13 8 14 3057516068878657571708177940409174315676013174282285/20565951157799148614712738880711985991148327462215698
13 9 2 5834907258863687194140757183069850968227450470806002/10282975578899574307356369440355992995574163731107849
13 9 7 1724267298154677693297092857761910943501618124568702/30848926736698722922069108321067978986722491193323547
13 9 9 89407977293523176422456432722444814290091447507016/10282975578899574307356369440355992995574163731107849
13 9 11 11351713730072414117082374615929180695668247313815791/30848926736698722922069108321067978986722491193323547
13 10 0 1
13 11 5 129225989453429582431748798650952013862792611955964/790998121453813408258182264642768691967243363931373
13 11 8 18451591181162552780828337222783260888097775348068845/30848926736698722922069108321067978986722491193323547
13 11 11 7357521966852416426402567950897589557975803978972106/30848926736698722922069108321067978986722491193323547
13 12 3 12331235875883752572516607875316182976569068407440778/30848926736698722922069108321067978986722491193323547
13 12 6 18517690860814970349552500445751796010153422785882769/30848926736698722922069108321067978986722491193323547
13 13 1 34604038819622341045554672804978338548166508380815511/61697853473397445844138216642135957973444982386647094
13 13 4 2455547574235517751737030680512915892740854274819373/20565951157799148614712738880711985991148327462215698
13 13 8 9863585965534275771686225897809435873527955590686732/30848926736698722922069108321067978986722491193323547
14 0 0 4233446682817286594574656905603887976417810848425155/10282975578899574307356369440355992995574163731107849
14 0 1 58487946279857169009661607213427238408870843170462/10282975578899574307356369440355992995574163731107849
14 0 5 5991040949802430543772050927538677780747482039512232/10282975578899574307356369440355992995574163731107849
14 1 0 278459800242440377292338306344255323941072734848926/790998121453813408258182264642768691967243363931373
14 1 1 10281977483677490573770654752412668942644407335245413/30848926736698722922069108321067978986722491193323547
14 1 12 6022587721499328770250905717061040267504562349348842/30848926736698722922069108321067978986722491193323547
14 1 19 1228143107355576287882117968056104047623894949873726/10282975578899574307356369440355992995574163731107849
14 2 3 6280338873110421638280326823958230899647572938168833/61697853473397445844138216642135957973444982386647094
14 2 6 10707212707292254047375015830860517659644594708460649/61697853473397445844138216642135957973444982386647094
14 2 16 5046599677099225350338577673747398350920519717852965/10282975578899574307356369440355992995574163731107849
14 2 18 2405117305066569676075234657472136551438282738816637/10282975578899574307356369440355992995574163731107849
14 3 0 6568308832080700666735847267676066449398047580432867/61697853473397445844138216642135957973444982386647094
14 3 3 1222598033340515297529341687506984042642519806190878/10282975578899574307356369440355992995574163731107849
14 3 9 1163106456316828514292731968800120282179713506739244/10282975578899574307356369440355992995574163731107849
14 3 13 3952961542546036789121873097261620667289626915309499/61697853473397445844138216642135957973444982386647094
14 3 14 567007070400292899102495259984468430291164309874833/1341257684204292300959526448742086042900977877970589
14 3 19 138205524646322719982477851026539706595260894347201/790998121453813408258182264642768691967243363931373
14 4 4 35508736424816942243589978201058978265869289379298171/61697853473397445844138216642135957973444982386647094
14 4 5 8407060258973734154556607150881995892244270505055092/30848926736698722922069108321067978986722491193323547
14 4 12 1877225951858371420192661549236704767999821597350380/30848926736698722922069108321067978986722491193323547
14 4 14 1873514875638764150349900346946526129029169600845993/20565951157799148614712738880711985991148327462215698
14 5 0 3632489564696167675363994712416262333347534308142583/20565951157799148614712738880711985991148327462215698
14 5 2 5862376057620946176242715256221035180287316321575675/30848926736698722922069108321067978986722491193323547
14 5 3 3847744856727129035435233618254767203716926394330203/61697853473397445844138216642135957973444982386647094
14 5 4 17613943903669960715062784187095166704555410212368896/30848926736698722922069108321067978986722491193323547
14 6 3 2530533435513624323879351554469468151531302766734901/10282975578899574307356369440355992995574163731107849
14 6 11 7752442143385949983477017885886524844042860964372948/10282975578899574307356369440355992995574163731107849
14 7 4 2352107150564029927312329150597226271092202372752733/20565951157799148614712738880711985991148327462215698
14 7 13 18213844007235118687400409730114759720056125089462965/20565951157799148614712738880711985991148327462215698
14 8 6 16449193842403670940645430185763300062385201470570805/61697853473397445844138216642135957973444982386647094
14 8 10 19607327264049913626585255800046288567423285567224567/61697853473397445844138216642135957973444982386647094
14 8 14 4273555394490643546151255109387728223939415891475287/10282975578899574307356369440355992995574163731107849
14 9 1 1729715483563772526233348967880046064148626991404573/20565951157799148614712738880711985991148327462215698
14 9 6 555140396591153034390462024171477801415023101360480/790998121453813408258182264642768691967243363931373
14 9 7 614084933092478668682452461764178704496546966679264/30848926736698722922069108321067978986722491193323547
14 9 12 11979586222411234245617226929592193861634205572957407/61697853473397445844138216642135957973444982386647094
14 10 2 13660432006908741822993372649516965325724492497608627/20565951157799148614712738880711985991148327462215698
14 10 7 199844907119991546002909413555242062715615110839006/2372994364361440224774546793928306075901730091794119
14 10 10 450617062536907203235729694509089244571758507254363/20565951157799148614712738880711985991148327462215698
14 10 11 308016058259580838464679670817858709390222532396608/1341257684204292300959526448742086042900977877970589
14 11 10 51644620781497000640660042239827295994672274859092787/61697853473397445844138216642135957973444982386647094
14 11 11 10053232691900445203478174402308661978772707527554307/61697853473397445844138216642135957973444982386647094
14 12 0 342299559349187045735277133916948147560330820446161/10282975578899574307356369440355992995574163731107849
14 12 7 9940676019550387261621092306439044848013832910661688/10282975578899574307356369440355992995574163731107849
14 13 0 3576638338299451531913810152656505062894795019949042/30848926736698722922069108321067978986722491193323547
14 13 2 4522942580525854486645676061222686265219792115826105/61697853473397445844138216642135957973444982386647094
14 13 3 38577764308805864386748966865293212770451234571807585/61697853473397445844138216642135957973444982386647094
14 13 5 3927385949943988609767351599418957059796553906257002/30848926736698722922069108321067978986722491193323547
14 13 9 598183001263141114563541701911522448731876307766886/10282975578899574307356369440355992995574163731107849
14 14 0 1999774804585827714167545092413097450876976523045669/30848926736698722922069108321067978986722491193323547
14 14 1 29969052169213162286550820080443035712665122900350617/61697853473397445844138216642135957973444982386647094
14 14 8 27729251695012628129252306376866727359025906440205139/61697853473397445844138216642135957973444982386647094
15 0 2 2103126603876732677061273066324176713335927491899199/30848926736698722922069108321067978986722491193323547
15 0 17 8069760935504406742760834964627374258831617757600670/10282975578899574307356369440355992995574163731107849
15 0 22 4536517326308770016725330360861679496891710428622338/30848926736698722922069108321067978986722491193323547
15 1 7 5922539310594209959259409736508967759609064595268134/10282975578899574307356369440355992995574163731107849
15 1 8 10318569329160976781794901379526993319683060029781081/30848926736698722922069108321067978986722491193323547
15 1 15 1785638985957407564998627933098240911739851829060971/30848926736698722922069108321067978986722491193323547
15 1 19 25053858712761761474291020485021576319804757658387/790998121453813408258182264642768691967243363931373
15 2 0 3251140864645805969479523571565398069894429940446673/20565951157799148614712738880711985991148327462215698
15 2 1 13866255669169715050022665747915838697949540719929006/30848926736698722922069108321067978986722491193323547
15 2 3 9206546845280312481539644896027292258722516547324183/61697853473397445844138216642135957973444982386647094
15 2 4 7502686347920142677057334767790397054570047289062440/30848926736698722922069108321067978986722491193323547
15 3 3 8164618207027906952466208025492023742154591008861179/20565951157799148614712738880711985991148327462215698
15 3 5 585963269029286120272820932604949062059998674815529/10282975578899574307356369440355992995574163731107849
15 3 18 9956892858791167869799071779135019979388485973224215/20565951157799148614712738880711985991148327462215698
15 3 19 636256776960750775950908605437522072742626565249623/10282975578899574307356369440355992995574163731107849
15 4 9 1622426181462495091034515270585514398241296829807105/30848926736698722922069108321067978986722491193323547
15 4 11 8313201520227073533248127598080219877769055301072289/20565951157799148614712738880711985991148327462215698
15 4 14 9805105455030296625378534653017288986223625881568057/61697853473397445844138216642135957973444982386647094
15 4 15 10589583385418209358266527721277069206507906087580015/61697853473397445844138216642135957973444982386647094
15 4 16 13118707709342729078679740932429911350923690854667945/61697853473397445844138216642135957973444982386647094
15 5 9 5721687029692477525794869621233250829977108936763536/30848926736698722922069108321067978986722491193323547
15 5 13 2895774110865126297163310317657243658364850868645588/10282975578899574307356369440355992995574163731107849
15 5 16 10841489090911467280056473912770710299690375393262164/30848926736698722922069108321067978986722491193323547
15 5 17 430648329499953786517525679545560529381573404412391/2372994364361440224774546793928306075901730091794119
15 6 0 2417700135879188112378039476611857055638182809997549/10282975578899574307356369440355992995574163731107849
15 6 3 10862531807981329610253519676837146889387628710205393/30848926736698722922069108321067978986722491193323547
15 6 4 3260170312019051986484868868941066856400025513550363/10282975578899574307356369440355992995574163731107849
15 6 14 2952783585022673015226863607572060361220237512474418/30848926736698722922069108321067978986722491193323547
15 7 4 19114015594397126612715381796932055441482426816267358/30848926736698722922069108321067978986722491193323547
15 7 8 11734911142301596309353726524135923545240064377056189/30848926736698722922069108321067978986722491193323547
15 8 2 18699496231764286684802397278749709053412838947702915/61697853473397445844138216642135957973444982386647094
15 8 7 10293844109024342476387510196011638453042862015572658/30848926736698722922069108321067978986722491193323547
15 8 12 1723897617198805708196984536258690154918955339061451/4745988728722880449549093587856612151803460183588238
15 9 9 13053773862035782320867513962821761892641219710531144/30848926736698722922069108321067978986722491193323547
15 9 10 17795152874662940601201594358246217094081271482792403/30848926736698722922069108321067978986722491193323547
15 10 1 73118928947369030092951983960738102117751796943803/4745988728722880449549093587856612151803460183588238
15 10 2 6905519150890406791719366231195020665423834964607071/20565951157799148614712738880711985991148327462215698
15 10 12 20015374972205214038885871078530650324821352066278221/30848926736698722922069108321067978986722491193323547
15 11 5 33350906311060951547655258386600198877502053408904979/61697853473397445844138216642135957973444982386647094
15 11 10 9307152567461642853375840613120790279885093439586619/61697853473397445844138216642135957973444982386647094
15 11 11 9519897297437425721553558821207484408028917769077748/30848926736698722922069108321067978986722491193323547
15 12 1 43040812759486202825191495723446739927856343908091743/61697853473397445844138216642135957973444982386647094
15 12 2 16603243357816120744535058115187529160226653555878385/61697853473397445844138216642135957973444982386647094
15 12 7 342299559349187045735277133916948147560330820446161/10282975578899574307356369440355992995574163731107849
15 13 0 6499222211021390623083417217149367995110861884865679/20565951157799148614712738880711985991148327462215698
15 13 4 1727258443986212026839332246486338088225921190369124/10282975578899574307356369440355992995574163731107849
15 13 6 29152548288466987773709109350281326990427663969482807/61697853473397445844138216642135957973444982386647094
15 13 7 1342043943974507020071431080744249234164602810176253/30848926736698722922069108321067978986722491193323547
15 14 0 38856692680857400599145542994274057328417806803012/60846009342601031404475558818674514766711027994721
15 14 7 21989316661743630805330015824400457438293221191709/60846009342601031404475558818674514766711027994721
15 15 1 439773317174026628578670646586204692637478066382974/2372994364361440224774546793928306075901730091794119
15 15 2 6589501788361805796216984443571243406797243115817794/30848926736698722922069108321067978986722491193323547
15 15 5 6180790608358190318109801823958691525212677738175697/10282975578899574307356369440355992995574163731107849
16 0 8 1850774710324894886141639149957935505752903842411752/10282975578899574307356369440355992995574163731107849
16 0 13 1623912892106700357717087347828198226348390514267032/10282975578899574307356369440355992995574163731107849
16 0 18 296012520715999089717288823589993881020559538018655/447085894734764100319842149580695347633659292656863
16 1 3 6380263736469177497882001996607461898574587287466291/20565951157799148614712738880711985991148327462215698
16 1 9 7955566469405278099211388237294333762910379843097743/61697853473397445844138216642135957973444982386647094
16 1 17 3614969965028306849210892326880868935954992610219007/10282975578899574307356369440355992995574163731107849
16 1 20 6455838002207397078007734226867012449540442509918218/30848926736698722922069108321067978986722491193323547
16 2 1 2934841078315395323226123905988831792858783261156214/30848926736698722922069108321067978986722491193323547
16 2 2 7968356190491898302925183600936469500631601063701095/20565951157799148614712738880711985991148327462215698
16 2 6 9856320288681467256577526012066337917743798931080960/30848926736698722922069108321067978986722491193323547
16 2 10 12210462167928025775755366003216210050345014811069461/61697853473397445844138216642135957973444982386647094
16 3 6 351453721256917570852407193022676564501199057305298/1341257684204292300959526448742086042900977877970589
16 3 13 989803962947374730107119255719409478399778820665291/1341257684204292300959526448742086042900977877970589
16 4 0 2344810105659500175461540146179653239069966812663899/10282975578899574307356369440355992995574163731107849
16 4 6 7938165473240074131894829294176339756504196918443950/10282975578899574307356369440355992995574163731107849
16 5 1 64288494395662875635820345496715929357648768425507/790998121453813408258182264642768691967243363931373
16 5 8 1401175756695405420127052414397409555486530142513571/61697853473397445844138216642135957973444982386647094
16 5 11 399817607096647667635943978743594802591892081833911/61697853473397445844138216642135957973444982386647094
16 5 15 9147059591123948076130205550041851854244992704185011/10282975578899574307356369440355992995574163731107849
16 6 1 10/23
16 6 4 205341696428666069733362558427944901571806851047751/10282975578899574307356369440355992995574163731107849
16 6 15 5606774935123267234424585386121094617665763953491468/10282975578899574307356369440355992995574163731107849
16 7 1 3066175708410227796168622139542128979098105261180501/20565951157799148614712738880711985991148327462215698
16 7 4 212839515902314805399977254932332518975156749311970/2372994364361440224774546793928306075901730091794119
16 7 5 21630490611293980073652469834695494677442391260492567/30848926736698722922069108321067978986722491193323547
16 7 13 3704517712118617367928001925877936187911808600009237/61697853473397445844138216642135957973444982386647094
16 8 2 2471479607931354895988798323726820450751232573838329/61697853473397445844138216642135957973444982386647094
16 8 4 4139391267078379285268385113614980467354327887127767/30848926736698722922069108321067978986722491193323547
16 8 11 43849609578292037901794570911956327477021447660514915/61697853473397445844138216642135957973444982386647094
16 8 14 3548990876508647237909038589611424555481823189019158/30848926736698722922069108321067978986722491193323547
16 9 3 1814680318047522879092275173041671576578229174700479/61697853473397445844138216642135957973444982386647094
16 9 4 137475555457080961233289282723928835913005708532973/894171789469528200639684299161390695267318585313726
16 9 5 22631012967447665858011902973793344738289878712536870/30848926736698722922069108321067978986722491193323547
16 9 8 855888982319334153987529168926084540381600316349623/10282975578899574307356369440355992995574163731107849
16 10 9 44673397579191253961534174705021351354443092285543959/61697853473397445844138216642135957973444982386647094
16 10 10 17024455894206191882604041937114606619001890101103135/61697853473397445844138216642135957973444982386647094
16 11 0 6456625426439070225583137016339518509749520786933138/10282975578899574307356369440355992995574163731107849
16 11 1 3826350152460504081773232424016474485824642944174711/10282975578899574307356369440355992995574163731107849
16 12 1 18657040713911243018946720918689218045588638478555351/61697853473397445844138216642135957973444982386647094
16 12 2 1390884594983487141211033172698774624766197543959493/2372994364361440224774546793928306075901730091794119
16 12 4 2292604429971845717901544411092866561311735921714975/20565951157799148614712738880711985991148327462215698
16 13 8 20985340771164447150382882423258543113194535602636815/30848926736698722922069108321067978986722491193323547
16 13 9 9863585965534275771686225897809435873527955590686732/30848926736698722922069108321067978986722491193323547
16 14 3 1
16 15 7 1
16 16 0 5952398994148644909510113773643774723091269058079442/10282975578899574307356369440355992995574163731107849
16 16 2 4330576584750929397846255666712218272482894673028407/10282975578899574307356369440355992995574163731107849
17 0 14 10003173777306927833601955641774623132097640129138183/30848926736698722922069108321067978986722491193323547
17 0 16 898415025472693852677872384009404586034590435668255/10282975578899574307356369440355992995574163731107849
17 0 21 18150507882973713530433535527265142096521079757180599/30848926736698722922069108321067978986722491193323547
17 1 8 3058574671936993653664127956605297772564607373988880/30848926736698722922069108321067978986722491193323547
17 1 10 10171211282605471021150559789001691767123738362879824/30848926736698722922069108321067978986722491193323547
17 1 13 12371068880722829565713400065241543698179376539186109/61697853473397445844138216642135957973444982386647094
17 1 15 5260586178228891856275315625691398402939573030111341/20565951157799148614712738880711985991148327462215698
17 1 20 3542727074451505679984747104303119993535097641694777/30848926736698722922069108321067978986722491193323547
17 2 0 15166194291826828223061543995343259481748771872885675/61697853473397445844138216642135957973444982386647094
17 2 5 31036447896720286679146602739160603076281615042385265/61697853473397445844138216642135957973444982386647094
17 2 10 43735839343207226977824365248858784150989660361910/447085894734764100319842149580695347633659292656863
17 2 17 1576610909247955603165051250548263867096337056905429/10282975578899574307356369440355992995574163731107849
17 3 1 2811018814613445420344627359337512515511499952642683/61697853473397445844138216642135957973444982386647094
17 3 6 22065207991120559706173863416864160300397539825270586/30848926736698722922069108321067978986722491193323547
17 3 17 14620938477467550313744538126399437182686013216210367/61697853473397445844138216642135957973444982386647094
17 3 19 67740099537665348850662161335343837226194783626436/30848926736698722922069108321067978986722491193323547
17 4 2 19424682552144502511542698786721930354502638472314919/61697853473397445844138216642135957973444982386647094
17 4 4 474551576123616863342804938795499618451716132315693/20565951157799148614712738880711985991148327462215698
17 4 7 888032960714828103099284848674511494860591206899676/1341257684204292300959526448742086042900977877970589
17 5 14 8626897446838978437938678212671014775944766921007539/20565951157799148614712738880711985991148327462215698
17 5 16 11939053710960170176774060668040971215203560541208159/20565951157799148614712738880711985991148327462215698
17 6 2 15410078803761629108965666364125543624290259238721911/61697853473397445844138216642135957973444982386647094
17 6 6 3235637612235123924465311751649789158892536420384514/30848926736698722922069108321067978986722491193323547
17 6 7 3237110002389645318046038644613612289329595773378059/10282975578899574307356369440355992995574163731107849
17 6 13 20393839430827696977965694907029162295392075666887801/61697853473397445844138216642135957973444982386647094
17 7 3 10441574216288241192215301044522576899697034325669685/30848926736698722922069108321067978986722491193323547
17 7 10 7817545543417331611157901089570994153617667774117231/20565951157799148614712738880711985991148327462215698
17 7 12 122982145134393616510924680321059671550173880025079/20565951157799148614712738880711985991148327462215698
17 7 15 8496560987582893888350568621707321349273694386440397/30848926736698722922069108321067978986722491193323547
17 8 4 3040114057333341305006782750165138075901728734666233/4745988728722880449549093587856612151803460183588238
17 8 12 1705874671389539144542310837691474075901731448922005/4745988728722880449549093587856612151803460183588238
17 9 0 4293307341310306101811209272424670777361081389439794/30848926736698722922069108321067978986722491193323547
17 9 2 6667350535045820738811997903630448364248702245734427/30848926736698722922069108321067978986722491193323547
17 9 9 17526928942782371071934225060078882651210997140271355/30848926736698722922069108321067978986722491193323547
17 9 10 787113305853408336503892028311325731300570139292657/10282975578899574307356369440355992995574163731107849
17 10 1 9680699033057892402337316493827106988368187361663816/30848926736698722922069108321067978986722491193323547
17 10 3 10381809821326605574584723966250073113206303388596094/30848926736698722922069108321067978986722491193323547
17 10 4 656624189590133517065381660614197637506232299355735/4745988728722880449549093587856612151803460183588238
17 10 10 13036721299956714168444174133997028482714980994502719/61697853473397445844138216642135957973444982386647094
17 11 2 3489474987626475244340346106582249507851136305734463/10282975578899574307356369440355992995574163731107849
17 11 4 4565059541020161158371903920180310440017557714737528/10282975578899574307356369440355992995574163731107849
17 11 5 10791232511157417690687802715484380859010752005912633/61697853473397445844138216642135957973444982386647094
17 11 7 2579413790360209737176913766076217427222066257902515/61697853473397445844138216642135957973444982386647094
17 12 0 19314416931666989201625474821204795484351301460506291/61697853473397445844138216642135957973444982386647094
17 12 8 36968553239909176345958604052954154363874753127852525/61697853473397445844138216642135957973444982386647094
17 12 10 2707441650910640148277068883988504062609463899144139/30848926736698722922069108321067978986722491193323547
17 13 1 27093814653775104798583543837157619425278474005831583/61697853473397445844138216642135957973444982386647094
17 13 3 5371187342088874875604435258391072409090423943249700/30848926736698722922069108321067978986722491193323547
17 13 6 23861664135444591294345802288196193729985660494316111/61697853473397445844138216642135957973444982386647094
17 14 1 22588911862247145005419619543774161011605003211762499/61697853473397445844138216642135957973444982386647094
17 14 4 856723305460913853972114472182094391236817204740440/10282975578899574307356369440355992995574163731107849
17 14 8 33968601778384817714885910265269230614419075946441955/61697853473397445844138216642135957973444982386647094
17 15 0 1855648046013314294331454037766860240665332349089791/10282975578899574307356369440355992995574163731107849
17 15 3 20749447567446508891178965436809289079540464071455136/30848926736698722922069108321067978986722491193323547
17 15 4 4532535031212271147895780770958109185186030074599038/30848926736698722922069108321067978986722491193323547
17 16 0 393974894322101138719354230626306691159997647116953/1581996242907626816516364529285537383934486727862746
17 16 1 22032894497548981038144427684022516073937099564376833/61697853473397445844138216642135957973444982386647094
17 16 2 9615531250717008279930869819000895766922559548143093/61697853473397445844138216642135957973444982386647094
17 16 5 14684406846569512116008104144686585177345415036566001/61697853473397445844138216642135957973444982386647094
17 17 0 24321902833544201262813874829521504083014313013569763/61697853473397445844138216642135957973444982386647094
17 17 5 37375950639853244581324341812614453890430669373077331/61697853473397445844138216642135957973444982386647094
18 0 0 406911563294022974218094036415374428354138274649341/30848926736698722922069108321067978986722491193323547
18 0 15 22/23
18 0 22 934346120910269326741432412326711614546839603321248/30848926736698722922069108321067978986722491193323547
18 1 2 47362502307623574696209801225917146216907667461830647/61697853473397445844138216642135957973444982386647094
18 1 9 9984993438601536789231103832513913925330563738155461/61697853473397445844138216642135957973444982386647094
18 1 14 60861798694806745616985544198936643819666321746471/20565951157799148614712738880711985991148327462215698
18 1 17 1389257443695971373948784983702695966582584073807191/20565951157799148614712738880711985991148327462215698
18 2 12 7905027306324490043973317478757757280755469468488408/30848926736698722922069108321067978986722491193323547
18 2 13 944689882590249576859628077454235555842814621545291/61697853473397445844138216642135957973444982386647094
18 2 14 21479645876422352583345242654714295596033439858270359/30848926736698722922069108321067978986722491193323547
18 2 15 1983817225313511012641468297737616664024349111584269/61697853473397445844138216642135957973444982386647094
18 3 5 789652919401905717412004115709662415844346725706691/61697853473397445844138216642135957973444982386647094
18 3 9 28361923532319013777526346329407988847428180584472821/61697853473397445844138216642135957973444982386647094
18 3 10 707527761340794051069562308630832754568966414705817/1341257684204292300959526448742086042900977877970589
18 4 4 709484615322350313819159099413456535147747147951377/2372994364361440224774546793928306075901730091794119
18 4 15 24461248933447073415530029423560846038282426470473389/61697853473397445844138216642135957973444982386647094
18 4 18 6263334847189754756436683544608414007107043356479301/20565951157799148614712738880711985991148327462215698
18 5 6 2332644739002203784513112251912964583561358603691921/2682515368408584601919052897484172085801955755941178
18 5 17 349870629406380817405940645571207502240597152249257/2682515368408584601919052897484172085801955755941178
18 6 1 1670190855330790186802649896925526655170590183347270/30848926736698722922069108321067978986722491193323547
18 6 4 5440396094792951640905751215868967420984846528416143/20565951157799148614712738880711985991148327462215698
18 6 7 13914116985469358445339552493049003643141720821168147/30848926736698722922069108321067978986722491193323547
18 6 16 14208049507418293657136558214579995113865820792367831/61697853473397445844138216642135957973444982386647094
18 7 2 1400807373146127359021824656698356679743054223198845/10282975578899574307356369440355992995574163731107849
18 7 8 35416737385175949069323245421030708472099998733524/10282975578899574307356369440355992995574163731107849
18 7 10 5828586008847719626092394953479432858093332690212451/10282975578899574307356369440355992995574163731107849
18 7 12 4845904829338680356048443423513034429024038090671751/61697853473397445844138216642135957973444982386647094
18 7 14 13263087927784627882988516085030002066570022823106423/61697853473397445844138216642135957973444982386647094
18 8 0 4236989635516835934951942559788184407374815069441120/10282975578899574307356369440355992995574163731107849
18 8 3 4475393576726782860096577644123800722537866826174433/30848926736698722922069108321067978986722491193323547
18 8 7 12280955290318006994563877276515669473952807867726/60846009342601031404475558818674514766711027994721
18 8 9 7436119921230202710872817218386180618766105569888672/30848926736698722922069108321067978986722491193323547
18 9 4 37933867755912137454266357946343817622373651629474419/61697853473397445844138216642135957973444982386647094
18 9 5 1456738575986418448043136393537930080398358214276438/10282975578899574307356369440355992995574163731107849
18 9 8 3198153476064134416103558841888637580342124347612213/20565951157799148614712738880711985991148327462215698
18 9 10 208811301283630555896244761880717197217492631872208/2372994364361440224774546793928306075901730091794119
18 10 1 4564450521950117672123608526856577797579174589170757/20565951157799148614712738880711985991148327462215698
18 10 7 3216584859816950985910845912032593171828731673638233/61697853473397445844138216642135957973444982386647094
18 10 8 22393958523865070920928272574766815704439363472748295/30848926736698722922069108321067978986722491193323547
18 11 0 3826350152460504081773232424016474485824642944174711/10282975578899574307356369440355992995574163731107849
18 11 1 3078932727663633005922559854389672219769540043528978/10282975578899574307356369440355992995574163731107849
18 11 7 3377692698775437219660577161949846289979980743404160/10282975578899574307356369440355992995574163731107849
18 12 0 5293598215138193002324695561689966003015327516088055/10282975578899574307356369440355992995574163731107849
18 12 4 7536610767754918906531070757412736194933802152560853/61697853473397445844138216642135957973444982386647094
18 12 5 22399653414813368923658972514583425760419215137557911/61697853473397445844138216642135957973444982386647094
18 13 7 12034392947268767857883645987052997443760950109211102/30848926736698722922069108321067978986722491193323547
18 13 9 18814533789429955064185462334014981542961541084112445/30848926736698722922069108321067978986722491193323547
18 14 0 9148808742918193104134772930557934470337686621150794/30848926736698722922069108321067978986722491193323547
18 14 5 11773399549811098580425830256759779033513510571304105/20565951157799148614712738880711985991148327462215698
18 14 7 8080037338127763894591180010740751932229077430433191/61697853473397445844138216642135957973444982386647094
18 15 1 5758186100516618756774473820915507445634310051392364/10282975578899574307356369440355992995574163731107849
18 15 3 128363760666827419327961160707351359906461612400531/30848926736698722922069108321067978986722491193323547
18 15 6 13446004674482039232417725697614105289913099426745924/30848926736698722922069108321067978986722491193323547
18 16 2 1830748499457338646895436863222270897505324341373583/10282975578899574307356369440355992995574163731107849
18 16 5 10667710730516849733465890481704787138492706702329347/20565951157799148614712738880711985991148327462215698
18 16 6 6236743428367621587455974672562657057644972077139185/20565951157799148614712738880711985991148327462215698
18 17 3 42683051648706835015946078371334916792876038630843011/61697853473397445844138216642135957973444982386647094
18 17 4 19014801824690610828192138270801041180568943755804083/61697853473397445844138216642135957973444982386647094
18 18 1 29196622385524186304846629780662502479170558266088723/61697853473397445844138216642135957973444982386647094
18 18 2 32501231087873259539291586861473455494274424120558371/61697853473397445844138216642135957973444982386647094
19 0 6 28156506295491909025123857142695607682282197948070422/30848926736698722922069108321067978986722491193323547
19 0 17 424871064456111163316165877405837346207908802879727/10282975578899574307356369440355992995574163731107849
19 0 18 1417807247838480406996753546154859265816566836613944/30848926736698722922069108321067978986722491193323547
19 1 13 1805725175972079900439817284504593005732494364329687/2682515368408584601919052897484172085801955755941178
19 1 17 876790192436504701479235612979579080069461391611491/2682515368408584601919052897484172085801955755941178
19 2 1 5446815231489730891844692724917341576803664398859199/61697853473397445844138216642135957973444982386647094
19 2 8 2300120444227286484629625419886241303411613541969285/10282975578899574307356369440355992995574163731107849
19 2 9 18377581291835042547835077591791754482630030376758729/61697853473397445844138216642135957973444982386647094
19 2 18 4012122380784825582780115634351569015590267726535576/10282975578899574307356369440355992995574163731107849
19 3 7 16/23
19 3 17 7/23
19 4 5 11299893140635406930509293077408323215526490539663975/61697853473397445844138216642135957973444982386647094
19 4 7 3863636044493793256536673750443528267637751125488866/30848926736698722922069108321067978986722491193323547
19 4 8 3605153310622585667880583049909663359612936523224007/10282975578899574307356369440355992995574163731107849
19 4 10 593478054993411762445592417630913583714003801833151/61697853473397445844138216642135957973444982386647094
19 4 11 3407715054174254438471080891125280746875227775804699/10282975578899574307356369440355992995574163731107849
19 5 9 102688098481268533669407882142905429189607811362742/30848926736698722922069108321067978986722491193323547
19 5 10 525572989975596152064560959522222705203835861449992/2372994364361440224774546793928306075901730091794119
19 5 11 2360252617932832426385695880222529252846246193131650/10282975578899574307356369440355992995574163731107849
19 5 14 16833031914736207132403320324468590631344278603715959/30848926736698722922069108321067978986722491193323547
19 6 3 8880050492432093099435754480697419074821114882493708/30848926736698722922069108321067978986722491193323547
19 6 5 4915132166735400433347304648730807145436464419602872/10282975578899574307356369440355992995574163731107849
19 6 7 7223479744060428522591439894178138475591983052021223/30848926736698722922069108321067978986722491193323547
19 7 4 260866835125872923227485474325166316553639095396743/20565951157799148614712738880711985991148327462215698
19 7 5 9218436125404742848416638486372484309280099932830980/30848926736698722922069108321067978986722491193323547
19 7 12 42478380717210341377622483246415490405223865234794905/61697853473397445844138216642135957973444982386647094
19 8 1 8017550467445952005942362609598334428753808513453062/10282975578899574307356369440355992995574163731107849
19 8 5 2265425111453622301414006830757658566820355217654787/10282975578899574307356369440355992995574163731107849
19 9 7 2784006044677874467912992463866432704527384672334536/30848926736698722922069108321067978986722491193323547
19 9 8 1932919852406404220069660851909803467763423688337027/2682515368408584601919052897484172085801955755941178
19 9 10 3890894926231466615570010706825870935277156070075467/20565951157799148614712738880711985991148327462215698
19 10 1 2272007741446604642504615494292783084627032372757321/10282975578899574307356369440355992995574163731107849
19 10 4 14310751119574299335068108313711583254823563735066294/30848926736698722922069108321067978986722491193323547
19 10 9 312204961271991431139253922399768831519258688707867/2372994364361440224774546793928306075901730091794119
19 10 10 9521205448970607034213363554996908911600228992085963/61697853473397445844138216642135957973444982386647094
19 10 12 601923447842278358380113837188398141644901927160025/20565951157799148614712738880711985991148327462215698
19 11 1 3377692698775437219660577161949846289979980743404160/10282975578899574307356369440355992995574163731107849
19 11 5 287541825915829583696874970972196967524398201510165/2372994364361440224774546793928306075901730091794119
19 11 7 16977804903466626675028002212579879538965372343478922/30848926736698722922069108321067978986722491193323547
19 12 3 12261844226949684003322856485409434923672442697433224/30848926736698722922069108321067978986722491193323547
19 12 8 24729300233488269498179612589181803609570229258794569/61697853473397445844138216642135957973444982386647094
19 12 10 4148288262003269446437630360711761505509955910995359/20565951157799148614712738880711985991148327462215698
19 13 0 35046910163734370911060344685374843862322806692151973/61697853473397445844138216642135957973444982386647094
19 13 4 1324214331099005436306228998929591416155060506246117/4745988728722880449549093587856612151803460183588238
19 13 6 1447273508247644462680550833943072875505276320474696/10282975578899574307356369440355992995574163731107849
19 13 9 125419325981689580835598327836331408012455198407904/10282975578899574307356369440355992995574163731107849
19 14 2 1
19 15 0 22991611424812202441846139868367183341190145017155754/30848926736698722922069108321067978986722491193323547
19 15 1 7857315311886520480222968452700795645532346176167793/30848926736698722922069108321067978986722491193323547
19 16 1 484382688888021471302367258839331886080995984274633/20565951157799148614712738880711985991148327462215698
19 16 4 20623259679268266781719071152784903586521773771106273/61697853473397445844138216642135957973444982386647094
19 16 6 1523901758748658255712001681262809951103085410104497/2372994364361440224774546793928306075901730091794119
19 17 4 37375950639853244581324341812614453890430669373077331/61697853473397445844138216642135957973444982386647094
19 17 5 24321902833544201262813874829521504083014313013569763/61697853473397445844138216642135957973444982386647094
19 18 0 604819650117333940515139450763423097476235327057499/1581996242907626816516364529285537383934486727862746
19 18 2 6893992142638610450616951616420476544428745808917435/61697853473397445844138216642135957973444982386647094
19 18 3 15607947488091405856715413222970990313721529411243599/30848926736698722922069108321067978986722491193323547
19 19 2 36026253751898743180087894743326276828402546286141413/61697853473397445844138216642135957973444982386647094
19 19 3 25671599721498702664050321898809681145042436100505681/61697853473397445844138216642135957973444982386647094
20 0 3 5981659890120305440886004535210985117819711258116135/30848926736698722922069108321067978986722491193323547
20 0 8 12931364267439526609026244752952343699486845907231744/30848926736698722922069108321067978986722491193323547
20 0 9 8680404081963454294535859706141263992892494586422428/30848926736698722922069108321067978986722491193323547
20 0 11 3255498497175436577620999326763386176523439441553240/30848926736698722922069108321067978986722491193323547
20 1 3 333679572413462333383476830227481609136734248414441/1341257684204292300959526448742086042900977877970589
20 1 6 31776955288483231575740028032933548008997282858365277/61697853473397445844138216642135957973444982386647094
20 1 12 14571637853894946932758254418738255944157924101217531/61697853473397445844138216642135957973444982386647094
20 2 7 10841782689068438789306782308944347148980338710200915/30848926736698722922069108321067978986722491193323547
20 2 10 7663616168128962048290610179964109487040811355981876/30848926736698722922069108321067978986722491193323547
20 2 11 8345755921923424156372188863103377458577821834783427/61697853473397445844138216642135957973444982386647094
20 2 13 16341299837079220012571242801215667242824860419498085/61697853473397445844138216642135957973444982386647094
20 3 1 5868502124391660064756640144574299531373614423585828/30848926736698722922069108321067978986722491193323547
20 3 3 4006952209118428885417629677271114459809453471152856/30848926736698722922069108321067978986722491193323547
20 3 11 14187068178132524826176891085606387707261638757822276/30848926736698722922069108321067978986722491193323547
20 3 12 2262134741685369715239315804538725762759261513587529/10282975578899574307356369440355992995574163731107849
20 4 11 1877225951858371420192661549236704767999821597350380/30848926736698722922069108321067978986722491193323547
20 4 12 28971700784840351501876446771831274218722669595973167/30848926736698722922069108321067978986722491193323547
20 5 1 5904049574395005973704015786911447056211208017020831/61697853473397445844138216642135957973444982386647094
20 5 3 412591028470444277406793853260001492382653422356989/10282975578899574307356369440355992995574163731107849
20 5 5 1857010857010161232378757991093609910530158635223057/2372994364361440224774546793928306075901730091794119
20 5 11 5035975445915582164145729967230644289153729319684847/61697853473397445844138216642135957973444982386647094
20 6 3 3514744129744427240741779500125008567919839300419743/30848926736698722922069108321067978986722491193323547
20 6 8 17143327176789187426844417326263893006735679226053509/20565951157799148614712738880711985991148327462215698
20 6 11 3238383683541029082121405663094261817398266107647081/61697853473397445844138216642135957973444982386647094
20 7 8 30214873868682687515654664192594680144403535966822349/61697853473397445844138216642135957973444982386647094
20 7 9 31482979604714758328483552449541277829041446419824745/61697853473397445844138216642135957973444982386647094
20 8 1 22552350883903919028738590639316129115381421039646/790998121453813408258182264642768691967243363931373
20 8 10 42090526209347532217552960842089669406021696819422527/61697853473397445844138216642135957973444982386647094
20 8 11 17848243895105407942343645730179630496423534726132179/61697853473397445844138216642135957973444982386647094
20 9 4 11703989587306301092448085476537454662547103982191969/61697853473397445844138216642135957973444982386647094
20 9 7 1061882334358560061748024892998297565067158028693325/30848926736698722922069108321067978986722491193323547
20 9 10 1427696425627440107566426608799769821330913982134179/20565951157799148614712738880711985991148327462215698
20 9 11 8073828323180637863612420495704880244613780497060391/30848926736698722922069108321067978986722491193323547
20 9 13 13719676647065214289134980280896419113771629703272578/30848926736698722922069108321067978986722491193323547
20 10 7 44943008823244603066903068860920814058866310012850765/61697853473397445844138216642135957973444982386647094
20 10 11 16754844650152842777235147781215143914578672373796329/61697853473397445844138216642135957973444982386647094
20 11 2 15790546805208823953130718337731730991114608124676065/30848926736698722922069108321067978986722491193323547
20 11 3 10623700786054348658838919305033156256926339055980664/30848926736698722922069108321067978986722491193323547
20 11 7 4896673683451359438941835479200903728412286981361775/61697853473397445844138216642135957973444982386647094
20 11 11 3972684607419741181257105877405279748950801043971861/61697853473397445844138216642135957973444982386647094
20 12 0 8568049894806176354152905647289677585639730906935507/61697853473397445844138216642135957973444982386647094
20 12 2 2977203548670219809372098678926762856432397562607297/20565951157799148614712738880711985991148327462215698
20 12 3 2085282211288428782076547986780787028826993362816515/10282975578899574307356369440355992995574163731107849
20 12 4 1019294335309973352622563790359389447292455076405613/61697853473397445844138216642135957973444982386647094
20 12 9 10222401776513354672262387749007293399417881179528331/20565951157799148614712738880711985991148327462215698
20 13 2 371887954227402206816891580485253743564896396107000/790998121453813408258182264642768691967243363931373
20 13 3 4125904826804610568726793086686866794937633309446703/20565951157799148614712738880711985991148327462215698
20 13 5 6770959521082080668746764701408521863523387853986995/20565951157799148614712738880711985991148327462215698
20 14 5 8792551607988050034286908623952206957634816890911593/20565951157799148614712738880711985991148327462215698
20 14 6 5126839397785753141048478125061472801171869841781719/10282975578899574307356369440355992995574163731107849
20 14 7 1519720754239592298328874006636833431169770887740667/20565951157799148614712738880711985991148327462215698
20 15 0 2290371173846577597228606339400214923536349128898420/30848926736698722922069108321067978986722491193323547
20 15 2 11794963344390968068785003545620266700175357501822045/30848926736698722922069108321067978986722491193323547
20 15 6 5587864072820392418685166145349165787670261520867694/10282975578899574307356369440355992995574163731107849
20 16 1 1469685034968630784311026430061363316971726725747937/2372994364361440224774546793928306075901730091794119
20 16 4 4237864064467830462159544204102750175779320137053840/30848926736698722922069108321067978986722491193323547
20 16 5 7505157217638692263866220526167505690310723621546526/30848926736698722922069108321067978986722491193323547
20 17 1 42683051648706835015946078371334916792876038630843011/61697853473397445844138216642135957973444982386647094
20 17 3 19014801824690610828192138270801041180568943755804083/61697853473397445844138216642135957973444982386647094
20 18 4 1
20 19 0 61474142108800090310777517368415494684559458648318803/61697853473397445844138216642135957973444982386647094
20 19 1 223711364597355533360699273720463288885523738328291/61697853473397445844138216642135957973444982386647094
20 20 0 17680097876726273409646766551172726700304149090268574/30848926736698722922069108321067978986722491193323547
20 20 1 9464418990140545949828797824273525004895541049685759/61697853473397445844138216642135957973444982386647094
20 20 2 244539691736294972101679503123434486491900625455423/894171789469528200639684299161390695267318585313726
21 0 8 931457427455770730300994878314014340894919245184859/10282975578899574307356369440355992995574163731107849
21 0 12 21645889813189684269848392549352745127874275890023225/30848926736698722922069108321067978986722491193323547
21 0 13 6408664641141726461317731136773190836163457567745745/30848926736698722922069108321067978986722491193323547
21 1 5 2728275143840340852564215687054418261087266233848443/61697853473397445844138216642135957973444982386647094
21 1 9 15040615488773530375911575239284744285321270215087417/61697853473397445844138216642135957973444982386647094
21 1 11 21964481420391787307831212857898397713518222968855617/30848926736698722922069108321067978986722491193323547
21 2 4 20647434510214164879975347492687407977209125639450885/61697853473397445844138216642135957973444982386647094
21 2 11 41050418963183280964162869149448549996235856747196209/61697853473397445844138216642135957973444982386647094
21 3 4 2464495557985042506728152834591566806430734267385827/61697853473397445844138216642135957973444982386647094
21 3 5 26204969216488197491694220164909658691728130506268294/30848926736698722922069108321067978986722491193323547
21 3 13 2274473160812002784673874492575024594519329035574893/20565951157799148614712738880711985991148327462215698
21 4 5 14088376395062052374608320821266942619632126995022613/61697853473397445844138216642135957973444982386647094
21 4 10 10508872551960956312033997480307259036585194740790199/20565951157799148614712738880711985991148327462215698
21 4 15 8041429711226262266713951689973619122028635584626942/30848926736698722922069108321067978986722491193323547
21 5 8 52082810310025974669372506979795798226836505629852707/61697853473397445844138216642135957973444982386647094
21 5 12 6761893081082236555395806934018990029715449728425977/61697853473397445844138216642135957973444982386647094
21 5 15 1426575041144617309684951364160584858446513514184205/30848926736698722922069108321067978986722491193323547
21 6 6 111967669116955888030534684756815967495994166548083/10282975578899574307356369440355992995574163731107849
21 6 10 40332328180073487672373959798837833996461332327360101/61697853473397445844138216642135957973444982386647094
21 6 12 20693719278622222843581048734757228172007685059998495/61697853473397445844138216642135957973444982386647094
21 7 7 753193836226864069863792253257300947609153888255336/790998121453813408258182264642768691967243363931373
21 7 8 37804285226949338394390011385467744358089475676037/790998121453813408258182264642768691967243363931373
21 8 3 7708229780327843606236665730351469981803392567023582/30848926736698722922069108321067978986722491193323547
21 8 9 23140696956370879315832442590716509004919098626299965/30848926736698722922069108321067978986722491193323547
21 9 2 6676854425061840600834838868227977717791437535171114/30848926736698722922069108321067978986722491193323547
21 9 4 858060934546806990775604237101198670175610962068523/20565951157799148614712738880711985991148327462215698
21 9 6 235857724862660373867720240471290890552220262570893/790998121453813408258182264642768691967243363931373
21 9 7 27373059280345834508459547437615717064262093949569643/61697853473397445844138216642135957973444982386647094
21 10 5 12591367859427123053595078414606243162026732251890905/61697853473397445844138216642135957973444982386647094
21 10 6 38600748086012994229008727743393938944894951323883777/61697853473397445844138216642135957973444982386647094
21 10 9 2969042300378138224327813318240205666500388064899531/20565951157799148614712738880711985991148327462215698
21 10 11 532870208940971296183656843138386289007378205391273/20565951157799148614712738880711985991148327462215698
21 11 3 8357474653330290499013828798942716222071503333061283/20565951157799148614712738880711985991148327462215698
21 11 4 5717916037879413148984465520175682555556606016370321/10282975578899574307356369440355992995574163731107849
21 11 8 772644428710031817729979041417904657963612096413773/20565951157799148614712738880711985991148327462215698
21 12 4 1109302906350406559327708067123417950153866398966227/30848926736698722922069108321067978986722491193323547
21 12 9 10343549381285793942450351131704692591730446282687367/20565951157799148614712738880711985991148327462215698
21 12 10 28448599516839250898131747112775044297945910740652539/61697853473397445844138216642135957973444982386647094
21 13 2 28167650463134219225774997303063479710163271374474989/61697853473397445844138216642135957973444982386647094
21 13 5 33530203010263226618363219339072478263281711012172105/61697853473397445844138216642135957973444982386647094
21 14 4 1999774804585827714167545092413097450876976523045669/30848926736698722922069108321067978986722491193323547
21 14 6 5156136181113821166307891315294520194402293889326130/10282975578899574307356369440355992995574163731107849
21 14 7 13380743388771431708977889282771320952638633002299488/30848926736698722922069108321067978986722491193323547
21 15 2 4154820534648649685689040110625489626583296858561236/10282975578899574307356369440355992995574163731107849
21 15 4 6128155044250924621667329329730503368990866872546613/10282975578899574307356369440355992995574163731107849
21 16 3 25635655483173277746457009077257405129044812308498590/30848926736698722922069108321067978986722491193323547
21 16 4 7060365046221423917965949576006219643525512277137297/61697853473397445844138216642135957973444982386647094
21 16 6 3366177460829466433258248911614928071829845492512617/61697853473397445844138216642135957973444982386647094
21 17 0 37375950639853244581324341812614453890430669373077331/61697853473397445844138216642135957973444982386647094
21 17 1 19014801824690610828192138270801041180568943755804083/61697853473397445844138216642135957973444982386647094
21 17 4 2653550504426795217310868279360231451222684628882840/30848926736698722922069108321067978986722491193323547
21 18 0 977176592790292876001225078522114286458251400805247/1581996242907626816516364529285537383934486727862746
21 18 3 604819650117333940515139450763423097476235327057499/1581996242907626816516364529285537383934486727862746
21 19 1 16053390302143551107497130285311461529938370219299407/20565951157799148614712738880711985991148327462215698
21 19 2 4512560855655597507215608595400524461209957242916291/20565951157799148614712738880711985991148327462215698
21 20 0 13168828859972449512422341769895252286418342103054973/30848926736698722922069108321067978986722491193323547
21 20 2 17680097876726273409646766551172726700304149090268574/30848926736698722922069108321067978986722491193323547
21 21 0 6762332681474786056151235588525992027172469647439372/30848926736698722922069108321067978986722491193323547
21 21 1 24086594055223936865917872732541986959550021545884175/30848926736698722922069108321067978986722491193323547
22 0 9 318568888054847919808546967475662241201095426791180/2372994364361440224774546793928306075901730091794119
22 0 10 25735584653872402381942875206549646722832902283251243/30848926736698722922069108321067978986722491193323547
22 0 14 323982179371099194205040845778241042758449453928988/10282975578899574307356369440355992995574163731107849
22 1 7 1108995496932841048988716484323894012794351971150651/4745988728722880449549093587856612151803460183588238
22 1 10 243588731789916171445251992526097153862842413546575/365076056055606188426853352912047088600266167968326
22 1 15 235169859260564585886050600346727569396078418166056/2372994364361440224774546793928306075901730091794119
22 2 8 11761675826853043772391449315559399684024968955442963/61697853473397445844138216642135957973444982386647094
22 2 9 1349459595265312105185061880652038292495323327177951/20565951157799148614712738880711985991148327462215698
22 2 12 22943899430374232878095790842310221705967021724835139/30848926736698722922069108321067978986722491193323547
22 3 8 6030142792486212038260594124997071842973204954804083/30848926736698722922069108321067978986722491193323547
22 3 10 8156925385646312787916296960609315864288433803018193/30848926736698722922069108321067978986722491193323547
22 3 11 16661858558566198095892217235461591279460852435501271/30848926736698722922069108321067978986722491193323547
22 4 8 2372906650300341634445747515231613140639231062779572/30848926736698722922069108321067978986722491193323547
22 4 9 28476020086398381287623360805836365846083260130543975/30848926736698722922069108321067978986722491193323547
22 5 7 975216282018147313061262133708420648279565886767103/1581996242907626816516364529285537383934486727862746
22 5 11 606779960889479503455102395577116735654920841095643/1581996242907626816516364529285537383934486727862746
22 6 8 3422623981009961187868321554448092984412648236162189/20565951157799148614712738880711985991148327462215698
22 6 9 17143327176789187426844417326263893006735679226053509/20565951157799148614712738880711985991148327462215698
22 7 6 7907883439049486489213010808982730073390770191704779/10282975578899574307356369440355992995574163731107849
22 7 7 37804285226949338394390011385467744358089475676037/790998121453813408258182264642768691967243363931373
22 7 8 1617307549366153873532579680225587475932579523526779/20565951157799148614712738880711985991148327462215698
22 7 11 2149965314433338964499997286498777015123881187702399/20565951157799148614712738880711985991148327462215698
22 8 6 544625384944239590918208272766787302109961701745361/10282975578899574307356369440355992995574163731107849
22 8 7 70496003238142609478158512855909548192087487004523/61697853473397445844138216642135957973444982386647094
22 8 8 58359605160493865689150808492679324612593124689170405/61697853473397445844138216642135957973444982386647094
22 9 3 32046144418329412851885080457075668884972433858206571/61697853473397445844138216642135957973444982386647094
22 9 5 3847698041291801719927796166660844007237537837957363/30848926736698722922069108321067978986722491193323547
22 9 7 7318770990828143184132514617246200357999157617508599/20565951157799148614712738880711985991148327462215698
22 10 5 49106485613970322790543138227529714811418250134756189/61697853473397445844138216642135957973444982386647094
22 10 7 4171146102608055797624328558373128556071973909171970/30848926736698722922069108321067978986722491193323547
22 10 8 4249075654211011458346421297859986049882784433546965/61697853473397445844138216642135957973444982386647094
22 11 3 15378027941297877029418891635241496793377794275501917/61697853473397445844138216642135957973444982386647094
22 11 6 46319825532099568814719325006894461180067188111145177/61697853473397445844138216642135957973444982386647094
22 12 5 39298200058584076920479244127552532213025767249089183/61697853473397445844138216642135957973444982386647094
22 12 6 22399653414813368923658972514583425760419215137557911/61697853473397445844138216642135957973444982386647094
22 13 4 1028956683941790375227313620599788205994273301491335/2372994364361440224774546793928306075901730091794119
22 13 7 1344037680419649849547233173328517869907456790302784/2372994364361440224774546793928306075901730091794119
22 14 1 4569944720968569276083888508959380624587428137266989/30848926736698722922069108321067978986722491193323547
22 14 4 26278982015730153645985219812108598362135063056056558/30848926736698722922069108321067978986722491193323547
22 15 3 9971115408585386611562181723551338547275565509467880/30848926736698722922069108321067978986722491193323547
22 15 4 7931926572733677909171339560918359694563860501084670/30848926736698722922069108321067978986722491193323547
22 15 5 4102184970541383989246567616397301470361485992932152/10282975578899574307356369440355992995574163731107849
22 15 6 639329843755506433595884187406376333798607203974541/30848926736698722922069108321067978986722491193323547
22 16 0 3539479543314543992340906335282449559885819933536425/20565951157799148614712738880711985991148327462215698
22 16 2 15114371717430829295757191643528127186593108752092061/61697853473397445844138216642135957973444982386647094
22 16 3 5213271253525445175612099243810573857677678884824957/30848926736698722922069108321067978986722491193323547
22 16 4 4256416769828682370022351250856555731973176010715974/10282975578899574307356369440355992995574163731107849
22 17 2 1
22 18 1 32501231087873259539291586861473455494274424120558371/61697853473397445844138216642135957973444982386647094
22 18 2 11151315121442787927114839082121012967370906228585644/30848926736698722922069108321067978986722491193323547
22 18 3 6893992142638610450616951616420476544428745808917435/61697853473397445844138216642135957973444982386647094
22 19 0 223711364597355533360699273720463288885523738328291/61697853473397445844138216642135957973444982386647094
22 19 1 6656985601184718494143063256240555047372173995210291/30848926736698722922069108321067978986722491193323547
22 19 2 6066958577265955071201748056304053880706282185878404/30848926736698722922069108321067978986722491193323547
22 19 3 36026253751898743180087894743326276828402546286141413/61697853473397445844138216642135957973444982386647094
22 20 1 52233434483256899894309418817862432968549441336961335/61697853473397445844138216642135957973444982386647094
22 20 2 9464418990140545949828797824273525004895541049685759/61697853473397445844138216642135957973444982386647094
22 21 0 24086594055223936865917872732541986959550021545884175/30848926736698722922069108321067978986722491193323547
22 21 1 6762332681474786056151235588525992027172469647439372/30848926736698722922069108321067978986722491193323547
22 22 0 1
