# exact hook decomposition of the 27-box: a s i value
0 0 0 1/27
0 0 1 1/27
0 0 2 1/27
0 0 3 1/27
0 0 4 1/27
0 0 5 1/27
0 0 6 1/27
0 0 7 1/27
0 0 8 1/27
0 0 9 1/27
0 0 10 1/27
0 0 11 1/27
0 0 12 1/27
0 0 13 1/27
0 0 14 1/27
0 0 15 1/27
0 0 16 1/27
0 0 17 1/27
0 0 18 1/27
0 0 19 1/27
0 0 20 1/27
0 0 21 1/27
0 0 22 1/27
0 0 23 1/27
0 0 24 1/27
0 0 25 1/27
0 0 26 1/27
1 0 2 1/9
1 0 3 1/9
1 0 6 1/9
1 0 9 1/9
1 0 10 1/9
1 0 13 1/9
1 0 22 1/9
1 0 23 1/9
1 0 24 1/9
1 1 0 1/9
1 1 4 1/9
1 1 7 1/9
1 1 11 1/9
1 1 14 1/9
1 1 16 1/9
1 1 18 1/9
1 1 20 1/9
1 1 25 1/9
2 0 1 2799619572467844075652495048504780380697101630174097808786126443672961737469/42121032872672060590955419027869041268738184870793595015263782699567608206376
2 0 3 766931040593774662827470035312391649739960765617603333091575564396902105839/21060516436336030295477709513934520634369092435396797507631891349783804103188
2 0 6 5/27
2 0 8 140639721253366083333061664208888564579686677659876793622552812764350836199/4680114763630228954550602114207671252082020541199288335029309188840845356264
2 0 11 6560609954792613833448709179910562123466939452224478861272491934008728975059/42121032872672060590955419027869041268738184870793595015263782699567608206376
2 0 13 83386255824226347578050836172305169907822013801926450995013912324376821728/5265129109084007573869427378483630158592273108849199376907972837445951025797
2 0 16 5893519908198803052824302490532120764204363341809067253312380635413714401235/42121032872672060590955419027869041268738184870793595015263782699567608206376
2 0 18 5/27
2 0 25 5/27
2 1 3 140639721253366083333061664208888564579686677659876793622552812764350836199/4680114763630228954550602114207671252082020541199288335029309188840845356264
2 1 4 6534433781436753507586781879132788338919520803059922749112539999855584734649/42121032872672060590955419027869041268738184870793595015263782699567608206376
2 1 7 6534433781436753507586781879132788338919520803059922749112539999855584734649/42121032872672060590955419027869041268738184870793595015263782699567608206376
2 1 9 5/27
2 1 11 1239581317924434424135627677102223296669761449774335030443023380726013285381/42121032872672060590955419027869041268738184870793595015263782699567608206376
2 1 13 1239581317924434424135627677102223296669761449774335030443023380726013285381/42121032872672060590955419027869041268738184870793595015263782699567608206376
2 1 15 211852373835360578306670485164518295103593062243305182044792742146780873245/4680114763630228954550602114207671252082020541199288335029309188840845356264
2 1 20 5/27
2 1 22 5/27
2 2 0 5/27
2 2 1 1666857233416401393977280602836001679813199757274905360976462957020593507657/14040344290890686863651806342623013756246061623597865005087927566522536068792
2 2 5 140639721253366083333061664208888564579686677659876793622552812764350836199/4680114763630228954550602114207671252082020541199288335029309188840845356264
2 2 12 6560609954792613833448709179910562123466939452224478861272491934008728975059/42121032872672060590955419027869041268738184870793595015263782699567608206376
2 2 13 5893519908198803052824302490532120764204363341809067253312380635413714401235/42121032872672060590955419027869041268738184870793595015263782699567608206376
2 2 17 5/27
2 2 24 5/27
3 0 4 1/9
3 0 6 7/27
3 0 24 54422497213128567862245181606728460514343380036246035837500189674155790843/390009563635852412879216842850639271006835045099940694585775765736737113022
3 0 25 2430688211604052796511548525124724276181079190020763978245252536165164777459/10530258218168015147738854756967260317184546217698398753815945674891902051594
3 0 26 7/27
3 1 0 2/27
3 1 1 2/27
3 1 3 4/27
3 1 14 7/54
3 1 15 7/54
3 1 17 7/54
3 1 18 7/54
3 1 20 54422497213128567862245181606728460514343380036246035837500189674155790843/780019127271704825758433685701278542013670090199881389171551531473474226044
3 1 22 2430688211604052796511548525124724276181079190020763978245252536165164777459/21060516436336030295477709513934520634369092435396797507631891349783804103188
3 2 0 5/27
3 2 1 1/9
3 2 5 7/27
3 2 14 7/54
3 2 17 7/54
3 2 20 2430688211604052796511548525124724276181079190020763978245252536165164777459/21060516436336030295477709513934520634369092435396797507631891349783804103188
3 2 21 54422497213128567862245181606728460514343380036246035837500189674155790843/780019127271704825758433685701278542013670090199881389171551531473474226044
3 3 8 7/27
3 3 9 7/27
3 3 10 7/27
3 3 20 2/27
3 3 21 1260659520696495557873897996572806463160574054720941894487925238954953438393/10530258218168015147738854756967260317184546217698398753815945674891902051594
3 3 22 99792911282304697880989791609916873622255375226273627951725941330665004565/3510086072722671715912951585655753439061515405899466251271981891630634017198
4 0 5 3288350060081654361543648686676116687004166523371215729205130755459404308947/10530258218168015147738854756967260317184546217698398753815945674891902051594
4 0 14 6458834467153539979180792948021894989296848998596826852486466153631383337101/21060516436336030295477709513934520634369092435396797507631891349783804103188
4 0 16 5571890416589470561703581352103347981067453468483824764219061608946464504097/21060516436336030295477709513934520634369092435396797507631891349783804103188
4 0 25 613272858107427757876509460114261072499114230393428608129025519071786911024/5265129109084007573869427378483630158592273108849199376907972837445951025797
4 1 0 2231355419788693677136734941477407537939108039045463910449250940115917935845/21060516436336030295477709513934520634369092435396797507631891349783804103188
4 1 11 1/3
4 1 18 891609148356909461958446913145560347351268601367321651527651070819459117449/7020172145445343431825903171311506878123030811798932502543963783261268034396
4 1 23 1141770178253908100079966332713615647031643472556304517506965426743530097575/5265129109084007573869427378483630158592273108849199376907972837445951025797
4 1 25 1141770178253908100079966332713615647031643472556304517506965426743530097575/5265129109084007573869427378483630158592273108849199376907972837445951025797
4 2 1 2231355419788693677136734941477407537939108039045463910449250940115917935845/21060516436336030295477709513934520634369092435396797507631891349783804103188
4 2 7 1/3
4 2 8 528497320146480342203456872599354574532529242162875909377939907671743186551/5265129109084007573869427378483630158592273108849199376907972837445951025797
4 2 15 891609148356909461958446913145560347351268601367321651527651070819459117449/7020172145445343431825903171311506878123030811798932502543963783261268034396
4 2 20 5571890416589470561703581352103347981067453468483824764219061608946464504097/21060516436336030295477709513934520634369092435396797507631891349783804103188
4 2 22 1448281728855872870122321819208158897055577343315107738324902174314803530299/21060516436336030295477709513934520634369092435396797507631891349783804103188
4 3 0 4788816725656649754689168229834099340183922772753468592094712843145350098551/21060516436336030295477709513934520634369092435396797507631891349783804103188
4 3 1 1278730652933978038776216644178345901122407366854002340822730951514716081353/10530258218168015147738854756967260317184546217698398753815945674891902051594
4 3 5 221736012641017354369302898979636752057348882528250522066851136171229708251/10530258218168015147738854756967260317184546217698398753815945674891902051594
4 3 10 1226545716214855515753018920228522144998228460786857216258051038143573822048/5265129109084007573869427378483630158592273108849199376907972837445951025797
4 3 14 561337678291803452645110223289611888826181813202105650057497629629884697295/21060516436336030295477709513934520634369092435396797507631891349783804103188
4 3 18 1448448233458205015316854143958275278689741669232322515987003523600963560683/7020172145445343431825903171311506878123030811798932502543963783261268034396
4 3 21 334936567857946053794572007082961797646959859419535564730399967324114704599/7020172145445343431825903171311506878123030811798932502543963783261268034396
4 3 23 613272858107427757876509460114261072499114230393428608129025519071786911024/5265129109084007573869427378483630158592273108849199376907972837445951025797
4 4 2 1/3
4 4 4 2231355419788693677136734941477407537939108039045463910449250940115917935845/10530258218168015147738854756967260317184546217698398753815945674891902051594
4 4 13 528497320146480342203456872599354574532529242162875909377939907671743186551/5265129109084007573869427378483630158592273108849199376907972837445951025797
4 4 15 1448448233458205015316854143958275278689741669232322515987003523600963560683/7020172145445343431825903171311506878123030811798932502543963783261268034396
4 4 16 1448281728855872870122321819208158897055577343315107738324902174314803530299/21060516436336030295477709513934520634369092435396797507631891349783804103188
4 4 17 30926254472164633786881939225699919428017152330432560377625061305296911825/390009563635852412879216842850639271006835045099940694585775765736737113022
5 0 8 259113903309018428375240271597032347785508480527022818307902732848874880021/7020172145445343431825903171311506878123030811798932502543963783261268034396
5 0 9 1006035940370439773448619268074700160926634529200938252131621530606618975083/42121032872672060590955419027869041268738184870793595015263782699567608206376
5 0 11 668892701296192577176626539385938904078115673103357586761573840017252698345/10530258218168015147738854756967260317184546217698398753815945674891902051594
5 0 19 11/27
5 0 21 2563901107307727605177769801812135556184552797222308382690182026965863211851/42121032872672060590955419027869041268738184870793595015263782699567608206376
5 0 26 11/27
5 1 0 11/27
5 1 2 1003862852764317953660902430409578472157212616822545604347078964018914759763/42121032872672060590955419027869041268738184870793595015263782699567608206376
5 1 3 16156557947213188213024638655018549452143529367574844957427054728397518213205/42121032872672060590955419027869041268738184870793595015263782699567608206376
5 1 4 1003862852764317953660902430409578472157212616822545604347078964018914759763/42121032872672060590955419027869041268738184870793595015263782699567608206376
5 1 8 1001741688042199779342429827639417599793967693583056790539649564508251455335/14040344290890686863651806342623013756246061623597865005087927566522536068792
5 1 24 473887919478266370737018117960619268574698150553387239468685957148884141834/5265129109084007573869427378483630158592273108849199376907972837445951025797
5 2 5 3118485635545230672294880290727493513782246668369908946330634076260899425855/21060516436336030295477709513934520634369092435396797507631891349783804103188
5 2 6 2174434815573405647245482168377776707370073230216965850050541902876052152659/10530258218168015147738854756967260317184546217698398753815945674891902051594
5 2 7 1076524373119246728924918086957204179804389447870751624419258964136446756795/14040344290890686863651806342623013756246061623597865005087927566522536068792
5 2 15 433641450411463741047209033268508245413943899957579986678400110032691190689/4680114763630228954550602114207671252082020541199288335029309188840845356264
5 2 18 1671164680518921900098674517717896721962894597496286580753080754403169979787/10530258218168015147738854756967260317184546217698398753815945674891902051594
5 2 22 1671164680518921900098674517717896721962894597496286580753080754403169979787/5265129109084007573869427378483630158592273108849199376907972837445951025797
5 3 10 1227202248518403360718375141872818592413032407204789533059305630225209922821/42121032872672060590955419027869041268738184870793595015263782699567608206376
5 3 11 3621212498698183964494758731971093076997069822995990053681959583086855544897/10530258218168015147738854756967260317184546217698398753815945674891902051594
5 3 13 5311072850486367601989055314518436443962569859064200342904942687397074350049/14040344290890686863651806342623013756246061623597865005087927566522536068792
5 3 20 96997797017609431169359657542190194781936699948261520729276024766701417165/390009563635852412879216842850639271006835045099940694585775765736737113022
5 4 2 705223461473656964808634367659751757901704088627460596797663840076018696861/3510086072722671715912951585655753439061515405899466251271981891630634017198
5 4 5 367392099115656550682773261983835645354779112253149150546880984291693309685/1560038254543409651516867371402557084027340180399762778343103062946948452088
5 4 8 433641450411463741047209033268508245413943899957579986678400110032691190689/4680114763630228954550602114207671252082020541199288335029309188840845356264
5 4 10 668892701296192577176626539385938904078115673103357586761573840017252698345/10530258218168015147738854756967260317184546217698398753815945674891902051594
5 4 18 473887919478266370737018117960619268574698150553387239468685957148884141834/5265129109084007573869427378483630158592273108849199376907972837445951025797
5 4 21 1671164680518921900098674517717896721962894597496286580753080754403169979787/5265129109084007573869427378483630158592273108849199376907972837445951025797
5 5 2 7693876409529304635321026243101528357323080304045317795855088647485293850873/42121032872672060590955419027869041268738184870793595015263782699567608206376
5 5 10 13257647746274332497260659786011553715575246884779170681668532702122212256767/42121032872672060590955419027869041268738184870793595015263782699567608206376
5 5 12 13257647746274332497260659786011553715575246884779170681668532702122212256767/42121032872672060590955419027869041268738184870793595015263782699567608206376
5 5 16 1227202248518403360718375141872818592413032407204789533059305630225209922821/42121032872672060590955419027869041268738184870793595015263782699567608206376
5 5 18 1671164680518921900098674517717896721962894597496286580753080754403169979787/10530258218168015147738854756967260317184546217698398753815945674891902051594
6 0 3 2000360612998473117348786211149374320738544700205809313651156200326112270025/10530258218168015147738854756967260317184546217698398753815945674891902051594
6 0 4 257829982973837090781651093753119092401974947453060130934807083016752489237/14040344290890686863651806342623013756246061623597865005087927566522536068792
6 0 18 3762069487213890469652996296776126898249085967899801116007335701829164240523/10530258218168015147738854756967260317184546217698398753815945674891902051594
6 0 20 6570603898390915609262148182653649797706691197276289219295100473918337531269/21060516436336030295477709513934520634369092435396797507631891349783804103188
6 0 22 5156614726119263752079039349600379520168354961459394465235192894059569633935/42121032872672060590955419027869041268738184870793595015263782699567608206376
6 1 2 11215446080540722468706861732159385345429303817767766415456740690918962369403/42121032872672060590955419027869041268738184870793595015263782699567608206376
6 1 7 650615200713060670903475578179151243666426402885940504930560568041576563641/4680114763630228954550602114207671252082020541199288335029309188840845356264
6 1 9 568176588363849377200604643944809404234088447511616568802052537296313886411/3510086072722671715912951585655753439061515405899466251271981891630634017198
6 1 15 90405367884131105895789524094661168183686103486163538396738567594464406485/780019127271704825758433685701278542013670090199881389171551531473474226044
6 1 20 230944241477949915311960927626525002051183983729025927045827247409238469913/1560038254543409651516867371402557084027340180399762778343103062946948452088
6 1 25 7114546539699872125914442017731703742200964907976434126146148118568173489431/42121032872672060590955419027869041268738184870793595015263782699567608206376
6 2 0 2336952405328775516402995019196599362079482993602769930385854309263458679601/21060516436336030295477709513934520634369092435396797507631891349783804103188
6 2 7 9561963386962093182850983343761687794593319830211157824868422001277903348721/42121032872672060590955419027869041268738184870793595015263782699567608206376
6 2 13 680896638856239761352676324800143768423377511443298741965836433842517285162/5265129109084007573869427378483630158592273108849199376907972837445951025797
6 2 14 4611067474645234393500438198774352172460919113802074344223767525214336561283/14040344290890686863651806342623013756246061623597865005087927566522536068792
6 2 15 293223804094538220144622008124238450727542161243606292723353362193624958461/21060516436336030295477709513934520634369092435396797507631891349783804103188
6 2 23 4009170766038859331843238217370735591880518648968535887889475654496194808193/21060516436336030295477709513934520634369092435396797507631891349783804103188
6 3 8 836151173731727288615130963911685239715869348249986810987783683089307554653/3510086072722671715912951585655753439061515405899466251271981891630634017198
6 3 10 10263157080284220067108069896480189326255131614678344302945162177897871878835/42121032872672060590955419027869041268738184870793595015263782699567608206376
6 3 11 6447294885128622289217961231910185574972665003790693085789037242667320193295/42121032872672060590955419027869041268738184870793595015263782699567608206376
6 3 21 259550920457656997101251411587222715193797585505405962666232547717732101471/3510086072722671715912951585655753439061515405899466251271981891630634017198
6 3 23 681230876499255933668488855193987272699688058181102463482299361628774458931/2340057381815114477275301057103835626041010270599644167514654594420422678132
6 4 0 7803296249203387218456642894920021684098228178995688128844315599891706258971/21060516436336030295477709513934520634369092435396797507631891349783804103188
6 4 1 17081276140650412593515325623817902177064192984817743128569792625453638515767/42121032872672060590955419027869041268738184870793595015263782699567608206376
6 4 3 1063608776529710531617269251476359463971939726605912448398974326086918427641/42121032872672060590955419027869041268738184870793595015263782699567608206376
6 4 7 422154259906108413013304781042537071199147240267375700090877597619035447557/4680114763630228954550602114207671252082020541199288335029309188840845356264
6 4 13 1523389039310062437263265111117300872904423546324060626596162056557439905671/14040344290890686863651806342623013756246061623597865005087927566522536068792
6 5 1 3199221168413912876203950204415339915291229360379172989890547192856691361377/42121032872672060590955419027869041268738184870793595015263782699567608206376
6 5 4 3900414861736039760461036757133841446953041144846359467967287369476659891491/42121032872672060590955419027869041268738184870793595015263782699567608206376
6 5 5 3199221168413912876203950204415339915291229360379172989890547192856691361377/42121032872672060590955419027869041268738184870793595015263782699567608206376
6 5 16 1565405019385542570845326930798482493053615415537862012365154592566242243105/42121032872672060590955419027869041268738184870793595015263782699567608206376
6 5 17 15123882582945061717640236478632862572187067383737521653225146924250760243209/42121032872672060590955419027869041268738184870793595015263782699567608206376
6 5 19 1681432007975287865511213161385908325106889133990389544658344380840062567313/4680114763630228954550602114207671252082020541199288335029309188840845356264
6 6 2 4391146417866051968206424057680658022767152540223609842231890508864450148539/42121032872672060590955419027869041268738184870793595015263782699567608206376
6 6 6 17081276140650412593515325623817902177064192984817743128569792625453638515767/42121032872672060590955419027869041268738184870793595015263782699567608206376
6 6 12 3199221168413912876203950204415339915291229360379172989890547192856691361377/42121032872672060590955419027869041268738184870793595015263782699567608206376
6 6 15 130069260059475711392166484895443221688809282540423368386986930181692551788/585014345453778619318825264275958906510252567649911041878663648605105669533
6 6 18 2032998191794850714903340436713394584067849113218538664540449818136981553675/42121032872672060590955419027869041268738184870793595015263782699567608206376
6 6 19 5147609237286734680118357375760067166393420139283410216535240390749766771327/42121032872672060590955419027869041268738184870793595015263782699567608206376
6 6 20 903794992377846537772034417009767441560072389960637649632803190424216126955/42121032872672060590955419027869041268738184870793595015263782699567608206376
7 0 6 4116070920293267088458501313200255490484727351343565077393556186523879459683/21060516436336030295477709513934520634369092435396797507631891349783804103188
7 0 15 5244158606967190820642702915215087013679313731055011592665062191157811252845/21060516436336030295477709513934520634369092435396797507631891349783804103188
7 0 23 5/9
7 1 0 4116070920293267088458501313200255490484727351343565077393556186523879459683/21060516436336030295477709513934520634369092435396797507631891349783804103188
7 1 9 190873208202442269072574234505516015106408952879561558897492106893898596415/21060516436336030295477709513934520634369092435396797507631891349783804103188
7 1 10 3584832216444575327379752005166910112798313419127791487380845251999116767083/10530258218168015147738854756967260317184546217698398753815945674891902051594
7 1 12 5700248107392186917561552356039790034454905404311854150139521061614630617791/14040344290890686863651806342623013756246061623597865005087927566522536068792
7 1 14 2067071427725779813689602843670487702997942372900613342739741919891693172475/42121032872672060590955419027869041268738184870793595015263782699567608206376
7 2 3 4116070920293267088458501313200255490484727351343565077393556186523879459683/21060516436336030295477709513934520634369092435396797507631891349783804103188
7 2 4 7584215988782305297918003972318922639720324001654655760179716785578233930977/21060516436336030295477709513934520634369092435396797507631891349783804103188
7 2 15 3226754210480244723341983764785442632718065474229065144718139426301185879649/42121032872672060590955419027869041268738184870793595015263782699567608206376
7 2 19 735716244154138385064661361781474267437556230713942399198548707899583180941/21060516436336030295477709513934520634369092435396797507631891349783804103188
7 2 24 14022272355732394324731101968482293840734904229140203397001999913263029183525/42121032872672060590955419027869041268738184870793595015263782699567608206376
7 3 4 4116070920293267088458501313200255490484727351343565077393556186523879459683/21060516436336030295477709513934520634369092435396797507631891349783804103188
7 3 11 8133773476481629088466547226794765541561264928808662767260204342914433435025/42121032872672060590955419027869041268738184870793595015263782699567608206376
7 3 13 118955987518867225497532022169173500898301802958593987248851753227096199155/14040344290890686863651806342623013756246061623597865005087927566522536068792
7 3 15 242354052724182923113601495905393885259504111624398110002322769217880955433/42121032872672060590955419027869041268738184870793595015263782699567608206376
7 3 18 2180286072429810603164885385233493336661096010261729141940536499958373998217/14040344290890686863651806342623013756246061623597865005087927566522536068792
7 3 22 1551253110252806743039251288046697529022480640667702882970498204569260358703/3510086072722671715912951585655753439061515405899466251271981891630634017198
7 4 11 927471475891214374767455323575950267655584100676612958362960593293326277963/42121032872672060590955419027869041268738184870793595015263782699567608206376
7 4 15 306841380959207436310946389776369725312855695468105876952554710357933924419/4680114763630228954550602114207671252082020541199288335029309188840845356264
7 4 16 7681235285198181032086804834843611919238399099040219904466663561507646061285/14040344290890686863651806342623013756246061623597865005087927566522536068792
7 4 17 15388283112553436193129031691774927715551702213783369450927839028529938424787/42121032872672060590955419027869041268738184870793595015263782699567608206376
7 5 0 7584215988782305297918003972318922639720324001654655760179716785578233930977/21060516436336030295477709513934520634369092435396797507631891349783804103188
7 5 3 1622233360399162917686788465819540375109154219895789728132813212184126335449/10530258218168015147738854756967260317184546217698398753815945674891902051594
7 5 13 330164529634332352420875413133970314130582282454727625721190416648835907249/2340057381815114477275301057103835626041010270599644167514654594420422678132
7 5 15 118955987518867225497532022169173500898301802958593987248851753227096199155/14040344290890686863651806342623013756246061623597865005087927566522536068792
7 5 17 398794707926455321356832926206498826011694584832000589958380624114425206407/3510086072722671715912951585655753439061515405899466251271981891630634017198
7 5 19 9378301462418750448021908602556062419675198476856238278144546030941197597795/42121032872672060590955419027869041268738184870793595015263782699567608206376
7 6 1 7584215988782305297918003972318922639720324001654655760179716785578233930977/21060516436336030295477709513934520634369092435396797507631891349783804103188
7 6 2 463988932826344653926124525898386468015323802765764649683586676758702658213/5265129109084007573869427378483630158592273108849199376907972837445951025797
7 6 8 366659136498437107516579458349252861551413761230199043476294435594391671495/1170028690907557238637650528551917813020505135299822083757327297210211339066
7 6 9 1665082523102936346631923869088029856954886258183497039836854600140912036437/21060516436336030295477709513934520634369092435396797507631891349783804103188
7 6 12 2099943165324861340022784500972995385681795497686959741575994253120111642649/14040344290890686863651806342623013756246061623597865005087927566522536068792
7 6 19 410965976372500179781353134375955358368892031643127427887364073301259904077/42121032872672060590955419027869041268738184870793595015263782699567608206376
7 7 2 2461082794442548442668001795481408064535939035483790559709731566266825689452/5265129109084007573869427378483630158592273108849199376907972837445951025797
7 7 3 1446583089327993154181475680226613963167338520621025434638030120403327086693/7020172145445343431825903171311506878123030811798932502543963783261268034396
7 7 18 4374570518744963676500641980102030553771442986340879651613203416071842572807/42121032872672060590955419027869041268738184870793595015263782699567608206376
7 7 19 9378301462418750448021908602556062419675198476856238278144546030941197597795/42121032872672060590955419027869041268738184870793595015263782699567608206376
8 0 0 2702742415817374609187860573099396903433820704306677303181571361060693545869/5265129109084007573869427378483630158592273108849199376907972837445951025797
8 0 4 539707868558175570330238331235885557279076421922151935688996539262006272677/1170028690907557238637650528551917813020505135299822083757327297210211339066
8 0 23 267402569509685796390988629645496494805217011785676726251834099412458505763/10530258218168015147738854756967260317184546217698398753815945674891902051594
8 1 3 1772791764785910885974541347337897591604507969399624386757219164166474467281/10530258218168015147738854756967260317184546217698398753815945674891902051594
8 1 8 3560678567598613614599431664611321300430545537291213892859034984728346836089/14040344290890686863651806342623013756246061623597865005087927566522536068792
8 1 11 1481092700344924670870542361420281143553377155079616959433703982171676854463/4680114763630228954550602114207671252082020541199288335029309188840845356264
8 1 14 793458505472678844293598309316719546424987639908950612856519850012569984877/42121032872672060590955419027869041268738184870793595015263782699567608206376
8 1 25 3408179100718525107043493027528079054207711448565317513965981799719669384647/14040344290890686863651806342623013756246061623597865005087927566522536068792
8 2 1 1599510209784472100770235246234095458817696106178368251809280214088863229403/4680114763630228954550602114207671252082020541199288335029309188840845356264
8 2 9 2887776259096065433276731930859937876041492601175289973064998976307639210829/42121032872672060590955419027869041268738184870793595015263782699567608206376
8 2 11 873131009087999306306775653560781028733725132393914707095034756408314969755/5265129109084007573869427378483630158592273108849199376907972837445951025797
8 2 19 247953009066829886115171731283555500464828142428634348877152552016578891290/585014345453778619318825264275958906510252567649911041878663648605105669533
8 3 2 18400600164813744359782375099661209622157781904209224813290694965356328677811/42121032872672060590955419027869041268738184870793595015263782699567608206376
8 3 3 186440421482743393516906026236482256766203193836746496982235314319720620435/1560038254543409651516867371402557084027340180399762778343103062946948452088
8 3 6 6307482802448715586345397035573907305337201178794076317707936487899357699603/21060516436336030295477709513934520634369092435396797507631891349783804103188
8 3 23 3035787861463406716762893574337498051609257187702031074018430635890053688807/21060516436336030295477709513934520634369092435396797507631891349783804103188
8 4 7 829497923083395538555231725428688507643273752688201741776034800744718256615/10530258218168015147738854756967260317184546217698398753815945674891902051594
8 4 12 1618581940873006013754695261264229496208219261215830419150943015325959101509/42121032872672060590955419027869041268738184870793595015263782699567608206376
8 4 13 10663808912227508347193051551046587313492087532028990397175948411164652392911/42121032872672060590955419027869041268738184870793595015263782699567608206376
8 4 18 17/27
8 5 5 2706683387474739905334790071394086935435667054195580806180685701580598335895/14040344290890686863651806342623013756246061623597865005087927566522536068792
8 5 7 2059629731675899850142443195114603299263984170836652830933067180736106906541/14040344290890686863651806342623013756246061623597865005087927566522536068792
8 5 9 167936380224313313010462159000877020228625748079441472387387581903364283597/21060516436336030295477709513934520634369092435396797507631891349783804103188
8 5 12 1978854735873962535530496808026852401456847765964332010378611391496489260475/21060516436336030295477709513934520634369092435396797507631891349783804103188
8 5 14 7232398257941200872785535063028278455426635446509332448455719434878669859369/42121032872672060590955419027869041268738184870793595015263782699567608206376
8 5 20 16296113025082388754656266231259233265841648721100014689934806670939115531555/42121032872672060590955419027869041268738184870793595015263782699567608206376
8 6 1 12125058439177715168854628097736611299105518111190652965549230143298354620869/42121032872672060590955419027869041268738184870793595015263782699567608206376
8 6 8 1186360891118655682149038370258655498894843959035563389133496162061963970180/5265129109084007573869427378483630158592273108849199376907972837445951025797
8 6 10 5140275001194762321889002442739474407925390370811241197374318930307266835063/21060516436336030295477709513934520634369092435396797507631891349783804103188
8 6 20 3408179100718525107043493027528079054207711448565317513965981799719669384647/14040344290890686863651806342623013756246061623597865005087927566522536068792
8 7 0 612338875087370900285482591131036900124277179042818600797522647701571914818/5265129109084007573869427378483630158592273108849199376907972837445951025797
8 7 6 2957264447435487092713162844770211628367631491871886392632175202555650511515/14040344290890686863651806342623013756246061623597865005087927566522536068792
8 7 8 2115909165164292591598714452646754178671464927545939480062559273139123805263/14040344290890686863651806342623013756246061623597865005087927566522536068792
8 7 12 478545138828337134236281866133065313190173788474987221407349630008591217749/14040344290890686863651806342623013756246061623597865005087927566522536068792
8 7 14 1083504209303276534436797582678434299374644601491786764084721040613055439077/5265129109084007573869427378483630158592273108849199376907972837445951025797
8 7 17 3966377314420843552510900048914392770686333334279437604633193625313497590545/14040344290890686863651806342623013756246061623597865005087927566522536068792
8 8 2 2706683387474739905334790071394086935435667054195580806180685701580598335895/14040344290890686863651806342623013756246061623597865005087927566522536068792
8 8 15 9689732163136203728348501823293244173012700322124599089394277200334091142415/21060516436336030295477709513934520634369092435396797507631891349783804103188
8 8 16 14621518383975433418254045167100292116405783063957654417933171194157630913861/42121032872672060590955419027869041268738184870793595015263782699567608206376
9 0 0 2462246908965681547887392996898089618799328894096249985473928402202646838933/21060516436336030295477709513934520634369092435396797507631891349783804103188
9 0 1 7845241562475002728820835055948950872155034670682933105508686604113531920187/21060516436336030295477709513934520634369092435396797507631891349783804103188
9 0 21 5896749647018526831672545220712061231068843487777772123369523506523907591095/14040344290890686863651806342623013756246061623597865005087927566522536068792
9 0 25 1271935662911703847507109086679592197874309092633970821063327389121175971617/14040344290890686863651806342623013756246061623597865005087927566522536068792
9 1 0 558196014976698079436883572009100233431633900452416573261064929892104772739/5265129109084007573869427378483630158592273108849199376907972837445951025797
9 1 6 1295864796187641718532225867222650574220545129287648542249066581286218788121/7020172145445343431825903171311506878123030811798932502543963783261268034396
9 1 9 270762220644515379993491301131773151459081733454763677401096450601480727719/3510086072722671715912951585655753439061515405899466251271981891630634017198
9 1 18 13315564663999220542172549817439529069226431044995603523433853182747844281555/21060516436336030295477709513934520634369092435396797507631891349783804103188
9 2 2 5215071050859492438443424913820183891931868390963072344815154474860543828875/10530258218168015147738854756967260317184546217698398753815945674891902051594
9 2 13 2724316687487293420876910158319215978485833005450381804530656032544236445863/21060516436336030295477709513934520634369092435396797507631891349783804103188
9 2 21 11950477895269202883802844394512400903312932964262176418410387676420297816387/42121032872672060590955419027869041268738184870793595015263782699567608206376
9 2 22 3861637398990301111625054661437472840726112331778365608531465058616662182763/42121032872672060590955419027869041268738184870793595015263782699567608206376
9 3 0 8562191231719958142488616417869757689156388740833410620464475748960158567065/42121032872672060590955419027869041268738184870793595015263782699567608206376
9 3 1 5966456248678447816756482146179255520150129470124859869345904311358874145011/42121032872672060590955419027869041268738184870793595015263782699567608206376
9 3 5 2884655884987607248629798695381170217835580414603934712921247896759220650313/21060516436336030295477709513934520634369092435396797507631891349783804103188
9 3 10 2586855732158537600022455833728183653619450283138745442585630561318830948273/14040344290890686863651806342623013756246061623597865005087927566522536068792
9 3 16 167199861573685683026410023431640358781477852089126985647291768360907334809/2340057381815114477275301057103835626041010270599644167514654594420422678132
9 3 23 11052908917496485039907975150103610204835553643606933030202763331277309322293/42121032872672060590955419027869041268738184870793595015263782699567608206376
9 4 3 218251401166855482558163983498091339635601122909792788793864547589686707107/42121032872672060590955419027869041268738184870793595015263782699567608206376
9 4 8 4570656517738392138584156297263780852616725053412605813469920209652609549869/10530258218168015147738854756967260317184546217698398753815945674891902051594
9 4 10 972299157442018558971995409345168484295161502460954064443770700669364652989/7020172145445343431825903171311506878123030811798932502543963783261268034396
9 4 13 368023340899594859298588819078227946541234345513896761543778345855486023507/7020172145445343431825903171311506878123030811798932502543963783261268034396
9 4 22 15578220410501956044437124484775447933617308446384274016664943034218379240817/42121032872672060590955419027869041268738184870793595015263782699567608206376
9 5 5 2155004106790587795927229002708175313044369651950863427768895892780451847585/14040344290890686863651806342623013756246061623597865005087927566522536068792
9 5 9 6015293715975513824353251963095930733085612487345511943438136825234232073949/42121032872672060590955419027869041268738184870793595015263782699567608206376
9 5 15 1271935662911703847507109086679592197874309092633970821063327389121175971617/14040344290890686863651806342623013756246061623597865005087927566522536068792
9 5 20 25824919847589671836299152796609808002896536149693580325328976028628492674821/42121032872672060590955419027869041268738184870793595015263782699567608206376
9 6 0 3896157888953292501687336356303281934103781898316749870339368734496576720943/14040344290890686863651806342623013756246061623597865005087927566522536068792
9 6 4 2813986384208365808290298255188593508641860393618343539912435985190971129161/42121032872672060590955419027869041268738184870793595015263782699567608206376
9 6 8 103496092507333339393041805126502236118174118235874076088829288219687797955/780019127271704825758433685701278542013670090199881389171551531473474226044
9 6 9 20376286472615084994545332479971376045924870138792816716267663963540019783095/42121032872672060590955419027869041268738184870793595015263782699567608206376
9 6 17 1653497353592731955833521746968105161478706258694985039268794983483746041721/42121032872672060590955419027869041268738184870793595015263782699567608206376
9 7 5 2839525191342803706120963716898365296513140803486267383659819339345395597549/10530258218168015147738854756967260317184546217698398753815945674891902051594
9 7 16 4983842669966363499276138765064468326892270561031398300637012204810667409271/42121032872672060590955419027869041268738184870793595015263782699567608206376
9 7 17 25779089437334482267195425395211111755793351095817127179987493137375358406909/42121032872672060590955419027869041268738184870793595015263782699567608206376
9 8 3 5215071050859492438443424913820183891931868390963072344815154474860543828875/10530258218168015147738854756967260317184546217698398753815945674891902051594
9 8 5 2016100660202196889765113596722752345220876809529987848243499122250213785365/14040344290890686863651806342623013756246061623597865005087927566522536068792
9 8 6 10177064392339055562565115784402835348884846956919351924006452504784977698117/42121032872672060590955419027869041268738184870793595015263782699567608206376
9 8 14 1012892393981051155422941188123843429198316291913852212807481549046740905051/21060516436336030295477709513934520634369092435396797507631891349783804103188
9 8 18 167199861573685683026410023431640358781477852089126985647291768360907334809/2340057381815114477275301057103835626041010270599644167514654594420422678132
9 9 1 3518219342882745468927259222498625464606193412485434122067161237269244422375/42121032872672060590955419027869041268738184870793595015263782699567608206376
9 9 2 731703552740567802087231700113987419065999155311933617438195024712487106181/3510086072722671715912951585655753439061515405899466251271981891630634017198
9 9 7 21647286658032077585068960869814589811560591528959808746230694160685021153839/42121032872672060590955419027869041268738184870793595015263782699567608206376
9 9 13 4087542119435211955956209267093988481889705032802574368853793502531748677995/21060516436336030295477709513934520634369092435396797507631891349783804103188
10 0 2 3620597640829820420545433583711928913476519670617047146731803692173940996987/5265129109084007573869427378483630158592273108849199376907972837445951025797
10 0 22 472472630272362422164201016830188039103990490980655363399552821667540211617/4680114763630228954550602114207671252082020541199288335029309188840845356264
10 0 26 8903998073582235427114141206701917608990113087031319570813377767168218325927/42121032872672060590955419027869041268738184870793595015263782699567608206376
10 1 1 474502777346629914686343266219783432095248302932330146418841848061798689744/5265129109084007573869427378483630158592273108849199376907972837445951025797
10 1 14 6028678248419985921245404238949065997374983721355493990958569274601154535249/14040344290890686863651806342623013756246061623597865005087927566522536068792
10 1 19 7999775015061245609021806635991099635476095550725156585711042472887511813239/42121032872672060590955419027869041268738184870793595015263782699567608206376
10 1 22 226651868399589220383456547134675484895836143195246579357894400340411912397/780019127271704825758433685701278542013670090199881389171551531473474226044
10 2 11 232442953924969188387085591275202915189443352748950079801902919307407308973/1170028690907557238637650528551917813020505135299822083757327297210211339066
10 2 23 3439113362673784487390417687420199317403673644462231372313635218117118585377/10530258218168015147738854756967260317184546217698398753815945674891902051594
10 2 24 2499579135084753982432333374035117381537941199247808331642592091504058842730/5265129109084007573869427378483630158592273108849199376907972837445951025797
10 3 3 1685197073997910545315671302408163327213607826260785235375351708539790749/5265129109084007573869427378483630158592273108849199376907972837445951025797
10 3 18 2987720583848155409951070889824323287401827424957163610391128006454078316403/4680114763630228954550602114207671252082020541199288335029309188840845356264
10 3 20 894050707675845026605763503242431361298429851109175147583060984805940895065/7020172145445343431825903171311506878123030811798932502543963783261268034396
10 3 22 9853761795391608457398674629576278207713450076913985354362261918976939662367/42121032872672060590955419027869041268738184870793595015263782699567608206376
10 4 3 2149575441209149402567731331571622115123037186459295235219204218871324540363/10530258218168015147738854756967260317184546217698398753815945674891902051594
10 4 4 26419665493334453191616935460536122209997699742064173165462481703562478832205/42121032872672060590955419027869041268738184870793595015263782699567608206376
10 4 5 7103065614501009789067558241046430598248336382892240908924484120519831212719/42121032872672060590955419027869041268738184870793595015263782699567608206376
10 5 0 25657737730910592892786656558407268166325807405502777436280680201366086281129/42121032872672060590955419027869041268738184870793595015263782699567608206376
10 5 6 183526777983362594194320010792895879595759893759166496585966357999142038727/7020172145445343431825903171311506878123030811798932502543963783261268034396
10 5 8 1939412597390429027325566693131720757330696216056849919420460501181818040703/21060516436336030295477709513934520634369092435396797507631891349783804103188
10 5 11 5067722295089519554080631545307704289626798110510299325705753958324160953989/42121032872672060590955419027869041268738184870793595015263782699567608206376
10 5 17 3207793491995457262135538736566626010274813780055909717460314694759436328745/21060516436336030295477709513934520634369092435396797507631891349783804103188
10 6 6 16971392500767798914207767281670557407932682938901396711476906862140293047393/42121032872672060590955419027869041268738184870793595015263782699567608206376
10 6 8 2462312657296291435586145952654135039915051614217145340901761615959802580237/42121032872672060590955419027869041268738184870793595015263782699567608206376
10 6 10 14928910785588512305378035446973234762676731483472167327434982773708309787851/42121032872672060590955419027869041268738184870793595015263782699567608206376
10 6 17 175105594385447083993913685630729642849214796418465835640744990274944314064/5265129109084007573869427378483630158592273108849199376907972837445951025797
10 6 19 409908751068331535324911578645229263661037771231445206237918658330161355469/5265129109084007573869427378483630158592273108849199376907972837445951025797
10 6 20 3078302165389228981232868232363442806131698293003597300420822258918357434631/42121032872672060590955419027869041268738184870793595015263782699567608206376
10 7 12 7029987386104797337200653267077447378823510052610644869159412245362390019173/21060516436336030295477709513934520634369092435396797507631891349783804103188
10 7 13 4079605479726514482991239727911142038793942709502803393393733420311100718897/10530258218168015147738854756967260317184546217698398753815945674891902051594
10 7 14 1957106030259401330764858930344929725985898987926848617228337421266404215407/14040344290890686863651806342623013756246061623597865005087927566522536068792
10 7 18 1957106030259401330764858930344929725985898987926848617228337421266404215407/14040344290890686863651806342623013756246061623597865005087927566522536068792
10 8 1 3710962855605157662629096439071655768638248353337842052028082663071306756633/14040344290890686863651806342623013756246061623597865005087927566522536068792
10 8 3 18223974041123016780672581903481314250552825616367517167115107120500241184469/42121032872672060590955419027869041268738184870793595015263782699567608206376
10 8 16 1595521283091696352799443475896594964033826774301568961508053448731680844001/5265129109084007573869427378483630158592273108849199376907972837445951025797
10 9 0 7103065614501009789067558241046430598248336382892240908924484120519831212719/42121032872672060590955419027869041268738184870793595015263782699567608206376
10 9 1 17831892559823090376476179352480464001897412304922851017770181548177607705997/42121032872672060590955419027869041268738184870793595015263782699567608206376
10 9 3 1729436072434209093245140983628246598994440744272331895409432969020844408109/42121032872672060590955419027869041268738184870793595015263782699567608206376
10 9 6 4891589533383881639372667360868833590816397541442845457443152166027484629367/14040344290890686863651806342623013756246061623597865005087927566522536068792
10 9 17 390935012881053207024269184053699648574401407188817410415113781883435495725/21060516436336030295477709513934520634369092435396797507631891349783804103188
10 10 3 2097804945212897956651520607819192073958509909653951029960402271605607706913/21060516436336030295477709513934520634369092435396797507631891349783804103188
10 10 4 6341137852077149490237279338917576554576444046330845179742682618323438661643/42121032872672060590955419027869041268738184870793595015263782699567608206376
10 10 7 6040625395143751267895822368291802576020498760639459351082086861600154833099/10530258218168015147738854756967260317184546217698398753815945674891902051594
10 10 9 7421783549594110115831809000145870262162725962597010371271948091632334798511/42121032872672060590955419027869041268738184870793595015263782699567608206376
11 0 2 864512340982482327565560109070422703102083348032270841004617613798535802766/5265129109084007573869427378483630158592273108849199376907972837445951025797
11 0 7 777634173314755082040792575536538503966020623634955886912162205980697280277/14040344290890686863651806342623013756246061623597865005087927566522536068792
11 0 17 9471457806716791951555549857657687871613353509634118951343809227033003162097/42121032872672060590955419027869041268738184870793595015263782699567608206376
11 0 19 5/9
11 1 1 11536139380760274976373610089680358826854553617391015679992313259760484830803/42121032872672060590955419027869041268738184870793595015263782699567608206376
11 1 3 1420924669607661934745948815001084504106260350635288781854057968479655098738/5265129109084007573869427378483630158592273108849199376907972837445951025797
11 1 24 19217496135050490136614218418180006409033548448320269080439005691969882585669/42121032872672060590955419027869041268738184870793595015263782699567608206376
11 2 0 1804345225984920905463331958271780086663383831798663593196200768808378279607/5265129109084007573869427378483630158592273108849199376907972837445951025797
11 2 6 11022887345344761498975032237615994051835838515530011448241811793290650157165/42121032872672060590955419027869041268738184870793595015263782699567608206376
11 2 22 5554461239815977282757910374692935507865091900291424940484121585269977270785/14040344290890686863651806342623013756246061623597865005087927566522536068792
11 3 0 16416668298949947525163717203757018746431166464608237956053503523712831420925/42121032872672060590955419027869041268738184870793595015263782699567608206376
11 3 7 7380426129766486494935670939433565747686468090727387095929864742954781798575/42121032872672060590955419027869041268738184870793595015263782699567608206376
11 3 8 504087692146166810747386000770479515591836248187617877955755297103884583069/5265129109084007573869427378483630158592273108849199376907972837445951025797
11 3 17 13934034805360406191391020061039930258360411279361423369555475983433912520963/42121032872672060590955419027869041268738184870793595015263782699567608206376
11 3 22 119067367141961964495307605824896797175149683531867856692965357545001933787/14040344290890686863651806342623013756246061623597865005087927566522536068792
11 4 2 34421218195968362704840291372696869730191188584855785861691850948093030672/5265129109084007573869427378483630158592273108849199376907972837445951025797
11 4 6 3144880712222590493393801511309642619565268814796931755366553928002338651779/14040344290890686863651806342623013756246061623597865005087927566522536068792
11 4 8 19935633748015318367193912539397343649545789557524951881278500870662949290699/42121032872672060590955419027869041268738184870793595015263782699567608206376
11 4 13 1275019674985081293984850405665346825080915638226142307621623524434576186191/10530258218168015147738854756967260317184546217698398753815945674891902051594
11 4 17 102434840867790259250027472234719548643491622323533782645910988049647138475/585014345453778619318825264275958906510252567649911041878663648605105669533
11 5 0 431621054732285700777584841607975940990576487327168686207889642348351354431/14040344290890686863651806342623013756246061623597865005087927566522536068792
11 5 5 2048030384094239495486883051152947708545626019986609574145485797034436327183/21060516436336030295477709513934520634369092435396797507631891349783804103188
11 5 18 4164350067635452349843355410530889042469313519346718855805379960607221383741/10530258218168015147738854756967260317184546217698398753815945674891902051594
11 5 21 2230300963304990566475052973179517984310883254605777153903069148447199550417/4680114763630228954550602114207671252082020541199288335029309188840845356264
11 6 1 1237429907814071289459987549074019736831547670131081370233222504612900874674/5265129109084007573869427378483630158592273108849199376907972837445951025797
11 6 5 13685090171444294332071949553786018063619684705919893743866220621439343902211/42121032872672060590955419027869041268738184870793595015263782699567608206376
11 6 16 13177511924087088288426322589616813945452371383149060602725826673401070569751/42121032872672060590955419027869041268738184870793595015263782699567608206376
11 6 20 2679495757314053827388623245937025682506873710337994853402977683911993368511/21060516436336030295477709513934520634369092435396797507631891349783804103188
11 7 1 37069050998708651364163198295068296104687753776609897863542308624797428567/1755043036361335857956475792827876719530757702949733125635990945815317008599
11 7 3 8096814198687178981756641818493118153347574879503995691005403176229742187195/42121032872672060590955419027869041268738184870793595015263782699567608206376
11 7 7 5170270242901109400425529369632315647641908672320504405791183911034795192337/14040344290890686863651806342623013756246061623597865005087927566522536068792
11 7 9 608252072914009032867417826687276836242888708229411304982097938838719127733/42121032872672060590955419027869041268738184870793595015263782699567608206376
11 7 14 8432862642272608220610494782743343571499478050448117166258156972180424474071/42121032872672060590955419027869041268738184870793595015263782699567608206376
11 7 16 156736491009794489448182295848010887753140233091087082910202634512456968235/780019127271704825758433685701278542013670090199881389171551531473474226044
11 7 18 29716372899256522875628939043532179885109634523304402442153802136630567517/10530258218168015147738854756967260317184546217698398753815945674891902051594
11 8 2 906170064143724747548160194286418943269667861492402153799658439859757554287/14040344290890686863651806342623013756246061623597865005087927566522536068792
11 8 4 298700264903316819699939337744601522309206438944169038663075979124485102888/5265129109084007573869427378483630158592273108849199376907972837445951025797
11 8 5 8402432875334395779754739680671485814473078970659962475555254652613271889077/21060516436336030295477709513934520634369092435396797507631891349783804103188
11 8 7 28048193095250804699015273138019512424673585538967591332803233958346229045/1560038254543409651516867371402557084027340180399762778343103062946948452088
11 8 11 8/27
11 8 15 387247086690361738455199613097945395768025754482938005595509912295276396741/2340057381815114477275301057103835626041010270599644167514654594420422678132
11 9 0 207477032415125006315823452639090314995492087123082841202477324808605704275/2340057381815114477275301057103835626041010270599644167514654594420422678132
11 9 4 6987967701944652624719534279127227001679501827485024860147183522407482937553/21060516436336030295477709513934520634369092435396797507631891349783804103188
11 9 6 63193136831238327945851053732090910499652425404063390984327437126252317679/1755043036361335857956475792827876719530757702949733125635990945815317008599
11 9 9 88447287464627715250055611777597815014866349693122457726394608318538919412/195004781817926206439608421425319635503417522549970347292887882868368556511
11 9 14 473657688625149857889886361072456462532191738024510237599966240045409679629/5265129109084007573869427378483630158592273108849199376907972837445951025797
11 10 4 4073972487260643349940887881019435358973043088794415808729965911065863454955/21060516436336030295477709513934520634369092435396797507631891349783804103188
11 10 6 6815672671484211116696182575081067106131995735448684758516251785933674207925/21060516436336030295477709513934520634369092435396797507631891349783804103188
11 10 10 230801468264296210799776975846558273666595506117885568842582990607784952205/2340057381815114477275301057103835626041010270599644167514654594420422678132
11 10 15 8093658063212509931642646275214993706264694056092726820802426737314201870463/21060516436336030295477709513934520634369092435396797507631891349783804103188
11 11 1 13555643987256569060094522300904657104609383080116239711308261744120984284221/42121032872672060590955419027869041268738184870793595015263782699567608206376
11 11 9 12433427105752576344323697424106782383255946339035190586363445265581786000349/42121032872672060590955419027869041268738184870793595015263782699567608206376
11 11 11 631420234393057328300219223454278008006192001619511656403809216214867357173/4680114763630228954550602114207671252082020541199288335029309188840845356264
11 11 15 3483059890041799743945075430589699902939042479022186603319264247977010569083/14040344290890686863651806342623013756246061623597865005087927566522536068792
12 0 0 1419179620342764433179242392852156425480594293321775031990567375256408181/195004781817926206439608421425319635503417522549970347292887882868368556511
12 0 5 452104668831911318956304910857497006039359107472038931906438689419230461816/1755043036361335857956475792827876719530757702949733125635990945815317008599
12 0 22 240181966807903790667978720425227034702504704706796302789485409369925992179/10530258218168015147738854756967260317184546217698398753815945674891902051594
12 0 24 7500812538870134163941367482183034799269934776319993007860337490742747246745/10530258218168015147738854756967260317184546217698398753815945674891902051594
12 1 2 70211915806587283813372419314157450205457503729547132666171501840331237395/7020172145445343431825903171311506878123030811798932502543963783261268034396
12 1 10 5200307184758681402418631747191147241054527776225181061886198598753960224183/10530258218168015147738854756967260317184546217698398753815945674891902051594
12 1 16 2653899837604349749652717280973155011879641329104992114095371634602989236089/14040344290890686863651806342623013756246061623597865005087927566522536068792
12 1 20 3939126917880057397286291323968254664044639351486514202299617778998089861787/42121032872672060590955419027869041268738184870793595015263782699567608206376
12 1 23 2249426552026176158039053589082946975900941351178524356784056652675680578805/10530258218168015147738854756967260317184546217698398753815945674891902051594
12 2 7 3085178458781993632121891156097163444330329561399914196508665912134919323905/14040344290890686863651806342623013756246061623597865005087927566522536068792
12 2 11 17303225985667197363032717085017490315128204516728232803027951506868824042089/42121032872672060590955419027869041268738184870793595015263782699567608206376
12 2 20 5382868253301467077582701993878186141394160187795818465038390308140714685245/42121032872672060590955419027869041268738184870793595015263782699567608206376
12 2 23 3393134419119138417991442160227291493074943827356600385890481049384437169109/14040344290890686863651806342623013756246061623597865005087927566522536068792
12 3 15 9463672629619901543288351618384208448258859367422529232882538071514315558137/42121032872672060590955419027869041268738184870793595015263782699567608206376
12 3 19 32657360243052159047667067409484832820479325503371065782381244628053292648239/42121032872672060590955419027869041268738184870793595015263782699567608206376
12 4 0 12634126409029078865591494134128927390008120051683675956153142588003872599589/42121032872672060590955419027869041268738184870793595015263782699567608206376
12 4 2 965708401921513663885884166821465820096946141016194311873343815825138429399/14040344290890686863651806342623013756246061623597865005087927566522536068792
12 4 9 2572511864505572696903424319994944887455155503740759089982172035472721633945/7020172145445343431825903171311506878123030811798932502543963783261268034396
12 4 19 6343596120533082240254616875579094280204179006623003676196331945620418653961/42121032872672060590955419027869041268738184870793595015263782699567608206376
12 4 21 4811113950311922312031109597726952813504114366993777907401244505631571860959/42121032872672060590955419027869041268738184870793595015263782699567608206376
12 5 1 8989373576482638833177902782321787838261416681341163719620749954903478203555/14040344290890686863651806342623013756246061623597865005087927566522536068792
12 5 3 5050970714408048030473903560301225917984644942256701285467177611619057865237/14040344290890686863651806342623013756246061623597865005087927566522536068792
12 6 2 1969201431037295401351999611010280960138385869542231217076786171642210169159/7020172145445343431825903171311506878123030811798932502543963783261268034396
12 6 4 9413295359297543524018943845444603674564279043960908066298139680918655420861/42121032872672060590955419027869041268738184870793595015263782699567608206376
12 6 14 13843897203007087180297074341807166390260449236207233115011784592696113283039/42121032872672060590955419027869041268738184870793595015263782699567608206376
12 6 20 391590651341314304362633509697532524615730076298448140638507855338865471529/2340057381815114477275301057103835626041010270599644167514654594420422678132
12 7 0 12563161006514928685778986972065258796730295310420107654098193970906671109063/21060516436336030295477709513934520634369092435396797507631891349783804103188
12 7 1 12032835634137324788387975938098563585899254465970578299715326708963276691535/42121032872672060590955419027869041268738184870793595015263782699567608206376
12 7 2 48882398501348765173942388851837023964914178750994007183772095762700720309/4680114763630228954550602114207671252082020541199288335029309188840845356264
12 7 6 753655606498789924073997940995571145615685362537309223783019864487780468989/7020172145445343431825903171311506878123030811798932502543963783261268034396
12 8 15 4194583046235573615440695453729774205437846576074018263189581399136070820771/14040344290890686863651806342623013756246061623597865005087927566522536068792
12 8 18 9845761244655113248211110888893239550808215047523846741898346167386465248021/14040344290890686863651806342623013756246061623597865005087927566522536068792
12 9 5 865143217528290307002435427490728032463115306470076768693388626601523868521/21060516436336030295477709513934520634369092435396797507631891349783804103188
12 9 12 4095076820424894063758574991558121348964348899230737771093029131618933133855/10530258218168015147738854756967260317184546217698398753815945674891902051594
12 9 16 12005219577957951860958124103327549903977279330465245196752444459944413966957/21060516436336030295477709513934520634369092435396797507631891349783804103188
12 10 2 21686683938353397099681884468883025375515123442958443586887376556396866449391/42121032872672060590955419027869041268738184870793595015263782699567608206376
12 10 6 1153444197345011063071583947915184812978575966924535005349294018640294647351/10530258218168015147738854756967260317184546217698398753815945674891902051594
12 10 7 4619098974209403019998036872641919174231925204954111560855190895455611112359/42121032872672060590955419027869041268738184870793595015263782699567608206376
12 10 10 2928810755084324051409404483618244820633704787044145714911547499246404994869/14040344290890686863651806342623013756246061623597865005087927566522536068792
12 10 16 2415040905476244064760948443828623005175717994050462701389396675414737070615/42121032872672060590955419027869041268738184870793595015263782699567608206376
12 11 2 1740725551891868199024433634103340587130254795597426772958473667041874642507/42121032872672060590955419027869041268738184870793595015263782699567608206376
12 11 3 23426772725521573493619739088275304645496824660846682806179014727774550282119/42121032872672060590955419027869041268738184870793595015263782699567608206376
12 11 4 2825589099209769816385207717581732672685184235724914239354382384125197213625/7020172145445343431825903171311506878123030811798932502543963783261268034396
12 12 0 311321714510755977735166616649472109770328490037558262439361163600370772463/14040344290890686863651806342623013756246061623597865005087927566522536068792
12 12 5 13210078938281394509482747784751271445406327658862490777718135387204566240787/21060516436336030295477709513934520634369092435396797507631891349783804103188
12 12 9 6935204106846842661784991698568117113638677597295413132252298881284158522017/21060516436336030295477709513934520634369092435396797507631891349783804103188
12 12 11 33203764403085863526460748565994363753229218087596755852030765621816531977/1560038254543409651516867371402557084027340180399762778343103062946948452088
13 0 0 2284669779277375642099027453503177321956302150065068405601714898445738923729/7020172145445343431825903171311506878123030811798932502543963783261268034396
13 0 9 297913791999652131786647817962625115243408826633321902986142893639363004269/780019127271704825758433685701278542013670090199881389171551531473474226044
13 0 10 4689598006678167768810058939534881627734886209799446515368603055997456984281/21060516436336030295477709513934520634369092435396797507631891349783804103188
13 0 14 1473236707835128042131077128899228929193261456302454394832285470186329232457/21060516436336030295477709513934520634369092435396797507631891349783804103188
13 1 9 930770994088343096931308252306260330279089109905786849615189056425609397221/21060516436336030295477709513934520634369092435396797507631891349783804103188
13 1 12 595986785696947249915524318011206839249255436698186998082806403240855848701/21060516436336030295477709513934520634369092435396797507631891349783804103188
13 1 21 2300479727130211948824653663625477355842773025860586946452538175071131262373/7020172145445343431825903171311506878123030811798932502543963783261268034396
13 1 22 4071455822598874717879720849634761040616830993298514652998238385935807866135/14040344290890686863651806342623013756246061623597865005087927566522536068792
13 1 24 13050271482523584050674669356576959672774364642526581682157847572000466541889/42121032872672060590955419027869041268738184870793595015263782699567608206376
13 2 0 3705991854350522899637049804638015505499373212600559312745718650552090044719/21060516436336030295477709513934520634369092435396797507631891349783804103188
13 2 3 3564093391008316589268211692539048384543088481422727993522499034240559192433/42121032872672060590955419027869041268738184870793595015263782699567608206376
13 2 5 5085808244729905967573247251462228690326539206646182593738284629081262993809/42121032872672060590955419027869041268738184870793595015263782699567608206376
13 2 13 2814634053183194733950653958033037600019459491837486024129266503147253625791/4680114763630228954550602114207671252082020541199288335029309188840845356264
13 2 16 212752443019726740051330821100685913565812592657040255971316233639478639003/21060516436336030295477709513934520634369092435396797507631891349783804103188
13 2 24 301936163544586149181313210093022955563050145672111073405530739537366020571/42121032872672060590955419027869041268738184870793595015263782699567608206376
13 3 4 2311656203034582430719154713894186936163159763985526661513566796694052864312/5265129109084007573869427378483630158592273108849199376907972837445951025797
13 3 5 857570790465353909387203174943806248914413593353602296335062804469742091951/7020172145445343431825903171311506878123030811798932502543963783261268034396
13 3 8 124703954638752351648029402202891396223662101642814238813133654683928888647/14040344290890686863651806342623013756246061623597865005087927566522536068792
13 3 10 712490945290370892139794508895135213678153683467009224345431153903601272967/14040344290890686863651806342623013756246061623597865005087927566522536068792
13 3 21 13081318201369709080176639830154224059620067972406131406297035982516973368725/42121032872672060590955419027869041268738184870793595015263782699567608206376
13 3 23 963151868148732959112950234534801465540303290350722049790713696972389628869/14040344290890686863651806342623013756246061623597865005087927566522536068792
13 4 2 14130990123698323287232529372606536860150535384180345322368252060874133858245/42121032872672060590955419027869041268738184870793595015263782699567608206376
13 4 16 16180763559365771754450360884921887716911832887042719825213987666415062961923/42121032872672060590955419027869041268738184870793595015263782699567608206376
13 4 18 492053299566998564553022032097525695486492358315438744486730957178267141092/1755043036361335857956475792827876719530757702949733125635990945815317008599
13 5 4 2953472906049425143150272664589443222429113344863672715394406040751898161485/5265129109084007573869427378483630158592273108849199376907972837445951025797
13 5 17 477167539165133243899533969652364146683915237351555501096921724339442849725/4680114763630228954550602114207671252082020541199288335029309188840845356264
13 5 18 14198741771790460250657431984282218169150040975720213782236238854497437266971/42121032872672060590955419027869041268738184870793595015263782699567608206376
13 6 9 22681786171614922308818293189967441900125968911385701317768333507316745397/1755043036361335857956475792827876719530757702949733125635990945815317008599
13 6 17 12818468028638777309319973791078135581116741044125671124660687596345578454393/42121032872672060590955419027869041268738184870793595015263782699567608206376
13 6 18 15687507025234181310922796631044834580780702110188770853403368405512802275191/42121032872672060590955419027869041268738184870793595015263782699567608206376
13 6 19 544612289611680993137542065382785520884904935941912341898886945563901066136/1755043036361335857956475792827876719530757702949733125635990945815317008599
13 7 0 9488981142242683194952792028000866459195683162594095861699282946990069545633/42121032872672060590955419027869041268738184870793595015263782699567608206376
13 7 3 453597944166401926589139503973048795227048339976109419158656204190076520321/2340057381815114477275301057103835626041010270599644167514654594420422678132
13 7 5 1483630753351112933869937460215032540762301578382633245928814499049276928577/4680114763630228954550602114207671252082020541199288335029309188840845356264
13 7 12 2778652988818531578142169696604500907148729345796457598837339396428167234443/10530258218168015147738854756967260317184546217698398753815945674891902051594
13 8 2 20578059040272691504448790045986473397588903061412131067404093337589294258693/42121032872672060590955419027869041268738184870793595015263782699567608206376
13 8 6 10054316782256146860637158982998319269682100461611381278554392218372160666791/42121032872672060590955419027869041268738184870793595015263782699567608206376
13 8 17 2872164262535805556467367499721062150366795336942520667326324285901538320223/10530258218168015147738854756967260317184546217698398753815945674891902051594
13 9 5 14973029713981698172961303892269633833521361417159371436633291717983841111235/42121032872672060590955419027869041268738184870793595015263782699567608206376
13 9 7 1508832310237135330446023672875408438318447398278183877952946791657308792073/7020172145445343431825903171311506878123030811798932502543963783261268034396
13 9 11 4575609355863688574647803587311577039307113721231278599487307791079023519137/42121032872672060590955419027869041268738184870793595015263782699567608206376
13 9 17 751077774522436770037231639501965542555501407929657872856972357808938379087/2340057381815114477275301057103835626041010270599644167514654594420422678132
13 10 1 2851029145203115246358796062708412241550460273558433733874922320404208110263/4680114763630228954550602114207671252082020541199288335029309188840845356264
13 10 16 1829085618427113708191806051499259010531560267640854601154386868436637246001/4680114763630228954550602114207671252082020541199288335029309188840845356264
13 11 0 11512049346064077744134362669573079866805942382607970094462773060798925028931/42121032872672060590955419027869041268738184870793595015263782699567608206376
13 11 1 1829085618427113708191806051499259010531560267640854601154386868436637246001/4680114763630228954550602114207671252082020541199288335029309188840845356264
13 11 3 3536803240190989868273700473700657576787050019854483377602881955709736990859/10530258218168015147738854756967260317184546217698398753815945674891902051594
13 12 3 5414987841968183283329298123004161420986675396794321322157981389022241228243/14040344290890686863651806342623013756246061623597865005087927566522536068792
13 12 8 5341164989360650065464313638908894128129809565629899147640621810518380431329/10530258218168015147738854756967260317184546217698398753815945674891902051594
13 12 13 4511409389324910479110270103220980493258920417891034458227351290427362796331/42121032872672060590955419027869041268738184870793595015263782699567608206376
13 13 6 4483931491679397610771432668066046284726387256250467103585284605080328420335/10530258218168015147738854756967260317184546217698398753815945674891902051594
13 13 8 15236836308521079817830857215961953074061478743223941930251517666623847263413/42121032872672060590955419027869041268738184870793595015263782699567608206376
13 13 13 8948470597433390330038831139642903055771157102567784670671126612622447261623/42121032872672060590955419027869041268738184870793595015263782699567608206376
14 0 1 1075309962813944909894598997798750000105227551127699605906794333316028183998/5265129109084007573869427378483630158592273108849199376907972837445951025797
14 0 4 2592702580310218697131016893848410694608696199730254892145570889018662275453/10530258218168015147738854756967260317184546217698398753815945674891902051594
14 0 9 2999884866217570381808421014689967780769966532377298028775974596623975754267/7020172145445343431825903171311506878123030811798932502543963783261268034396
14 0 22 1188456250980669317665554962796815232636309090857181388779459791214270941291/21060516436336030295477709513934520634369092435396797507631891349783804103188
14 0 23 230960095804405466424410288029330111630763523906068970767698109566028102033/3510086072722671715912951585655753439061515405899466251271981891630634017198
14 1 2 2315338053245995077364569329168815461240596744605147972952203567979794605437/21060516436336030295477709513934520634369092435396797507631891349783804103188
14 1 4 6201325552586888434951310392889752208186968868367902384158173314210203568689/10530258218168015147738854756967260317184546217698398753815945674891902051594
14 1 17 75854359777199819376930074363488406363588020528280020118372979037068810575/2340057381815114477275301057103835626041010270599644167514654594420422678132
14 1 23 2829919019960729986909074364857402549741132884650662292648992171024991532599/10530258218168015147738854756967260317184546217698398753815945674891902051594
14 2 3 996407583838472696903554025270860692848206994699282987862765948248179583117/7020172145445343431825903171311506878123030811798932502543963783261268034396
14 2 9 295372674201506931615884224322152793843145286970378787905558036376888229257/1560038254543409651516867371402557084027340180399762778343103062946948452088
14 2 16 9389175055400179085301740273181917225961340051465889938212373342634182839245/14040344290890686863651806342623013756246061623597865005087927566522536068792
14 3 3 4328998471529506694729836370088920044652803721773390837358623250001604800122/5265129109084007573869427378483630158592273108849199376907972837445951025797
14 3 16 6503639779712331343657296727338540593756260367515338075069465441486573382981/42121032872672060590955419027869041268738184870793595015263782699567608206376
14 3 22 985405320723675689459431339819140317759494729091130241325331258068196422419/42121032872672060590955419027869041268738184870793595015263782699567608206376
14 4 5 5996898231114936741611481596586169062895855515186866277327128225468811006109/21060516436336030295477709513934520634369092435396797507631891349783804103188
14 4 15 1627880437529838223439545413214940461971908267142017122305592646597438262931/7020172145445343431825903171311506878123030811798932502543963783261268034396
14 4 20 5089988446315789441773795838851765092778756059391939931693992592261339154143/10530258218168015147738854756967260317184546217698398753815945674891902051594
14 5 2 1940571947363104913634849152878344484071628779952848101353505161320119666717/5265129109084007573869427378483630158592273108849199376907972837445951025797
14 5 6 4727111528883199162198628076324321153958335693305244601987677649351868503955/21060516436336030295477709513934520634369092435396797507631891349783804103188
14 5 12 2138740557601928767119693386613104455272912757778516784108916958349193465789/21060516436336030295477709513934520634369092435396797507631891349783804103188
14 5 21 1608094140099620677904997859870929272212832216125410929030319024200565866644/5265129109084007573869427378483630158592273108849199376907972837445951025797
14 6 1 4928103193417164510584882592902426795539637395244979567489338948209578726161/42121032872672060590955419027869041268738184870793595015263782699567608206376
14 6 2 11559638862852556127651229087958933968722274841213268665619402059892547897751/42121032872672060590955419027869041268738184870793595015263782699567608206376
14 6 15 1776024376519221428998469522367075358009592389875247538416363182132879013061/14040344290890686863651806342623013756246061623597865005087927566522536068792
14 6 19 5053123174946457403288851579846083033362463016852399878841135568835416274989/10530258218168015147738854756967260317184546217698398753815945674891902051594
14 6 20 92724987058846052568492460522122296997643397300004651541409869725179443325/42121032872672060590955419027869041268738184870793595015263782699567608206376
14 7 8 3969053166741850847966144830753126897998607735398283582390198262602725631891/14040344290890686863651806342623013756246061623597865005087927566522536068792
14 7 10 3576029849227469741752967715158003439497843078463777336735127113785132376779/7020172145445343431825903171311506878123030811798932502543963783261268034396
14 7 19 2919231425693896532179726081553879979251767731272026749227475076349545683343/14040344290890686863651806342623013756246061623597865005087927566522536068792
14 8 0 1737950936652143829287923551757554430477204977395489209195827049339343834593/42121032872672060590955419027869041268738184870793595015263782699567608206376
14 8 2 2353619961875800654177533455889056242665942584977151047140823791939728097551/42121032872672060590955419027869041268738184870793595015263782699567608206376
14 8 10 100180394307749440550635126771682564210069766932830780615297926284173472509/1560038254543409651516867371402557084027340180399762778343103062946948452088
14 8 14 6283746960948631332292474276421078554698738998215553726300015108089380909875/10530258218168015147738854756967260317184546217698398753815945674891902051594
14 8 17 10189603484040355883452916491702687143128197608372308777114027416258328876989/42121032872672060590955419027869041268738184870793595015263782699567608206376
14 9 0 2424313839594298988762263477554628397538810752918457523729939270868015460931/14040344290890686863651806342623013756246061623597865005087927566522536068792
14 9 6 192483091959404668625534442885692128608960678465917444850941254457488283611/7020172145445343431825903171311506878123030811798932502543963783261268034396
14 9 12 6435181397743121083980279765409138968220197318467660982722916543272968917739/10530258218168015147738854756967260317184546217698398753815945674891902051594
14 9 17 7952467211160251276994302876254447431587199267372073844076651187126756450961/42121032872672060590955419027869041268738184870793595015263782699567608206376
14 10 0 86696479991708453214938266671303932053092502169661455684191473801566199049/195004781817926206439608421425319635503417522549970347292887882868368556511
14 10 2 150663608946920588481455780417978816299459841722376855053477797759074840201/10530258218168015147738854756967260317184546217698398753815945674891902051594
14 10 8 661666275439173768430069325384092198817041606590217569510602154482575949741/14040344290890686863651806342623013756246061623597865005087927566522536068792
14 10 13 20806939932357831037312722329043200083621240215486560458732706703945282001765/42121032872672060590955419027869041268738184870793595015263782699567608206376
14 11 0 976843095998432231189535019910129753440007612682152281634395162410420948781/10530258218168015147738854756967260317184546217698398753815945674891902051594
14 11 1 1819089259107276811892761938437693321809945602804996010997253272301869450905/10530258218168015147738854756967260317184546217698398753815945674891902051594
14 11 4 503408596459692722019211421480413844177663179341081803394716912989575554453/14040344290890686863651806342623013756246061623597865005087927566522536068792
14 11 14 3463401969302254676980349904941998960613830206680020509536521968948328677797/10530258218168015147738854756967260317184546217698398753815945674891902051594
14 11 15 15573469785661127544647197310268511592750061644101674396406950345956405233085/42121032872672060590955419027869041268738184870793595015263782699567608206376
14 12 0 3671945601682874211165888530194351050464314332027975804318782227713732671797/21060516436336030295477709513934520634369092435396797507631891349783804103188
14 12 1 24434169449401048856676431441630955353171625016106560113217282121516223108787/42121032872672060590955419027869041268738184870793595015263782699567608206376
14 12 11 3447657406635087770649070175283127938212643730210361097802978707541306584665/14040344290890686863651806342623013756246061623597865005087927566522536068792
14 13 5 615891301537654122384906213579411080291009189888020138371610857048497831219/10530258218168015147738854756967260317184546217698398753815945674891902051594
14 13 7 24788430609436876074325477954744972768680197596725356193632608586690969050655/42121032872672060590955419027869041268738184870793595015263782699567608206376
14 13 8 1307557540431765847832643262968939312180641059093446593566680912366465467261/42121032872672060590955419027869041268738184870793595015263782699567608206376
14 13 11 188353882175733363600801013275520623148795964658648773258028469059946977272/585014345453778619318825264275958906510252567649911041878663648605105669533
14 14 0 781564207594416982112232130652730671942823551501352953575480064663833344983/5265129109084007573869427378483630158592273108849199376907972837445951025797
14 14 2 2642486108961502823606659055947465791288146177420028170560850839018095802459/10530258218168015147738854756967260317184546217698398753815945674891902051594
14 14 4 950530117865708133289134484364473588119690602353027339616762363730812785625/4680114763630228954550602114207671252082020541199288335029309188840845356264
14 14 8 16743803715279340240028715399577070434965796327925412647865677552607243166051/42121032872672060590955419027869041268738184870793595015263782699567608206376
15 0 3 3656532329351280394556090978555521888248455793470572081551075972556026281863/42121032872672060590955419027869041268738184870793595015263782699567608206376
15 0 5 5387887488686338442059682730879504530285177056017546061263472212842679332851/21060516436336030295477709513934520634369092435396797507631891349783804103188
15 0 6 1488046493231828664961423076504602823888547880285043401164503553228112342267/7020172145445343431825903171311506878123030811798932502543963783261268034396
15 0 12 416339784633145082290386821079041747879335904257456830817520796252859284449/4680114763630228954550602114207671252082020541199288335029309188840845356264
15 0 17 3812360194031261265625714991432326194148485396364592090303202359758148784797/14040344290890686863651806342623013756246061623597865005087927566522536068792
15 0 26 1192102654255013928340265921506179687742869452055594218643815578802456430259/14040344290890686863651806342623013756246061623597865005087927566522536068792
15 1 1 81044261102104852692826899124293792863216621225450397715512891266999376731/390009563635852412879216842850639271006835045099940694585775765736737113022
15 1 9 2514256666848701246462950044589399027255781548314322493224831960515710782426/5265129109084007573869427378483630158592273108849199376907972837445951025797
15 1 19 3313549834713781632106628391432529855366134347982593029047433689651497315005/10530258218168015147738854756967260317184546217698398753815945674891902051594
15 2 4 9724561155655542209362907352443079492509332747997510830123664513403379554329/21060516436336030295477709513934520634369092435396797507631891349783804103188
15 2 18 6919988484678918269031975980920039173005234609030102366738153476615717069295/42121032872672060590955419027869041268738184870793595015263782699567608206376
15 2 21 1750213564075784211466403149118093678968253862863163443142033355127236892047/4680114763630228954550602114207671252082020541199288335029309188840845356264
15 3 6 191033312451380316730046727468164149807932328651147077733425157556142304819/14040344290890686863651806342623013756246061623597865005087927566522536068792
15 3 17 28186998067311654399564398966829111010377773591432171645708306716133695685413/42121032872672060590955419027869041268738184870793595015263782699567608206376
15 3 21 647661349416437026262654577890065407627265183545850658025782571890395318481/5265129109084007573869427378483630158592273108849199376907972837445951025797
15 3 22 4089822036337384515549821627757457273959246412520588436074469967821161529329/21060516436336030295477709513934520634369092435396797507631891349783804103188
15 4 1 38084307004976362849682983593704023677600358030607377138033075964462082019/780019127271704825758433685701278542013670090199881389171551531473474226044
15 4 3 929006218799685087118618554345619556848743453778701264543101376134274908357/7020172145445343431825903171311506878123030811798932502543963783261268034396
15 4 10 2200790090918368621297571884916402608552701914292333623707359493080195600233/10530258218168015147738854756967260317184546217698398753815945674891902051594
15 4 22 6421820654482937997292634762017424053711124289324813641930487592090055981569/10530258218168015147738854756967260317184546217698398753815945674891902051594
15 5 1 5976845487405115607608880238244168919331352733195465433255492821000241117167/21060516436336030295477709513934520634369092435396797507631891349783804103188
15 5 2 18902580884237916646555599561740757038842074327125492408580652761521357021767/42121032872672060590955419027869041268738184870793595015263782699567608206376
15 5 3 2625478449582950342969589263649514163172342570816670935199653414672544250903/14040344290890686863651806342623013756246061623597865005087927566522536068792
15 5 5 2264015049360926734623588560597105930290776800715254516433714169412407221143/42121032872672060590955419027869041268738184870793595015263782699567608206376
15 5 19 1124310615514134965649702638094297971425600564111904418139469882615728976423/42121032872672060590955419027869041268738184870793595015263782699567608206376
15 6 2 3511995958291061096758163640101390055343593675687528397891878674545904943557/21060516436336030295477709513934520634369092435396797507631891349783804103188
15 6 5 296857539782771068518377705590242602720268886510744505147145168497532382186/1755043036361335857956475792827876719530757702949733125635990945815317008599
15 6 7 544486982471287669274003265204535459649404884903300219796907126447913708341/42121032872672060590955419027869041268738184870793595015263782699567608206376
15 6 15 9142657672944048361241341182765301077705046452752456625383878060029035812819/14040344290890686863651806342623013756246061623597865005087927566522536068792
15 7 3 17179957143021688005505412056501361022299708747993477171574387125496526133245/42121032872672060590955419027869041268738184870793595015263782699567608206376
15 7 16 24941075729650372585450006971367680246438476122800117843689395574071082073131/42121032872672060590955419027869041268738184870793595015263782699567608206376
15 8 0 4318326092274470481407769935080509840485910228241870557354951856823568191309/10530258218168015147738854756967260317184546217698398753815945674891902051594
15 8 5 83858882162043062257131699081918891128577078195125406477638983628224242865/390009563635852412879216842850639271006835045099940694585775765736737113022
15 8 14 80826103648709186682562333191520423372277265275769618110906525819947488917/7020172145445343431825903171311506878123030811798932502543963783261268034396
15 8 16 14735344223963056350305826053595989440061787612423388905266183915556530540507/42121032872672060590955419027869041268738184870793595015263782699567608206376
15 8 18 570668384218216471152915733954649684612768308674562272327341969948901737711/42121032872672060590955419027869041268738184870793595015263782699567608206376
15 9 9 106557494353298491189552809647721820488551172856847889566493274549829637099/195004781817926206439608421425319635503417522549970347292887882868368556511
15 9 14 206794048257065142665761431955330248715491234281709038264547060563078308741/2340057381815114477275301057103835626041010270599644167514654594420422678132
15 9 15 854573401318467440334905909375843531462904962035760454452188239259388724203/2340057381815114477275301057103835626041010270599644167514654594420422678132
15 10 2 13681832890998336266125656566112002826090888821543453970996392583906302418899/42121032872672060590955419027869041268738184870793595015263782699567608206376
15 10 4 27631950046073624400836363926912593996215654646873918218061168259112442634823/42121032872672060590955419027869041268738184870793595015263782699567608206376
15 10 9 403624967800049961996699267422222223215820701188111413103110928274431576327/21060516436336030295477709513934520634369092435396797507631891349783804103188
15 11 0 342271781051155796416408642767456343689327120734833201988056497026374238365/1560038254543409651516867371402557084027340180399762778343103062946948452088
15 11 6 7456993707979270623120634690672663388411090362342991961690583490511059703677/42121032872672060590955419027869041268738184870793595015263782699567608206376
15 11 7 4665389066495730650912121074857361731706356819647024466450080657073655869093/21060516436336030295477709513934520634369092435396797507631891349783804103188
15 11 8 8045961471660061081383754416380166568651274304658028833497756237598566164329/21060516436336030295477709513934520634369092435396797507631891349783804103188
15 12 1 2818899366917858339304981054831930823336623973805189093952569248118374210555/7020172145445343431825903171311506878123030811798932502543963783261268034396
15 12 3 5550891648281140187270558596418182805400116917491588072345172464599297540617/42121032872672060590955419027869041268738184870793595015263782699567608206376
15 12 12 1492239879038074718117227103737909420751218328855857420110611533923872864287/5265129109084007573869427378483630158592273108849199376907972837445951025797
15 12 14 2572941996859724207639052424185332719102859159874671006106100824955694162711/14040344290890686863651806342623013756246061623597865005087927566522536068792
15 13 0 21846543433366610768148775418435908963292072419584667445538862104349024813637/42121032872672060590955419027869041268738184870793595015263782699567608206376
15 13 4 1280113533460990377460709881680516623613225449523706250327697665436200271247/42121032872672060590955419027869041268738184870793595015263782699567608206376
15 13 12 175873850980041291160610497479190885942897101867455752957381693794281325199/390009563635852412879216842850639271006835045099940694585775765736737113022
15 14 5 5694501019185405205395254980683358209407739208219363033701751992795896098991/14040344290890686863651806342623013756246061623597865005087927566522536068792
15 14 9 1283454634263124751397447518535742421806267160156419325689498211749741358275/14040344290890686863651806342623013756246061623597865005087927566522536068792
15 14 11 392354924302342050381061324633550729168447514179004591427593186776494367307/780019127271704825758433685701278542013670090199881389171551531473474226044
15 15 1 160828998837634634467908434972511109599023738095724803327418804846810914835/780019127271704825758433685701278542013670090199881389171551531473474226044
15 15 3 1065416513580578632258793470622743007286221962289348551288498860985033732019/5265129109084007573869427378483630158592273108849199376907972837445951025797
15 15 7 3502325644586730764164333052686384075462723004599399245024966373108292524073/10530258218168015147738854756967260317184546217698398753815945674891902051594
15 15 8 95531313096721886199204869245574505397141006284036630838157455754554281011/42121032872672060590955419027869041268738184870793595015263782699567608206376
15 15 11 10808100935351516328761478694380386484853094290628033614337153401771824571831/42121032872672060590955419027869041268738184870793595015263782699567608206376
16 0 7 1857431112537526313283110019132543004862551518157601133241696274184469548407/2340057381815114477275301057103835626041010270599644167514654594420422678132
16 0 20 482626269277588163992191037971292621178458752442043034272958320235953129725/2340057381815114477275301057103835626041010270599644167514654594420422678132
16 1 1 4972004855008200967744007653400523729279856458931923217986378757527634755499/14040344290890686863651806342623013756246061623597865005087927566522536068792
16 1 5 5412448488830779433001076972010322048439899399508780496389996615977787837913/14040344290890686863651806342623013756246061623597865005087927566522536068792
16 1 25 101552526306991846191853381033671332736841826809921146964209783139364263205/390009563635852412879216842850639271006835045099940694585775765736737113022
16 2 1 1697755460144373899158423500761461346497385503009168563765382604079172173853/5265129109084007573869427378483630158592273108849199376907972837445951025797
16 2 2 14165995230404246744261063772233355381041107677043156728630718931209349575631/42121032872672060590955419027869041268738184870793595015263782699567608206376
16 2 5 2486002330249297943490719217940569401490372935843480307130352512233039267295/14040344290890686863651806342623013756246061623597865005087927566522536068792
16 2 7 689505761924193003934626562372482509234545712015846037162345286940071670309/42121032872672060590955419027869041268738184870793595015263782699567608206376
16 2 8 909620190965437943712304874261764313062089808273307847097023961284237465293/7020172145445343431825903171311506878123030811798932502543963783261268034396
16 2 23 255920020882702718915451262593072841213263266830318578458152114793422325323/14040344290890686863651806342623013756246061623597865005087927566522536068792
16 3 14 1645097797755895752518091803354715549460298304752722353178530312231641578825/4680114763630228954550602114207671252082020541199288335029309188840845356264
16 3 15 4154262653240646256296332546623803427151738319092319502339609899448521118961/42121032872672060590955419027869041268738184870793595015263782699567608206376
16 3 20 11580445019814176280998130125526398948221880904463387167158699995017156438995/21060516436336030295477709513934520634369092435396797507631891349783804103188
16 4 1 22983204153752924403557212289991121813083572552323053521240203972033017261583/42121032872672060590955419027869041268738184870793595015263782699567608206376
16 4 2 333513413110394083398760177480705537449029007379789524022325007996719695423/42121032872672060590955419027869041268738184870793595015263782699567608206376
16 4 7 1237498702698119753319232336963052371458829263351133041052308164786207196923/5265129109084007573869427378483630158592273108849199376907972837445951025797
16 4 17 1484054280703964012907597977448799157755824867380281273597131400208035612331/7020172145445343431825903171311506878123030811798932502543963783261268034396
16 5 13 5506923832777283542228347463419381524129405367739241585749848646721473839955/10530258218168015147738854756967260317184546217698398753815945674891902051594
16 5 16 5023334385390731605510507293547878793055140849959157168066097028170428211639/10530258218168015147738854756967260317184546217698398753815945674891902051594
16 6 0 4269695318803982947428963518315041177604722890522920577667706772192113726113/21060516436336030295477709513934520634369092435396797507631891349783804103188
16 6 3 16790821117532047348048745995619479456764369544873876929964184577591690377075/21060516436336030295477709513934520634369092435396797507631891349783804103188
16 7 5 4802705788939361967024022396440587610027836394812335753521149720583800341697/42121032872672060590955419027869041268738184870793595015263782699567608206376
16 7 10 930702624229184288571149259623069564437152167006129295611841594007755068432/5265129109084007573869427378483630158592273108849199376907972837445951025797
16 7 13 483621350754914901832849360859172462997541196119277088767521454275833731709/1755043036361335857956475792827876719530757702949733125635990945815317008599
16 7 14 2360565872625969824107746479178555390958998013538099295741967831420649710417/21060516436336030295477709513934520634369092435396797507631891349783804103188
16 7 18 9623733161840346930451762317730823425748597346515884839732836157015477994279/42121032872672060590955419027869041268738184870793595015263782699567608206376
16 7 19 653488127448163348784427102955970637267591509912915222535102250740830056849/7020172145445343431825903171311506878123030811798932502543963783261268034396
16 8 0 7266843988747450211919735219269119278862873092733811696980363550258604221669/42121032872672060590955419027869041268738184870793595015263782699567608206376
16 8 8 587618379668873342125206071162324715504672940498912314079743229353288935101/3510086072722671715912951585655753439061515405899466251271981891630634017198
16 8 9 16007859058358765730687271825460858278332971830715879184967136024421729714107/42121032872672060590955419027869041268738184870793595015263782699567608206376
16 8 14 2948727317384841135711484782297791781371566165339239091089841093161951762347/10530258218168015147738854756967260317184546217698398753815945674891902051594
16 9 6 273213247095918759365877096317221700636427140056059114484003549711086716560/5265129109084007573869427378483630158592273108849199376907972837445951025797
16 9 14 20159341205338152536332364938543665920355280521984515550872328231675418239257/42121032872672060590955419027869041268738184870793595015263782699567608206376
16 9 15 19775985690566557979696037318787601743291487228360606548519426070203496234639/42121032872672060590955419027869041268738184870793595015263782699567608206376
16 10 10 1003273386898702667776567457641022447913152236680746575458904552543477518106/5265129109084007573869427378483630158592273108849199376907972837445951025797
16 10 12 3688900803599806281716478504519589960838460496313118368929385053573575699841/14040344290890686863651806342623013756246061623597865005087927566522536068792
16 10 15 23028143366683020403593443853182091802917585488408267304804391118499060962005/42121032872672060590955419027869041268738184870793595015263782699567608206376
16 11 4 2337164712674943785543792767153113194449997796882505413786945591409526870819/42121032872672060590955419027869041268738184870793595015263782699567608206376
16 11 10 2220308428611733544044189157380370359028589665249707097498911112559759122191/5265129109084007573869427378483630158592273108849199376907972837445951025797
16 11 11 5247104555786214840494273223232960422313370667068962052517745158215634876469/14040344290890686863651806342623013756246061623597865005087927566522536068792
16 11 12 3140043531872301965787646665987041967559678875353273331966156366516551864311/21060516436336030295477709513934520634369092435396797507631891349783804103188
16 12 0 14665883568224566878153936007155471172619825159366967080540391731455833874531/21060516436336030295477709513934520634369092435396797507631891349783804103188
16 12 10 6394632868111463417323773506779049461749267276029830427091499618327970228657/21060516436336030295477709513934520634369092435396797507631891349783804103188
16 13 6 6046326726488617536967422088901214032458158961447931650230661069811573631259/10530258218168015147738854756967260317184546217698398753815945674891902051594
16 13 9 1237101611280052165706693476075924645304628467073794478314539341359995601/585014345453778619318825264275958906510252567649911041878663648605105669533
16 13 13 4461663662676356671788712185496679641110903943843138802975622896935848499517/10530258218168015147738854756967260317184546217698398753815945674891902051594
16 14 2 17993243665215143335541032242070732221035330506690010572175253692633319355189/42121032872672060590955419027869041268738184870793595015263782699567608206376
16 14 3 239865360206301811705096847719651893744133491076170517515053949412918931885/2340057381815114477275301057103835626041010270599644167514654594420422678132
16 14 4 161153829549503607094047144916030713582598325435327163801605461959338866940/585014345453778619318825264275958906510252567649911041878663648605105669533
16 14 9 556592014286650656703175473467308748672018035541689700412951889063098548533/21060516436336030295477709513934520634369092435396797507631891349783804103188
16 14 11 7093952967605923620544898145955746085017336022305579933276060878303152560511/42121032872672060590955419027869041268738184870793595015263782699567608206376
16 15 4 11687513364644534129740186141471851909732020523961476874594571646779012026387/21060516436336030295477709513934520634369092435396797507631891349783804103188
16 15 11 9373003071691496165737523372462668724637071911435320633037319703004792076801/21060516436336030295477709513934520634369092435396797507631891349783804103188
16 16 0 704806737458663181885676554008248865954472973408731630213982279966088832883/4680114763630228954550602114207671252082020541199288335029309188840845356264
16 16 2 1018123881544532858405936026074504861384297346320861301633741793206751506541/10530258218168015147738854756967260317184546217698398753815945674891902051594
16 16 8 31705276709365960520360585937496782029610738724831565136802975007045802684265/42121032872672060590955419027869041268738184870793595015263782699567608206376
17 0 1 4489470739399747375662531504557934019620617769944090456620941772730802901487/14040344290890686863651806342623013756246061623597865005087927566522536068792
17 0 3 22689042991965699795281773648481010461946268023665527899552518545125534824383/42121032872672060590955419027869041268738184870793595015263782699567608206376
17 0 8 1490894415626779667171512716428557186982515884323948936462109709062416169383/10530258218168015147738854756967260317184546217698398753815945674891902051594
17 1 2 384751187336374767603248919012430752004508302388735507097072614815636983739/2340057381815114477275301057103835626041010270599644167514654594420422678132
17 1 6 5552736997800586399121793051961779077037376509464726385911584469520852229091/10530258218168015147738854756967260317184546217698398753815945674891902051594
17 1 20 6492281754707484588804883138899085712253764694968725171935068877401366791355/21060516436336030295477709513934520634369092435396797507631891349783804103188
17 2 2 1261414164097890089407861911766028472700961728598661255500833984709647957049/21060516436336030295477709513934520634369092435396797507631891349783804103188
17 2 3 13455616311894991704001428389164775973996551592241492228071387484473242870333/42121032872672060590955419027869041268738184870793595015263782699567608206376
17 2 6 5581171220895869380383891746728842845613959369635979806335445406700634552253/14040344290890686863651806342623013756246061623597865005087927566522536068792
17 2 23 1566512428315613427831098595830946635416305285407806809530731837595527627531/7020172145445343431825903171311506878123030811798932502543963783261268034396
17 3 1 31039654012257700619094070304976402144098425933252725782626954582149869735953/42121032872672060590955419027869041268738184870793595015263782699567608206376
17 3 15 10069942118156192844379198379413936805449487564228175918387610510181470122109/42121032872672060590955419027869041268738184870793595015263782699567608206376
17 3 19 505718371129083563741075171739351159595135686656346657124608803618134174157/21060516436336030295477709513934520634369092435396797507631891349783804103188
17 4 13 11906612132297835902607924587035533118031749274726234255200001625321149556169/42121032872672060590955419027869041268738184870793595015263782699567608206376
17 4 19 78707892363943166548683308580899265535107376471078555702606183823967841613/585014345453778619318825264275958906510252567649911041878663648605105669533
17 4 21 5922980661482991034873635181996215977975581305759909579649811635482942253697/10530258218168015147738854756967260317184546217698398753815945674891902051594
17 4 22 95058871582039173038639499447099680030708807456674047875209921887667226587/4680114763630228954550602114207671252082020541199288335029309188840845356264
17 5 7 9571093979034677637124605330197130919279121072614606641959172081887708622965/21060516436336030295477709513934520634369092435396797507631891349783804103188
17 5 9 8/27
17 5 11 194417386634359779714282766597302273295578171895671842677789148744751913773/780019127271704825758433685701278542013670090199881389171551531473474226044
17 6 13 2295059042036148212725382611029383608159385436978626362534734949710594877759/4680114763630228954550602114207671252082020541199288335029309188840845356264
17 6 16 6051451307427928111480080359644754041974968287200611118979462934754972483565/42121032872672060590955419027869041268738184870793595015263782699567608206376
17 6 20 3853512546729699641236723792239958688332186912696336658367926304354320455745/10530258218168015147738854756967260317184546217698398753815945674891902051594
17 7 0 2607018716700552822160792326689362015087693655016735038987930629151621124073/42121032872672060590955419027869041268738184870793595015263782699567608206376
17 7 1 2232519615238630846518363729263885752992931871503379198578051102958791383163/42121032872672060590955419027869041268738184870793595015263782699567608206376
17 7 11 7554955361344322494550536454785185396489583446317742522763942872543597906545/21060516436336030295477709513934520634369092435396797507631891349783804103188
17 7 15 3695263969674038655529198343724237117946398741939665955361652537061666647675/7020172145445343431825903171311506878123030811798932502543963783261268034396
17 8 4 1185666797335129432937531511031706244897578766069749407303967733679951934872/5265129109084007573869427378483630158592273108849199376907972837445951025797
17 8 9 7355422870159310320734557973154464352505251520610495588646408961859649750909/21060516436336030295477709513934520634369092435396797507631891349783804103188
17 8 13 8962426376836202242993025496653231302273525850507304289769611453204346612791/21060516436336030295477709513934520634369092435396797507631891349783804103188
17 9 0 12005219577957951860958124103327549903977279330465245196752444459944413966957/21060516436336030295477709513934520634369092435396797507631891349783804103188
17 9 16 9055296858378078434519585410606970730391813104931552310879446889839390136231/21060516436336030295477709513934520634369092435396797507631891349783804103188
17 10 3 2057171322361881749983969459741524872471818202721608572228384062008999570749/21060516436336030295477709513934520634369092435396797507631891349783804103188
17 10 5 22359812972818913025535969557330138427829026298125525591451081470591725814921/42121032872672060590955419027869041268738184870793595015263782699567608206376
17 10 6 5215625751709794688483836850351951031988507389074950759785311034985961083319/14040344290890686863651806342623013756246061623597865005087927566522536068792
17 11 8 872993352685950401549680786455233729862694894831669831356160390613970793597/2340057381815114477275301057103835626041010270599644167514654594420422678132
17 11 11 54166994007000787215033702654155998498955340452381168899296812323496352932/5265129109084007573869427378483630158592273108849199376907972837445951025797
17 11 12 12986908286134473532670447625220793071609017020102244349829260584964081549087/21060516436336030295477709513934520634369092435396797507631891349783804103188
17 12 2 4824594613116908848937017375870819629419427097183892624698398516868768459987/10530258218168015147738854756967260317184546217698398753815945674891902051594
17 12 14 5705663605051106298801837381096440687765119120514506129117547158023133591607/10530258218168015147738854756967260317184546217698398753815945674891902051594
17 13 10 188353882175733363600801013275520623148795964658648773258028469059946977272/585014345453778619318825264275958906510252567649911041878663648605105669533
17 13 11 396660463278045255718024251000438283361456602991262268620635179545158692261/585014345453778619318825264275958906510252567649911041878663648605105669533
17 14 2 1576730468007859393509681241066157763051051595519215594970148107156369317785/21060516436336030295477709513934520634369092435396797507631891349783804103188
17 14 8 13436817001947567665691729313204715984683787735224437919082753111072230705699/42121032872672060590955419027869041268738184870793595015263782699567608206376
17 14 10 25530754934708774138244327232532009757952293944530725906240733374182638865107/42121032872672060590955419027869041268738184870793595015263782699567608206376
17 15 1 142552101929340233191120548598538882271183147037302315921675892152777229723/5265129109084007573869427378483630158592273108849199376907972837445951025797
17 15 4 11553522189884821541680311782327388892275926794983653689948242782134414694053/42121032872672060590955419027869041268738184870793595015263782699567608206376
17 15 5 9392954812152716536776480026297291769565664211812339711243069124039113568913/21060516436336030295477709513934520634369092435396797507631891349783804103188
17 15 7 10641184243047084110193182804158757779161464475886843375455994532132748536713/42121032872672060590955419027869041268738184870793595015263782699567608206376
17 16 2 11350574910142728812324360823859046707847010917011566957262870942627310863081/21060516436336030295477709513934520634369092435396797507631891349783804103188
17 16 8 511030618291305253148284694525931780979736954090087995082140901709131115181/42121032872672060590955419027869041268738184870793595015263782699567608206376
17 16 9 849936994109384056892513718726253188943280792160528361116518963989870192661/10530258218168015147738854756967260317184546217698398753815945674891902051594
17 16 10 15509104457657761485588357810720003316291302914038259661189824056644374594389/42121032872672060590955419027869041268738184870793595015263782699567608206376
17 17 0 27983881036402881259013317465745036117914653998044471809515787654102746765093/42121032872672060590955419027869041268738184870793595015263782699567608206376
17 17 1 6720336247889042344961365062387096926834230023104902363567369062619908161719/42121032872672060590955419027869041268738184870793595015263782699567608206376
17 17 3 618067965698344748915061374978075685332441737470351736848385498570412773297/3510086072722671715912951585655753439061515405899466251271981891630634017198
18 0 5 2890653674231742477096636793711540115589602952772471415909341821518076384607/21060516436336030295477709513934520634369092435396797507631891349783804103188
18 0 13 9313600063826267416759957914048384932990589524226419151134638770981097452703/21060516436336030295477709513934520634369092435396797507631891349783804103188
18 0 18 4428131349139010200810557403087297792894449979198953470293955378642315132939/10530258218168015147738854756967260317184546217698398753815945674891902051594
18 1 2 4009748798992780005938580310756207800639850722680091294513459630875638113719/10530258218168015147738854756967260317184546217698398753815945674891902051594
18 1 6 6067448052171932341637445808343010757632704028604399109061522666883443280643/21060516436336030295477709513934520634369092435396797507631891349783804103188
18 1 7 428794031997125678820388672235004547598703548555797048472750350778163390665/42121032872672060590955419027869041268738184870793595015263782699567608206376
18 1 19 828465071232010529703936798499562551664664866532109803744078523679313317267/4680114763630228954550602114207671252082020541199288335029309188840845356264
18 1 24 3031080949635927718885193154713560519166343287759823168458720889203092972073/21060516436336030295477709513934520634369092435396797507631891349783804103188
18 2 7 2672055468595683228688787524974377168130050338578364342680656608006499438227/21060516436336030295477709513934520634369092435396797507631891349783804103188
18 2 8 4940804882641037244216713144769936670313727178225228242889285571130649990699/14040344290890686863651806342623013756246061623597865005087927566522536068792
18 2 14 10474689236345725261533998059080016534600478040155519927884528185564893701781/42121032872672060590955419027869041268738184870793595015263782699567608206376
18 2 21 2869954512802964284848426621132615096734106154701415418337521146149441414011/10530258218168015147738854756967260317184546217698398753815945674891902051594
18 3 0 1891134972672213853481187236643516538195696029961252313639094435150979505321/10530258218168015147738854756967260317184546217698398753815945674891902051594
18 3 2 1399657622071174085221126215517177632263249960114477445553866848991460537790/5265129109084007573869427378483630158592273108849199376907972837445951025797
18 3 6 1525166861538630942756983586718669390548668425582283816749783172279463531505/5265129109084007573869427378483630158592273108849199376907972837445951025797
18 3 15 8225429789069980724736937633803553961375587666950514815996541025350258728377/42121032872672060590955419027869041268738184870793595015263782699567608206376
18 3 22 2932467324034784228468854029604644972084465998423980846281663763446038902355/42121032872672060590955419027869041268738184870793595015263782699567608206376
18 4 2 1981008555956484885672335891795791601939741860378638779699745728201834688011/42121032872672060590955419027869041268738184870793595015263782699567608206376
18 4 3 6576425667822964744402631895950598731570645441754083248882512654692424594253/42121032872672060590955419027869041268738184870793595015263782699567608206376
18 4 15 2950629890370927034255053891915167509401159233858759424548427996537774333577/10530258218168015147738854756967260317184546217698398753815945674891902051594
18 4 20 5440269771852225705965058918115495224405790158306458822121953082630562897451/10530258218168015147738854756967260317184546217698398753815945674891902051594
18 5 6 1172026527534568498620873922942501035840932473605423021256186159447847243105/5265129109084007573869427378483630158592273108849199376907972837445951025797
18 5 7 16799955719575005766278878782130969532387990213054423238546236993583870240823/42121032872672060590955419027869041268738184870793595015263782699567608206376
18 5 14 2841158206139100873794920382901595851940855860298607029968588861343088633855/10530258218168015147738854756967260317184546217698398753815945674891902051594
18 5 18 4580232108264103340529867330591680041859311427701359486793700985028605485293/42121032872672060590955419027869041268738184870793595015263782699567608206376
18 6 7 2298619829613741577130002248523948915093345864965186116697135598699716214177/21060516436336030295477709513934520634369092435396797507631891349783804103188
18 6 16 880933558947659446252798924334094293708301989664443168994871816852886443153/14040344290890686863651806342623013756246061623597865005087927566522536068792
18 6 17 12915849464606945810043741319143194870006219338328052092853848683208254267201/42121032872672060590955419027869041268738184870793595015263782699567608206376
18 6 18 3660857178665775547982212739779277614570061305590306863671841228066877030227/7020172145445343431825903171311506878123030811798932502543963783261268034396
18 7 4 1
18 8 1 2321849864845427039808964528773705313353709364495045419571822913864382811905/42121032872672060590955419027869041268738184870793595015263782699567608206376
18 8 11 226674081983017703543212964660536514409776446493114964977857794444233230045/14040344290890686863651806342623013756246061623597865005087927566522536068792
18 8 13 2581502762687112827190174513916901284239593222423090530954437097081860222991/7020172145445343431825903171311506878123030811798932502543963783261268034396
18 8 15 3187371847266420995742735984330213182574780917629457946187305680176238317895/42121032872672060590955419027869041268738184870793595015263782699567608206376
18 8 17 757139716240314165986408612491929834227511330172266798846091042211226890685/1560038254543409651516867371402557084027340180399762778343103062946948452088
18 9 1 1730910080830518728795998371074162650186214929448775822952203326176729673167/3510086072722671715912951585655753439061515405899466251271981891630634017198
18 9 5 1482816208359994806161030302507274692500448271098240500905941277333762187973/42121032872672060590955419027869041268738184870793595015263782699567608206376
18 9 17 19867295694345841039242408272471814774003157446310044638931401508113089940399/42121032872672060590955419027869041268738184870793595015263782699567608206376
18 10 1 1848049359736165138524014478834651003438870891891632906149322656851335628635/14040344290890686863651806342623013756246061623597865005087927566522536068792
18 10 5 872326984008967701833569817599284939635852514354860773161883027908858903391/14040344290890686863651806342623013756246061623597865005087927566522536068792
18 10 12 10351443487290880581935327838103423795407601127284746636158542512948960368951/14040344290890686863651806342623013756246061623597865005087927566522536068792
18 10 15 968524459854673441358894208085654017763737090066624689618179368813381167815/14040344290890686863651806342623013756246061623597865005087927566522536068792
18 11 5 3625442869935419623832878024473342731626600107705593197549329882930506896892/5265129109084007573869427378483630158592273108849199376907972837445951025797
18 11 12 2466782309164627398509807611363342797600198269970639912918237199151585344895/10530258218168015147738854756967260317184546217698398753815945674891902051594
18 11 14 90287796570283166840365677406359117370127525812952493977672078875478101435/1170028690907557238637650528551917813020505135299822083757327297210211339066
18 12 3 2251427936042112845635951364156040754417784182974363175193384791109255072138/5265129109084007573869427378483630158592273108849199376907972837445951025797
18 12 4 10/27
18 12 7 1063653354862632663837391800074393049140313700375132728785709217653010388549/5265129109084007573869427378483630158592273108849199376907972837445951025797
18 13 0 1055997725283525675289062518513807594855897586770526059850257889288016891975/2340057381815114477275301057103835626041010270599644167514654594420422678132
18 13 8 1284059656531588801986238538590028031185112683829118107664396705132405786157/2340057381815114477275301057103835626041010270599644167514654594420422678132
18 14 0 15574458236156919768498109231036004624411322996538372233416896790624435325211/21060516436336030295477709513934520634369092435396797507631891349783804103188
18 14 1 5486058200179110526979600282898516009957769438858425274214994559159368777977/21060516436336030295477709513934520634369092435396797507631891349783804103188
18 15 3 1309521263055344737430445431618630311694629957450423358174425608921926450117/10530258218168015147738854756967260317184546217698398753815945674891902051594
18 15 8 4918289340077953671103888148899889908707946351420557795988521187451838576251/14040344290890686863651806342623013756246061623597865005087927566522536068792
18 15 10 22128079800216820627921972854694850295835825986730228194600516701524386677155/42121032872672060590955419027869041268738184870793595015263782699567608206376
18 16 1 4495497920664887775204910612997496940859403975501922498065104998012622471161/42121032872672060590955419027869041268738184870793595015263782699567608206376
18 16 3 4291946123064935209232998016622268739977960928875166282957303645676451279271/42121032872672060590955419027869041268738184870793595015263782699567608206376
18 16 5 954938371650378070979630684905279931913196801565361500207370683695607697805/5265129109084007573869427378483630158592273108849199376907972837445951025797
18 16 6 21091816955355752793090858424977412869579411325519672536952906576185513388589/42121032872672060590955419027869041268738184870793595015263782699567608206376
18 16 8 4602264900383460245589606494029623263015834228373941695629502010128159484915/42121032872672060590955419027869041268738184870793595015263782699567608206376
18 17 6 468073344932229606531573365573011355555109119091229279935680518532185946245/21060516436336030295477709513934520634369092435396797507631891349783804103188
18 17 7 3330766459047285311010587827300221222619537404129958295629009841579233527029/42121032872672060590955419027869041268738184870793595015263782699567608206376
18 17 9 37854119723760316066881684469422797335008429228481178159763411820924002786857/42121032872672060590955419027869041268738184870793595015263782699567608206376
18 18 1 13616882183062901076026993144932473022331742628017195738753488414166586924327/42121032872672060590955419027869041268738184870793595015263782699567608206376
18 18 2 28504150689609159514928425882936568246406442242776399276510294285401021282049/42121032872672060590955419027869041268738184870793595015263782699567608206376
19 0 11 4670601140536260065352725035974902326062281195163270733918473903476036017169/42121032872672060590955419027869041268738184870793595015263782699567608206376
19 0 22 11567185543367471317664038116946101228220958884183851588671670469402068504119/21060516436336030295477709513934520634369092435396797507631891349783804103188
19 0 25 4772020215133619296758205919333978828744661969087540368000655952429145060323/14040344290890686863651806342623013756246061623597865005087927566522536068792
19 1 4 637164908061650804418986379069999296603944429530028598767770161251431135118/5265129109084007573869427378483630158592273108849199376907972837445951025797
19 1 11 7544495011950071768156862924567141914889389092274035887173262802638363983587/42121032872672060590955419027869041268738184870793595015263782699567608206376
19 1 16 3275468732914309154160740563415767220113026704697703370883150956324199460205/4680114763630228954550602114207671252082020541199288335029309188840845356264
19 2 9 18441599156927844070159392834319454266951551770156610763604627398065243223883/42121032872672060590955419027869041268738184870793595015263782699567608206376
19 2 18 98049998243576055584699393517721144599020771792549683771939306991955923431/4680114763630228954550602114207671252082020541199288335029309188840845356264
19 2 19 11398491865776016010266865825945048350197723077252018548855850769287380835807/21060516436336030295477709513934520634369092435396797507631891349783804103188
19 3 2 4174390577096307849801344734690136862824801095222850212514050980759865075415/14040344290890686863651806342623013756246061623597865005087927566522536068792
19 3 5 20806115021301979581762713842417249279528285246231485906422788262562890111497/42121032872672060590955419027869041268738184870793595015263782699567608206376
19 3 8 4395873060040578729894335490690690700367748169446779235649420747362561434317/21060516436336030295477709513934520634369092435396797507631891349783804103188
19 4 0 13880313965236207288450639103900070510533608461118542801422008911780323088845/42121032872672060590955419027869041268738184870793595015263782699567608206376
19 4 3 235678606666933882118101997363146055649184616754256139409263603522962613932/5265129109084007573869427378483630158592273108849199376907972837445951025797
19 4 14 4672753191255913222783662473087830141670497937191717729212369976510742222509/14040344290890686863651806342623013756246061623597865005087927566522536068792
19 4 19 3084257620083160644302244131450077971999901416016462477732638757517839384637/10530258218168015147738854756967260317184546217698398753815945674891902051594
19 5 5 998704077995153271409336496569106292256934252849256425488878053341471467725/2340057381815114477275301057103835626041010270599644167514654594420422678132
19 5 19 14960788386629121636147402699339182775875790469168666158570369569482836467855/42121032872672060590955419027869041268738184870793595015263782699567608206376
19 5 21 9183571082130180069439959390285945232237577850338313197893608169938285319471/42121032872672060590955419027869041268738184870793595015263782699567608206376
19 6 9 13711300973480284518657683794909771403835688471255730956702477077434212554073/42121032872672060590955419027869041268738184870793595015263782699567608206376
19 6 10 2918264332878190354552401743248454577178149202754970474935454656071192474627/10530258218168015147738854756967260317184546217698398753815945674891902051594
19 6 12 1880264512698290604083544428407112399095467941827524672732140589633826311985/42121032872672060590955419027869041268738184870793595015263782699567608206376
19 6 14 2070170911888724795461429718353865456770860972141002195133071550116372874277/7020172145445343431825903171311506878123030811798932502543963783261268034396
19 6 18 202948715304031273103000460119595534705772151153703692940743092293046849679/3510086072722671715912951585655753439061515405899466251271981891630634017198
19 7 1 1357820917952373586223060930415323308967144619126682216414555292699128277155/42121032872672060590955419027869041268738184870793595015263782699567608206376
19 7 13 10321974092659039974861737650801043784158908544628636305432848740680466207961/42121032872672060590955419027869041268738184870793595015263782699567608206376
19 7 15 8308692252349127129664698263825404783892122670975209430952263012053460998259/42121032872672060590955419027869041268738184870793595015263782699567608206376
19 7 18 7377515203237173300068640727609089797240003012021022354154705218044850907667/14040344290890686863651806342623013756246061623597865005087927566522536068792
19 8 1 7166573610252790140814791295470092162367432611571255859901927949122326281143/10530258218168015147738854756967260317184546217698398753815945674891902051594
19 8 4 749519047474258734445294725415865157237662630037610084809646310017125463267/3510086072722671715912951585655753439061515405899466251271981891630634017198
19 8 5 184925521091504498219630477808673282316966938173494473436421333330440366404/1755043036361335857956475792827876719530757702949733125635990945815317008599
19 8 9 2787169471710907135198209198766494601162043486672899433275397867778591113/5265129109084007573869427378483630158592273108849199376907972837445951025797
19 9 3 18136321112660432176175914277766496137147562600817838370296878987112576899687/21060516436336030295477709513934520634369092435396797507631891349783804103188
19 9 8 2924195323675598119301795236168024497221529834578959137335012362671227203501/21060516436336030295477709513934520634369092435396797507631891349783804103188
19 10 0 3269919046953081128528561379369926681581889588224407467799222689904396375871/42121032872672060590955419027869041268738184870793595015263782699567608206376
19 10 2 113886326065419349467075090207446255591376541470410926614187080893113703283/780019127271704825758433685701278542013670090199881389171551531473474226044
19 10 7 5677216745785065597041942352953817596986569901755496670774218947131824956199/21060516436336030295477709513934520634369092435396797507631891349783804103188
19 10 11 16362893150986921739110686281770203065938792174484806109471875774547868107/21060516436336030295477709513934520634369092435396797507631891349783804103188
19 10 13 21314092940314229553642696698825841185116944655307034556531075995622326204611/42121032872672060590955419027869041268738184870793595015263782699567608206376
19 11 2 19345804168166982793324388885041455135597054028461983164202575512330720061477/42121032872672060590955419027869041268738184870793595015263782699567608206376
19 11 8 2578807395251207800073414009728625248476782038626870095964345798329750398243/10530258218168015147738854756967260317184546217698398753815945674891902051594
19 11 10 365736819134135349372723967009247411098623684420989720560392375679015524865/21060516436336030295477709513934520634369092435396797507631891349783804103188
19 11 13 454130368379851360560144047764662400851714657782601500556448680797837019223/5265129109084007573869427378483630158592273108849199376907972837445951025797
19 11 15 2698494179397721671370257929259097036741012685573780007210483265392386449471/14040344290890686863651806342623013756246061623597865005087927566522536068792
19 12 2 5705663605051106298801837381096440687765119120514506129117547158023133591607/10530258218168015147738854756967260317184546217698398753815945674891902051594
19 12 3 585954542217945543244073099440767522494089861569896532841518380742374002627/21060516436336030295477709513934520634369092435396797507631891349783804103188
19 12 4 6546916906143281536429011073674463112320397756484219952635265713382334482879/42121032872672060590955419027869041268738184870793595015263782699567608206376
19 12 14 11579552461888462772830912230927280360369130909111557480475291592607991351815/42121032872672060590955419027869041268738184870793595015263782699567608206376
19 13 3 1642787386663518883384068045911192484377004015725914520631947063793261263525/5265129109084007573869427378483630158592273108849199376907972837445951025797
19 13 10 27190368506546104278306154260073573203949716716217863887919388429237305888273/42121032872672060590955419027869041268738184870793595015263782699567608206376
19 13 13 596121757605935081858906800168642729924145342922804987429605919994737403301/14040344290890686863651806342623013756246061623597865005087927566522536068792
19 14 4 5230896266273423542491891144597403524949342495776763256512921243365864030971/42121032872672060590955419027869041268738184870793595015263782699567608206376
19 14 7 28096737688940519776960467135941649116104118077557449006435981243510815854403/42121032872672060590955419027869041268738184870793595015263782699567608206376
19 14 11 488522162081006515083503374851666034871373572081076819573048900705051573389/2340057381815114477275301057103835626041010270599644167514654594420422678132
19 15 0 29554107078734508660236525439305723934127238113498674880411792807781408725433/42121032872672060590955419027869041268738184870793595015263782699567608206376
19 15 11 12566925793937551930718893588563317334610946757294920134851989891786199480943/42121032872672060590955419027869041268738184870793595015263782699567608206376
19 16 4 21091816955355752793090858424977412869579411325519672536952906576185513388589/42121032872672060590955419027869041268738184870793595015263782699567608206376
19 16 6 21029215917316307797864560602891628399158773545273922478310876123382094817787/42121032872672060590955419027869041268738184870793595015263782699567608206376
19 17 0 14137151836269179331942101562124005150823530872749123205747995045464861441283/42121032872672060590955419027869041268738184870793595015263782699567608206376
19 17 1 4753897132300480972175727415503271272809833663456949568932787055940118130307/14040344290890686863651806342623013756246061623597865005087927566522536068792
19 17 8 3430547409875359585621533804808805574871288251918405775679356621570598093543/10530258218168015147738854756967260317184546217698398753815945674891902051594
19 18 1 47939971963816552774895618750625990987588510371634978256778902609225817827/4680114763630228954550602114207671252082020541199288335029309188840845356264
19 18 6 39812276009876668611293266881808097877907493490316825877070143331548894813645/42121032872672060590955419027869041268738184870793595015263782699567608206376
19 18 7 234662139390130375586011447163163683992799348391506791735328655566960129036/5265129109084007573869427378483630158592273108849199376907972837445951025797
19 19 1 1791580602628183374241595395237620731256843820718164354249931230493241053149/4680114763630228954550602114207671252082020541199288335029309188840845356264
19 19 3 232478129744238856841680344002513628821484806971497590799292760574758244643/1170028690907557238637650528551917813020505135299822083757327297210211339066
19 19 7 1958621642025090152942285342959996005539237492595133617582206916048571324543/4680114763630228954550602114207671252082020541199288335029309188840845356264
20 0 7 4794332072508912054220193585471094585286855492652144177833660083358116042131/42121032872672060590955419027869041268738184870793595015263782699567608206376
20 0 9 262729982947114934703274005354183287979437929176811571950728360301246222271/14040344290890686863651806342623013756246061623597865005087927566522536068792
20 0 14 11890494170474770558349878719034574625109178097834004261277826602733871964027/42121032872672060590955419027869041268738184870793595015263782699567608206376
20 0 17 818852342888253132958577367687992405443834791319414042277802638763050426575/1755043036361335857956475792827876719530757702949733125635990945815317008599
20 0 20 4995560451528957983269667882789004463751802501111074845632847602258671295605/42121032872672060590955419027869041268738184870793595015263782699567608206376
20 1 17 8162067931822137394259754755980197237605794781108140409993571167210443493369/14040344290890686863651806342623013756246061623597865005087927566522536068792
20 1 21 5878276359068549469392051586642816518640266842489724595094356399312092575423/14040344290890686863651806342623013756246061623597865005087927566522536068792
20 2 14 1320523520474011889622735997484316984908378467616288102095817412988757417719/10530258218168015147738854756967260317184546217698398753815945674891902051594
20 2 15 1851883081821091432295220623372649619665230361974366641387892076332591317471/10530258218168015147738854756967260317184546217698398753815945674891902051594
20 2 16 3368268248137393816318541802713193902994304814901930513426678139792530995233/42121032872672060590955419027869041268738184870793595015263782699567608206376
20 2 20 20733007362983546796942457279534710612846959365988599065296764101203634958019/42121032872672060590955419027869041268738184870793595015263782699567608206376
20 2 22 1332532713092676672505648365548317583650621342885111615651375625321511828091/10530258218168015147738854756967260317184546217698398753815945674891902051594
20 3 4 7697820703904433484142589345157517399231726028111125784184067976483713186257/21060516436336030295477709513934520634369092435396797507631891349783804103188
20 3 9 5486727007705500293419211052273930865981664473593247618614257112244866910769/14040344290890686863651806342623013756246061623597865005087927566522536068792
20 3 12 10265210441746692742412607180732213872329739393791600591052875409865581101555/42121032872672060590955419027869041268738184870793595015263782699567608206376
20 4 3 10486094382911716135110718542485354331798103551861899674633521508336798574371/42121032872672060590955419027869041268738184870793595015263782699567608206376
20 4 6 3406001315545759184145014728965593442800957320511640516382077337488777389537/7020172145445343431825903171311506878123030811798932502543963783261268034396
20 4 9 349993623309760542729387250401396170131065056327047607932715977882241780695/7020172145445343431825903171311506878123030811798932502543963783261268034396
20 4 15 9098968856627226094598288609181749259347947057899566594741501299004694610613/42121032872672060590955419027869041268738184870793595015263782699567608206376
20 5 4 12774065000420060793500505431185260548947982002924668710274038577370913804/195004781817926206439608421425319635503417522549970347292887882868368556511
20 5 12 73937136940665004242952100405610535133263997737596369408323584378195122009/1560038254543409651516867371402557084027340180399762778343103062946948452088
20 5 13 6920765172504458061004700355273580568009583418078465076443072884663819359441/21060516436336030295477709513934520634369092435396797507631891349783804103188
20 5 14 23524001790174456222990202433234379405548125983089834446933707819316583811587/42121032872672060590955419027869041268738184870793595015263782699567608206376
20 6 0 21893168568204217191035482922329113111217393394797504248910262951693650591321/42121032872672060590955419027869041268738184870793595015263782699567608206376
20 6 7 15952898309815116037945530336109288229514549021585739669600733923285906390871/42121032872672060590955419027869041268738184870793595015263782699567608206376
20 6 13 178123583110530306748933573726276663666926768933764629031366076024502134341/1755043036361335857956475792827876719530757702949733125635990945815317008599
20 7 1 5703178703797204937847267844968082554854964442242414891539943882853596883415/42121032872672060590955419027869041268738184870793595015263782699567608206376
20 7 6 7910202335299585073799855712146944377612657070849303462147072117916179232893/42121032872672060590955419027869041268738184870793595015263782699567608206376
20 7 11 6882518207930889173944850254780872743787278085528839427404095562481500394889/42121032872672060590955419027869041268738184870793595015263782699567608206376
20 7 16 1561025257161740951675675653057626504781151131529252079946473201183538477721/42121032872672060590955419027869041268738184870793595015263782699567608206376
20 7 19 10032054184241320226843884781457757543851067070321892577113098967566396608729/21060516436336030295477709513934520634369092435396797507631891349783804103188
20 8 2 6092788459736593072640269381633283964236197578973166552498301229866387114233/42121032872672060590955419027869041268738184870793595015263782699567608206376
20 8 4 5312966951268346439128028883167049311057987917557731607452919319231651586273/10530258218168015147738854756967260317184546217698398753815945674891902051594
20 8 5 5772893361699919681109243908102413586635865539646295257363653795811636049011/42121032872672060590955419027869041268738184870793595015263782699567608206376
20 8 18 1125435405770270260086723775683143309204271260242900846948768799620372337255/5265129109084007573869427378483630158592273108849199376907972837445951025797
20 9 2 2778382519982103913825719885541766019995516250587532633833786866918146911017/3510086072722671715912951585655753439061515405899466251271981891630634017198
20 9 5 1369751147289571008021607459669789721416148180009153857685426655587235185519/21060516436336030295477709513934520634369092435396797507631891349783804103188
20 9 15 3020470169153835804501782741014134792979846751862447846943743492687687451567/21060516436336030295477709513934520634369092435396797507631891349783804103188
20 10 0 20124674147509953568000192047497465263688314813922313119679201668524912835921/42121032872672060590955419027869041268738184870793595015263782699567608206376
20 10 14 15978428912768851732076444121167932715904672954453996381428328046690820757259/42121032872672060590955419027869041268738184870793595015263782699567608206376
20 10 16 501494151032771274239898571600303607428766425201440459513021082029322884433/3510086072722671715912951585655753439061515405899466251271981891630634017198
20 11 0 1600634096310335485343690984234754422174123236546596545994057243806273735501/21060516436336030295477709513934520634369092435396797507631891349783804103188
20 11 2 14109116349944968178976802288760016166546076135779368625720538282602024235597/42121032872672060590955419027869041268738184870793595015263782699567608206376
20 11 3 4547047186386527624240878044791106316093160130528978698673240148954109960821/42121032872672060590955419027869041268738184870793595015263782699567608206376
20 11 11 5065900285929973454262589181462102485437675532848013649720472445099731634739/10530258218168015147738854756967260317184546217698398753815945674891902051594
20 12 4 6935204106846842661784991698568117113638677597295413132252298881284158522017/21060516436336030295477709513934520634369092435396797507631891349783804103188
20 12 9 14125312329489187633692717815366403520730414838101384375379592468499645581171/21060516436336030295477709513934520634369092435396797507631891349783804103188
20 13 3 1889923161881589848598641154531015169427804070988570460020038420997477512148/5265129109084007573869427378483630158592273108849199376907972837445951025797
20 13 7 17332602263235184516629941073124068500057987274068238821631174112876639155721/42121032872672060590955419027869041268738184870793595015263782699567608206376
20 13 12 3223015104794719095178782906165617137752588342938930837824100406237049651157/14040344290890686863651806342623013756246061623597865005087927566522536068792
20 14 1 15574458236156919768498109231036004624411322996538372233416896790624435325211/21060516436336030295477709513934520634369092435396797507631891349783804103188
20 14 4 6379564593574022336445714986057874475868643234534945812779442210628907248457/42121032872672060590955419027869041268738184870793595015263782699567608206376
20 14 11 273590652223094784600334651904856675288525699325795187787683347314149198557/42121032872672060590955419027869041268738184870793595015263782699567608206376
20 14 12 1079740288640275983228287731958575217189592485964027386965715890093920277235/10530258218168015147738854756967260317184546217698398753815945674891902051594
20 15 2 5209536693406493747332925965305174037196239337293673563921471832669356126787/21060516436336030295477709513934520634369092435396797507631891349783804103188
20 15 4 395224262353050378471157962167432495768679527248991622612992175273142898129/21060516436336030295477709513934520634369092435396797507631891349783804103188
20 15 9 566808876058094932194426614514304068434069002553471395858233167757570329513/1755043036361335857956475792827876719530757702949733125635990945815317008599
20 15 10 2163512241969836745835126553072566320048836385053118892699657332187615281029/5265129109084007573869427378483630158592273108849199376907972837445951025797
20 16 0 4685614381986238495617126322302188306466748178644315862872411618248443909341/10530258218168015147738854756967260317184546217698398753815945674891902051594
20 16 5 2008457188899530226292219092982620427526590799190925708447219049543257516333/4680114763630228954550602114207671252082020541199288335029309188840845356264
20 16 8 5302460644631334571856941901816704195131874963498000187749164780684514922015/42121032872672060590955419027869041268738184870793595015263782699567608206376
20 17 6 3430547409875359585621533804808805574871288251918405775679356621570598093543/10530258218168015147738854756967260317184546217698398753815945674891902051594
20 17 8 7099710808292655562117320952158454742313257965779992978136589053321303958051/10530258218168015147738854756967260317184546217698398753815945674891902051594
20 18 1 1552268725409161205499644982101922943244784676462188343546762088059119468877/10530258218168015147738854756967260317184546217698398753815945674891902051594
20 18 5 5677436058177390907469385213687557384938985018707477360422486821664785716447/21060516436336030295477709513934520634369092435396797507631891349783804103188
20 18 8 4092847642446772325669678112014372454313512687921647820038626784000259816329/7020172145445343431825903171311506878123030811798932502543963783261268034396
20 19 1 6966799452844035471783165330685685622821399418407453726502146588161980375421/14040344290890686863651806342623013756246061623597865005087927566522536068792
20 19 4 3514439851333001439040144523856618429169422073681612149958195694475226347589/42121032872672060590955419027869041268738184870793595015263782699567608206376
20 19 5 4426548665701738184141444627988841492776141135472405421449786810151610183131/10530258218168015147738854756967260317184546217698398753815945674891902051594
20 20 3 4226130196491104145506354550497532305225906393261353982325019569444269737904/5265129109084007573869427378483630158592273108849199376907972837445951025797
20 20 5 1038998912592903428363072827986097853366366715587845394582953268001681287893/5265129109084007573869427378483630158592273108849199376907972837445951025797
21 0 4 5307096316241715392130348761113932814941363318716874255700790229222682012129/42121032872672060590955419027869041268738184870793595015263782699567608206376
21 0 12 36813936556430345198825070266755108453796821552076720759562992470344926194247/42121032872672060590955419027869041268738184870793595015263782699567608206376
21 1 7 24622153489190406411866366158681215937140102352005122338274138047718825652029/42121032872672060590955419027869041268738184870793595015263782699567608206376
21 1 11 1286663185172316542625638716586460756870557768231518122626923921294757822185/42121032872672060590955419027869041268738184870793595015263782699567608206376
21 1 20 1771363519808083212970118801101323292405392301765271138443428369868672876001/21060516436336030295477709513934520634369092435396797507631891349783804103188
21 1 23 1583686144836646401315397068799839748739592518378301534684482998852084872520/5265129109084007573869427378483630158592273108849199376907972837445951025797
21 2 4 1875869645949091394098399094586259251069717842872315458664255025401095308941/10530258218168015147738854756967260317184546217698398753815945674891902051594
21 2 9 79956202497536339743052448313565252916021113359843358073046610186731675097/585014345453778619318825264275958906510252567649911041878663648605105669533
21 2 17 37/54
21 3 3 2441672143809952123797739988353394672210560000404226615991440399253994727663/42121032872672060590955419027869041268738184870793595015263782699567608206376
21 3 7 34740606742905574096019748088435475521051716780066207919333917956612826407801/42121032872672060590955419027869041268738184870793595015263782699567608206376
21 3 23 205781416081522265464080456295007128144829503763465019997434347654199461288/1755043036361335857956475792827876719530757702949733125635990945815317008599
21 4 3 1286480785545105751223197120532210525830634770853078201857562617064521896659/7020172145445343431825903171311506878123030811798932502543963783261268034396
21 4 4 752882855575870298976838200158143211887116996949729578667144137282384181199/4680114763630228954550602114207671252082020541199288335029309188840845356264
21 4 11 8724895006945961904485625483457306354473443762232359225864672168923186295165/21060516436336030295477709513934520634369092435396797507631891349783804103188
21 4 19 1240966701631233830651633621990478216274355905984119375143264975876717389121/5265129109084007573869427378483630158592273108849199376907972837445951025797
21 4 21 248678832276798938640372560414050767628588500789886143238645616778907492333/42121032872672060590955419027869041268738184870793595015263782699567608206376
21 5 3 2107519246952675145215965841548090607128193191303156253948874836227870000961/10530258218168015147738854756967260317184546217698398753815945674891902051594
21 5 6 2773679615841117339053156428365376924564936791598090332715392497160780127658/5265129109084007573869427378483630158592273108849199376907972837445951025797
21 5 17 319486637725900591601841784298712873436275493688784648270698427149163532813/1170028690907557238637650528551917813020505135299822083757327297210211339066
21 6 3 4269695318803982947428963518315041177604722890522920577667706772192113726113/21060516436336030295477709513934520634369092435396797507631891349783804103188
21 6 16 6749756321438021950763539768535063466728646410483531262191292546950968607867/14040344290890686863651806342623013756246061623597865005087927566522536068792
21 6 17 13332373270750028843806872685633768513342799858297160073354491514330474930549/42121032872672060590955419027869041268738184870793595015263782699567608206376
21 7 8 3977690979492271712043473529611566339787994480326820971317585015390343315819/7020172145445343431825903171311506878123030811798932502543963783261268034396
21 7 15 11640756802278701528115530701698213777167669748180389852141604465144147322067/42121032872672060590955419027869041268738184870793595015263782699567608206376
21 7 16 723772900454893708117251220862226083985571489504708104613319818609881320521/14040344290890686863651806342623013756246061623597865005087927566522536068792
21 7 17 555351436509380958278411685739343900110729221517269377672088585781469628479/5265129109084007573869427378483630158592273108849199376907972837445951025797
21 8 9 2981411171785346218154260064353488466911761005520875212309893821416039312169/14040344290890686863651806342623013756246061623597865005087927566522536068792
21 8 12 24469635814439042794664317883747404909249328018990526128336164024651736627021/42121032872672060590955419027869041268738184870793595015263782699567608206376
21 8 13 1088395442859622392728540118882646369844196729405055406249742151333469205356/5265129109084007573869427378483630158592273108849199376907972837445951025797
21 9 4 2759592356606878890292522149863634173228899028679411503016187673633310314531/10530258218168015147738854756967260317184546217698398753815945674891902051594
21 9 5 294380530842981180302569431371820794929970114021910025346762765831562316654/585014345453778619318825264275958906510252567649911041878663648605105669533
21 9 6 510170947795832550459621040497799269282095489139978712475781916490265976237/3510086072722671715912951585655753439061515405899466251271981891630634017198
21 9 14 470651731499988680310609860458727013684949334602335328565341233409836054290/5265129109084007573869427378483630158592273108849199376907972837445951025797
21 10 10 21153987083472135300118680350648078297533133506093245027691409950540443937231/42121032872672060590955419027869041268738184870793595015263782699567608206376
21 10 11 1246918066747129143082435138625839697190607999714064866081240508385300986863/14040344290890686863651806342623013756246061623597865005087927566522536068792
21 10 16 4306572897239634465397358315335860969908306841389538847332162805967815327139/10530258218168015147738854756967260317184546217698398753815945674891902051594
21 11 0 1391169952759965412795099217274088710966979849157379912012008702619974781593/4680114763630228954550602114207671252082020541199288335029309188840845356264
21 11 2 6925386802668241419629794219964229379464799910954816452382195237592989266795/42121032872672060590955419027869041268738184870793595015263782699567608206376
21 11 5 684062807436127255968697407975517032469437670113658848505698370541767030891/42121032872672060590955419027869041268738184870793595015263782699567608206376
21 11 10 1398381389873613202385858566403300099323847183878793315216012974945689136844/5265129109084007573869427378483630158592273108849199376907972837445951025797
21 11 13 700275422511682195187986068795489201640598360843583299318029288696138465493/10530258218168015147738854756967260317184546217698398753815945674891902051594
21 11 15 8002900878692368800362221638054138856947957732904020787267589813503011917629/42121032872672060590955419027869041268738184870793595015263782699567608206376
21 12 0 4511409389324910479110270103220980493258920417891034458227351290427362796331/42121032872672060590955419027869041268738184870793595015263782699567608206376
21 12 13 37609623483347150111845148924648060775479264452902560557036431409140245410045/42121032872672060590955419027869041268738184870793595015263782699567608206376
21 13 1 1
21 14 2 2428847043923516237377242145053269199912343406503880059664237327186043060527/10530258218168015147738854756967260317184546217698398753815945674891902051594
21 14 4 3450908408156327267214736034659763198965301429320361365234988236974374478881/14040344290890686863651806342623013756246061623597865005087927566522536068792
21 14 6 995294167102181694139003396317323601199021201587527001991055610654958729085/2340057381815114477275301057103835626041010270599644167514654594420422678132
21 14 11 4137624464669743345300181209964850050610525328241504645062867688111055404095/42121032872672060590955419027869041268738184870793595015263782699567608206376
21 15 3 9989126966967972073273758687382818169553661381456636082338150970704732818707/21060516436336030295477709513934520634369092435396797507631891349783804103188
21 15 8 564553815204840843240447077723948216968455464243926679795664497700826709701/7020172145445343431825903171311506878123030811798932502543963783261268034396
21 15 9 4688864011876767846241304796689928906955032330604190692953373442988295577689/10530258218168015147738854756967260317184546217698398753815945674891902051594
21 16 0 17035314707599137971515824752586048249280935395537746891848295706879033073065/42121032872672060590955419027869041268738184870793595015263782699567608206376
21 16 9 25085718165072922619439594275282993019457249475255848123415486992688575133311/42121032872672060590955419027869041268738184870793595015263782699567608206376
21 17 1 653359400320211156384524249186008792986839315636596664295508699187263252400/5265129109084007573869427378483630158592273108849199376907972837445951025797
21 17 2 7073300905815916454237545405859705707118746792980308267064976308796624490797/10530258218168015147738854756967260317184546217698398753815945674891902051594
21 17 6 716746170570558793577420284245179008030706931148299052719983989240250351999/3510086072722671715912951585655753439061515405899466251271981891630634017198
21 18 0 3502643398266666646217486388675217592586409575691407766000899495654232038503/4680114763630228954550602114207671252082020541199288335029309188840845356264
21 18 5 4144242712738334397667944691865569772314903654547077991531023935330403233559/21060516436336030295477709513934520634369092435396797507631891349783804103188
21 18 6 2308756862795391979662152146060943390830691380476769138193639368018713392731/42121032872672060590955419027869041268738184870793595015263782699567608206376
21 19 2 7382555447913547609712117515564608535195489016099409903151460641731707989231/14040344290890686863651806342623013756246061623597865005087927566522536068792
21 19 3 6657788842977139253939688827058405221050572607498455101936466924790828079561/14040344290890686863651806342623013756246061623597865005087927566522536068792
21 20 1 5339001059474285532619969233958390557192781726345409317547391321557903446681/14040344290890686863651806342623013756246061623597865005087927566522536068792
21 20 4 8701343231416401331031837108664623199053279897252455687540536244964632622111/14040344290890686863651806342623013756246061623597865005087927566522536068792
21 21 0 124216724100239836123827638413264094887938926676827418046800910412043849127/3510086072722671715912951585655753439061515405899466251271981891630634017198
21 21 1 3716733691710008575333776247077671328964383182267203186483405448979358874165/42121032872672060590955419027869041268738184870793595015263782699567608206376
21 21 5 36913698491759173982135711119832200801118534568404462812218766325643723142687/42121032872672060590955419027869041268738184870793595015263782699567608206376
22 0 14 4268786032558848112821644261196553907540481894253755160335116595417120883715/14040344290890686863651806342623013756246061623597865005087927566522536068792
22 0 16 7904344845220932619519499097047675866792441270419171311060557419531308567945/42121032872672060590955419027869041268738184870793595015263782699567608206376
22 0 20 6385577660559457601746463075472597162947803404215295275336382351325760309015/21060516436336030295477709513934520634369092435396797507631891349783804103188
22 0 23 359965608693986184561585874845271223059528796215940319688546282963892348719/1755043036361335857956475792827876719530757702949733125635990945815317008599
22 1 2 471314942502410117591369976457229272199294397724524986939345326861034069947/10530258218168015147738854756967260317184546217698398753815945674891902051594
22 1 12 16141574792309685944586929196200637355364692962385517436574618185958641743005/42121032872672060590955419027869041268738184870793595015263782699567608206376
22 1 19 6705436438833796843085833819825879623407784064674539039833149377480143638857/21060516436336030295477709513934520634369092435396797507631891349783804103188
22 1 21 3561108477561713496610447428729242525920248729386966517088494817068180968623/14040344290890686863651806342623013756246061623597865005087927566522536068792
22 2 2 4571925110634063914104931776822893374567680172700826396370777899496787401147/42121032872672060590955419027869041268738184870793595015263782699567608206376
22 2 5 11154221093019637137704626963432220676967472158139923016468475625757631868565/42121032872672060590955419027869041268738184870793595015263782699567608206376
22 2 8 2291059714282758172599184735396363218362263209101350376260838885907315488425/10530258218168015147738854756967260317184546217698398753815945674891902051594
22 2 10 3535456619796325405060063291309875241512872493683764961061910783045177783781/21060516436336030295477709513934520634369092435396797507631891349783804103188
22 2 16 1693289095382446006438165793901453976788039119363319029209558677432261902567/7020172145445343431825903171311506878123030811798932502543963783261268034396
22 3 6 4609473042660958107413259509350189675358896398018902645070333913853616210929/21060516436336030295477709513934520634369092435396797507631891349783804103188
22 3 8 7968391484920716566243928666957027089815198799672469623624372226259292186797/42121032872672060590955419027869041268738184870793595015263782699567608206376
22 3 12 2789904074522380612879268460547503971886236252418678356433827371772851296913/42121032872672060590955419027869041268738184870793595015263782699567608206376
22 3 19 2817411962453911471935400424968502043022862664703278639544440154759349069941/14040344290890686863651806342623013756246061623597865005087927566522536068792
22 3 21 4563851780181770927066500535586208242416789676184935275477198269850061696995/14040344290890686863651806342623013756246061623597865005087927566522536068792
22 4 7 2789295913288727188117876711229670513966903398980593602102586644414195397391/4680114763630228954550602114207671252082020541199288335029309188840845356264
22 4 14 4585832622260479380560485097030472195612116216827061089968686109151720662547/21060516436336030295477709513934520634369092435396797507631891349783804103188
22 4 19 7845704408552557136773558432741062251811821846314130416403130681536408304763/42121032872672060590955419027869041268738184870793595015263782699567608206376
22 5 9 3797535249493142590905802102764068172280565349701507543025171429544074928237/7020172145445343431825903171311506878123030811798932502543963783261268034396
22 5 16 4452769259845185573496279943969577264813799904460317374657114083333969144617/10530258218168015147738854756967260317184546217698398753815945674891902051594
22 5 19 762372168166231375767743317703161587899796577371640129242148894483641029243/21060516436336030295477709513934520634369092435396797507631891349783804103188
22 6 8 1264368353009643055595094237304604274603564866140841876372296726872316955701/4680114763630228954550602114207671252082020541199288335029309188840845356264
22 6 12 3415746410620585898955507876903066977478455675058446458657012461968528400563/4680114763630228954550602114207671252082020541199288335029309188840845356264
22 7 2 21992428930619534163045923164351243536766444978164324472931981307568696207979/42121032872672060590955419027869041268738184870793595015263782699567608206376
22 7 11 20128603942052526427909495863517797731971739892629270542331801391998911998397/42121032872672060590955419027869041268738184870793595015263782699567608206376
22 8 0 7921466789087292312058340258260164098727232943848405939833892336337693692439/21060516436336030295477709513934520634369092435396797507631891349783804103188
22 8 3 3036774628111074056509137469106991450457885690573788468888057679625191706407/42121032872672060590955419027869041268738184870793595015263782699567608206376
22 8 7 23241324666386401910329601042241721620825833292522994666707940347267029115091/42121032872672060590955419027869041268738184870793595015263782699567608206376
22 9 4 8553364021177619890173130935080025286231792550552949641452332480109700536573/21060516436336030295477709513934520634369092435396797507631891349783804103188
22 9 8 5624237793915038371396105264583725286592429973870538687725427088978747046903/10530258218168015147738854756967260317184546217698398753815945674891902051594
22 9 11 1595568034591250248797226241086103176750165052141136388739928046113478912669/42121032872672060590955419027869041268738184870793595015263782699567608206376
22 9 15 921785620065417076227509858287986373154714822064404592717481337319740032949/42121032872672060590955419027869041268738184870793595015263782699567608206376
22 10 1 454900936943146998256425459457890753519476238878866362164229743557322013671/1755043036361335857956475792827876719530757702949733125635990945815317008599
22 10 5 8572119473913122229959370008870524011000800514801743552163526072624652840641/21060516436336030295477709513934520634369092435396797507631891349783804103188
22 10 14 7029585719105144086441233991569307581134577054048657609497608354471287098495/21060516436336030295477709513934520634369092435396797507631891349783804103188
22 11 0 1451097658543794367584142044390736622065758359054524890990684843512318635067/42121032872672060590955419027869041268738184870793595015263782699567608206376
22 11 10 4983046978541745297648954612908519391310352346580620310733021757654931380689/42121032872672060590955419027869041268738184870793595015263782699567608206376
22 11 13 8921722058896630231430580592642446313840518541289612453385019024600089547655/10530258218168015147738854756967260317184546217698398753815945674891902051594
22 12 5 4950656944917326426205467442932430226758403095542322287272558933281312361951/21060516436336030295477709513934520634369092435396797507631891349783804103188
22 12 7 3567504158482950192387971102124697285911624025500354974446647353286753594595/14040344290890686863651806342623013756246061623597865005087927566522536068792
22 12 8 418736397685019931445176799246990125338723362933113797356468311535362253708/5265129109084007573869427378483630158592273108849199376907972837445951025797
22 12 10 18167315325908397709819156441654167954776719699742975138526976280861824669025/42121032872672060590955419027869041268738184870793595015263782699567608206376
22 13 0 1266530384201987667603518276184595598039955889339458492420278588034279337189/42121032872672060590955419027869041268738184870793595015263782699567608206376
22 13 2 6768771175857719164092509372866745729375487982042420085200673369608777368391/21060516436336030295477709513934520634369092435396797507631891349783804103188
22 13 3 577472853512966280628906059347140834929155007378238132085329117551737416708/1755043036361335857956475792827876719530757702949733125635990945815317008599
22 13 12 4485870550814481286691045527206524724549177613430527060798086183691358710471/14040344290890686863651806342623013756246061623597865005087927566522536068792
22 14 3 2100192021608812665570204209384183732296876779523473649999600645007503746247/2340057381815114477275301057103835626041010270599644167514654594420422678132
22 14 10 239865360206301811705096847719651893744133491076170517515053949412918931885/2340057381815114477275301057103835626041010270599644167514654594420422678132
22 15 0 12566925793937551930718893588563317334610946757294920134851989891786199480943/42121032872672060590955419027869041268738184870793595015263782699567608206376
22 15 1 20467216513245892631031672652448979956154712336471254870445373193910225781153/42121032872672060590955419027869041268738184870793595015263782699567608206376
22 15 4 6402035428792070032852419038263083565460857973389004330900412273328883663291/42121032872672060590955419027869041268738184870793595015263782699567608206376
22 15 10 2684855136696545996352433748593660412511667803638415679066007340542299280989/42121032872672060590955419027869041268738184870793595015263782699567608206376
22 16 5 6369035647161047516847498546036464763642894662644548711872709203737444763129/42121032872672060590955419027869041268738184870793595015263782699567608206376
22 16 9 5969110896320691935439021177516396463166461301632866574357794620714348362591/21060516436336030295477709513934520634369092435396797507631891349783804103188
22 16 10 23813775432869629203229878126799783578762367604883313154675484254401466718065/42121032872672060590955419027869041268738184870793595015263782699567608206376
22 17 5 2110264136366762061600510089208572130359344308591472604414247168398462563459/4680114763630228954550602114207671252082020541199288335029309188840845356264
22 17 6 9430871248229728756238546833272824080887165225578962360017593652668919857863/21060516436336030295477709513934520634369092435396797507631891349783804103188
22 17 9 4266913148911744524073734558446243933729755642312416855500370878643605419519/42121032872672060590955419027869041268738184870793595015263782699567608206376
22 18 1 10931808020149082858977892692886621277269503471791465549006117904840755523049/21060516436336030295477709513934520634369092435396797507631891349783804103188
22 18 3 13616882183062901076026993144932473022331742628017195738753488414166586924327/42121032872672060590955419027869041268738184870793595015263782699567608206376
22 18 5 6640534649310993796972640497163325691867435299193468178498058475719510235951/42121032872672060590955419027869041268738184870793595015263782699567608206376
22 19 6 1
22 20 0 39074234039595515728235797287456091029059181224603609627508899836604495505883/42121032872672060590955419027869041268738184870793595015263782699567608206376
22 20 1 3046798833076544862719621740412950239679003646189985387754882862963112700493/42121032872672060590955419027869041268738184870793595015263782699567608206376
22 21 1 1738308447649662893549717613436314743298769432331545122160704015085262811014/5265129109084007573869427378483630158592273108849199376907972837445951025797
22 21 2 3526820661434344680319709765047315415293503676517654254747268822360688214783/5265129109084007573869427378483630158592273108849199376907972837445951025797
22 22 4 1
23 0 8 3604165526884751156291967377073171662967614866436260600065832307840110713161/21060516436336030295477709513934520634369092435396797507631891349783804103188
23 0 15 15036338702097134649076572913018155078676108614141904525795277627152518624299/21060516436336030295477709513934520634369092435396797507631891349783804103188
23 0 21 605003051838536122527292305960798473181342238704658095442695353697793691432/5265129109084007573869427378483630158592273108849199376907972837445951025797
23 1 8 19653938816184221569193651811693441329955544603660833066083549283752220537493/42121032872672060590955419027869041268738184870793595015263782699567608206376
23 1 12 71173520248073327720859112291913149365835785389593899371342486317438545487/390009563635852412879216842850639271006835045099940694585775765736737113022
23 1 13 14780353869695919627908983088648979807272375445056620817075244893532024756287/42121032872672060590955419027869041268738184870793595015263782699567608206376
23 2 3 1815122637691896989891242028023256962023308021041091118617698019719494954257/7020172145445343431825903171311506878123030811798932502543963783261268034396
23 2 6 4419915416025178315122689162776131276026958656276620790015577641481710680549/42121032872672060590955419027869041268738184870793595015263782699567608206376
23 2 8 2816226553551148589335685475202785303238392570923218141315635804489008665471/14040344290890686863651806342623013756246061623597865005087927566522536068792
23 2 9 7059748673384847472390643927414825482026697589352745223884733409574062974741/42121032872672060590955419027869041268738184870793595015263782699567608206376
23 2 18 3767317765485735698695859114643395609609834262049342621903458705575946276377/14040344290890686863651806342623013756246061623597865005087927566522536068792
23 3 5 9513237288038673638132677149108067051822861705119623816720717271982905409543/42121032872672060590955419027869041268738184870793595015263782699567608206376
23 3 16 32607795584633386952822741878760974216915323165673971198543065427584702796833/42121032872672060590955419027869041268738184870793595015263782699567608206376
23 4 12 23189924818288698429471957613324434816235726245229275367574482147835667992621/42121032872672060590955419027869041268738184870793595015263782699567608206376
23 4 14 18931108054383362161483461414544606452502458625564319647689300551731940213755/42121032872672060590955419027869041268738184870793595015263782699567608206376
23 5 3 347722912607642768251160277212191424693152723898141202078044785587068042693/3510086072722671715912951585655753439061515405899466251271981891630634017198
23 5 15 3162363160115028947661791308443562014368362682001325049193937106043565974505/3510086072722671715912951585655753439061515405899466251271981891630634017198
23 6 4 14946875564583075629323088463617922042766022716607171704526603516728990828177/21060516436336030295477709513934520634369092435396797507631891349783804103188
23 6 6 1008545528906731135404040765297572710467663618384306896902135401496709580402/5265129109084007573869427378483630158592273108849199376907972837445951025797
23 6 9 2079458756126030124538457989126307749732415245252398215496746227067974953403/21060516436336030295477709513934520634369092435396797507631891349783804103188
23 7 1 4976255194394379699809708456510386739877845845327975715072722576274419171375/10530258218168015147738854756967260317184546217698398753815945674891902051594
23 7 5 174863567377658387143062258298682397112285042547114390306353325926517111984/5265129109084007573869427378483630158592273108849199376907972837445951025797
23 7 6 5204275889018318673643021783859508783082130287276194258130516446764448656251/10530258218168015147738854756967260317184546217698398753815945674891902051594
23 8 10 3851503667762854069888844775096093172784761535222476387120113828130710343366/5265129109084007573869427378483630158592273108849199376907972837445951025797
23 8 11 1413625441321153503980582603387536985807511573626722989787859009315240682431/5265129109084007573869427378483630158592273108849199376907972837445951025797
23 9 3 457661619435220793928716609856422488383179880542842931028954639591289999877/4680114763630228954550602114207671252082020541199288335029309188840845356264
23 9 7 11420752353217171023210316120802000827266908952164683001315407788938734300099/42121032872672060590955419027869041268738184870793595015263782699567608206376
23 9 11 24071486745702699153263693410667251948035133508624922126088222569255946724945/42121032872672060590955419027869041268738184870793595015263782699567608206376
23 9 14 92957007364266787745294815099703188814352721671051981799983725372271006757/1560038254543409651516867371402557084027340180399762778343103062946948452088
23 10 3 30037600350979139904958912104306547878173827062551311600423544755633394954249/42121032872672060590955419027869041268738184870793595015263782699567608206376
23 10 14 12083432521692920685996506923562493390564357808242283414840237943934213252127/42121032872672060590955419027869041268738184870793595015263782699567608206376
23 11 1 268181182396797828309088583873348876783609831704982213865390336128300605807/2340057381815114477275301057103835626041010270599644167514654594420422678132
23 11 7 6138353635298425902305484748338322142837467392648345985882628332500557729161/21060516436336030295477709513934520634369092435396797507631891349783804103188
23 11 14 3127133039866605984597606877684014650119784139350902899240187498032135230441/5265129109084007573869427378483630158592273108849199376907972837445951025797
23 12 3 142730640714197087765151118788564140005948571998043063651818872192849799834/5265129109084007573869427378483630158592273108849199376907972837445951025797
23 12 4 678147245266777468420861204781419232096336679524546779410320954905274684287/4680114763630228954550602114207671252082020541199288335029309188840845356264
23 12 5 3994303525674007709252690943789945427060501387290930177506327222722695560119/42121032872672060590955419027869041268738184870793595015263782699567608206376
23 12 11 5146926502313913160632294715122968272127177465299566552308335984192440348167/7020172145445343431825903171311506878123030811798932502543963783261268034396
23 13 9 40751848023198906457563827215911058070663026171640575562497438201553488251857/42121032872672060590955419027869041268738184870793595015263782699567608206376
23 13 10 1369184849473154133391591811957983198075158699153019452766344498014119954519/42121032872672060590955419027869041268738184870793595015263782699567608206376
23 14 5 1507449045212240752357188541666503025449364386861399788276911419766408025497/3510086072722671715912951585655753439061515405899466251271981891630634017198
23 14 12 2002637027510430963555763043989250413612151019038066462995070471864225991701/3510086072722671715912951585655753439061515405899466251271981891630634017198
23 15 2 15850979742929536548144783548629346597172853098103123943710419517114447976401/21060516436336030295477709513934520634369092435396797507631891349783804103188
23 15 7 5209536693406493747332925965305174037196239337293673563921471832669356126787/21060516436336030295477709513934520634369092435396797507631891349783804103188
23 16 1 37625534952007172815750508414871544327878780895291672517198677701554985735215/42121032872672060590955419027869041268738184870793595015263782699567608206376
23 16 9 1697344938520217873067727522648242567174889623629900298666630609490855577239/42121032872672060590955419027869041268738184870793595015263782699567608206376
23 16 10 466358830357444983689530515058209062280752391978670366566412398086961148987/7020172145445343431825903171311506878123030811798932502543963783261268034396
23 17 2 1598770415232985148032193447405825164617423980313336285628011456222161591059/14040344290890686863651806342623013756246061623597865005087927566522536068792
23 17 4 12441573875657701715619612895217188591628637643284528719459916110300374477733/14040344290890686863651806342623013756246061623597865005087927566522536068792
23 18 5 2915767919758817292149790120037851506787518804053466534061546860339592970235/42121032872672060590955419027869041268738184870793595015263782699567608206376
23 18 7 39205264952913243298805628907831189761950666066740128481202235839228015236141/42121032872672060590955419027869041268738184870793595015263782699567608206376
23 19 0 3259649530045897082121260453921700523332464070412144574536467525268283956357/21060516436336030295477709513934520634369092435396797507631891349783804103188
23 19 3 621494200150842142906847644672886940246646466725851807595900677226104045545/2340057381815114477275301057103835626041010270599644167514654594420422678132
23 19 5 6103709552466276963597410128978418824408405082225993332366158864740291868463/10530258218168015147738854756967260317184546217698398753815945674891902051594
23 20 5 2104618112484109062589754992543606411549985144460597430892665381574212907009/42121032872672060590955419027869041268738184870793595015263782699567608206376
23 20 6 40016414760187951528365664035325434857188199726332997584371117317993395299367/42121032872672060590955419027869041268738184870793595015263782699567608206376
23 21 0 31157051921858859494215589322582229388948337639297999660204532798023104283481/42121032872672060590955419027869041268738184870793595015263782699567608206376
23 21 1 10963980950813201096739829705286811879789847231495595355059249901544503922895/42121032872672060590955419027869041268738184870793595015263782699567608206376
23 22 2 12274509077327408360302206338814671420362336780547531279273656851870398840719/14040344290890686863651806342623013756246061623597865005087927566522536068792
23 22 3 1765835213563278503349600003808342335883724843050333725814270714652137228073/14040344290890686863651806342623013756246061623597865005087927566522536068792
23 23 0 35645446981589599962834656225494552513671722698666561772848376109946905051941/42121032872672060590955419027869041268738184870793595015263782699567608206376
23 23 3 6475585891082460628120762802374488755066462172127033242415406589620703154435/42121032872672060590955419027869041268738184870793595015263782699567608206376
24 0 11 3331776589701875841491326410379658014858645168824081536835427304883360496085/5265129109084007573869427378483630158592273108849199376907972837445951025797
24 0 21 1933352519382131732378100968103972143733627940025117840072545532562590529712/5265129109084007573869427378483630158592273108849199376907972837445951025797
24 1 5 8627895802059907430650729370612691707806162224089084508697930950544748230879/14040344290890686863651806342623013756246061623597865005087927566522536068792
24 1 10 320951136977293829198598050441190332362084678964264514367015520486126975621/10530258218168015147738854756967260317184546217698398753815945674891902051594
24 1 17 1243455512901337287025833710979519603232209825794361188620647278709498261010/5265129109084007573869427378483630158592273108849199376907972837445951025797
24 1 22 5005896815372464686002169026430047990013680876314393922736749536312869523175/42121032872672060590955419027869041268738184870793595015263782699567608206376
24 2 10 17525059816539704890417646222624645392856219941713032546569980566738626319407/21060516436336030295477709513934520634369092435396797507631891349783804103188
24 2 14 3535456619796325405060063291309875241512872493683764961061910783045177783781/21060516436336030295477709513934520634369092435396797507631891349783804103188
24 3 6 7512686352789524711192097061866999733532845326555925322508701045157525218815/42121032872672060590955419027869041268738184870793595015263782699567608206376
24 3 14 26192477336285391913002372351097377545943136501614882536542014630223064602361/42121032872672060590955419027869041268738184870793595015263782699567608206376
24 3 15 350661215983214331948372900621027666219258460109282798175544459341125766050/1755043036361335857956475792827876719530757702949733125635990945815317008599
24 4 5 546024338325768768759584146670279588338295892778858103621635648009768150831/1755043036361335857956475792827876719530757702949733125635990945815317008599
24 4 6 9284713610432260375332347713154198012029716584771000954663415067293472492975/42121032872672060590955419027869041268738184870793595015263782699567608206376
24 4 9 2103109182000198093332913293417035555082513777597101753702842428466150738859/7020172145445343431825903171311506878123030811798932502543963783261268034396
24 4 17 7113080050420161205395572034125919806094284193747389051464057509242795660303/42121032872672060590955419027869041268738184870793595015263782699567608206376
24 5 8 15566261173344947658651900941562027047588019392876578830306367990540764297731/42121032872672060590955419027869041268738184870793595015263782699567608206376
24 5 11 26554771699327112932303518086307014221150165477917016184957414709026843908645/42121032872672060590955419027869041268738184870793595015263782699567608206376
24 6 10 5238514753181262223589771722423039381498075834679063393338343440959994849891/42121032872672060590955419027869041268738184870793595015263782699567608206376
24 6 11 3504401320193028954912646821584553291564589872395697148745311742072392613135/7020172145445343431825903171311506878123030811798932502543963783261268034396
24 6 14 15856110198332624637889766375938682137852569801740348729453568806173257677675/42121032872672060590955419027869041268738184870793595015263782699567608206376
24 7 5 5604320499590100148736803277755120214449395358107787695646599261373298110709/21060516436336030295477709513934520634369092435396797507631891349783804103188
24 7 9 2161220045998058029447666220946977153708253416763274090721372719077255854783/21060516436336030295477709513934520634369092435396797507631891349783804103188
24 7 10 6081132530776323890123003098079261595028515151748516074684464631412136061379/21060516436336030295477709513934520634369092435396797507631891349783804103188
24 7 14 267179383702649934339638404339005987821589944769526653577016842145226447271/780019127271704825758433685701278542013670090199881389171551531473474226044
24 8 2 250889450659064600115552816368745558681237433151910829808836879539014562817/4680114763630228954550602114207671252082020541199288335029309188840845356264
24 8 7 9061203496356943476876202805450396406223082384359237691285077517712615453535/21060516436336030295477709513934520634369092435396797507631891349783804103188
24 8 8 21740620824026592236163038069649538428160883203707922164414095748291246233953/42121032872672060590955419027869041268738184870793595015263782699567608206376
24 9 13 16972974316900818339521500246840532152479387402594223138778097847252055425193/21060516436336030295477709513934520634369092435396797507631891349783804103188
24 9 14 4087542119435211955956209267093988481889705032802574368853793502531748677995/21060516436336030295477709513934520634369092435396797507631891349783804103188
24 10 6 914337053910467782202800837221146078732707484997025910830907772020133105685/4680114763630228954550602114207671252082020541199288335029309188840845356264
24 10 9 3765777709719761172347801276986525173349313056202262424198401416820712250579/4680114763630228954550602114207671252082020541199288335029309188840845356264
24 11 0 23948135685741113782705496300589770286963025254365179124918826225854650505/3510086072722671715912951585655753439061515405899466251271981891630634017198
24 11 4 2665013471919927467630343211348036313205511515192294844395799008054771423806/5265129109084007573869427378483630158592273108849199376907972837445951025797
24 11 7 5128386867270936871130051845369418379912634111550713527649591180104795252467/10530258218168015147738854756967260317184546217698398753815945674891902051594
24 12 1 773467221763861698449101257246500975546816011855900338331085089341139834259/42121032872672060590955419027869041268738184870793595015263782699567608206376
24 12 10 3721483936846912015496238524218924796820976872996986340851269060683281026679/14040344290890686863651806342623013756246061623597865005087927566522536068792
24 12 12 3772889230045932855752200274745720737841054779993341956797361303522078161510/5265129109084007573869427378483630158592273108849199376907972837445951025797
24 13 2 14291745260478311131385200141067774904993604453354377422431217980175026734797/21060516436336030295477709513934520634369092435396797507631891349783804103188
24 13 13 6768771175857719164092509372866745729375487982042420085200673369608777368391/21060516436336030295477709513934520634369092435396797507631891349783804103188
24 14 0 786600456600480866176890586762531107395491744284337819971024766834678466015/7020172145445343431825903171311506878123030811798932502543963783261268034396
24 14 2 688995659901122224459419499663053556798792837369520332247880127804994763673/42121032872672060590955419027869041268738184870793595015263782699567608206376
24 14 5 772015696952106216275932398424547815013621622644300939426176631553669289271/4680114763630228954550602114207671252082020541199288335029309188840845356264
24 14 6 7809045168515748814478301928110701042738089248853455235725101930186606963237/14040344290890686863651806342623013756246061623597865005087927566522536068792
24 14 7 2850928868331569965543362947487953574594335729781944520723300004497035632915/21060516436336030295477709513934520634369092435396797507631891349783804103188
24 14 11 211766652796236949476544247500620151680302585931694853244086162405875629211/14040344290890686863651806342623013756246061623597865005087927566522536068792
24 15 1 2596584719408006398970087261178632030695132300047542762809579105891329167857/42121032872672060590955419027869041268738184870793595015263782699567608206376
24 15 5 10649628076607678967102103599613608437004265464551391526829448171753014184491/42121032872672060590955419027869041268738184870793595015263782699567608206376
24 15 8 11941655324056216316000933622790053867703236012392162458843037347626288969203/21060516436336030295477709513934520634369092435396797507631891349783804103188
24 15 9 2495754714271971296440680460748346532816157540705167903969340363335343457811/21060516436336030295477709513934520634369092435396797507631891349783804103188
24 16 2 3685147134381178774483318419743553222509670907537283203748589998603176391593/14040344290890686863651806342623013756246061623597865005087927566522536068792
24 16 7 10355197156509508089168487922879460533736390716060581801339337567919359677199/14040344290890686863651806342623013756246061623597865005087927566522536068792
24 17 1 663005417721661919932944905228502507482489138842711276272249286484551651439/1755043036361335857956475792827876719530757702949733125635990945815317008599
24 17 3 7137530533884406356156053653389168531768724532542838509281921818423961266221/14040344290890686863651806342623013756246061623597865005087927566522536068792
24 17 4 1598770415232985148032193447405825164617423980313336285628011456222161591059/14040344290890686863651806342623013756246061623597865005087927566522536068792
24 18 0 1177471365363562308333115725532453659495610965507880569028409693186613317761/4680114763630228954550602114207671252082020541199288335029309188840845356264
24 18 4 7616818976309562565492992006705396196124133973040853733711833097384145363179/21060516436336030295477709513934520634369092435396797507631891349783804103188
24 18 7 1038470804637774287461698542732542034845124016921412200178917615803911937947/42121032872672060590955419027869041268738184870793595015263782699567608206376
24 18 8 2541946971190516732918282490322270651030715703036591704400918608385980947037/7020172145445343431825903171311506878123030811798932502543963783261268034396
24 19 0 17800866906290133213356449060012820111036628364984652933095423824515520146831/21060516436336030295477709513934520634369092435396797507631891349783804103188
24 19 1 424700757540525317285963706556116484913532685758979553958996821720208133481/3510086072722671715912951585655753439061515405899466251271981891630634017198
24 19 2 711444984802745178405478214585001613851267955858267250782486594947035155471/21060516436336030295477709513934520634369092435396797507631891349783804103188
24 20 1 2882153857646582391296986198197614919685104505695922709358340733991348145730/5265129109084007573869427378483630158592273108849199376907972837445951025797
24 20 3 1038998912592903428363072827986097853366366715587845394582953268001681287893/5265129109084007573869427378483630158592273108849199376907972837445951025797
24 20 5 8647192598272064971085191825855732672776429956062852752840765302049159830383/42121032872672060590955419027869041268738184870793595015263782699567608206376
24 20 6 2104618112484109062589754992543606411549985144460597430892665381574212907009/42121032872672060590955419027869041268738184870793595015263782699567608206376
24 21 0 2227998867033258271597747666758485795393094375148895499423192699664657292945/21060516436336030295477709513934520634369092435396797507631891349783804103188
24 21 3 2573217639655971439558732542039330952356959289467502957079439843710766358157/42121032872672060590955419027869041268738184870793595015263782699567608206376
24 21 4 35091817498949572608201191152312738725595036831028301059337957456527527262329/42121032872672060590955419027869041268738184870793595015263782699567608206376
24 22 0 2772984815073277595451658023136654509914003648253217362135407869191339993089/10530258218168015147738854756967260317184546217698398753815945674891902051594
24 22 3 7757273403094737552287196733830605807270542569445181391680537805700562058505/10530258218168015147738854756967260317184546217698398753815945674891902051594
24 23 1 1208585523103181492112882537106741114794781371699363586865113136706895114502/1755043036361335857956475792827876719530757702949733125635990945815317008599
24 23 3 546457513258154365843593255721135604735976331250369538770877809108421894097/1755043036361335857956475792827876719530757702949733125635990945815317008599
24 24 0 3229327003194446745053208215553906813849067769326358544884107934958970946135/14040344290890686863651806342623013756246061623597865005087927566522536068792
24 24 2 10811017287696240118598598127069106942396993854271506460203819631563565122657/14040344290890686863651806342623013756246061623597865005087927566522536068792
25 0 8 24568644990717624637919569429143720942915320438124487238490184472718366844517/42121032872672060590955419027869041268738184870793595015263782699567608206376
25 0 13 8293294840126038185371813512391800853692534495163146995830990803611302459397/21060516436336030295477709513934520634369092435396797507631891349783804103188
25 0 20 321932733900786527430740857980572872812598480780937928370538873208878814355/14040344290890686863651806342623013756246061623597865005087927566522536068792
25 1 8 8779833289565398839936182739423383238109100574509949898984179768105592794611/42121032872672060590955419027869041268738184870793595015263782699567608206376
25 1 9 237029269060431817916320687449815033933274160639117675785807689911828541212/5265129109084007573869427378483630158592273108849199376907972837445951025797
25 1 10 474722559995821529580624318056004210323206781127053896727295434550899361569/3510086072722671715912951585655753439061515405899466251271981891630634017198
25 1 13 13852402563888447835469103794616520632848970196120891731717636375573144773005/42121032872672060590955419027869041268738184870793595015263782699567608206376
25 1 14 11034219539681481434376367243918014981012592521319091027561643196704716504705/42121032872672060590955419027869041268738184870793595015263782699567608206376
25 1 17 861672607103419582875707933640551621422846920206074189986316625278733465531/42121032872672060590955419027869041268738184870793595015263782699567608206376
25 2 6 1236977186320890046724093713779280574553216669211159957797889433189135101267/42121032872672060590955419027869041268738184870793595015263782699567608206376
25 2 11 775998964226550441824583852236356382001188354049577693718397081838107675587/14040344290890686863651806342623013756246061623597865005087927566522536068792
25 2 12 576205625529712836610954691838366507449714081578629740179364866842549281399/42121032872672060590955419027869041268738184870793595015263782699567608206376
25 2 15 10823935391436871628483872987527293481535503459178850465137930414168915859513/21060516436336030295477709513934520634369092435396797507631891349783804103188
25 2 18 16331982385268063125178873090487738077660682139497371305855476325683769077923/42121032872672060590955419027869041268738184870793595015263782699567608206376
25 3 9 14740584067751692150079714271229349082601810187215512711019289922204368309453/42121032872672060590955419027869041268738184870793595015263782699567608206376
25 3 13 717526287740454336347101583827950317615432496797922556244511093824863793299/1170028690907557238637650528551917813020505135299822083757327297210211339066
25 3 15 1549502446264012332380047738833480751980804798852870279442093399668143338159/42121032872672060590955419027869041268738184870793595015263782699567608206376
25 4 10 1378250375508983580179258493032703572913552528135839210373634731286757060785/2340057381815114477275301057103835626041010270599644167514654594420422678132
25 4 12 961807006306130897096042564071132053127457742463804957141019863133665617347/2340057381815114477275301057103835626041010270599644167514654594420422678132
25 5 4 3944545574149962184632030593627879254593157618135375127574018223787881880447/14040344290890686863651806342623013756246061623597865005087927566522536068792
25 5 10 28863385126397728093694759241857487553162937986014424333595249997445395949609/42121032872672060590955419027869041268738184870793595015263782699567608206376
25 5 16 712005511912222971682284002563957975897887015186522649473239015379283307713/21060516436336030295477709513934520634369092435396797507631891349783804103188
25 6 2 1809567813268400331030222364388945830804332249301077605849661168897958996157/21060516436336030295477709513934520634369092435396797507631891349783804103188
25 6 5 21311361746441260614442404539917200739832046888615833147866078034187487131701/42121032872672060590955419027869041268738184870793595015263782699567608206376
25 6 13 5730178499897999771484189919724649622432491161191868885232794109194734360787/14040344290890686863651806342623013756246061623597865005087927566522536068792
25 7 7 8870074047989577463226276972990698108604152951277360599296743655487740876455/14040344290890686863651806342623013756246061623597865005087927566522536068792
25 7 12 5170270242901109400425529369632315647641908672320504405791183911034795192337/14040344290890686863651806342623013756246061623597865005087927566522536068792
25 8 8 13328991492618988249289908104271606254521226381098725081892768199036894751211/42121032872672060590955419027869041268738184870793595015263782699567608206376
25 8 9 304474650358118538406833173681082115981266329300089477575993013029529040630/5265129109084007573869427378483630158592273108849199376907972837445951025797
25 8 10 3012226384735646475060708986215195600525651481199491807205748039914749388443/21060516436336030295477709513934520634369092435396797507631891349783804103188
25 8 12 17651397058233017796291101144121636359488856851803068886927618674915871579355/42121032872672060590955419027869041268738184870793595015263782699567608206376
25 8 14 670098587370953321999581604399187631456667010273025402855988910387277693471/10530258218168015147738854756967260317184546217698398753815945674891902051594
25 9 6 16466973086496927109941315741866841036167006975843815124623408788138283544989/42121032872672060590955419027869041268738184870793595015263782699567608206376
25 9 8 765316169425595048153744860955449507106966961452973443871780534350564756209/2340057381815114477275301057103835626041010270599644167514654594420422678132
25 9 11 11878368736514422614246695788804109104645772588796257900948324293119159049625/42121032872672060590955419027869041268738184870793595015263782699567608206376
25 10 3 3773479986543361272725526788441059497703701583491164210462665276704998696803/42121032872672060590955419027869041268738184870793595015263782699567608206376
25 10 11 38347552886128699318229892239427981771034483287302430804801117422862609509573/42121032872672060590955419027869041268738184870793595015263782699567608206376
25 11 5 12433427105752576344323697424106782383255946339035190586363445265581786000349/42121032872672060590955419027869041268738184870793595015263782699567608206376
25 11 9 29687605766919484246631721603762258885482238531758404428900337433985822206027/42121032872672060590955419027869041268738184870793595015263782699567608206376
25 12 6 1
25 13 4 40840919339211070213494709146188524645124959421269888764936085034131407935129/42121032872672060590955419027869041268738184870793595015263782699567608206376
25 13 9 1280113533460990377460709881680516623613225449523706250327697665436200271247/42121032872672060590955419027869041268738184870793595015263782699567608206376
25 14 8 5970206077722576342617487157543627424544300403821872224157676017944067167313/21060516436336030295477709513934520634369092435396797507631891349783804103188
25 14 9 4137491874991268968327984604234753559624093277777362861736278950905830107387/42121032872672060590955419027869041268738184870793595015263782699567608206376
25 14 10 12272701454249853842019348536383297423391488086891799793752078235952428567339/42121032872672060590955419027869041268738184870793595015263782699567608206376
25 14 12 1721303423498223136921638946520466929579250337310085988932509184602651899628/5265129109084007573869427378483630158592273108849199376907972837445951025797
25 15 1 2308012221837792358539409809234379576342898300201809868738701950204011504623/10530258218168015147738854756967260317184546217698398753815945674891902051594
25 15 3 4190680888935054218307886080823469812281283289881920503790893717295083456171/21060516436336030295477709513934520634369092435396797507631891349783804103188
25 15 6 2467120979528001809967425932251906050741992585567416449726646911174918025482/5265129109084007573869427378483630158592273108849199376907972837445951025797
25 15 9 795109061871128040073766695211555822144680734280530489152335362460341845281/7020172145445343431825903171311506878123030811798932502543963783261268034396
25 16 2 4291946123064935209232998016622268739977960928875166282957303645676451279271/42121032872672060590955419027869041268738184870793595015263782699567608206376
25 16 3 37829086749607125381722421011246772528760223941918428732306479053891156927105/42121032872672060590955419027869041268738184870793595015263782699567608206376
25 17 2 9031518003709439329908657062212742946410925757932353090119843095714625470011/42121032872672060590955419027869041268738184870793595015263782699567608206376
25 17 5 4631224125663710637840207884327058581630416203742814484559834815152300594731/42121032872672060590955419027869041268738184870793595015263782699567608206376
25 17 7 1581016152405495034622586337851624430038713494951023746699116932705593452313/2340057381815114477275301057103835626041010270599644167514654594420422678132
25 18 4 13443697460026467729984717507229124438244958462355943773920058252399658740009/21060516436336030295477709513934520634369092435396797507631891349783804103188
25 18 5 6460686380885399445779164299780804877787726710518774799398577924759063550089/21060516436336030295477709513934520634369092435396797507631891349783804103188
25 18 8 21409862878225242957663476054159098487711245602260721005801021715279292835/390009563635852412879216842850639271006835045099940694585775765736737113022
25 19 2 626501529499705248581998563672858083594989993212384110595259662083466149173/1755043036361335857956475792827876719530757702949733125635990945815317008599
25 19 3 863852690077628470170867519497123347857792532086327967984543451477984780245/14040344290890686863651806342623013756246061623597865005087927566522536068792
25 19 7 2721493121605138801608316771247675246542783048604154717447102272792274031721/4680114763630228954550602114207671252082020541199288335029309188840845356264
25 20 0 3046798833076544862719621740412950239679003646189985387754882862963112700493/42121032872672060590955419027869041268738184870793595015263782699567608206376
25 20 2 5339001059474285532619969233958390557192781726345409317547391321557903446681/14040344290890686863651806342623013756246061623597865005087927566522536068792
25 20 5 2882153857646582391296986198197614919685104505695922709358340733991348145730/5265129109084007573869427378483630158592273108849199376907972837445951025797
25 21 0 5017382527543806520058402710810671150348391361075875339651253577270663147481/42121032872672060590955419027869041268738184870793595015263782699567608206376
25 21 1 3383462662237886942621018042003510028398449749594608874108873807090410730301/10530258218168015147738854756967260317184546217698398753815945674891902051594
25 21 2 1738308447649662893549717613436314743298769432331545122160704015085262811014/5265129109084007573869427378483630158592273108849199376907972837445951025797
25 21 3 2227998867033258271597747666758485795393094375148895499423192699664657292945/21060516436336030295477709513934520634369092435396797507631891349783804103188
25 21 5 5207334380912886608819707908036840467619650302389132203045016373923885063689/42121032872672060590955419027869041268738184870793595015263782699567608206376
25 22 1 1
25 23 0 6475585891082460628120762802374488755066462172127033242415406589620703154435/42121032872672060590955419027869041268738184870793595015263782699567608206376
25 23 1 428593130582451141789445065630479220171841476482960419887136838977555199179/3510086072722671715912951585655753439061515405899466251271981891630634017198
25 23 2 664321895933857589897741445811791989300111186017778657654618779239288589015/3510086072722671715912951585655753439061515405899466251271981891630634017198
25 23 3 22530466663393895182588418088187298000008290748657692842347308691344779593613/42121032872672060590955419027869041268738184870793595015263782699567608206376
25 24 0 2717909901320269919669210781273979661732183036733463943195114838202136922199/4680114763630228954550602114207671252082020541199288335029309188840845356264
25 24 1 664321895933857589897741445811791989300111186017778657654618779239288589015/3510086072722671715912951585655753439061515405899466251271981891630634017198
25 24 2 3229327003194446745053208215553906813849067769326358544884107934958970946135/14040344290890686863651806342623013756246061623597865005087927566522536068792
25 25 0 26/27
25 25 1 1/27
26 0 10 4416947306857014407877971943864841612859841954932608478525694055964150071577/7020172145445343431825903171311506878123030811798932502543963783261268034396
26 0 16 2603224838588329023947931227446665265263188856866324024018269727297117962819/7020172145445343431825903171311506878123030811798932502543963783261268034396
26 1 13 12248695121163258703441704467501317531947077779841747436027878049736425391703/42121032872672060590955419027869041268738184870793595015263782699567608206376
26 1 15 29872337751508801887513714560367723736791107090951847579235904649831182814673/42121032872672060590955419027869041268738184870793595015263782699567608206376
26 2 11 396489754462351481669981326208273812828702974100172700080658711158404347581/2340057381815114477275301057103835626041010270599644167514654594420422678132
26 2 12 1943567627352762995605319730895561813212307296499471467433995883262018330551/2340057381815114477275301057103835626041010270599644167514654594420422678132
26 3 11 3263778629067268338822968910319929461053993911552569736871675695409608099617/10530258218168015147738854756967260317184546217698398753815945674891902051594
26 3 12 7266479589100746808915885846647330856130552306145829016944269979482293951977/10530258218168015147738854756967260317184546217698398753815945674891902051594
26 4 6 1482834616148736815285789203496177370603458959280977848104120911667227710421/21060516436336030295477709513934520634369092435396797507631891349783804103188
26 4 9 221617497292201344317797589722014473939366274903780450102914815715572653433/780019127271704825758433685701278542013670090199881389171551531473474226044
26 4 11 2638196820320991378579634748597608699126190360628029289463497529825323259787/4680114763630228954550602114207671252082020541199288335029309188840845356264
26 4 13 3444247403706791960006058038509426642669774861775231408326663059164320162069/42121032872672060590955419027869041268738184870793595015263782699567608206376
26 5 8 7558648834848751625884128233347857568829591015267772115372164568887735942413/14040344290890686863651806342623013756246061623597865005087927566522536068792
26 5 9 504348862941787383011491158966490789293207345882052642155017629686610379107/42121032872672060590955419027869041268738184870793595015263782699567608206376
26 5 12 9315945921023995186917336070813044695552644499806812385297728259771381101419/21060516436336030295477709513934520634369092435396797507631891349783804103188
26 5 13 38605707892003494557108878404111047731364434936825157049601855459378474649/5265129109084007573869427378483630158592273108849199376907972837445951025797
26 6 7 3504401320193028954912646821584553291564589872395697148745311742072392613135/7020172145445343431825903171311506878123030811798932502543963783261268034396
26 6 11 3515770825252314476913256349726953586558440939403235353798652041188875421261/7020172145445343431825903171311506878123030811798932502543963783261268034396
26 7 9 37190340707761935499192668759287810125078789329037635528838939322574377369077/42121032872672060590955419027869041268738184870793595015263782699567608206376
26 7 10 132120965240140006452801557972242615774609845058108060073669750246312659436/5265129109084007573869427378483630158592273108849199376907972837445951025797
26 7 13 3873724442989005040140337804803290217462516781291095005835485375022729561811/42121032872672060590955419027869041268738184870793595015263782699567608206376
26 8 6 1824137641506404847312762021705657220847603121021905151058578164700872486789/3510086072722671715912951585655753439061515405899466251271981891630634017198
26 8 10 859893371596233395618698143944825150578968639809456409092777328339914308273/14040344290890686863651806342623013756246061623597865005087927566522536068792
26 8 11 1961300117756278026260686703951853240758893499900262663920279193126377271121/4680114763630228954550602114207671252082020541199288335029309188840845356264
26 9 10 1
26 10 7 661666275439173768430069325384092198817041606590217569510602154482575949741/14040344290890686863651806342623013756246061623597865005087927566522536068792
26 10 8 13378678015451513095221737017238921557429020017007647435577325412039960119051/14040344290890686863651806342623013756246061623597865005087927566522536068792
26 11 6 34664039164692789967834784337196377880327094508450603053573199209056548502699/42121032872672060590955419027869041268738184870793595015263782699567608206376
26 11 10 7456993707979270623120634690672663388411090362342991961690583490511059703677/42121032872672060590955419027869041268738184870793595015263782699567608206376
26 12 5 1805257580600611010326297628711692497348221974693038707776066835873155440781/42121032872672060590955419027869041268738184870793595015263782699567608206376
26 12 7 22909293558322148703092371320899805017880803191291468261638166898483264314199/42121032872672060590955419027869041268738184870793595015263782699567608206376
26 12 8 483513381493036135487131946618265104264143325133585779051376360144755234761/1170028690907557238637650528551917813020505135299822083757327297210211339066
26 13 5 9914366916630361025353948543387849236893537027810378615444334817843404220375/10530258218168015147738854756967260317184546217698398753815945674891902051594
26 13 8 615891301537654122384906213579411080291009189888020138371610857048497831219/10530258218168015147738854756967260317184546217698398753815945674891902051594
26 14 6 259534119761847884339484036608371106313845165219247757416491972406176731045/14040344290890686863651806342623013756246061623597865005087927566522536068792
26 14 7 924715271896488986989802888550165000382821703741361885264577938562524565127/4680114763630228954550602114207671252082020541199288335029309188840845356264
26 14 9 5503332177719686009171456820182073824391875673577265795938850889214392821183/7020172145445343431825903171311506878123030811798932502543963783261268034396
26 15 5 12685495171758948550300355375660849292602590982617524065948196279736366884059/42121032872672060590955419027869041268738184870793595015263782699567608206376
26 15 6 2798008129556005763902001446231724107850280523281782927181325926271033000315/5265129109084007573869427378483630158592273108849199376907972837445951025797
26 15 7 7051472664465065929439052082354399113333349701921807531864979009662977319797/42121032872672060590955419027869041268738184870793595015263782699567608206376
26 16 4 21029215917316307797864560602891628399158773545273922478310876123382094817787/42121032872672060590955419027869041268738184870793595015263782699567608206376
26 16 5 5018187776106108234820451582873376601025199301453911462853568290187992106905/21060516436336030295477709513934520634369092435396797507631891349783804103188
26 16 7 3685147134381178774483318419743553222509670907537283203748589998603176391593/14040344290890686863651806342623013756246061623597865005087927566522536068792
26 17 3 4430541894212901511835507189321542483147570141173619548412463753816923709383/14040344290890686863651806342623013756246061623597865005087927566522536068792
26 17 5 9248715759853745699355310170332416756936834944863763545487861684414572270257/21060516436336030295477709513934520634369092435396797507631891349783804103188
26 17 7 10331975670325864656738277119239580305421804557545209279050668069287692537713/42121032872672060590955419027869041268738184870793595015263782699567608206376
26 18 2 13616882183062901076026993144932473022331742628017195738753488414166586924327/42121032872672060590955419027869041268738184870793595015263782699567608206376
26 18 3 28504150689609159514928425882936568246406442242776399276510294285401021282049/42121032872672060590955419027869041268738184870793595015263782699567608206376
26 19 2 3514439851333001439040144523856618429169422073681612149958195694475226347589/42121032872672060590955419027869041268738184870793595015263782699567608206376
26 19 4 38606593021339059151915274504012422839568762797111982865305587005092381858787/42121032872672060590955419027869041268738184870793595015263782699567608206376
26 20 2 8701343231416401331031837108664623199053279897252455687540536244964632622111/14040344290890686863651806342623013756246061623597865005087927566522536068792
26 20 4 5339001059474285532619969233958390557192781726345409317547391321557903446681/14040344290890686863651806342623013756246061623597865005087927566522536068792
26 21 3 35091817498949572608201191152312738725595036831028301059337957456527527262329/42121032872672060590955419027869041268738184870793595015263782699567608206376
26 21 4 7029215373722487982754227875556302543143148039765293955925825243040080944047/42121032872672060590955419027869041268738184870793595015263782699567608206376
26 22 0 7757273403094737552287196733830605807270542569445181391680537805700562058505/10530258218168015147738854756967260317184546217698398753815945674891902051594
26 22 2 1765835213563278503349600003808342335883724843050333725814270714652137228073/14040344290890686863651806342623013756246061623597865005087927566522536068792
26 22 3 5794433619603274871757832081121591032004840063861868271098819332808948288137/42121032872672060590955419027869041268738184870793595015263782699567608206376
26 23 1 664321895933857589897741445811791989300111186017778657654618779239288589015/3510086072722671715912951585655753439061515405899466251271981891630634017198
26 23 2 2845764176788814126015210139843961449761404219881687593617363112391345428183/3510086072722671715912951585655753439061515405899466251271981891630634017198
26 24 0 664321895933857589897741445811791989300111186017778657654618779239288589015/3510086072722671715912951585655753439061515405899466251271981891630634017198
26 24 1 2845764176788814126015210139843961449761404219881687593617363112391345428183/3510086072722671715912951585655753439061515405899466251271981891630634017198
26 25 0 1/27
26 25 1 26/27
26 26 0 1
