# exact hook decomposition of the 37-box: a s i value
0 0 0 1/37
0 0 1 1/37
0 0 2 1/37
0 0 3 1/37
0 0 4 1/37
0 0 5 1/37
0 0 6 1/37
0 0 7 1/37
0 0 8 1/37
0 0 9 1/37
0 0 10 1/37
0 0 11 1/37
0 0 12 1/37
0 0 13 1/37
0 0 14 1/37
0 0 15 1/37
0 0 16 1/37
0 0 17 1/37
0 0 18 1/37
0 0 19 1/37
0 0 20 1/37
0 0 21 1/37
0 0 22 1/37
0 0 23 1/37
0 0 24 1/37
0 0 25 1/37
0 0 26 1/37
0 0 27 1/37
0 0 28 1/37
0 0 29 1/37
0 0 30 1/37
0 0 31 1/37
0 0 32 1/37
0 0 33 1/37
0 0 34 1/37
0 0 35 1/37
0 0 36 1/37
1 0 2 3/37
1 0 3 3/37
1 0 6 2/37
1 0 7 2/37
1 0 8 3/37
1 0 15 3/37
1 0 16 3/37
1 0 17 3/37
1 0 18 3/37
1 0 19 3/37
1 0 24 3/37
1 0 35 3/37
1 0 36 3/37
1 1 0 3/37
1 1 4 3/37
1 1 6 1/37
1 1 9 3/37
1 1 11 3/37
1 1 13 3/37
1 1 20 3/37
1 1 22 3/37
1 1 25 3/37
1 1 27 3/37
1 1 29 3/37
1 1 31 3/37
1 1 33 3/37
2 0 4 3/37
2 0 6 2/37
2 0 8 2/37
2 0 9 5/37
2 0 10 5/37
2 0 16 5/37
2 0 17 5/37
2 0 19 5/37
2 0 28 5/37
2 1 0 1/37
2 1 3 1/37
2 1 11 5/37
2 1 13 5/74
2 1 14 5/74
2 1 21 44842861297678730898632353855012172767179502184764026903623479195821067128746625197620702617825085200344690434487383788361230078198671378515668996144143862986701307/354830275342093894604944426148427192557744311290263048391060541843172843829069022219901810034605426655730395414877676052211938385844209501290276226509140287163459047
2 1 22 3107175910712335939873649678559069470353512854460709365438756188391479334641080507771433873337810293672930567523112975451194027996492067604638602032766986629982348/354830275342093894604944426148427192557744311290263048391060541843172843829069022219901810034605426655730395414877676052211938385844209501290276226509140287163459047
2 1 23 41735685386966394958758704176453103296825989330303317538184723007429587794105544689849268744487274906671759866964270812910036050202179310911030394111376876356718959/709660550684187789209888852296854385115488622580526096782121083686345687658138044439803620069210853311460790829755352104423876771688419002580552453018280574326918094
2 1 24 1463902406211236181574413591640253545357838939139085270268641831378256895477563965430675790211851785982796814515046559857157085464544529225123913574120130348017523/19180014883356426735402401413428496895013206015689894507624894153685018585355082282156854596465158197607048400804198705524969642478065378448123039270764339846673462
2 1 26 5/37
2 1 29 5/37
2 1 31 5/37
2 2 0 4/37
2 2 1 4/37
2 2 2 1/37
2 2 5 5/37
2 2 6 3/37
2 2 13 5/74
2 2 18 5/37
2 2 21 3107175910712335939873649678559069470353512854460709365438756188391479334641080507771433873337810293672930567523112975451194027996492067604638602032766986629982348/354830275342093894604944426148427192557744311290263048391060541843172843829069022219901810034605426655730395414877676052211938385844209501290276226509140287163459047
2 2 23 41735685386966394958758704176453103296825989330303317538184723007429587794105544689849268744487274906671759866964270812910036050202179310911030394111376876356718959/709660550684187789209888852296854385115488622580526096782121083686345687658138044439803620069210853311460790829755352104423876771688419002580552453018280574326918094
2 2 33 5/37
2 2 34 5/37
3 0 0 7/37
3 0 2 55272677268503893784590931218461445178281330853055129597475810746952981407243011948800032749055674419248519105782576754968605898395105196718466619145484087662327631/354830275342093894604944426148427192557744311290263048391060541843172843829069022219901810034605426655730395414877676052211938385844209501290276226509140287163459047
3 0 9 65736099443256466522482214126378683168930350342013988037879213570629421925637369763515573999021464402581846447558674835365605881612348887895253625630197502318227884/354830275342093894604944426148427192557744311290263048391060541843172843829069022219901810034605426655730395414877676052211938385844209501290276226509140287163459047
3 0 12 32431342355091053576146065962587846812893966930450038425644128911897745349960276544939230023644126759026021653092338053865545359817068942971264069390433128792832181/354830275342093894604944426148427192557744311290263048391060541843172843829069022219901810034605426655730395414877676052211938385844209501290276226509140287163459047
3 0 33 7/37
3 0 36 7/37
3 1 1 5928687411621799894658736864269146977132445100929750589605659395472291820749888019374479169286189636188075148516059357184393925139061813924982009151095550900514743/354830275342093894604944426148427192557744311290263048391060541843172843829069022219901810034605426655730395414877676052211938385844209501290276226509140287163459047
3 1 2 5928687411621799894658736864269146977132445100929750589605659395472291820749888019374479169286189636188075148516059357184393925139061813924982009151095550900514743/354830275342093894604944426148427192557744311290263048391060541843172843829069022219901810034605426655730395414877676052211938385844209501290276226509140287163459047
3 1 14 31037389706600026524719875141966790849278096217549395686836212944629602226854858320905812935037537469983198697836317419893757492756189006298087057572955441647702948/354830275342093894604944426148427192557744311290263048391060541843172843829069022219901810034605426655730395414877676052211938385844209501290276226509140287163459047
3 1 16 38604722401355772281772818520404516125528200787669214751390464533195634576731664424752354846738878335574931241704376913408728580991126380217142966967226126293517649/354830275342093894604944426148427192557744311290263048391060541843172843829069022219901810034605426655730395414877676052211938385844209501290276226509140287163459047
3 1 18 3062219113185378692236058563401134609035798011154153097098157990801600864198682662598591563407250618724090086172625185844894416699980880505530527400247891902775391/19180014883356426735402401413428496895013206015689894507624894153685018585355082282156854596465158197607048400804198705524969642478065378448123039270764339846673462
3 1 20 24427302293798128133998081483548626765072654119773263767794399449914747387225062104274131136076180451169387538537279196533316690593026068075845416571496821780735719/354830275342093894604944426148427192557744311290263048391060541843172843829069022219901810034605426655730395414877676052211938385844209501290276226509140287163459047
3 1 23 24427302293798128133998081483548626765072654119773263767794399449914747387225062104274131136076180451169387538537279196533316690593026068075845416571496821780735719/354830275342093894604944426148427192557744311290263048391060541843172843829069022219901810034605426655730395414877676052211938385844209501290276226509140287163459047
3 1 26 7/37
3 1 30 7/74
3 1 34 7/37
3 2 1 61201364680125693679249668082730592155413775953984880187081470142425273227992899968174511918341864055436594254298636112152999823534167010643448628296579638562842374/354830275342093894604944426148427192557744311290263048391060541843172843829069022219901810034605426655730395414877676052211938385844209501290276226509140287163459047
3 2 4 7/37
3 2 9 1393952648491027051426190820621055963615870712900642738807915967268143123105418224033417088606589289042822955256020633971787867060879936673177011817477687145129233/354830275342093894604944426148427192557744311290263048391060541843172843829069022219901810034605426655730395414877676052211938385844209501290276226509140287163459047
3 2 11 65736099443256466522482214126378683168930350342013988037879213570629421925637369763515573999021464402581846447558674835365605881612348887895253625630197502318227884/354830275342093894604944426148427192557744311290263048391060541843172843829069022219901810034605426655730395414877676052211938385844209501290276226509140287163459047
3 2 13 1393952648491027051426190820621055963615870712900642738807915967268143123105418224033417088606589289042822955256020633971787867060879936673177011817477687145129233/354830275342093894604944426148427192557744311290263048391060541843172843829069022219901810034605426655730395414877676052211938385844209501290276226509140287163459047
3 2 14 36092662385147467049188529805032948283268124837365235089850916593267962821887929666643178152590516221641470704978378049443636255917039818270343579874719747815654169/709660550684187789209888852296854385115488622580526096782121083686345687658138044439803620069210853311460790829755352104423876771688419002580552453018280574326918094
3 2 16 20957996995635975535082643048157497730767915697125596960742413416135898122134317458950094329187834490458005617242259062413694079447165070432231761086178378524024767/709660550684187789209888852296854385115488622580526096782121083686345687658138044439803620069210853311460790829755352104423876771688419002580552453018280574326918094
3 2 17 20957996995635975535082643048157497730767915697125596960742413416135898122134317458950094329187834490458005617242259062413694079447165070432231761086178378524024767/709660550684187789209888852296854385115488622580526096782121083686345687658138044439803620069210853311460790829755352104423876771688419002580552453018280574326918094
3 2 20 42702749797949365439910323463451112367473566935141367008892730087982817661517725883274859951551873240455281864277416272804077058080202756492585220876178367682621398/354830275342093894604944426148427192557744311290263048391060541843172843829069022219901810034605426655730395414877676052211938385844209501290276226509140287163459047
3 2 23 42702749797949365439910323463451112367473566935141367008892730087982817661517725883274859951551873240455281864277416272804077058080202756492585220876178367682621398/354830275342093894604944426148427192557744311290263048391060541843172843829069022219901810034605426655730395414877676052211938385844209501290276226509140287163459047
3 2 28 7/74
3 3 5 7/37
3 3 7 7/37
3 3 12 34698709736656439997762338984411892319652254124464592351043000625999819698782511442609761063983926932598647749722357415471848388856159881597166568057242060670524936/354830275342093894604944426148427192557744311290263048391060541843172843829069022219901810034605426655730395414877676052211938385844209501290276226509140287163459047
3 3 14 36092662385147467049188529805032948283268124837365235089850916593267962821887929666643178152590516221641470704978378049443636255917039818270343579874719747815654169/709660550684187789209888852296854385115488622580526096782121083686345687658138044439803620069210853311460790829755352104423876771688419002580552453018280574326918094
3 3 21 42702749797949365439910323463451112367473566935141367008892730087982817661517725883274859951551873240455281864277416272804077058080202756492585220876178367682621398/354830275342093894604944426148427192557744311290263048391060541843172843829069022219901810034605426655730395414877676052211938385844209501290276226509140287163459047
3 3 22 24427302293798128133998081483548626765072654119773263767794399449914747387225062104274131136076180451169387538537279196533316690593026068075845416571496821780735719/354830275342093894604944426148427192557744311290263048391060541843172843829069022219901810034605426655730395414877676052211938385844209501290276226509140287163459047
3 3 28 7/74
3 3 29 7/37
4 0 4 1250830549368570513782418567763281608239765475942737862522740157565308511259046921779106146194681044857731619218752027018480095640540089476813020266479755582239729/709660550684187789209888852296854385115488622580526096782121083686345687658138044439803620069210853311460790829755352104423876771688419002580552453018280574326918094
4 0 8 9/37
4 0 16 9/37
4 0 19 9/37
4 0 24 26299389372449867569458514832794591020209831819105039584254259773596662761995500974964640096164213834959759546717852657523444382297557389296354577111972823663054965/709660550684187789209888852296854385115488622580526096782121083686345687658138044439803620069210853311460790829755352104423876771688419002580552453018280574326918094
4 0 30 38537555589787528194945246861128038462924888786305957042712159665228332200719221514990081707851040567654580852737102319246952679845462768548069376238428273353758957/354830275342093894604944426148427192557744311290263048391060541843172843829069022219901810034605426655730395414877676052211938385844209501290276226509140287163459047
4 0 31 43587408866085386440446293505735509697916342644619626772023811137615775089428915947422318153295302980471915568315588866106933293575815384305962021426167136256961006/354830275342093894604944426148427192557744311290263048391060541843172843829069022219901810034605426655730395414877676052211938385844209501290276226509140287163459047
4 1 0 81555201164727093875072318839248483468232169782924507849328368445417183246368946813975739635862546076951208791630415989450523872949179738937749551062415043824138478/354830275342093894604944426148427192557744311290263048391060541843172843829069022219901810034605426655730395414877676052211938385844209501290276226509140287163459047
4 1 1 4754865810376826434238487521179752559327257287680017434983655246165400387728923455730106048230665812280509011988478185411839518202114464078804125656024485485892101/354830275342093894604944426148427192557744311290263048391060541843172843829069022219901810034605426655730395414877676052211938385844209501290276226509140287163459047
4 1 2 27699434194689360128394731029272498039828663033004792483139019315006262163847849541147381110673651036584772786888856829345783206770961992485211481799293881167967663/354830275342093894604944426148427192557744311290263048391060541843172843829069022219901810034605426655730395414877676052211938385844209501290276226509140287163459047
4 1 12 57004750584896640218852768694850367033694045051804658883725521503294422898972859905426613397383431462908245295253875502104073298961128097750882579258866705238999121/354830275342093894604944426148427192557744311290263048391060541843172843829069022219901810034605426655730395414877676052211938385844209501290276226509140287163459047
4 1 25 70114307360659293753969913279070290879372916745114722483930083097836900021360763278099825844579914643266871980400230339896392597692504911865833233653186517594750339/354830275342093894604944426148427192557744311290263048391060541843172843829069022219901810034605426655730395414877676052211938385844209501290276226509140287163459047
4 1 27 27391649251640759885105400424377564549729832319129823971641870543870091476691808955816298313782005734507069745096925031140962500117026093155241578360914124541680766/354830275342093894604944426148427192557744311290263048391060541843172843829069022219901810034605426655730395414877676052211938385844209501290276226509140287163459047
4 1 34 9/74
4 1 35 9/74
4 2 0 4754865810376826434238487521179752559327257287680017434983655246165400387728923455730106048230665812280509011988478185411839518202114464078804125656024485485892101/354830275342093894604944426148427192557744311290263048391060541843172843829069022219901810034605426655730395414877676052211938385844209501290276226509140287163459047
4 2 9 1327051382693538035471327034832330618083141877357829673816370104979608667426815508570223039917789979137457486290623810126835166161516304929019836313705315599196722/9590007441678213367701200706714248447506603007844947253812447076842509292677541141078427298232579098803524200402099352762484821239032689224061519635382169923336731
4 2 10 29305316390207280090458037665577868993865382018799866400586502188288160735125010364279232286709780426323472508365018672758290092190166105265671097459572824071031458/354830275342093894604944426148427192557744311290263048391060541843172843829069022219901810034605426655730395414877676052211938385844209501290276226509140287163459047
4 2 15 99452632868690385138660619145355747346392264400422133724934127926056349900843394555975611100111139501029585604724913976404282391592746654224280907480673109922797157/709660550684187789209888852296854385115488622580526096782121083686345687658138044439803620069210853311460790829755352104423876771688419002580552453018280574326918094
4 2 20 99452632868690385138660619145355747346392264400422133724934127926056349900843394555975611100111139501029585604724913976404282391592746654224280907480673109922797157/709660550684187789209888852296854385115488622580526096782121083686345687658138044439803620069210853311460790829755352104423876771688419002580552453018280574326918094
4 2 21 73198161415531237466570650878632728076063278067525265759448866764081464009239034093370725575788990500990071775580933236891821574593113319325104440778191978694641213/354830275342093894604944426148427192557744311290263048391060541843172843829069022219901810034605426655730395414877676052211938385844209501290276226509140287163459047
4 2 22 73167501081517455479960993575500724708726589740786916843689919457108817367352345983436080268075284277433850002512874373320444390709841751808826445956205948697264001/709660550684187789209888852296854385115488622580526096782121083686345687658138044439803620069210853311460790829755352104423876771688419002580552453018280574326918094
4 2 24 16195759614444626555340893081357945148186510325489802800381940593745683612737106991606019839513297245964845823218663834965970793458789291150720443065253011715280240/354830275342093894604944426148427192557744311290263048391060541843172843829069022219901810034605426655730395414877676052211938385844209501290276226509140287163459047
4 2 25 71717536159812644479086920920056678992799100521175425012064736424292185764610949192346505376955252505190692911179137139428580858153683894401655979651289793020718/8251866868420788246626614561591330059482425843959605776536291670771461484396954005113995582200126201296055707322736652377021822926609523285820377360677681096824629
4 2 34 9/74
4 3 2 1327051382693538035471327034832330618083141877357829673816370104979608667426815508570223039917789979137457486290623810126835166161516304929019836313705315599196722/9590007441678213367701200706714248447506603007844947253812447076842509292677541141078427298232579098803524200402099352762484821239032689224061519635382169923336731
4 3 3 58610632780414560180916075331155737987730764037599732801173004376576321470250020728558464573419560852646945016730037345516580184380332210531342194919145648142062916/354830275342093894604944426148427192557744311290263048391060541843172843829069022219901810034605426655730395414877676052211938385844209501290276226509140287163459047
4 3 4 171369303400839270104839194153093190446879088665266312706101307225599858756936693617632585221991742733605703988019036322706246686662048316556294333170399303037821429/709660550684187789209888852296854385115488622580526096782121083686345687658138044439803620069210853311460790829755352104423876771688419002580552453018280574326918094
4 3 10 29305316390207280090458037665577868993865382018799866400586502188288160735125010364279232286709780426323472508365018672758290092190166105265671097459572824071031458/354830275342093894604944426148427192557744311290263048391060541843172843829069022219901810034605426655730395414877676052211938385844209501290276226509140287163459047
4 3 17 73167501081517455479960993575500724708726589740786916843689919457108817367352345983436080268075284277433850002512874373320444390709841751808826445956205948697264001/709660550684187789209888852296854385115488622580526096782121083686345687658138044439803620069210853311460790829755352104423876771688419002580552453018280574326918094
4 3 29 47772511385316392114365559499300197564634538284298568241599864026354251433378648754715763976242171321577136950881791855615410711305831434468484300480011255956271622/354830275342093894604944426148427192557744311290263048391060541843172843829069022219901810034605426655730395414877676052211938385844209501290276226509140287163459047
4 3 30 47772511385316392114365559499300197564634538284298568241599864026354251433378648754715763976242171321577136950881791855615410711305831434468484300480011255956271622/354830275342093894604944426148427192557744311290263048391060541843172843829069022219901810034605426655730395414877676052211938385844209501290276226509140287163459047
4 4 5 37209165815443012996871706071632003158483177608364827353106329807337062939305696452607593207134982661145790810865813200169462243175190920642819733111342852139751865/354830275342093894604944426148427192557744311290263048391060541843172843829069022219901810034605426655730395414877676052211938385844209501290276226509140287163459047
4 4 6 27699434194689360128394731029272498039828663033004792483139019315006262163847849541147381110673651036584772786888856829345783206770961992485211481799293881167967663/354830275342093894604944426148427192557744311290263048391060541843172843829069022219901810034605426655730395414877676052211938385844209501290276226509140287163459047
4 4 7 1250830549368570513782418567763281608239765475942737862522740157565308511259046921779106146194681044857731619218752027018480095640540089476813020266479755582239729/709660550684187789209888852296854385115488622580526096782121083686345687658138044439803620069210853311460790829755352104423876771688419002580552453018280574326918094
4 4 11 73167501081517455479960993575500724708726589740786916843689919457108817367352345983436080268075284277433850002512874373320444390709841751808826445956205948697264001/709660550684187789209888852296854385115488622580526096782121083686345687658138044439803620069210853311460790829755352104423876771688419002580552453018280574326918094
4 4 14 9/37
4 4 21 13111905559572682842740155481795507951496149003079259524863156927501119624858836176335120108304221388241646028037960937970541816558180883691449235940247550615389366/354830275342093894604944426148427192557744311290263048391060541843172843829069022219901810034605426655730395414877676052211938385844209501290276226509140287163459047
4 4 23 13111905559572682842740155481795507951496149003079259524863156927501119624858836176335120108304221388241646028037960937970541816558180883691449235940247550615389366/354830275342093894604944426148427192557744311290263048391060541843172843829069022219901810034605426655730395414877676052211938385844209501290276226509140287163459047
4 4 24 20380862133675632229260159074922633014904705965168744269957993482484159956686839798899465662460165587070067205784866824474448211188805341313242722119097131414590856/354830275342093894604944426148427192557744311290263048391060541843172843829069022219901810034605426655730395414877676052211938385844209501290276226509140287163459047
4 4 27 42722658109018533868864512854692726329643084425984898512288212553966808544668954322283527530797908908759802235303305308755430097575478818710591655292272393053069573/354830275342093894604944426148427192557744311290263048391060541843172843829069022219901810034605426655730395414877676052211938385844209501290276226509140287163459047
4 4 28 38537555589787528194945246861128038462924888786305957042712159665228332200719221514990081707851040567654580852737102319246952679845462768548069376238428273353758957/354830275342093894604944426148427192557744311290263048391060541843172843829069022219901810034605426655730395414877676052211938385844209501290276226509140287163459047
4 4 29 38537555589787528194945246861128038462924888786305957042712159665228332200719221514990081707851040567654580852737102319246952679845462768548069376238428273353758957/354830275342093894604944426148427192557744311290263048391060541843172843829069022219901810034605426655730395414877676052211938385844209501290276226509140287163459047
5 0 2 11661944284748495613626933459070101806324872846394964870359089719661096202899305580355618768670805667248594710893906526273077925576576589730575160415137976496826319/354830275342093894604944426148427192557744311290263048391060541843172843829069022219901810034605426655730395414877676052211938385844209501290276226509140287163459047
5 0 16 49021801003834220480285160529862402096160493287077024799815418984442376409946783615744063858710943338248935880476141783587703178509821485833778341629153934750282216/354830275342093894604944426148427192557744311290263048391060541843172843829069022219901810034605426655730395414877676052211938385844209501290276226509140287163459047
5 0 21 58305927687987946051501598815088986060192869205491232734209430966057304559368615718702885091254342952630742699494930817986003426124122960381133807853382832457579483/354830275342093894604944426148427192557744311290263048391060541843172843829069022219901810034605426655730395414877676052211938385844209501290276226509140287163459047
5 0 31 11/37
5 0 32 24860438648602538370104317796692236749920809778710986402802766482476862217948412201373841754852594523924589715166511163590487788374969302415435484633057805145362947/354830275342093894604944426148427192557744311290263048391060541843172843829069022219901810034605426655730395414877676052211938385844209501290276226509140287163459047
5 0 35 11/37
5 1 0 85909227769190581127255463762969871750373629827105110817404718299671190986722087988233019216999310429322529243467856107646824881733387745768064370166712031927824147/354830275342093894604944426148427192557744311290263048391060541843172843829069022219901810034605426655730395414877676052211938385844209501290276226509140287163459047
5 1 2 63621307621228731022964463221007594817133019053590189884959860181758292036034359047160377414876812379047875076925946641855965582749006516560170869726313982220916303/354830275342093894604944426148427192557744311290263048391060541843172843829069022219901810034605426655730395414877676052211938385844209501290276226509140287163459047
5 1 3 38995158982334655411712326605576556192249749707155383356615804236867937978445264502479478461055528219527443496703262930589697327706996249901013592379679085597885286/354830275342093894604944426148427192557744311290263048391060541843172843829069022219901810034605426655730395414877676052211938385844209501290276226509140287163459047
5 1 11 23955224049364261151528322216598243043441588342081932464498177736571916758405798915801798053367137775198305261908076758706527692145258684194175840446119308871638888/354830275342093894604944426148427192557744311290263048391060541843172843829069022219901810034605426655730395414877676052211938385844209501290276226509140287163459047
5 1 16 39395998188247994593767669203034920469435546950654797823523109628779330625821046783952304928149429679436632056854300997805235837124902707149502898931406582980091718/354830275342093894604944426148427192557744311290263048391060541843172843829069022219901810034605426655730395414877676052211938385844209501290276226509140287163459047
5 1 20 22323715521869862623107291162075510112458954102092200654924720396733435442135924631785973434451432610283433789761650898810841819130267318668107423502763231553761611/354830275342093894604944426148427192557744311290263048391060541843172843829069022219901810034605426655730395414877676052211938385844209501290276226509140287163459047
5 1 23 80629643209857808674608889977164496172651823307583433389134151362790740001504540350488858525705775562914176489256581716796845245254390279049241231356146064011341094/354830275342093894604944426148427192557744311290263048391060541843172843829069022219901810034605426655730395414877676052211938385844209501290276226509140287163459047
5 2 1 2873615254896960610036417947272581913189864325548846550361253426641372204973329002222844404626029488263447630793883307941670123173356815003492253883210801337902452/354830275342093894604944426148427192557744311290263048391060541843172843829069022219901810034605426655730395414877676052211938385844209501290276226509140287163459047
5 2 2 30206829952483120408121811093779036299114741186309265036617967943848213980519287924346704097010752040542296416603239712258289525303776475173930685847751910438961419/354830275342093894604944426148427192557744311290263048391060541843172843829069022219901810034605426655730395414877676052211938385844209501290276226509140287163459047
5 2 5 85909227769190581127255463762969871750373629827105110817404718299671190986722087988233019216999310429322529243467856107646824881733387745768064370166712031927824147/354830275342093894604944426148427192557744311290263048391060541843172843829069022219901810034605426655730395414877676052211938385844209501290276226509140287163459047
5 2 21 24860438648602538370104317796692236749920809778710986402802766482476862217948412201373841754852594523924589715166511163590487788374969302415435484633057805145362947/354830275342093894604944426148427192557744311290263048391060541843172843829069022219901810034605426655730395414877676052211938385844209501290276226509140287163459047
5 2 25 11/37
5 2 26 11/37
5 3 1 112129119693777216828331047406807243349054623715707801504502994086946570656090842694005615160624363552032143155445325267106295494782651145591410013015308965711258/2381411243906670433590231047976021426562042357652772136852755314383710361268919612214106107614801521179398626945487758739677438831169191283827357224893558974251403
5 3 6 23955224049364261151528322216598243043441588342081932464498177736571916758405798915801798053367137775198305261908076758706527692145258684194175840446119308871638888/354830275342093894604944426148427192557744311290263048391060541843172843829069022219901810034605426655730395414877676052211938385844209501290276226509140287163459047
5 3 9 61954003719826319975727141546371628706932041485023178352906540563099274228316289072431221163632172654124223981559779348940297189588129061573888529720592723056185259/354830275342093894604944426148427192557744311290263048391060541843172843829069022219901810034605426655730395414877676052211938385844209501290276226509140287163459047
5 3 17 66094083670212352450945538570821812453137086135639621968413808216488271593631905767910395352408940407402134147568791882582097196504456874315173817057797286176612323/354830275342093894604944426148427192557744311290263048391060541843172843829069022219901810034605426655730395414877676052211938385844209501290276226509140287163459047
5 3 29 80629643209857808674608889977164496172651823307583433389134151362790740001504540350488858525705775562914176489256581716796845245254390279049241231356146064011341094/354830275342093894604944426148427192557744311290263048391060541843172843829069022219901810034605426655730395414877676052211938385844209501290276226509140287163459047
5 3 33 11/37
5 4 10 63388914479397534272428816279877158177811226134555805819294158460295872103238997482005038989895344706449832369469420096221439150295427474939763659551044598711860429/354830275342093894604944426148427192557744311290263048391060541843172843829069022219901810034605426655730395414877676052211938385844209501290276226509140287163459047
5 4 15 63388914479397534272428816279877158177811226134555805819294158460295872103238997482005038989895344706449832369469420096221439150295427474939763659551044598711860429/354830275342093894604944426148427192557744311290263048391060541843172843829069022219901810034605426655730395414877676052211938385844209501290276226509140287163459047
5 4 16 17072282666378131970660378040959410356976592848562597168598389232045895183685122152166331493697997069153198267092650098994394017994635388481395475428643351426330107/354830275342093894604944426148427192557744311290263048391060541843172843829069022219901810034605426655730395414877676052211938385844209501290276226509140287163459047
5 4 18 11/37
5 4 30 11/37
5 5 0 19580854089269765917457744010886861172199003259189308974532199545596411232730864563629681063559059657516236960955236772740508151895971835696612345822491837228879894/354830275342093894604944426148427192557744311290263048391060541843172843829069022219901810034605426655730395414877676052211938385844209501290276226509140287163459047
5 5 4 19580854089269765917457744010886861172199003259189308974532199545596411232730864563629681063559059657516236960955236772740508151895971835696612345822491837228879894/354830275342093894604944426148427192557744311290263048391060541843172843829069022219901810034605426655730395414877676052211938385844209501290276226509140287163459047
5 5 6 81534857809096085893184885557258489879131044744212487327438740108695685461047153636060902227191232311640460942515016121680805341484100897270500875543084560285065153/354830275342093894604944426148427192557744311290263048391060541843172843829069022219901810034605426655730395414877676052211938385844209501290276226509140287163459047
5 5 7 19580854089269765917457744010886861172199003259189308974532199545596411232730864563629681063559059657516236960955236772740508151895971835696612345822491837228879894/354830275342093894604944426148427192557744311290263048391060541843172843829069022219901810034605426655730395414877676052211938385844209501290276226509140287163459047
5 5 8 11/37
5 5 10 42101167379062812772284391493979574744761406951738613972642759384971730116213955069857661290663025380388933834953672784165893883333932106524913056438159270444843612/354830275342093894604944426148427192557744311290263048391060541843172843829069022219901810034605426655730395414877676052211938385844209501290276226509140287163459047
5 5 14 42101167379062812772284391493979574744761406951738613972642759384971730116213955069857661290663025380388933834953672784165893883333932106524913056438159270444843612/354830275342093894604944426148427192557744311290263048391060541843172843829069022219901810034605426655730395414877676052211938385844209501290276226509140287163459047
5 5 24 24860438648602538370104317796692236749920809778710986402802766482476862217948412201373841754852594523924589715166511163590487788374969302415435484633057805145362947/354830275342093894604944426148427192557744311290263048391060541843172843829069022219901810034605426655730395414877676052211938385844209501290276226509140287163459047
6 0 11 139358822120360507229539175564775260697614647227017051911512847005110741142087279515004275992027609202713689622458723489771858248555287851465680731676967947408626061/709660550684187789209888852296854385115488622580526096782121083686345687658138044439803620069210853311460790829755352104423876771688419002580552453018280574326918094
6 0 12 13/37
6 0 13 228802953945827210231716985801463907937443383344422877660517784201681751387927049000837812983582276178531162660158921782361861341851086026268017366378603773346940489/709660550684187789209888852296854385115488622580526096782121083686345687658138044439803620069210853311460790829755352104423876771688419002580552453018280574326918094
6 0 33 46079290567183262094200736278022378422629456902558769305483414240823976759253823127961210669776955680662154668341561830232775914533597602510627422221386217782298269/354830275342093894604944426148427192557744311290263048391060541843172843829069022219901810034605426655730395414877676052211938385844209501290276226509140287163459047
6 1 3 21815457692333957293532680481461372121844426437848427074673948002025107884554363562016675958047393507438846517150358459857341612196638068082070561431453912345380458/354830275342093894604944426148427192557744311290263048391060541843172843829069022219901810034605426655730395414877676052211938385844209501290276226509140287163459047
6 1 10 44722065912733351501088905118344323619914368058702912874502468598285505122919884742916768495777333487908736518850099146295001546647899087401168317350817912969157214/354830275342093894604944426148427192557744311290263048391060541843172843829069022219901810034605426655730395414877676052211938385844209501290276226509140287163459047
6 1 17 55154285493848216834497930238866270332331471673304749129057643916194585687336103643126372784726922768865786652860444621822814041542223862075965025004647859421759587/709660550684187789209888852296854385115488622580526096782121083686345687658138044439803620069210853311460790829755352104423876771688419002580552453018280574326918094
6 1 21 193500218321937895540001659574543412269511501510724494161508584813495990300683162812712904415540847379224548957553679342792244298668443552310337826890570655048248923/709660550684187789209888852296854385115488622580526096782121083686345687658138044439803620069210853311460790829755352104423876771688419002580552453018280574326918094
6 1 28 39295403087316755842957436454631425697478191099712772497039198879064322022777105853029172103623286301891829968442864877839763380786913678701086166519290995610539617/354830275342093894604944426148427192557744311290263048391060541843172843829069022219901810034605426655730395414877676052211938385844209501290276226509140287163459047
6 1 34 13/37
6 2 1 21253491954673232343853626466107761881365169233889198179502303960083900155596142062929572430802728037077389676727595148790003489264851444956668483157885064051883749/354830275342093894604944426148427192557744311290263048391060541843172843829069022219901810034605426655730395414877676052211938385844209501290276226509140287163459047
6 2 6 110620107808473009194148624101472722268211067030030700531234745620539858724762632492060827971836680327217668563496772139367402686962364380332537276046238054125254145/354830275342093894604944426148427192557744311290263048391060541843172843829069022219901810034605426655730395414877676052211938385844209501290276226509140287163459047
6 2 11 20537239537806337328514232573106551697728294859545750938605839796223490221689020667201296770464780390360466550295661389462744010363763893557582144141332644659814517/709660550684187789209888852296854385115488622580526096782121083686345687658138044439803620069210853311460790829755352104423876771688419002580552453018280574326918094
6 2 15 194185907989785330725733288135704189302840206530663879470065980081710655922279966024912736969320133800025842557594138550001791310672626057749634485515288558584995419/709660550684187789209888852296854385115488622580526096782121083686345687658138044439803620069210853311460790829755352104423876771688419002580552453018280574326918094
6 2 18 69515811247968556945617678948418959485254367428679565170504168082758035117471931190893182092296605515580027952366846964089488634565201097836834730255320349581617916/354830275342093894604944426148427192557744311290263048391060541843172843829069022219901810034605426655730395414877676052211938385844209501290276226509140287163459047
6 2 28 46079290567183262094200736278022378422629456902558769305483414240823976759253823127961210669776955680662154668341561830232775914533597602510627422221386217782298269/354830275342093894604944426148427192557744311290263048391060541843172843829069022219901810034605426655730395414877676052211938385844209501290276226509140287163459047
6 3 0 32247677273448822626941705601983318834261530052450263329229123319934188448970582462226280246996982788395896651160703935385154107090962842756867269085283858797982831/354830275342093894604944426148427192557744311290263048391060541843172843829069022219901810034605426655730395414877676052211938385844209501290276226509140287163459047
6 3 2 13/37
6 3 15 55154285493848216834497930238866270332331471673304749129057643916194585687336103643126372784726922768865786652860444621822814041542223862075965025004647859421759587/709660550684187789209888852296854385115488622580526096782121083686345687658138044439803620069210853311460790829755352104423876771688419002580552453018280574326918094
6 3 21 55839975161695652020229558800027047365660176693244134437615039184409251308932906855326205338506209189667080252900903829032361053546406367515261683629365762958506083/709660550684187789209888852296854385115488622580526096782121083686345687658138044439803620069210853311460790829755352104423876771688419002580552453018280574326918094
6 3 23 63824564824422852084608493930449133661944735753128483984854867215855472031601687968371341641721776999838590768723276549807367293527679226422823514808299416950886644/354830275342093894604944426148427192557744311290263048391060541843172843829069022219901810034605426655730395414877676052211938385844209501290276226509140287163459047
6 3 30 78590806174633511685914872909262851394956382199425544994078397758128644045554211706058344207246572603783659936885729755679526761573827357402172333038581991221079234/354830275342093894604944426148427192557744311290263048391060541843172843829069022219901810034605426655730395414877676052211938385844209501290276226509140287163459047
6 4 0 92422419468367951153173903585301910983324309049534050970332688679018432355837452371793274630026545496049917954066587650527148569016462117155932486174684350205394672/354830275342093894604944426148427192557744311290263048391060541843172843829069022219901810034605426655730395414877676052211938385844209501290276226509140287163459047
6 4 3 35303480888016996929820611551920269430739941305842811947829370338496662235641544404888299335989575994305535718458114595334903478409912024536930962371615218930007107/354830275342093894604944426148427192557744311290263048391060541843172843829069022219901810034605426655730395414877676052211938385844209501290276226509140287163459047
6 4 16 55154285493848216834497930238866270332331471673304749129057643916194585687336103643126372784726922768865786652860444621822814041542223862075965025004647859421759587/354830275342093894604944426148427192557744311290263048391060541843172843829069022219901810034605426655730395414877676052211938385844209501290276226509140287163459047
6 4 23 60845531917393921695507115256836096155641103348855830314706944783097148773206346865648213235301751284607223836504015036104935382579745733489976240451668792052490859/354830275342093894604944426148427192557744311290263048391060541843172843829069022219901810034605426655730395414877676052211938385844209501290276226509140287163459047
6 4 24 22750831012937859665685314109235804029296205506181410556463358573719392736621304850732138868740363414116579683984825926647165708027420989886910649409216228262573151/709660550684187789209888852296854385115488622580526096782121083686345687658138044439803620069210853311460790829755352104423876771688419002580552453018280574326918094
6 4 27 71809154487150052148987429060871219958229294813012833532094695247301692754270469081416477944937344810010101284545649270582373533508952085330385345987233070943267205/709660550684187789209888852296854385115488622580526096782121083686345687658138044439803620069210853311460790829755352104423876771688419002580552453018280574326918094
6 4 28 55839975161695652020229558800027047365660176693244134437615039184409251308932906855326205338506209189667080252900903829032361053546406367515261683629365762958506083/709660550684187789209888852296854385115488622580526096782121083686345687658138044439803620069210853311460790829755352104423876771688419002580552453018280574326918094
6 4 32 71809154487150052148987429060871219958229294813012833532094695247301692754270469081416477944937344810010101284545649270582373533508952085330385345987233070943267205/709660550684187789209888852296854385115488622580526096782121083686345687658138044439803620069210853311460790829755352104423876771688419002580552453018280574326918094
6 5 1 14049988933343764585966985085812507549374772071953613768327066378412762080045402341958726905186847957228146041730519446544899989145060579580262479213730154878123358/354830275342093894604944426148427192557744311290263048391060541843172843829069022219901810034605426655730395414877676052211938385844209501290276226509140287163459047
6 5 3 14049988933343764585966985085812507549374772071953613768327066378412762080045402341958726905186847957228146041730519446544899989145060579580262479213730154878123358/354830275342093894604944426148427192557744311290263048391060541843172843829069022219901810034605426655730395414877676052211938385844209501290276226509140287163459047
6 5 9 13/37
6 5 22 55839975161695652020229558800027047365660176693244134437615039184409251308932906855326205338506209189667080252900903829032361053546406367515261683629365762958506083/709660550684187789209888852296854385115488622580526096782121083686345687658138044439803620069210853311460790829755352104423876771688419002580552453018280574326918094
6 5 24 2307424152824324809112383046828481192435341837899230859527638192429413480595430512999740074956763296825783368561741262380338899873527331924640907803802086848455078/9590007441678213367701200706714248447506603007844947253812447076842509292677541141078427298232579098803524200402099352762484821239032689224061519635382169923336731
6 5 31 177531038996483495411243789313699239676942383390955795067028928750603548855345600586622631809109711758881527925908933901242231818705897834495214164532703347063487801/709660550684187789209888852296854385115488622580526096782121083686345687658138044439803620069210853311460790829755352104423876771688419002580552453018280574326918094
6 6 1 89366615853799776850294997635364960386845897796141502351732441660455958569166490429131255541033952290140278886769176990577399197697512935375868792888352990073370396/354830275342093894604944426148427192557744311290263048391060541843172843829069022219901810034605426655730395414877676052211938385844209501290276226509140287163459047
6 6 4 10432219581114865333409025120521946712417103614601836254555175317909080564416218900209604288949589280957050134010345475527812494894324774674796707653829946452602373/354830275342093894604944426148427192557744311290263048391060541843172843829069022219901810034605426655730395414877676052211938385844209501290276226509140287163459047
6 6 10 69515811247968556945617678948418959485254367428679565170504168082758035117471931190893182092296605515580027952366846964089488634565201097836834730255320349581617916/354830275342093894604944426148427192557744311290263048391060541843172843829069022219901810034605426655730395414877676052211938385844209501290276226509140287163459047
6 6 19 13/37
6 6 26 60845531917393921695507115256836096155641103348855830314706944783097148773206346865648213235301751284607223836504015036104935382579745733489976240451668792052490859/354830275342093894604944426148427192557744311290263048391060541843172843829069022219901810034605426655730395414877676052211938385844209501290276226509140287163459047
7 0 10 60493356673565287128806630284454772078789946947757299952625184918733120586010105706245221416580335691572536501618678395889087283097374476372632593263039641405540737/354830275342093894604944426148427192557744311290263048391060541843172843829069022219901810034605426655730395414877676052211938385844209501290276226509140287163459047
7 0 14 55932523512325995787179442602054363300348835456620863818466461246204797664192690073940790885967007888448956818714184977193344557318917034577328261772277707878569463/354830275342093894604944426148427192557744311290263048391060541843172843829069022219901810034605426655730395414877676052211938385844209501290276226509140287163459047
7 0 15 40583709666571798609816734053542947711026339289834909353104523785624745560822264404784348469222707786852127087263346732254499047467660236758339807479549840484817164/354830275342093894604944426148427192557744311290263048391060541843172843829069022219901810034605426655730395414877676052211938385844209501290276226509140287163459047
7 0 31 15/37
7 0 33 53970573864457612563623608607661382754980144478375766459677665739972540627880844918755039789346688806803912001249975655437735179374767415221052769463540548544480718/354830275342093894604944426148427192557744311290263048391060541843172843829069022219901810034605426655730395414877676052211938385844209501290276226509140287163459047
7 1 0 15/37
7 1 4 31738129876304514025557111267175606371746787821743750963306148586320081762790478565466109232052890715425346941910020925158953431058272709294535732454081488371335903/709660550684187789209888852296854385115488622580526096782121083686345687658138044439803620069210853311460790829755352104423876771688419002580552453018280574326918094
7 1 20 82191168108724238872742385589549747963047473538135574961917683886040146286370946499782238556917118900889684358048987849704697536762607642718491287930369225573244265/709660550684187789209888852296854385115488622580526096782121083686345687658138044439803620069210853311460790829755352104423876771688419002580552453018280574326918094
7 1 22 88231253518411546569939926578289203554261460747973342569917071159285332103654706670797120302760076068274550271559657043938060820222949402615631903749238502081830309/709660550684187789209888852296854385115488622580526096782121083686345687658138044439803620069210853311460790829755352104423876771688419002580552453018280574326918094
7 1 35 5111622696055839272339846689777031948865925819472674666804808552312205784302225080730356582104730108436406587120318737273200473173804850493722045112165726990707109/16503733736841576493253229123182660118964851687919211553072583341542922968793908010227991164400252402592111414645473304754043645853219046571640754721355362193649258
7 2 2 144097046349389895431120024730143120452753631500362939014134341226545601689150375519005127942990466471782465432724589703328902091474873898272653333062828193571627101/709660550684187789209888852296854385115488622580526096782121083686345687658138044439803620069210853311460790829755352104423876771688419002580552453018280574326918094
7 2 3 68475842977500216077480069352937893141605767365153427502029410780725371786815090074793875811384448086003872318322366609270007734221128064829653256858406499667426545/709660550684187789209888852296854385115488622580526096782121083686345687658138044439803620069210853311460790829755352104423876771688419002580552453018280574326918094
7 2 15 58089472730837294000192029378539870819492098010844716782072005545514977975607768688678646916522781795145945446819881980595401033763453975519115158251610852281267032/354830275342093894604944426148427192557744311290263048391060541843172843829069022219901810034605426655730395414877676052211938385844209501290276226509140287163459047
7 2 25 15/37
7 2 30 46604246322638344334934339127633088228473468728985939543719954141384739725315403618147251767406501099638418086502825623879810120647264205859084978766179539412614227/354830275342093894604944426148427192557744311290263048391060541843172843829069022219901810034605426655730395414877676052211938385844209501290276226509140287163459047
7 3 2 17244032812274933474919198092703949732834522440799784449901541787867781060985249598609410267628001698300832891365795248891951601728413878254957114142777010339068373/354830275342093894604944426148427192557744311290263048391060541843172843829069022219901810034605426655730395414877676052211938385844209501290276226509140287163459047
7 3 4 55932523512325995787179442602054363300348835456620863818466461246204797664192690073940790885967007888448956818714184977193344557318917034577328261772277707878569463/354830275342093894604944426148427192557744311290263048391060541843172843829069022219901810034605426655730395414877676052211938385844209501290276226509140287163459047
7 3 10 82191168108724238872742385589549747963047473538135574961917683886040146286370946499782238556917118900889684358048987849704697536762607642718491287930369225573244265/709660550684187789209888852296854385115488622580526096782121083686345687658138044439803620069210853311460790829755352104423876771688419002580552453018280574326918094
7 3 16 88231253518411546569939926578289203554261460747973342569917071159285332103654706670797120302760076068274550271559657043938060820222949402615631903749238502081830309/709660550684187789209888852296854385115488622580526096782121083686345687658138044439803620069210853311460790829755352104423876771688419002580552453018280574326918094
7 3 19 199468969731934854461096094623138249870936629487375075044456341145989946676671527561555698644217296895831175740503323538936483816948031274106213685312226595618271621/709660550684187789209888852296854385115488622580526096782121083686345687658138044439803620069210853311460790829755352104423876771688419002580552453018280574326918094
7 3 23 40008314009016894852759278241620134193383851922704888792841757560749803829337730090937958574312238002188497534830255003111415603943904277420484199859482177917086862/354830275342093894604944426148427192557744311290263048391060541843172843829069022219901810034605426655730395414877676052211938385844209501290276226509140287163459047
7 3 30 614850964026164712918540460704124454731694042821184096508700293912636046311877951618172394500376864422277881134238355855733605149662002664092956422149102995735490/9590007441678213367701200706714248447506603007844947253812447076842509292677541141078427298232579098803524200402099352762484821239032689224061519635382169923336731
7 3 32 1579080170231286333033084035837559991254959999954032719575968478043033257100710599091801998057534379100935878276494764654114518388310979197483666261356717141853401/16503733736841576493253229123182660118964851687919211553072583341542922968793908010227991164400252402592111414645473304754043645853219046571640754721355362193649258
7 4 5 76499092385995901989080222197953027223088245083425835124617384681247131554375083197437006684142015383037420484549501275330840134217376073043871185731711544491601368/354830275342093894604944426148427192557744311290263048391060541843172843829069022219901810034605426655730395414877676052211938385844209501290276226509140287163459047
7 4 8 88231253518411546569939926578289203554261460747973342569917071159285332103654706670797120302760076068274550271559657043938060820222949402615631903749238502081830309/709660550684187789209888852296854385115488622580526096782121083686345687658138044439803620069210853311460790829755352104423876771688419002580552453018280574326918094
7 4 12 199468969731934854461096094623138249870936629487375075044456341145989946676671527561555698644217296895831175740503323538936483816948031274106213685312226595618271621/709660550684187789209888852296854385115488622580526096782121083686345687658138044439803620069210853311460790829755352104423876771688419002580552453018280574326918094
7 4 17 52068936074770748275074424304449730302044968571693686591456575189754983811114629475315743618338988482359654447580403088970089960583850006418369986964981153353469969/709660550684187789209888852296854385115488622580526096782121083686345687658138044439803620069210853311460790829755352104423876771688419002580552453018280574326918094
7 4 26 74496379633566761802597674427028033659052896804304457692644841136485365951308229288156779109568241398790163317561845500895318807400732033930398428145036198595223608/354830275342093894604944426148427192557744311290263048391060541843172843829069022219901810034605426655730395414877676052211938385844209501290276226509140287163459047
7 4 32 1579080170231286333033084035837559991254959999954032719575968478043033257100710599091801998057534379100935878276494764654114518388310979197483666261356717141853401/16503733736841576493253229123182660118964851687919211553072583341542922968793908010227991164400252402592111414645473304754043645853219046571640754721355362193649258
7 5 6 15/37
7 5 28 7/37
7 5 29 15/37
7 6 2 109115111276406638650077600285876433506775413853385909700435987502994114969205359516128870468730903095721594796606800381761739342239279021939278027713082883450338083/709660550684187789209888852296854385115488622580526096782121083686345687658138044439803620069210853311460790829755352104423876771688419002580552453018280574326918094
7 6 3 67351019239177298526437788402760699489510800034248373682569321471390507835788033918739402789346671099015442521481989016106432184368114265317051608799021004358449597/354830275342093894604944426148427192557744311290263048391060541843172843829069022219901810034605426655730395414877676052211938385844209501290276226509140287163459047
7 6 17 119452341713901064755577538139897981484168925641965297458772826024490339017996067379679781495592820891454180670842813532713652609060222719265245285593262239784097897/709660550684187789209888852296854385115488622580526096782121083686345687658138044439803620069210853311460790829755352104423876771688419002580552453018280574326918094
7 6 18 15/37
7 6 26 29345417982589543860161057932065558860162296390664862321700107455402469609517157737081671789608207081074202153639389787430537907240854027010040166526214172337740495/354830275342093894604944426148427192557744311290263048391060541843172843829069022219901810034605426655730395414877676052211938385844209501290276226509140287163459047
7 7 3 84522341794491587900680375042968161304570722801698242747205358581768891321935076320080137556899582680070968650776635941391672534213624081258089114605016589315776191/709660550684187789209888852296854385115488622580526096782121083686345687658138044439803620069210853311460790829755352104423876771688419002580552453018280574326918094
7 7 7 87917588112847204728338567998659363412250209661053344988720244906432841725970427042235618587521678593603906187317305314243927761266573303783594532758454840971481502/354830275342093894604944426148427192557744311290263048391060541843172843829069022219901810034605426655730395414877676052211938385844209501290276226509140287163459047
7 7 8 45176929227764107905509247168630908182080607816994582672010176821497915853733084022713414087743196900054790471948261578587372237354376126083467828799571856083966769/354830275342093894604944426148427192557744311290263048391060541843172843829069022219901810034605426655730395414877676052211938385844209501290276226509140287163459047
7 7 13 205509055141622162158293635611877705462150616697212842652455728419235132493955287732570580390060254063216041654013992733169847100408373034003354301131095872126857665/709660550684187789209888852296854385115488622580526096782121083686345687658138044439803620069210853311460790829755352104423876771688419002580552453018280574326918094
7 7 21 8/37
8 0 0 145818911496530370187157094787719827042600623296424600183458258224936240512265741974981729772989612373910991501664004668116884552462829308724640089687343852977688534/354830275342093894604944426148427192557744311290263048391060541843172843829069022219901810034605426655730395414877676052211938385844209501290276226509140287163459047
8 0 1 94999467822644814475743976480257717537234555963050807126637422966656969608440158267185739126548529705571033441171827999308406579973716152691206897454223162011127634/354830275342093894604944426148427192557744311290263048391060541843172843829069022219901810034605426655730395414877676052211938385844209501290276226509140287163459047
8 0 3 114011896022918709942043354880449647977909132030787641080964860651579633708363121977734341135067284576248370472041843384786647253407664039874429239367573272174642879/354830275342093894604944426148427192557744311290263048391060541843172843829069022219901810034605426655730395414877676052211938385844209501290276226509140287163459047
8 1 5 977791399136709808283911241879424873105888135731874528420802093143488821453552012568646464691503833403986265447546399038404246759973058532265363431884555560499994/2381411243906670433590231047976021426562042357652772136852755314383710361268919612214106107614801521179398626945487758739677438831169191283827357224893558974251403
8 1 13 977791399136709808283911241879424873105888135731874528420802093143488821453552012568646464691503833403986265447546399038404246759973058532265363431884555560499994/2381411243906670433590231047976021426562042357652772136852755314383710361268919612214106107614801521179398626945487758739677438831169191283827357224893558974251403
8 1 23 35939929530680232940924493712881115642536449665508274298248622629956216432671212607929802531221243845650385213451945324135242623717473910637986173672410207848825646/354830275342093894604944426148427192557744311290263048391060541843172843829069022219901810034605426655730395414877676052211938385844209501290276226509140287163459047
8 1 25 27508508868674138795414382355477464729653197176656164623412895456456958603239309866515361025316040455692103098056903814632230227654764148037211750135132522285635189/354830275342093894604944426148427192557744311290263048391060541843172843829069022219901810034605426655730395414877676052211938385844209501290276226509140287163459047
8 2 8 114139889048079318694897674628135168927732423103162936529723606998136039824049614079987747669022825772965408422021434596181299038634507627291530177704118346637832307/354830275342093894604944426148427192557744311290263048391060541843172843829069022219901810034605426655730395414877676052211938385844209501290276226509140287163459047
8 2 15 784704000982114908263081697448936649330587404030298409216524635220485278647963935902637861371384791146197187587101445627079049016905286266009091224460753481506637/2381411243906670433590231047976021426562042357652772136852755314383710361268919612214106107614801521179398626945487758739677438831169191283827357224893558974251403
8 2 21 65070858717938055150449285010804374660091396420523127786223361832786190267161896444286471439523416700315218754958472097761479691080295158395735242449972167880971167/709660550684187789209888852296854385115488622580526096782121083686345687658138044439803620069210853311460790829755352104423876771688419002580552453018280574326918094
8 2 24 20814968376176223483190905022039710118704970466293311317042248137972577968675864724596898207901900629001684110172449070018426469356538775371367970745011563262664143/354830275342093894604944426148427192557744311290263048391060541843172843829069022219901810034605426655730395414877676052211938385844209501290276226509140287163459047
8 2 34 140838184825068407040864062145917130862007392620061547355841670285637648768431937487361774187165316045644625109452881877393389457588255731588311728780744049155976201/709660550684187789209888852296854385115488622580526096782121083686345687658138044439803620069210853311460790829755352104423876771688419002580552453018280574326918094
8 3 3 116370523739327958500789509893341728287482677243723480403436835086864587778113755205402287455837406056818509094975003625771873784077650976520179076850322887129029/2381411243906670433590231047976021426562042357652772136852755314383710361268919612214106107614801521179398626945487758739677438831169191283827357224893558974251403
8 3 7 48890237460450308556022737386007054679879828030201166785087993308186618151468585318345516400931018906694502984814254400780942922429048089517515656097378542058892120/354830275342093894604944426148427192557744311290263048391060541843172843829069022219901810034605426655730395414877676052211938385844209501290276226509140287163459047
8 3 18 244126552975109011060371316302672770729366600868500859493728384432860610025010696869551173688573865879088039827922822877156979438921396750020807578078466238386096773/709660550684187789209888852296854385115488622580526096782121083686345687658138044439803620069210853311460790829755352104423876771688419002580552453018280574326918094
8 3 20 73926519260933790971630012695792176821737709093163323642105502727109263494853908286523388982096514650188315808841486614346949317857465190245960129510705651610556893/354830275342093894604944426148427192557744311290263048391060541843172843829069022219901810034605426655730395414877676052211938385844209501290276226509140287163459047
8 3 31 185222068191990847460976761882367316353217109646666659273781530327007667182604461309304753952742373313675197704218496116531094464538855702029779938822249728237472653/709660550684187789209888852296854385115488622580526096782121083686345687658138044439803620069210853311460790829755352104423876771688419002580552453018280574326918094
8 4 16 71764399210435970462672762344242129271039623130885981092594009151270570901725341586204934256937556527005637742842926842375283449378520531061579021840093126903942213/354830275342093894604944426148427192557744311290263048391060541843172843829069022219901810034605426655730395414877676052211938385844209501290276226509140287163459047
8 4 22 1742216862322510997160737922610186849940505426255123240975749664563833829084772492882074808702142626311603968577234337750960210950648246406552322776788116681725158/5816889759706457288605646330302085123897447726069886039197713800707751538181459380654128033354187322225088449424224197577244891571216549201479938139494103068253427
8 4 29 154598705846523533105410300656738572694728998644511993639975873132823400146086296656918822564048641289701629291440647487459229565000845954208271410264219203133533970/354830275342093894604944426148427192557744311290263048391060541843172843829069022219901810034605426655730395414877676052211938385844209501290276226509140287163459047
8 4 32 22191941683461220210056349868225092745604858513302555958969930020685009207086261910971489882788528634015286297382807119568852503475299985220734105020752839540748226/354830275342093894604944426148427192557744311290263048391060541843172843829069022219901810034605426655730395414877676052211938385844209501290276226509140287163459047
8 5 3 31679022448451051492259420159584658114868200193261663653734651226800200688216127894993982103966786600945583079642570071935585513828321681433109911983225506339856227/354830275342093894604944426148427192557744311290263048391060541843172843829069022219901810034605426655730395414877676052211938385844209501290276226509140287163459047
8 5 11 91265727298093656788247649669900094336572628002478122222217591155052087073792857812128329813016288152654273663992762154586958511685035185747466811961403761792782214/354830275342093894604944426148427192557744311290263048391060541843172843829069022219901810034605426655730395414877676052211938385844209501290276226509140287163459047
8 5 18 41256496715893151526282526200133487626584788328861882962691588065728165828824260563473673673748755667327202014126042019198620347896938073454463818786789890593712609/709660550684187789209888852296854385115488622580526096782121083686345687658138044439803620069210853311460790829755352104423876771688419002580552453018280574326918094
8 5 27 140838184825068407040864062145917130862007392620061547355841670285637648768431937487361774187165316045644625109452881877393389457588255731588311728780744049155976201/354830275342093894604944426148427192557744311290263048391060541843172843829069022219901810034605426655730395414877676052211938385844209501290276226509140287163459047
8 5 31 140838184825068407040864062145917130862007392620061547355841670285637648768431937487361774187165316045644625109452881877393389457588255731588311728780744049155976201/709660550684187789209888852296854385115488622580526096782121083686345687658138044439803620069210853311460790829755352104423876771688419002580552453018280574326918094
8 6 1 68030658685884812775176435533884506070377695170313296188174177339665688367078041131147524943405314974088877965663860997653835381089839564117838936347273726685596793/354830275342093894604944426148427192557744311290263048391060541843172843829069022219901810034605426655730395414877676052211938385844209501290276226509140287163459047
8 6 11 309457921893922858521619054323829952062783408945299599607714293009868130583701831871410890775956448314607586955419957037097071527145423242776451284274124966122386/2381411243906670433590231047976021426562042357652772136852755314383710361268919612214106107614801521179398626945487758739677438831169191283827357224893558974251403
8 6 14 116370523739327958500789509893341728287482677243723480403436835086864587778113755205402287455837406056818509094975003625771873784077650976520179076850322887129029/2381411243906670433590231047976021426562042357652772136852755314383710361268919612214106107614801521179398626945487758739677438831169191283827357224893558974251403
8 6 19 117075949655181539266624101266962708268806138276222795581704116878700116851909336548502558203832127175291187054493671312982057285392588847697547676970248712758166781/354830275342093894604944426148427192557744311290263048391060541843172843829069022219901810034605426655730395414877676052211938385844209501290276226509140287163459047
8 6 24 1742216862322510997160737922610186849940505426255123240975749664563833829084772492882074808702142626311603968577234337750960210950648246406552322776788116681725158/5816889759706457288605646330302085123897447726069886039197713800707751538181459380654128033354187322225088449424224197577244891571216549201479938139494103068253427
8 7 2 17/37
8 7 11 1892933678354596768711562371037043820483640854197588976907026085862687528231167698505495547986856857775669231526142679436487619638185583997123728672753170553897279/354830275342093894604944426148427192557744311290263048391060541843172843829069022219901810034605426655730395414877676052211938385844209501290276226509140287163459047
8 7 18 18445667984673949188881928391702050609152915680485143109694587971165582520369552983315344840805677048676621254285113869347954448016202721074286406696115653652922457/354830275342093894604944426148427192557744311290263048391060541843172843829069022219901810034605426655730395414877676052211938385844209501290276226509140287163459047
8 7 26 8431420662006094145510111357403650912883252488852109674835727173499257829431902741414441505905203389958282115395041509503012396062709762600774423537277685563190457/354830275342093894604944426148427192557744311290263048391060541843172843829069022219901810034605426655730395414877676052211938385844209501290276226509140287163459047
8 7 28 17/37
8 8 0 17211215011999257063763317226422396565011627836939503131353342081386417463252457423351534296964232305748919905171684328845357408600726408084405744114153035719035893/354830275342093894604944426148427192557744311290263048391060541843172843829069022219901810034605426655730395414877676052211938385844209501290276226509140287163459047
8 8 4 17/37
8 8 5 116370523739327958500789509893341728287482677243723480403436835086864587778113755205402287455837406056818509094975003625771873784077650976520179076850322887129029/2381411243906670433590231047976021426562042357652772136852755314383710361268919612214106107614801521179398626945487758739677438831169191283827357224893558974251403
8 8 7 309457921893922858521619054323829952062783408945299599607714293009868130583701831871410890775956448314607586955419957037097071527145423242776451284274124966122386/2381411243906670433590231047976021426562042357652772136852755314383710361268919612214106107614801521179398626945487758739677438831169191283827357224893558974251403
8 8 11 23762235169886867774239960878954422593201254343838751774137553406937531916522600938859215983333188870353438054959210564411332172195666883890764051810495336397809420/354830275342093894604944426148427192557744311290263048391060541843172843829069022219901810034605426655730395414877676052211938385844209501290276226509140287163459047
8 8 19 22191941683461220210056349868225092745604858513302555958969930020685009207086261910971489882788528634015286297382807119568852503475299985220734105020752839540748226/354830275342093894604944426148427192557744311290263048391060541843172843829069022219901810034605426655730395414877676052211938385844209501290276226509140287163459047
8 8 21 8431420662006094145510111357403650912883252488852109674835727173499257829431902741414441505905203389958282115395041509503012396062709762600774423537277685563190457/354830275342093894604944426148427192557744311290263048391060541843172843829069022219901810034605426655730395414877676052211938385844209501290276226509140287163459047
8 8 22 930408162407482892198613094015095504282646231668878452709686406031619580349952087418470503920051548764788021698760563838584739230721519442776297449465930673958849/5816889759706457288605646330302085123897447726069886039197713800707751538181459380654128033354187322225088449424224197577244891571216549201479938139494103068253427
9 0 0 91237289795405040155704445556710280369844984478199276584425203931736194342994810452352985186929095269117708330366979297701326402776574352959494901347255237868795957/354830275342093894604944426148427192557744311290263048391060541843172843829069022219901810034605426655730395414877676052211938385844209501290276226509140287163459047
9 0 3 166576356045547888797418482072761057315733261430271992334456020823629702120360139978042823005199595049722724125404612467871457611770958174322219265939977412622243501/709660550684187789209888852296854385115488622580526096782121083686345687658138044439803620069210853311460790829755352104423876771688419002580552453018280574326918094
9 0 13 286946943138453197821758998606296200645839476479216153571217630829376532013275731015675450385207584355174035525880970854536343414158908901572439037908746781182812541/709660550684187789209888852296854385115488622580526096782121083686345687658138044439803620069210853311460790829755352104423876771688419002580552453018280574326918094
9 0 26 36831335954688311139651240252188283207112957857319698853798512084933532419256276270689688152472741684164307258867905093306711470102701610383452173237522952392135069/354830275342093894604944426148427192557744311290263048391060541843172843829069022219901810034605426655730395414877676052211938385844209501290276226509140287163459047
9 1 3 174985653886512629943040218953749658219022821364958578960201703024080242402452721561879151243583257933379514687997491593407348874875014772205548205005257488847345563/709660550684187789209888852296854385115488622580526096782121083686345687658138044439803620069210853311460790829755352104423876771688419002580552453018280574326918094
9 1 5 79808153369549245539610982642394917634597568726760564409317571395583490043527959541823853644901518883401867929428143625853518042557939730966209763747611460060192600/354830275342093894604944426148427192557744311290263048391060541843172843829069022219901810034605426655730395414877676052211938385844209501290276226509140287163459047
9 1 22 99263423381604883280584673251102437611629836500517412817977853726881298190396868819558951786770758414745288572833807935308935455775129955741383508798534310408159468/354830275342093894604944426148427192557744311290263048391060541843172843829069022219901810034605426655730395414877676052211938385844209501290276226509140287163459047
9 1 31 12293719390446500731080920884806826199050953948877055277281802219374520160425840758663614785829930751107670575729932770101309008316283546876975808202192629986918579/709660550684187789209888852296854385115488622580526096782121083686345687658138044439803620069210853311460790829755352104423876771688419002580552453018280574326918094
9 1 32 82119011952460200447688200335651595102480018406067254045023364098980674313704912698247621588226555015339646280752012309295155945915490655041420947359269457277974908/354830275342093894604944426148427192557744311290263048391060541843172843829069022219901810034605426655730395414877676052211938385844209501290276226509140287163459047
9 2 2 55980644625970283939359389826273271213408327557128787305507963902648144805411504726898149570812163210897260418941739630564497269641947064683445416451744646167733489/354830275342093894604944426148427192557744311290263048391060541843172843829069022219901810034605426655730395414877676052211938385844209501290276226509140287163459047
9 2 27 55691384079633392885496351089096068397954864308048496268202310492167036610894580693169189883255744096139456509834436609620694389845784014678617054278446104794220887/709660550684187789209888852296854385115488622580526096782121083686345687658138044439803620069210853311460790829755352104423876771688419002580552453018280574326918094
9 2 28 1216647711816371975205848162549432445097023827530239744067318507251343586278503495742331126247554182233987459982968529182046500545748023440974734748191352579674161/5816889759706457288605646330302085123897447726069886039197713800707751538181459380654128033354187322225088449424224197577244891571216549201479938139494103068253427
9 2 29 90923956218163385692807939529932603633897951453804172033049861448403329219252495530119481560777834980044823758563116668753912409871721835556842846234114200077714291/709660550684187789209888852296854385115488622580526096782121083686345687658138044439803620069210853311460790829755352104423876771688419002580552453018280574326918094
9 2 33 196605046819419700544754319020956242418789613585720765503647264890292462904275716075035629746902647722401333016612954056419844110595928203570127828522515045379559129/709660550684187789209888852296854385115488622580526096782121083686345687658138044439803620069210853311460790829755352104423876771688419002580552453018280574326918094
9 2 34 711730560224384974718107296465048120377131752751717044228140007822299676422247088638380015667440871533786487174088623814031934600737127245699035246982355147783283/4762822487813340867180462095952042853124084715305544273705510628767420722537839224428212215229603042358797253890975517479354877662338382567654714449787117948502806
9 3 3 11429136425855794616093462914315362735247415751438712175107632536152704299466850910529131542027576385715840400938835671847808360218634621993285137599643777808603357/354830275342093894604944426148427192557744311290263048391060541843172843829069022219901810034605426655730395414877676052211938385844209501290276226509140287163459047
9 3 7 55980644625970283939359389826273271213408327557128787305507963902648144805411504726898149570812163210897260418941739630564497269641947064683445416451744646167733489/354830275342093894604944426148427192557744311290263048391060541843172843829069022219901810034605426655730395414877676052211938385844209501290276226509140287163459047
9 3 15 569820738423931556263661180318383210387408800289497156988892474310685060055517424405846518779852809358946551960225548217215502441103863094246672492660184857835736/2381411243906670433590231047976021426562042357652772136852755314383710361268919612214106107614801521179398626945487758739677438831169191283827357224893558974251403
9 3 21 19/37
9 3 28 37036913686999913827251581062775471135977135278760227342147948712382946840029555441577193504814983173281303053404415995930355372778729559765877173054777684501112463/709660550684187789209888852296854385115488622580526096782121083686345687658138044439803620069210853311460790829755352104423876771688419002580552453018280574326918094
9 3 30 3577212059432006532514907162882008381501263900252722051178995831761541590061021889449364409482248001453294037162796729964267204656332676861368022903468497151286833/709660550684187789209888852296854385115488622580526096782121083686345687658138044439803620069210853311460790829755352104423876771688419002580552453018280574326918094
9 4 8 91237289795405040155704445556710280369844984478199276584425203931736194342994810452352985186929095269117708330366979297701326402776574352959494901347255237868795957/354830275342093894604944426148427192557744311290263048391060541843172843829069022219901810034605426655730395414877676052211938385844209501290276226509140287163459047
9 4 16 73479342623141290502785704744009975733712304736287144327281908294780257374484730629093283294131578610279316055079877022833080966901152827931650324370026870833414114/354830275342093894604944426148427192557744311290263048391060541843172843829069022219901810034605426655730395414877676052211938385844209501290276226509140287163459047
9 4 26 212412049882742720465017243861228674321912743439166024817481135203589894005708114990966475521154147520534155460194818114800482935845650653854052083961708945215261303/709660550684187789209888852296854385115488622580526096782121083686345687658138044439803620069210853311460790829755352104423876771688419002580552453018280574326918094
9 4 31 167815235964352407427891307834185198586461300712387230141225724029722890217470847285944607585935358032132586598666821348554579096487313986944209917622007411707236649/709660550684187789209888852296854385115488622580526096782121083686345687658138044439803620069210853311460790829755352104423876771688419002580552453018280574326918094
9 5 2 126229496765915770046963423601297449289217129591925210516928530557359531755461776953591969095606839666369699388698148071922714333899674030573723456620516582375664400/354830275342093894604944426148427192557744311290263048391060541843172843829069022219901810034605426655730395414877676052211938385844209501290276226509140287163459047
9 5 5 17498697997171006563426314917736704520303977179158357021773944392132112569073225902195133723319415399382055636138137392268583697259205763248204907918282224665680625/354830275342093894604944426148427192557744311290263048391060541843172843829069022219901810034605426655730395414877676052211938385844209501290276226509140287163459047
9 5 14 19/37
9 5 15 14360133356439081397299157383663339263905925257382336426632875054589224242124772583087820488572689820262252330760201250943825592050654354698629307392166766590634804/354830275342093894604944426148427192557744311290263048391060541843172843829069022219901810034605426655730395414877676052211938385844209501290276226509140287163459047
9 5 29 14531805830681982610932716818158978981691822112743146603288697379084298701535965100536768060687478892449428251641301634589603159093054257512549681505913484988081329/354830275342093894604944426148427192557744311290263048391060541843172843829069022219901810034605426655730395414877676052211938385844209501290276226509140287163459047
9 6 5 569820738423931556263661180318383210387408800289497156988892474310685060055517424405846518779852809358946551960225548217215502441103863094246672492660184857835736/2381411243906670433590231047976021426562042357652772136852755314383710361268919612214106107614801521179398626945487758739677438831169191283827357224893558974251403
9 6 6 90972851596481013830618367870860440132780472670854721238011290528271482217878471228137133479489907608149251477272908404785885200765046742297673971725005990674601932/354830275342093894604944426148427192557744311290263048391060541843172843829069022219901810034605426655730395414877676052211938385844209501290276226509140287163459047
9 6 10 106121796629337951745692321630339106944110299698714838246160185034718202457795642543837450448221180106629531434926531703861942314164425902121150464447412991624662262/354830275342093894604944426148427192557744311290263048391060541843172843829069022219901810034605426655730395414877676052211938385844209501290276226509140287163459047
9 6 26 78345560991652765228325902489536200269112255144302573119794829546558394277525895828634385506738374865671149637349147103560517331032188315893381315707767607087264337/709660550684187789209888852296854385115488622580526096782121083686345687658138044439803620069210853311460790829755352104423876771688419002580552453018280574326918094
9 6 28 67319113190565489062370539070040893997147000210814251911293345669223776132719728594277804110654165827266002883860111414837484683348334195764013862152939915006076041/709660550684187789209888852296854385115488622580526096782121083686345687658138044439803620069210853311460790829755352104423876771688419002580552453018280574326918094
9 7 1 90972851596481013830618367870860440132780472670854721238011290528271482217878471228137133479489907608149251477272908404785885200765046742297673971725005990674601932/354830275342093894604944426148427192557744311290263048391060541843172843829069022219901810034605426655730395414877676052211938385844209501290276226509140287163459047
9 7 10 2609002139406811737844787053221637824802852714052015248994401130509216728592908507559384924066244160358112317633478975792188322476042365204368084254821366085321513/354830275342093894604944426148427192557744311290263048391060541843172843829069022219901810034605426655730395414877676052211938385844209501290276226509140287163459047
9 7 11 653066116555169477201592601074708873522829167153818264638198092535004044379873727812207968914234458273717607822592490054510749931658694592043051487690561642455525/2381411243906670433590231047976021426562042357652772136852755314383710361268919612214106107614801521179398626945487758739677438831169191283827357224893558974251403
9 7 15 82946718010281170705738140176468282890995620648536585004458640733126378370476412860931166879648244462521671234806079767178276147766491139515785364273726918135238421/354830275342093894604944426148427192557744311290263048391060541843172843829069022219901810034605426655730395414877676052211938385844209501290276226509140287163459047
9 7 27 80994852229204646227705833487745209554263819350900805468504693663550163899520044179255137383180096141917436819598927886333486975019483760058034134589692327542423956/354830275342093894604944426148427192557744311290263048391060541843172843829069022219901810034605426655730395414877676052211938385844209501290276226509140287163459047
9 8 1 91237289795405040155704445556710280369844984478199276584425203931736194342994810452352985186929095269117708330366979297701326402776574352959494901347255237868795957/354830275342093894604944426148427192557744311290263048391060541843172843829069022219901810034605426655730395414877676052211938385844209501290276226509140287163459047
9 8 17 179601139252479242248478026374349082677822604435001982573442093329498459832280373172930733742352758716908847490006408726695023281065578730052800788817439862458076376/354830275342093894604944426148427192557744311290263048391060541843172843829069022219901810034605426655730395414877676052211938385844209501290276226509140287163459047
9 8 23 28175228761904950146806938771720670724931786452139655425583826255065833342283912172337669947739949408983767814457744310817133659814596630685216000515715265406906898/354830275342093894604944426148427192557744311290263048391060541843172843829069022219901810034605426655730395414877676052211938385844209501290276226509140287163459047
9 8 28 55816617532304662053955015445647158785144935924922133807609418326872356311509926422280421157583623260720071780046543716998455042187459787592764535828729921429679816/354830275342093894604944426148427192557744311290263048391060541843172843829069022219901810034605426655730395414877676052211938385844209501290276226509140287163459047
9 9 0 90972851596481013830618367870860440132780472670854721238011290528271482217878471228137133479489907608149251477272908404785885200765046742297673971725005990674601932/354830275342093894604944426148427192557744311290263048391060541843172843829069022219901810034605426655730395414877676052211938385844209501290276226509140287163459047
9 9 4 77473339645318910150886628248845240359411437818891842073655358090638821108470832345304786947630421399359884089398804550438079792924333288941898708235775675903983237/709660550684187789209888852296854385115488622580526096782121083686345687658138044439803620069210853311460790829755352104423876771688419002580552453018280574326918094
9 9 16 2609002139406811737844787053221637824802852714052015248994401130509216728592908507559384924066244160358112317633478975792188322476042365204368084254821366085321513/354830275342093894604944426148427192557744311290263048391060541843172843829069022219901810034605426655730395414877676052211938385844209501290276226509140287163459047
9 9 20 94370665412305682086237951299897405505007227155384517068521711110638194944263778468309014883714734446725391421799809428710305044589813912626889241310067591119348971/354830275342093894604944426148427192557744311290263048391060541843172843829069022219901810034605426655730395414877676052211938385844209501290276226509140287163459047
9 9 23 54771489248376220558931201404747612166063834196396929578874814478060545028192500688593496931908295053537903420348335456361142487951894508830569363758011652728331523/354830275342093894604944426148427192557744311290263048391060541843172843829069022219901810034605426655730395414877676052211938385844209501290276226509140287163459047
9 9 27 146739194245729422631737608790554953498768411288257888439661291100747988711811894309300772683222069374559589466247483022686754867198490655719652422686691697207726979/709660550684187789209888852296854385115488622580526096782121083686345687658138044439803620069210853311460790829755352104423876771688419002580552453018280574326918094
10 0 10 84566624110994884341402738699316487741895477735017301473820917387532042527221775823072472947151548356472945541482564003542960363844742241746721170172809035310466587/709660550684187789209888852296854385115488622580526096782121083686345687658138044439803620069210853311460790829755352104423876771688419002580552453018280574326918094
10 0 17 121054027369638375502895510448331128481153857895520800089922215489598976825042699977113312262026484078532051394064450994795714749036937695113687024939001635753074857/354830275342093894604944426148427192557744311290263048391060541843172843829069022219901810034605426655730395414877676052211938385844209501290276226509140287163459047
10 0 21 143683732589326502229658774378512265977513168572223857488190378534053915996962764358464186374194456401839462543778428697189890763119081902443839800052805099018194657/354830275342093894604944426148427192557744311290263048391060541843172843829069022219901810034605426655730395414877676052211938385844209501290276226509140287163459047
10 0 32 95618406655263149403377543943851108456259091910019480152074978251507859486905339945576149849617423994244817412587028716909705383531637565718777632861858069473912479/709660550684187789209888852296854385115488622580526096782121083686345687658138044439803620069210853311460790829755352104423876771688419002580552453018280574326918094
10 1 2 22530251589064289421450858420388502727538099465525742044078756600311193010243605836557044419119265311145680534507473886695781229116632655310642955268475840490796874/354830275342093894604944426148427192557744311290263048391060541843172843829069022219901810034605426655730395414877676052211938385844209501290276226509140287163459047
10 1 14 95043034429698562057544370407206091561187792879327823477206853713996298270893961461332701050459601684930571358214653653129961774389237600720147497770960175992557080/354830275342093894604944426148427192557744311290263048391060541843172843829069022219901810034605426655730395414877676052211938385844209501290276226509140287163459047
10 1 22 1689817002276420990156899010492086812313846007700275286776177775810188218035165046513161709936611480405450074214939971680457318334502395482448667233720402538529075/11633779519412914577211292660604170247794895452139772078395427601415503076362918761308256066708374644450176898848448395154489783142433098402959876278988206136506854
10 1 28 10038787608318929887900744729774267594240330578948707385032514019819168210695076810992466616862697811204752230194588074385526874223568442326746022856282810446214503/19180014883356426735402401413428496895013206015689894507624894153685018585355082282156854596465158197607048400804198705524969642478065378448123039270764339846673462
10 2 3 175116978378109882422467586090917597911566892181476413176193775349705630026781822855650873568359733888367508697362586837100269594971330481859795704900550780903405873/709660550684187789209888852296854385115488622580526096782121083686345687658138044439803620069210853311460790829755352104423876771688419002580552453018280574326918094
10 2 13 103139812255499888084461330615062830145383278197405156898937863439310891683842098754247545879574860333291149999048422496222933403079872959049616610393740288745509373/709660550684187789209888852296854385115488622580526096782121083686345687658138044439803620069210853311460790829755352104423876771688419002580552453018280574326918094
10 2 15 29665631755136454128537915952707085345289381964030008362330500271432817211421447019543642634992861952362355478750016145673823690590489324326443814196730738232901644/354830275342093894604944426148427192557744311290263048391060541843172843829069022219901810034605426655730395414877676052211938385844209501290276226509140287163459047
10 2 18 293023807378058575186772523832495785372734171414079230752919442657914108022590618588946836606425678329069240433885044305794294879448776097844145979007870608320474479/709660550684187789209888852296854385115488622580526096782121083686345687658138044439803620069210853311460790829755352104423876771688419002580552453018280574326918094
10 2 24 79048689162246535259111579852964000995225516859505279229409001696549423502080610201871078744864856856008180741959266173958731513007460815174106530322657419891725081/709660550684187789209888852296854385115488622580526096782121083686345687658138044439803620069210853311460790829755352104423876771688419002580552453018280574326918094
10 3 1 83864976098257068283991137572256381000464108414027880601326695032532971208821171721030470588023875528071794526337150598156519102652477816467479262041902345931503272/354830275342093894604944426148427192557744311290263048391060541843172843829069022219901810034605426655730395414877676052211938385844209501290276226509140287163459047
10 3 5 227663334172375079020982843591080836883710434148011371483929001877679760265674905069643072957408588261380507719525585978924092897068042465550788119785500355876736829/709660550684187789209888852296854385115488622580526096782121083686345687658138044439803620069210853311460790829755352104423876771688419002580552453018280574326918094
10 3 32 118160809889254875233240959607555622761502515350020646474256459574127578546700717239910961720315017090400056042664251323396719798605405899650479604839624357784925014/354830275342093894604944426148427192557744311290263048391060541843172843829069022219901810034605426655730395414877676052211938385844209501290276226509140287163459047
10 3 33 77945644536788823154441814346149540707844940904417671147025772595344827881419361448277682495124479813136581972226962282393306072104609104793846599469726811017324693/709660550684187789209888852296854385115488622580526096782121083686345687658138044439803620069210853311460790829755352104423876771688419002580552453018280574326918094
10 4 2 171405534538052539022217205365381587874427139275459211888792268392877353300444050418746930239047894071369262754391678613008645624149512237702568575831705996492709288/354830275342093894604944426148427192557744311290263048391060541843172843829069022219901810034605426655730395414877676052211938385844209501290276226509140287163459047
10 4 7 181551146385241718750016361784214945759541338204428099392221439514706007456969322172021974097069001018797742082363136942693132869903129227295073477068333666934971505/709660550684187789209888852296854385115488622580526096782121083686345687658138044439803620069210853311460790829755352104423876771688419002580552453018280574326918094
10 4 22 2735017051525292163958578574498698047190380799551229188154968098580022631851921364267647554516777176237629808462448332641795397362975534491947293273997365707802735/16503733736841576493253229123182660118964851687919211553072583341542922968793908010227991164400252402592111414645473304754043645853219046571640754721355362193649258
10 4 26 33846301003626714682609600539216123788953315722238359260825739573472000215324001383389470324912322785853220737361789816058125283439158658363304106752324094485505204/354830275342093894604944426148427192557744311290263048391060541843172843829069022219901810034605426655730395414877676052211938385844209501290276226509140287163459047
10 5 3 14872878797732363610098851605791069427706018388904126193118098611991431827545349954468042943122306582945557597836337009219492233529821521994543685164743983032136537/709660550684187789209888852296854385115488622580526096782121083686345687658138044439803620069210853311460790829755352104423876771688419002580552453018280574326918094
10 5 11 67212004090773117995346857160183914679764850689051201953633301409248823898441976877937773003990901719952319213399876168133882282085993352875174840130265852560239833/354830275342093894604944426148427192557744311290263048391060541843172843829069022219901810034605426655730395414877676052211938385844209501290276226509140287163459047
10 5 13 39205667064870915332777515584576057807079030003511471246641788037697557886563611708887214108747070342753296041657357223235099733411628134122728433337296689094731066/354830275342093894604944426148427192557744311290263048391060541843172843829069022219901810034605426655730395414877676052211938385844209501290276226509140287163459047
10 5 14 48640698159627940172114403971306174416325375692896034010983524820057617726068802897131485323734854716908891185563775044059928988729844301723692302281844923025637577/354830275342093894604944426148427192557744311290263048391060541843172843829069022219901810034605426655730395414877676052211938385844209501290276226509140287163459047
10 5 15 15905430317818781551118045751676554357349107005495441380088780987063227194223373944034713712109082003771097005388083113918380770242993872386295623104226858721171765/354830275342093894604944426148427192557744311290263048391060541843172843829069022219901810034605426655730395414877676052211938385844209501290276226509140287163459047
10 5 30 83229346385987605488484255233443594636136147814723245855804929039565116599527646722736011542569143984473952165779835084615461447414280574054812307503401210605146337/354830275342093894604944426148427192557744311290263048391060541843172843829069022219901810034605426655730395414877676052211938385844209501290276226509140287163459047
10 5 31 186401379848298704520107845288690723894473581780267181694698336487089569220941870183881181743786441192796122008341161827278878094389117010260601755139465523280928401/709660550684187789209888852296854385115488622580526096782121083686345687658138044439803620069210853311460790829755352104423876771688419002580552453018280574326918094
10 6 0 29984621737189941699508009475617629523211523889284680441269120220815341845784313543900043023836267003504745454052407795003535621870174236002723336511319571897362063/354830275342093894604944426148427192557744311290263048391060541843172843829069022219901810034605426655730395414877676052211938385844209501290276226509140287163459047
10 6 2 7454370148125652278057151055229126795673424423758938397190363620504148835540707707342998604717001692359064919544933908307754392753541580692080381242843731406565189/354830275342093894604944426148427192557744311290263048391060541843172843829069022219901810034605426655730395414877676052211938385844209501290276226509140287163459047
10 6 7 221229166165243242693434067897783489035735988125059685267901337712679382835487405753271972428699321130950274334525035873331229622136243720115510347617717469845171197/709660550684187789209888852296854385115488622580526096782121083686345687658138044439803620069210853311460790829755352104423876771688419002580552453018280574326918094
10 6 23 31345171042684555591122874680350533808385094908385611413919758494076166496738885918572681701848503135172183899688414063759868145767340581320980979003587150270206091/709660550684187789209888852296854385115488622580526096782121083686345687658138044439803620069210853311460790829755352104423876771688419002580552453018280574326918094
10 6 24 1334268876556573597237045891190185012701517616184266253727535236393269640749403343917595782579363937604634358225256005280910291967503237793900382922612209810252751/16503733736841576493253229123182660118964851687919211553072583341542922968793908010227991164400252402592111414645473304754043645853219046571640754721355362193649258
10 6 27 8779315351721517251054286900968889029390064470947840905759378503568663848946955850730169298125509252340849579585438122530569092430669293043695600681522279074670757/19180014883356426735402401413428496895013206015689894507624894153685018585355082282156854596465158197607048400804198705524969642478065378448123039270764339846673462
10 7 14 57706423685915978492066440462486951420125494592520034841871010079638779149265599604182786888689704673034545664665657710822290482900604571261452112290220469371876694/354830275342093894604944426148427192557744311290263048391060541843172843829069022219901810034605426655730395414877676052211938385844209501290276226509140287163459047
10 7 16 134178152184469362726378357680815302717873812475692690376428087204443871247786387084709200258893259354921688995044210239878298963933693120830117072212759715829831518/354830275342093894604944426148427192557744311290263048391060541843172843829069022219901810034605426655730395414877676052211938385844209501290276226509140287163459047
10 7 17 15783410852221013347607428635396312615420661495231186116536337891269868955549925936164599248469282242729922564780821465941953704132479288226792707498003889703481338/354830275342093894604944426148427192557744311290263048391060541843172843829069022219901810034605426655730395414877676052211938385844209501290276226509140287163459047
10 7 20 77945644536788823154441814346149540707844940904417671147025772595344827881419361448277682495124479813136581972226962282393306072104609104793846599469726811017324693/709660550684187789209888852296854385115488622580526096782121083686345687658138044439803620069210853311460790829755352104423876771688419002580552453018280574326918094
10 7 24 216378932702186256923342584393307710900803744549220602965424440740295821071514857741412764781981880956951894408547010988745484397650255937149982069546585613499214301/709660550684187789209888852296854385115488622580526096782121083686345687658138044439803620069210853311460790829755352104423876771688419002580552453018280574326918094
10 8 0 72667679642063107128127216187334137446257012472527205094347474748352950264077528743248416707901711960351910630218191005632634287967212899240545628625059667529069479/354830275342093894604944426148427192557744311290263048391060541843172843829069022219901810034605426655730395414877676052211938385844209501290276226509140287163459047
10 8 1 148245202370273818172727800960070013118142822754474742096834652268137712836210932485836578929003053402558791456488588082647859228770160300110464633245060680192444627/709660550684187789209888852296854385115488622580526096782121083686345687658138044439803620069210853311460790829755352104423876771688419002580552453018280574326918094
10 8 4 117525180176985412437734077268742836397174554750716011728734693581159723937407192241616502674860285546802213682106935809855662143367208657237812650301123222458568079/354830275342093894604944426148427192557744311290263048391060541843172843829069022219901810034605426655730395414877676052211938385844209501290276226509140287163459047
10 8 9 34887086298246637742684359804564690955774761809961897761272334961391032154214291029825419117395532801249678770848797801600689102259780166038368365709289304700613512/354830275342093894604944426148427192557744311290263048391060541843172843829069022219901810034605426655730395414877676052211938385844209501290276226509140287163459047
10 8 22 1823859935726617318361799095336082662277592487862969270763564341580337083779165375812891215408077693313022839457687127665541745503768118974371057877086483684556907/11633779519412914577211292660604170247794895452139772078395427601415503076362918761308256066708374644450176898848448395154489783142433098402959876278988206136506854
10 9 3 83864976098257068283991137572256381000464108414027880601326695032532971208821171721030470588023875528071794526337150598156519102652477816467479262041902345931503272/354830275342093894604944426148427192557744311290263048391060541843172843829069022219901810034605426655730395414877676052211938385844209501290276226509140287163459047
10 9 10 120737978647511213313867712626587046197041594988606469597412272550804541692501908751224446516324409571240366627058633597729379455830032028739816760099949443542396497/709660550684187789209888852296854385115488622580526096782121083686345687658138044439803620069210853311460790829755352104423876771688419002580552453018280574326918094
10 9 15 18412307289677477884588434843756142122241484434376081321932643843089813255537064321224285851070370534328818733134244494357096618514058393495193344148475302141372351/709660550684187789209888852296854385115488622580526096782121083686345687658138044439803620069210853311460790829755352104423876771688419002580552453018280574326918094
10 9 25 21/37
10 10 0 98737854895989431894089989178047450428170126802932006794444793644524403036366521675498513531146182111017352124173487607376011336182299338462022947206646328963639809/354830275342093894604944426148427192557744311290263048391060541843172843829069022219901810034605426655730395414877676052211938385844209501290276226509140287163459047
10 10 1 86805157983697006702740353577415659676206286746957281360634734894181735038603451997396426420717517691045635907725283537063465057964257014365160667357185764724691531/709660550684187789209888852296854385115488622580526096782121083686345687658138044439803620069210853311460790829755352104423876771688419002580552453018280574326918094
10 10 9 184760937583717867785353909112799039765584979955089247040743455036465613147817213379806529361974203144689867418701989130175125058749652315223382460022411847186471051/709660550684187789209888852296854385115488622580526096782121083686345687658138044439803620069210853311460790829755352104423876771688419002580552453018280574326918094
10 10 18 31345171042684555591122874680350533808385094908385611413919758494076166496738885918572681701848503135172183899688414063759868145767340581320980979003587150270206091/709660550684187789209888852296854385115488622580526096782121083686345687658138044439803620069210853311460790829755352104423876771688419002580552453018280574326918094
10 10 22 70840286116712061573590966523036080816013203719427011559534879827622373712149953499895873235520863974703086918972641452321217511296923582390846982144944351736380195/709660550684187789209888852296854385115488622580526096782121083686345687658138044439803620069210853311460790829755352104423876771688419002580552453018280574326918094
10 10 26 69216644082698716884450385023579085096479401822401465909199334072475496595047748146567541143428700571907656218160024353176089162772823416178067735038429401240944804/354830275342093894604944426148427192557744311290263048391060541843172843829069022219901810034605426655730395414877676052211938385844209501290276226509140287163459047
11 0 1 140920377850951998268209924972528666986331923412628690949472653184982886124367339117375157291800591909723686039357394726425234324879448449285215506185394859834926752/354830275342093894604944426148427192557744311290263048391060541843172843829069022219901810034605426655730395414877676052211938385844209501290276226509140287163459047
11 0 25 120853499614585752297684287169085208576744933241062302398581513134082411859467223422574438163010940678927655897123225066088176886442182429876311341999517929087768710/354830275342093894604944426148427192557744311290263048391060541843172843829069022219901810034605426655730395414877676052211938385844209501290276226509140287163459047
11 0 27 93056397876556144039050214006813316994667454636572055043006375524107545845234459679952214579793894067079053478397056259698527174522578622128749378324227498240763585/354830275342093894604944426148427192557744311290263048391060541843172843829069022219901810034605426655730395414877676052211938385844209501290276226509140287163459047
11 1 2 193368094344404907127749265204838089821317146903288545966998412918705381346905446227024284874539326899866734213793023829736803628064521890844784494934795576961724332/354830275342093894604944426148427192557744311290263048391060541843172843829069022219901810034605426655730395414877676052211938385844209501290276226509140287163459047
11 1 7 224694555214646564896072312592331481680605104819801385754033337002672317685560985742873066690309439123387790667283552202791093994908099687128492905001338093835862205/709660550684187789209888852296854385115488622580526096782121083686345687658138044439803620069210853311460790829755352104423876771688419002580552453018280574326918094
11 1 17 98229806780731410058318009294846723792249223954147619094090920846262607278766166242881983629822760388339531734885752242159175520651275533762490558147351326567607225/709660550684187789209888852296854385115488622580526096782121083686345687658138044439803620069210853311460790829755352104423876771688419002580552453018280574326918094
11 2 12 55589934219837137909150315033979830905496467056070798640975802428778876467428277086346501414388905503156441844685594682371837156070727201514294936455533914096091691/354830275342093894604944426148427192557744311290263048391060541843172843829069022219901810034605426655730395414877676052211938385844209501290276226509140287163459047
11 2 25 111558617540128699947142560894322858915942206427057758106180203047322848167243780646824197608944650426074817328580113476990623893090301049067816806397105263591255425/709660550684187789209888852296854385115488622580526096782121083686345687658138044439803620069210853311460790829755352104423876771688419002580552453018280574326918094
11 2 30 6882178081605936696972520611635367056022490130711205205187486938845732615223071239301367514595640309550284821727065040965083288848312571906224443294153771215950547/16503733736841576493253229123182660118964851687919211553072583341542922968793908010227991164400252402592111414645473304754043645853219046571640754721355362193649258
11 2 31 95494203597664767737313637517125540489793203210372458785463668705549292050722823165163808251937929284205421238770126250595498572989611479258247356030747660128802883/354830275342093894604944426148427192557744311290263048391060541843172843829069022219901810034605426655730395414877676052211938385844209501290276226509140287163459047
11 3 6 83020847208406803775642709106663155947644428011327050706137695514351161148718071426496407961645860299680530750585292061651474448319656568503437342493523229099060941/709660550684187789209888852296854385115488622580526096782121083686345687658138044439803620069210853311460790829755352104423876771688419002580552453018280574326918094
11 3 13 70389647765227028424883571790488250692362103591737929652261913809543485370313147006756874048233400344005819977258816431951121332447756799645674312433055354092228041/709660550684187789209888852296854385115488622580526096782121083686345687658138044439803620069210853311460790829755352104423876771688419002580552453018280574326918094
11 3 15 185181343776921588517508431907404754738466420934280344405963743567498707023873582659379749151765185277974145684111755137778130687569279292091318431812230875230048551/709660550684187789209888852296854385115488622580526096782121083686345687658138044439803620069210853311460790829755352104423876771688419002580552453018280574326918094
11 3 18 21987986597380481004727177303283701488755936109565496646911912456360483077333424181924419027554493192376745294223389687937005898731069236694509323417273726179097509/709660550684187789209888852296854385115488622580526096782121083686345687658138044439803620069210853311460790829755352104423876771688419002580552453018280574326918094
11 3 19 6882178081605936696972520611635367056022490130711205205187486938845732615223071239301367514595640309550284821727065040965083288848312571906224443294153771215950547/16503733736841576493253229123182660118964851687919211553072583341542922968793908010227991164400252402592111414645473304754043645853219046571640754721355362193649258
11 3 21 23770778386806053303257792805514237499153622080468918372926901792709108855301444139496565083302374721898645501734474603406049586181895303738097369571649292539177443/354830275342093894604944426148427192557744311290263048391060541843172843829069022219901810034605426655730395414877676052211938385844209501290276226509140287163459047
11 3 30 151500298745527105697107845342304428134740923029611210862975037373165699262293718818763150967422471431459750968739265318796319237281781248696411947845584928709585/19180014883356426735402401413428496895013206015689894507624894153685018585355082282156854596465158197607048400804198705524969642478065378448123039270764339846673462
11 4 0 399297398515523562154385349596224462325981860599648385771336522021744302449488734574016627532657415299244178504460014447527011161395734667747780068244942970533436057/709660550684187789209888852296854385115488622580526096782121083686345687658138044439803620069210853311460790829755352104423876771688419002580552453018280574326918094
11 4 3 27202076814194000329378351049589624471334722277145240870687869848672332384678000017779542984809992372614322395455261283800347260433229961308630456678994331275020481/354830275342093894604944426148427192557744311290263048391060541843172843829069022219901810034605426655730395414877676052211938385844209501290276226509140287163459047
11 4 11 255958998540276226396746800601450673846837317426587229269408821967256720439293309830227906566933453266987967534384815089296171089426224412215511471415348941243441075/709660550684187789209888852296854385115488622580526096782121083686345687658138044439803620069210853311460790829755352104423876771688419002580552453018280574326918094
11 5 1 79649793307646909188917691281899047306319945767805095888213629582394827607216107127428670567548727362757370569890890387111916563618303402868199445428395048401818061/354830275342093894604944426148427192557744311290263048391060541843172843829069022219901810034605426655730395414877676052211938385844209501290276226509140287163459047
11 5 5 205379895157167968399204806901093454583748741228362884977656636869987119153917934290795831464410962397305097295792075340709893549856587495353370981326404732848960256/354830275342093894604944426148427192557744311290263048391060541843172843829069022219901810034605426655730395414877676052211938385844209501290276226509140287163459047
11 5 30 69800586877279017016821927965434690667675624294095067525190275390790897067934980801677308002645736895667927549194710324390128272369318603068705799754340505912680730/354830275342093894604944426148427192557744311290263048391060541843172843829069022219901810034605426655730395414877676052211938385844209501290276226509140287163459047
11 6 2 27202076814194000329378351049589624471334722277145240870687869848672332384678000017779542984809992372614322395455261283800347260433229961308630456678994331275020481/354830275342093894604944426148427192557744311290263048391060541843172843829069022219901810034605426655730395414877676052211938385844209501290276226509140287163459047
11 6 11 31673589587467911764144167639972786531029536511602542281772162471116047839308392102129337686610694004446583074559036426790215924619965705952848069008596182070424094/354830275342093894604944426148427192557744311290263048391060541843172843829069022219901810034605426655730395414877676052211938385844209501290276226509140287163459047
11 6 12 49423854672358361194180067667185331188760977578909092150306721320768408455746534803819139255099183650781699868611815580823026804348843491928572097997352333496333590/354830275342093894604944426148427192557744311290263048391060541843172843829069022219901810034605426655730395414877676052211938385844209501290276226509140287163459047
11 6 19 65215464007831024715086632493706429759251192590429677913927252052133438676996188660118806998583531210936821063275646960925312133788484268712606382766565989038469311/709660550684187789209888852296854385115488622580526096782121083686345687658138044439803620069210853311460790829755352104423876771688419002580552453018280574326918094
11 6 28 427846044528316217919397047089652470973986957254782668262660324353098671621676001932228773217587582044838759089227478560671384659095856415487844822881828891604892453/709660550684187789209888852296854385115488622580526096782121083686345687658138044439803620069210853311460790829755352104423876771688419002580552453018280574326918094
11 7 7 162041633474163249359426217817344697962029188986775706179963488834738445008249906711175503058769214676345677760302495456682513261220944094561076084868253060087586459/709660550684187789209888852296854385115488622580526096782121083686345687658138044439803620069210853311460790829755352104423876771688419002580552453018280574326918094
11 7 10 15190276001430939057922809353334259708903127952070901860029645897390594577665511954007996394938356875175959313456209772827257338641164356800043970287385175387784557/354830275342093894604944426148427192557744311290263048391060541843172843829069022219901810034605426655730395414877676052211938385844209501290276226509140287163459047
11 7 18 11329630770033292828328732391327861378310236430627766429051042083567158449996238168757887392574287775047581516197179828491005988616176763386892015032436352834113735/354830275342093894604944426148427192557744311290263048391060541843172843829069022219901810034605426655730395414877676052211938385844209501290276226509140287163459047
11 7 20 53438761349898261163704318481330016393728966467485480348623653354936309131397744993488693716717710789705918191649507218030535078957288963338774494282804641322045425/709660550684187789209888852296854385115488622580526096782121083686345687658138044439803620069210853311460790829755352104423876771688419002580552453018280574326918094
11 7 29 23/37
11 8 8 162041633474163249359426217817344697962029188986775706179963488834738445008249906711175503058769214676345677760302495456682513261220944094561076084868253060087586459/709660550684187789209888852296854385115488622580526096782121083686345687658138044439803620069210853311460790829755352104423876771688419002580552453018280574326918094
11 8 11 39995610400155756114675106857414107708542735074928035969191687556127743165789320269765022796251287011681522410478563252325204111364789421813286229406200832574573397/354830275342093894604944426148427192557744311290263048391060541843172843829069022219901810034605426655730395414877676052211938385844209501290276226509140287163459047
11 8 12 3776401222824242548695221596434398149364490707045876303572424730277561738280024391082812064806756743788221772172321596575709719200580699765280134487644866251339038/354830275342093894604944426148427192557744311290263048391060541843172843829069022219901810034605426655730395414877676052211938385844209501290276226509140287163459047
11 8 13 231952242255056320598641967529672671087114130219429727702553334853999518020788479898494498188817407170022522977785910874525751149281660124706111028431680475645960345/709660550684187789209888852296854385115488622580526096782121083686345687658138044439803620069210853311460790829755352104423876771688419002580552453018280574326918094
11 8 23 114061325854504110962540005021070002175265425905186419177038017712398557410480484254218974549754071977076550863182588037706892350027537270078116305965327820470773210/354830275342093894604944426148427192557744311290263048391060541843172843829069022219901810034605426655730395414877676052211938385844209501290276226509140287163459047
11 9 4 22976464873615894802246177989967767269304838911171613317582181879039392757165351957480601277955350950991945205128326485073538197361522087083953104522861295287839309/709660550684187789209888852296854385115488622580526096782121083686345687658138044439803620069210853311460790829755352104423876771688419002580552453018280574326918094
11 9 12 69829278345574453352185251032435290505563213935467256290026757319488604327221050065097804167860994369382776971509160228899722778309491867715007406117663514785038443/354830275342093894604944426148427192557744311290263048391060541843172843829069022219901810034605426655730395414877676052211938385844209501290276226509140287163459047
11 9 18 469968244249715146912914233545452910186474118857745478489110337152870215108641451444284056549100167244886803194295337084503483107095921154299141722697795483622259/354830275342093894604944426148427192557744311290263048391060541843172843829069022219901810034605426655730395414877676052211938385844209501290276226509140287163459047
11 9 24 244546424068283776528834967196939083764731917788027041302515151740849712489016378562985802629028148533587259955112964909087840819236854839588567949095797853853629215/709660550684187789209888852296854385115488622580526096782121083686345687658138044439803620069210853311460790829755352104423876771688419002580552453018280574326918094
11 9 26 150769584281319890440305688288993023624976244886338719312496007376586816663648465443126519856703582376813129060053574789147022616128433249084709151859449402324064083/354830275342093894604944426148427192557744311290263048391060541843172843829069022219901810034605426655730395414877676052211938385844209501290276226509140287163459047
11 10 4 9433239464029178978811852461331599495008519425023787293226930816985866128256402979055213454042936147362994754454114647236876209119123474737548365229887775326107130/354830275342093894604944426148427192557744311290263048391060541843172843829069022219901810034605426655730395414877676052211938385844209501290276226509140287163459047
11 10 6 19363667660193812490227984131742289588877470645010999536353660157055256896701426630152334908263917991461420877816709072002947980652918445181289982921410019846372276/354830275342093894604944426148427192557744311290263048391060541843172843829069022219901810034605426655730395414877676052211938385844209501290276226509140287163459047
11 10 13 115821987423298571088483515198726739536522665638528303002975134992173031314899913626875682203692480079941825058323516435523891097904564692871091457839982691447461931/709660550684187789209888852296854385115488622580526096782121083686345687658138044439803620069210853311460790829755352104423876771688419002580552453018280574326918094
11 10 14 149052361475301931778904679700887869822264576411902695627003610208487497263547625647628722923065740567577562259914656111174361785394858257242067214988483377541505525/709660550684187789209888852296854385115488622580526096782121083686345687658138044439803620069210853311460790829755352104423876771688419002580552453018280574326918094
11 10 16 69800586877279017016821927965434690667675624294095067525190275390790897067934980801677308002645736895667927549194710324390128272369318603068705799754340505912680730/354830275342093894604944426148427192557744311290263048391060541843172843829069022219901810034605426655730395414877676052211938385844209501290276226509140287163459047
11 10 17 44545115592779567715741048326242506732962353977732367088788868704987719021919582293250883560175144430266748567542123169243540744844282302667070781226909662055708544/354830275342093894604944426148427192557744311290263048391060541843172843829069022219901810034605426655730395414877676052211938385844209501290276226509140287163459047
11 10 18 13294297788881596994858185419202957611316781106084905412712241181656755841490890557378882501111056500123354129269091666402917117899647288818985080345750924868597173/709660550684187789209888852296854385115488622580526096782121083686345687658138044439803620069210853311460790829755352104423876771688419002580552453018280574326918094
11 10 22 3376899646700989231265973167640340585496201459076412787263037841032300581594763469759275641653165238006973625214715661990133031546931700286957647478580643120642235/16503733736841576493253229123182660118964851687919211553072583341542922968793908010227991164400252402592111414645473304754043645853219046571640754721355362193649258
11 11 0 41842943801674252759869882912630966259321877761219187904036043513011125013678157915591028186041223245717934714036555779547290615599769036559049834982636845940053569/709660550684187789209888852296854385115488622580526096782121083686345687658138044439803620069210853311460790829755352104423876771688419002580552453018280574326918094
11 11 5 15190276001430939057922809353334259708903127952070901860029645897390594577665511954007996394938356875175959313456209772827257338641164356800043970287385175387784557/354830275342093894604944426148427192557744311290263048391060541843172843829069022219901810034605426655730395414877676052211938385844209501290276226509140287163459047
11 11 6 160092573173109567780321172574909598847264477523908332120100290541504097306613753547949236805427487536843999572496079247193098240133403439704413704034446450878048011/709660550684187789209888852296854385115488622580526096782121083686345687658138044439803620069210853311460790829755352104423876771688419002580552453018280574326918094
11 11 9 358119495108791011138612523402192272637659310349540522969234870020404266314448821063111247757052778245281582467911278165422827328675847135803392560734056587374428685/709660550684187789209888852296854385115488622580526096782121083686345687658138044439803620069210853311460790829755352104423876771688419002580552453018280574326918094
11 11 12 41950702698004712452916760924392863543466719902940763452804576968064262742907559898457570957193479005371916152269393024866854430568108591230260376555595279607942051/354830275342093894604944426148427192557744311290263048391060541843172843829069022219901810034605426655730395414877676052211938385844209501290276226509140287163459047
11 11 20 11014641706430028757273973716232171627593240064874908875184596349429864270380138825421045057657318011199084507295570825234759965480603102817051289617714427637168720/354830275342093894604944426148427192557744311290263048391060541843172843829069022219901810034605426655730395414877676052211938385844209501290276226509140287163459047
11 11 23 13294297788881596994858185419202957611316781106084905412712241181656755841490890557378882501111056500123354129269091666402917117899647288818985080345750924868597173/709660550684187789209888852296854385115488622580526096782121083686345687658138044439803620069210853311460790829755352104423876771688419002580552453018280574326918094
12 0 24 52241638449244835992359334840652890011316976655302204585923588405659316045455341636894100269406940951131572857050749470379270758022873490027321462747263701001363992/354830275342093894604944426148427192557744311290263048391060541843172843829069022219901810034605426655730395414877676052211938385844209501290276226509140287163459047
12 0 25 102972388255923141731396726062827930506488991721462344144178661802873310308659090316124940216373332450518676709067780082837168984418724031407841869134781556773291314/354830275342093894604944426148427192557744311290263048391060541843172843829069022219901810034605426655730395414877676052211938385844209501290276226509140287163459047
12 0 26 80781888633309968847645179917636477361723352606946591946316949070924568280446094627196591431970162968451999456109252831091085805640282959899397999582605847398370494/354830275342093894604944426148427192557744311290263048391060541843172843829069022219901810034605426655730395414877676052211938385844209501290276226509140287163459047
12 0 35 118834360003615948033543185327309894678214990306551907714641342563715649194508495639686178116854990285628146392649893667904412837762329019955714895044489181990433247/354830275342093894604944426148427192557744311290263048391060541843172843829069022219901810034605426655730395414877676052211938385844209501290276226509140287163459047
12 1 5 18651378689526347030112250279267775652418315480136876736763001855748220442224034831046400745047027232427096966378243516715227081189557164040911736267262633697261203/354830275342093894604944426148427192557744311290263048391060541843172843829069022219901810034605426655730395414877676052211938385844209501290276226509140287163459047
12 1 7 19105635470169151087180192308243060462331836629801296150191158234454150581277486537450124859756944313940385151872777201535793750996276341081463506461730162756794509/709660550684187789209888852296854385115488622580526096782121083686345687658138044439803620069210853311460790829755352104423876771688419002580552453018280574326918094
12 1 8 41615199593019742742842667433917737644246598902537430148449715380103763634097914592745605010691303442880839561946136727875833673521218941721200583332169557542692886/354830275342093894604944426148427192557744311290263048391060541843172843829069022219901810034605426655730395414877676052211938385844209501290276226509140287163459047
12 1 17 165111735707075543785957003334122758957832594923846317373334117490851439405927872383482773071219369024825023250188040157483071406376640603599864402727758920454201989/709660550684187789209888852296854385115488622580526096782121083686345687658138044439803620069210853311460790829755352104423876771688419002580552453018280574326918094
12 1 28 4109495423841027018452096789779883884568910213730373376417613937792531166092616001763002126636386193146703951215667256755821946920724715561511032787570893597245243/11633779519412914577211292660604170247794895452139772078395427601415503076362918761308256066708374644450176898848448395154489783142433098402959876278988206136506854
12 1 33 154230802087548266665263917051544622143290839223977093526695923283991728386639210563743580901938320840130568346890071594117751342729742197122826904588102599204053595/709660550684187789209888852296854385115488622580526096782121083686345687658138044439803620069210853311460790829755352104423876771688419002580552453018280574326918094
12 2 5 219511616808196964179249310715432050703684744824570086548460169454310379859838147564369014583919433991778488408667455757076069471813769442374318690578114980955676289/709660550684187789209888852296854385115488622580526096782121083686345687658138044439803620069210853311460790829755352104423876771688419002580552453018280574326918094
12 2 16 54756079662531938843016401164675204739151332303428976128391412792468435480138783850284965965238937862737453717975372389419976529132522574601944444590661707967820487/354830275342093894604944426148427192557744311290263048391060541843172843829069022219901810034605426655730395414877676052211938385844209501290276226509140287163459047
12 2 29 27683602277282272812405310483952062350730950990413894406475829044482350295392241342343444772561454747080876655961127762250682261193856073461047898038918140236408938/354830275342093894604944426148427192557744311290263048391060541843172843829069022219901810034605426655730395414877676052211938385844209501290276226509140287163459047
12 2 32 325269569996362401719796118284167800232039311168270269163926430558133736247237846490177784009690634100045641673214896044006489719221892264080249077181005896962782955/709660550684187789209888852296854385115488622580526096782121083686345687658138044439803620069210853311460790829755352104423876771688419002580552453018280574326918094
12 3 1 114474018106793742965675374435911739345739535806096868915530854091002770140097230812304948764022922046651476188123664099828544608996774419732560502500121835782119025/354830275342093894604944426148427192557744311290263048391060541843172843829069022219901810034605426655730395414877676052211938385844209501290276226509140287163459047
12 3 3 73464889707118817669571741046653243725832637191601936897299649542006347878032579100195522568099645742761450842879055505273984181347173328967537652292416481537347886/354830275342093894604944426148427192557744311290263048391060541843172843829069022219901810034605426655730395414877676052211938385844209501290276226509140287163459047
12 3 16 166891367528181333969697310665862209486172138292564242578230038210163725810939212307401338702482858866317468383874956447109409595500261752590178071716601969843992136/354830275342093894604944426148427192557744311290263048391060541843172843829069022219901810034605426655730395414877676052211938385844209501290276226509140287163459047
12 4 0 115419632784080239244951380441749471040122795771146898775751650615817307798169805070975545517386495575622347066504225781325651729655009563700775443892650576082685241/709660550684187789209888852296854385115488622580526096782121083686345687658138044439803620069210853311460790829755352104423876771688419002580552453018280574326918094
12 4 10 83130153900139637664053431240286374804639019403065527119296865609716217674046285205009044943206775935759553599819339722536884831150971250599379530086084825197718834/354830275342093894604944426148427192557744311290263048391060541843172843829069022219901810034605426655730395414877676052211938385844209501290276226509140287163459047
12 4 17 208514903436149997974628579051715133433690025584714450420557113076002491832014035488684258337945008352229502722316047373152559323302075307174003378294460473092820951/709660550684187789209888852296854385115488622580526096782121083686345687658138044439803620069210853311460790829755352104423876771688419002580552453018280574326918094
12 4 23 1069424665182459180277673988053646047362408576959944259352830581821339742511842998465281072549630765114086319580431605094330241208190974317773568296244217631998699/11633779519412914577211292660604170247794895452139772078395427601415503076362918761308256066708374644450176898848448395154489783142433098402959876278988206136506854
12 4 28 43834287458474796249414870140233598440764693787109660331836406950832643899712915661576602337332512450234128510240326107221552767449962278879266099193736153210905408/354830275342093894604944426148427192557744311290263048391060541843172843829069022219901810034605426655730395414877676052211938385844209501290276226509140287163459047
12 4 32 66562227170598674166434176771077425261761451649757772863023109382326440587213379240590376227273295939662311326409419379674645807829817639364294706200630292782242779/709660550684187789209888852296854385115488622580526096782121083686345687658138044439803620069210853311460790829755352104423876771688419002580552453018280574326918094
12 5 0 90819884222647819856163386729128894641475884742335259654375894335260016590984546232640435684339891976891659513723921885102782814420915995702075323598996261180509691/354830275342093894604944426148427192557744311290263048391060541843172843829069022219901810034605426655730395414877676052211938385844209501290276226509140287163459047
12 5 2 120441559902772276559315266156018655604656784468937989995985513076680467096380711476051112733976288317228668229782367339756188919570794338873646892364631676227182876/354830275342093894604944426148427192557744311290263048391060541843172843829069022219901810034605426655730395414877676052211938385844209501290276226509140287163459047
12 5 6 44078006631435190807617343932768034389638397939352527871106461810953042132165174388510844831763854851949125500920748939782834600786597602466161425653633675863983563/354830275342093894604944426148427192557744311290263048391060541843172843829069022219901810034605426655730395414877676052211938385844209501290276226509140287163459047
12 5 31 99490824585238607381848429330511607921973244139637270869592672620279318009538590122699416784525391509660942170450637887570132051065901564248392584891878673891782917/354830275342093894604944426148427192557744311290263048391060541843172843829069022219901810034605426655730395414877676052211938385844209501290276226509140287163459047
12 6 4 13943797445372149962500978771840149355013869829858989543640590157387487812248641466303059661295921139270995905323231966703249165638718249001646602424661453047499974/354830275342093894604944426148427192557744311290263048391060541843172843829069022219901810034605426655730395414877676052211938385844209501290276226509140287163459047
12 6 6 38524706981150095591152124600337203525247000607277244161457365332067798373748827844229013581375763790290061254487422386874773044124664492891620828991586130626767735/354830275342093894604944426148427192557744311290263048391060541843172843829069022219901810034605426655730395414877676052211938385844209501290276226509140287163459047
12 6 8 122815483702660271423687028530706546079096725697268875691394761517940450174542078400894306916315711226990508091516385681195151339393404961260330342781445590068272559/709660550684187789209888852296854385115488622580526096782121083686345687658138044439803620069210853311460790829755352104423876771688419002580552453018280574326918094
12 6 18 132240578379674600943614647091405691307082890643795037194498208378376397576785342305935877817462391615359653720832997581344124924578670996167313085770067663504223255/709660550684187789209888852296854385115488622580526096782121083686345687658138044439803620069210853311460790829755352104423876771688419002580552453018280574326918094
12 6 24 242776516805746395456726718563000951045613306437847916324276968652430434966181031474197286555352681422553410585170471116021574621327216484981119970504513430659885311/709660550684187789209888852296854385115488622580526096782121083686345687658138044439803620069210853311460790829755352104423876771688419002580552453018280574326918094
12 6 30 2485836347513070471594284915520616067980789742496320933994307771132275176014759386923534937086899981103141956107306721365278638764240955264773353282087412156883757/16503733736841576493253229123182660118964851687919211553072583341542922968793908010227991164400252402592111414645473304754043645853219046571640754721355362193649258
12 7 11 36317949336048322984727791290416781316056000108874027933003601193980378345443137331966391046234659287258312806566592560228545836365638856116004802044979248136385166/354830275342093894604944426148427192557744311290263048391060541843172843829069022219901810034605426655730395414877676052211938385844209501290276226509140287163459047
12 7 16 2240767103549255077669846572836832790615606015040899068227045157588232140011127045713139887611022905923713224620041397465490552999427914861542448667582945054463719/354830275342093894604944426148427192557744311290263048391060541843172843829069022219901810034605426655730395414877676052211938385844209501290276226509140287163459047
12 7 21 141152576312658427760652390878672308535097239780475266065475089735115775702801649623225030512144372257759011975468612761575996764887502254192370783339811680313065911/709660550684187789209888852296854385115488622580526096782121083686345687658138044439803620069210853311460790829755352104423876771688419002580552453018280574326918094
12 7 22 66388413875270725458296761655010090368716473837993549989537580487263807452491154331471192821118310870308605443846925986915388092272062048072065270994485573407032465/709660550684187789209888852296854385115488622580526096782121083686345687658138044439803620069210853311460790829755352104423876771688419002580552453018280574326918094
12 7 26 158968297408645365344884837750219733825941722589177089398994227850138164036492433899764091023844314501636105553943230987971034725335534270702139991301948400685047781/354830275342093894604944426148427192557744311290263048391060541843172843829069022219901810034605426655730395414877676052211938385844209501290276226509140287163459047
12 7 29 53532766399886374588187374268112645173224125767936623963329332530276277729475921965110076410284088396878455120090041732301174842563826308478370957327481066427513193/354830275342093894604944426148427192557744311290263048391060541843172843829069022219901810034605426655730395414877676052211938385844209501290276226509140287163459047
12 8 1 125276167935161591226854643231944471841925539390026812429780322830059962176841297714655733691791555423436628821928819719233575921979042810868977488384432412301299250/354830275342093894604944426148427192557744311290263048391060541843172843829069022219901810034605426655730395414877676052211938385844209501290276226509140287163459047
12 8 2 102911498538352303704169333875754212003768786789968384758628527752129930007549044193632207677060885379344567083666926173050949364917462555902873826069150541953267007/709660550684187789209888852296854385115488622580526096782121083686345687658138044439803620069210853311460790829755352104423876771688419002580552453018280574326918094
12 8 3 183002706408929829238109595741421891801693559631391253142379427895624023245093843704779961389016433735387026928256977852540566329754578316485835155401188046406895301/709660550684187789209888852296854385115488622580526096782121083686345687658138044439803620069210853311460790829755352104423876771688419002580552453018280574326918094
12 8 14 86597004933291236906950318107894668813087598689556417010776241189235905025906280556039991809775211674927969586986904320182604616529146254226944247389538580682078643/354830275342093894604944426148427192557744311290263048391060541843172843829069022219901810034605426655730395414877676052211938385844209501290276226509140287163459047
12 9 2 135705753740013811562260169147920899162247794664402997940022799936634600433566589908186931766615492926374306476873306785560913857892583227552908370970694601759203791/709660550684187789209888852296854385115488622580526096782121083686345687658138044439803620069210853311460790829755352104423876771688419002580552453018280574326918094
12 9 4 107245108195498643283755948478459173933700543349188746996527814729527640931015507425729802543604772992708918766706949723735001783025639560033886328026891342424913311/709660550684187789209888852296854385115488622580526096782121083686345687658138044439803620069210853311460790829755352104423876771688419002580552453018280574326918094
12 9 6 1069424665182459180277673988053646047362408576959944259352830581821339742511842998465281072549630765114086319580431605094330241208190974317773568296244217631998699/11633779519412914577211292660604170247794895452139772078395427601415503076362918761308256066708374644450176898848448395154489783142433098402959876278988206136506854
12 9 13 239917948342057469112862637464912994380438479175140978679532290976389847129573341610370188470960220720011665402284233010843643736621279904677122215995545761395646799/709660550684187789209888852296854385115488622580526096782121083686345687658138044439803620069210853311460790829755352104423876771688419002580552453018280574326918094
12 9 16 15861971747692806302146459264481964171725998585089563570462680760842338885849405323561237900481657835109469683582113585067243853343604988547873025909707625217141933/354830275342093894604944426148427192557744311290263048391060541843172843829069022219901810034605426655730395414877676052211938385844209501290276226509140287163459047
12 9 21 64916446167551121324889532702662490203271442513528823102295075515503598549530685971006038030769787165093847661160153751697842486881028449918350910067418171380474844/354830275342093894604944426148427192557744311290263048391060541843172843829069022219901810034605426655730395414877676052211938385844209501290276226509140287163459047
12 10 0 182440970854534789427781881435705162052255585136429944606118914555788123653738159517664948025562675410770543926152898086593023703454792906098149890678465397723131927/709660550684187789209888852296854385115488622580526096782121083686345687658138044439803620069210853311460790829755352104423876771688419002580552453018280574326918094
12 10 3 66168657773177277994220724696170127030595563933958818507281124068103988286644104008910686948531980613727812925556892451772797771152357498246033718873335696173138220/354830275342093894604944426148427192557744311290263048391060541843172843829069022219901810034605426655730395414877676052211938385844209501290276226509140287163459047
12 10 9 72858818513774000222832707001994001701492936903559438767081138710899006505999316219559343753331618603770636626177527371952710935475555478011359919167952278239426139/354830275342093894604944426148427192557744311290263048391060541843172843829069022219901810034605426655730395414877676052211938385844209501290276226509140287163459047
12 10 23 7332975179071671030026442783728332580155865989916090365937974857857408174252978690649601962002005096773430565328434068064420268550823722675969094577109095592687393/709660550684187789209888852296854385115488622580526096782121083686345687658138044439803620069210853311460790829755352104423876771688419002580552453018280574326918094
12 10 25 120915826038339386158986832340546316509450084889571773630669834357347083122430032887274504338959487184459958617402590151157707693213488210645823095840065066092985028/354830275342093894604944426148427192557744311290263048391060541843172843829069022219901810034605426655730395414877676052211938385844209501290276226509140287163459047
12 11 3 17230570714388647819365508108643789060780188509734598739081378726280769059429847130928984489349268491810655554976093871490110827197994490290098084036416094338969037/709660550684187789209888852296854385115488622580526096782121083686345687658138044439803620069210853311460790829755352104423876771688419002580552453018280574326918094
12 11 6 64827503489319756191215002346387498899950524760953591536846731269472922688313401819575656033528895033361475396367699030076458533355999851086425029288413377164195137/709660550684187789209888852296854385115488622580526096782121083686345687658138044439803620069210853311460790829755352104423876771688419002580552453018280574326918094
12 11 12 201225479060805238601377893067519007662418074588846437183853811588994933943189700682731668874438713679798043755565061432187347486851152737709917161892968117456650540/354830275342093894604944426148427192557744311290263048391060541843172843829069022219901810034605426655730395414877676052211938385844209501290276226509140287163459047
12 11 20 2618040911149638465076192508218431184068857675955174792307969192007001488651341792137623741830875144496425260084667864400960609737582781230048779254738544975702940/8251866868420788246626614561591330059482425843959605776536291670771461484396954005113995582200126201296055707322736652377021822926609523285820377360677681096824629
12 12 5 41046229451365370433259450603487031083857005122733003359884392005798610707621747362178677468935682529760208651233181077412151798916918699342783171458475725455618473/709660550684187789209888852296854385115488622580526096782121083686345687658138044439803620069210853311460790829755352104423876771688419002580552453018280574326918094
12 12 8 2957544810756299539401249763127062099365213840233748029676011666622364379184437941047508408304345261784693461079343387205135216564180410179289313556530158468097485/8251866868420788246626614561591330059482425843959605776536291670771461484396954005113995582200126201296055707322736652377021822926609523285820377360677681096824629
12 12 15 6791237172258699317838064296138360876823331593404766604427863743459405579354994002418675729280352102757654828290141634874919612266425984062604726486855921649424851/11633779519412914577211292660604170247794895452139772078395427601415503076362918761308256066708374644450176898848448395154489783142433098402959876278988206136506854
13 0 1 15519642407704649613286147421372835067571196256273262160192831983078195902774972158858393347513795745771990005868831593888610769462434581286734636742864957764492211/354830275342093894604944426148427192557744311290263048391060541843172843829069022219901810034605426655730395414877676052211938385844209501290276226509140287163459047
13 0 2 249535624022128651735921758644038651783111695559433164907975853069188729048216540126432449323948630174019184796592795359920315276916396957944988368406989543310958173/354830275342093894604944426148427192557744311290263048391060541843172843829069022219901810034605426655730395414877676052211938385844209501290276226509140287163459047
13 0 4 35044703452408010175503674719015747364657580458197726258743615585397259860946748818435384076734888745052557776745301437556094560769563883711976483330624864481427847/354830275342093894604944426148427192557744311290263048391060541843172843829069022219901810034605426655730395414877676052211938385844209501290276226509140287163459047
13 0 5 31464007075054563952772079443568849117739276445034646338865055994917825339710599522861249390593507123469977779227797911531364039453511636589587558756101667006943977/354830275342093894604944426148427192557744311290263048391060541843172843829069022219901810034605426655730395414877676052211938385844209501290276226509140287163459047
13 0 35 23266298384798019127460765920431109224664562571324248725283185210590833677420161593314333895814604867416685056442949749315553739242302441756989179272559254599636839/354830275342093894604944426148427192557744311290263048391060541843172843829069022219901810034605426655730395414877676052211938385844209501290276226509140287163459047
13 1 11 723967929893891164332384128414456339733102009571913806725539204097643936130830471697896580357706667216550651065808656530900860396120575259130379323483650683653693/11633779519412914577211292660604170247794895452139772078395427601415503076362918761308256066708374644450176898848448395154489783142433098402959876278988206136506854
13 1 29 68214055022907703493150151299739783155601262492779877222528289399216192343500329286401073448358571888103874788131325529541724604604123854536872555487978661943533801/709660550684187789209888852296854385115488622580526096782121083686345687658138044439803620069210853311460790829755352104423876771688419002580552453018280574326918094
13 1 33 1057212472803733891442781908339589774193343165944698400415651220083549998128160267944654496835940764094011425538554312926181915978125444736521595563466801690184276/2381411243906670433590231047976021426562042357652772136852755314383710361268919612214106107614801521179398626945487758739677438831169191283827357224893558974251403
13 1 35 141117567521120012521257130239317506263275937026169677012735419626137657884232648266161907580960913511565960758060256637247494360719778762876645640442346158502797386/354830275342093894604944426148427192557744311290263048391060541843172843829069022219901810034605426655730395414877676052211938385844209501290276226509140287163459047
13 2 1 154269986395482119604239567294083863323958982585129321141880476825677775804747843545377678781002254454686803977706897129305621037279278340697132350853568335608560951/709660550684187789209888852296854385115488622580526096782121083686345687658138044439803620069210853311460790829755352104423876771688419002580552453018280574326918094
13 2 5 49035516361658680021520099274506654065845701717795421478967136402188894402361401475175287401299235396777433287746309503131520563509557949486196549351933562004767775/354830275342093894604944426148427192557744311290263048391060541843172843829069022219901810034605426655730395414877676052211938385844209501290276226509140287163459047
13 2 6 149581189711384582986479748719293442891080122267111589451596571035876844679427214516676333312209276574544816545308870276697204207442601629588466863562128411713407590/354830275342093894604944426148427192557744311290263048391060541843172843829069022219901810034605426655730395414877676052211938385844209501290276226509140287163459047
13 2 12 1784732004641604425859486666820691484639863463482802302250700751795350329508149274969534674537316004748062405148447967167783443247929101219381621553324922616906994/354830275342093894604944426148427192557744311290263048391060541843172843829069022219901810034605426655730395414877676052211938385844209501290276226509140287163459047
13 2 31 154587688133335934737930615681528944908398265098617149174611790480945733030796670360783630512116942904633362375641199481125239306008963301295330033229938446048192425/709660550684187789209888852296854385115488622580526096782121083686345687658138044439803620069210853311460790829755352104423876771688419002580552453018280574326918094
13 3 7 11282393674170403095901106924585787370876158942424623171280162976061763844942484333099519894773582413835925942332130983334368822156395662135296896960991585231041651/709660550684187789209888852296854385115488622580526096782121083686345687658138044439803620069210853311460790829755352104423876771688419002580552453018280574326918094
13 3 10 138029690024823574660819005470398953287226391551857485672259732819059056301424167191830077344245922927195173918837418266599984207522228829964222197932262409374452239/354830275342093894604944426148427192557744311290263048391060541843172843829069022219901810034605426655730395414877676052211938385844209501290276226509140287163459047
13 3 11 253512792154155392607602184832033459553511849421462292336416047485696135769848559643730986042837743653798061805284839808302738455172757978978799935234022449409127273/709660550684187789209888852296854385115488622580526096782121083686345687658138044439803620069210853311460790829755352104423876771688419002580552453018280574326918094
13 3 23 29637831221138846733827664847031072993314582454531116933870205356440765480373504270479456071345441979674589245385906674742945874513090646385270115902415646144625067/354830275342093894604944426148427192557744311290263048391060541843172843829069022219901810034605426655730395414877676052211938385844209501290276226509140287163459047
13 3 25 35348532511667101317142066086399977490639163547173083123434346182652099323409137425844244322766676040465384445285539145880598784959066138099192389945558299437331115/354830275342093894604944426148427192557744311290263048391060541843172843829069022219901810034605426655730395414877676052211938385844209501290276226509140287163459047
13 3 28 19416628670301474041404043866287565324370169554757904907648152254141972916466691343332779327441722674578253931560326569169855880185247066284543106631396914886966164/354830275342093894604944426148427192557744311290263048391060541843172843829069022219901810034605426655730395414877676052211938385844209501290276226509140287163459047
13 4 5 273578979681508108402743469365996269218071633989751066183903169369532475775859370853681194237969314679450087488127931568472030536309239372866762903715101822005527831/709660550684187789209888852296854385115488622580526096782121083686345687658138044439803620069210853311460790829755352104423876771688419002580552453018280574326918094
13 4 14 58060333029448580254760398963144455236963874817359362059331556296877053606387983381654756498198336083925555181401634299650958739586969195048231860829684880508714812/354830275342093894604944426148427192557744311290263048391060541843172843829069022219901810034605426655730395414877676052211938385844209501290276226509140287163459047
13 4 23 159816144931573835556498462220417399554084457853537301507074882035305667366609015378665789671707450918851631900116253793434238857198147394639098500089679015159549291/354830275342093894604944426148427192557744311290263048391060541843172843829069022219901810034605426655730395414877676052211938385844209501290276226509140287163459047
13 4 24 328615080634849184627660563734406315320323248981703465405037652447769936284676065481333491429964626456329178591644349781451041808946450339128827464450960984862057/709660550684187789209888852296854385115488622580526096782121083686345687658138044439803620069210853311460790829755352104423876771688419002580552453018280574326918094
13 5 18 23425807010298140773010838864445148678285549574596926073490997260232904569860771701513230557088771804253391256443449570218278620138520604167695912107195498409001313/709660550684187789209888852296854385115488622580526096782121083686345687658138044439803620069210853311460790829755352104423876771688419002580552453018280574326918094
13 5 23 56250980092622323034546415469165176405643767323831154882750559392888200580014402077472439918673829774735294783493781193115640514320587239112348684414421062553583311/709660550684187789209888852296854385115488622580526096782121083686345687658138044439803620069210853311460790829755352104423876771688419002580552453018280574326918094
13 5 24 91410213376989003090375445986737299423740535176408515183438038624516639675246961947135682067211166239006283429337917291838487430119839108699785288038571718189406113/354830275342093894604944426148427192557744311290263048391060541843172843829069022219901810034605426655730395414877676052211938385844209501290276226509140287163459047
13 5 25 223581668413644659610790352994884730592039117664640492729501724892095651578884473383273292729512959627229768965571143378706491388494816470950468640209760288492760622/354830275342093894604944426148427192557744311290263048391060541843172843829069022219901810034605426655730395414877676052211938385844209501290276226509140287163459047
13 6 1 2818321693166437093189234768092990533102653294877496997525780013475994849019660001726441759413483623895905303342308594906391932315809789622318206130758257459114913/8251866868420788246626614561591330059482425843959605776536291670771461484396954005113995582200126201296055707322736652377021822926609523285820377360677681096824629
13 6 6 1027973526726806896102525775592269926199850138303876723538896704199724019188683604321728419859327966034601361647135932102979179332831423036328311003753055674686389/354830275342093894604944426148427192557744311290263048391060541843172843829069022219901810034605426655730395414877676052211938385844209501290276226509140287163459047
13 6 9 244281422169115413453121368796573146947284928433876085521968972779963026028727850764553879866589956655940219333585433480702149810598525845232559156595535353854655643/709660550684187789209888852296854385115488622580526096782121083686345687658138044439803620069210853311460790829755352104423876771688419002580552453018280574326918094
13 6 17 29637831221138846733827664847031072993314582454531116933870205356440765480373504270479456071345441979674589245385906674742945874513090646385270115902415646144625067/354830275342093894604944426148427192557744311290263048391060541843172843829069022219901810034605426655730395414877676052211938385844209501290276226509140287163459047
13 6 18 161671853407027478482632912199037366482346645601515282158116825626166125614595057777173379910651765109054334194665294248080170674238407110985430715365197675349757021/709660550684187789209888852296854385115488622580526096782121083686345687658138044439803620069210853311460790829755352104423876771688419002580552453018280574326918094
13 7 0 166131309840822168702649342632973134815960816686146943789440625210120392139231174186310988097627626472951658216450075897627064218572611749472266337400568325135723755/709660550684187789209888852296854385115488622580526096782121083686345687658138044439803620069210853311460790829755352104423876771688419002580552453018280574326918094
13 7 5 83282375295688925504537011360422140580114972108215949886304587985749586544583848768480806282804471615445397199637218651376380604672386673080990940379464895831232139/709660550684187789209888852296854385115488622580526096782121083686345687658138044439803620069210853311460790829755352104423876771688419002580552453018280574326918094
13 7 21 193420945473938882820738703414104075557138604208132958989908094989229678863730053047449189167000388253789870238761852619464951066379457433864416246492732275822124753/709660550684187789209888852296854385115488622580526096782121083686345687658138044439803620069210853311460790829755352104423876771688419002580552453018280574326918094
13 7 22 266825920073737812181963794889355034162274229578030244116467775501246030110592968437562636521778366969273865174906204935955480882063963146162878928745515077537837447/709660550684187789209888852296854385115488622580526096782121083686345687658138044439803620069210853311460790829755352104423876771688419002580552453018280574326918094
13 8 3 17196835649194701154813325915456766720749094936271805057793544995117753125715312412513507508092781367787241525832526610876096777771903919407411400421415436814641677/709660550684187789209888852296854385115488622580526096782121083686345687658138044439803620069210853311460790829755352104423876771688419002580552453018280574326918094
13 8 8 109349011213927177941452670361991265191598158944701986401339500038870906222866396292441203740070359093150336865547812247889885966011280979461194166593190176216684147/354830275342093894604944426148427192557744311290263048391060541843172843829069022219901810034605426655730395414877676052211938385844209501290276226509140287163459047
13 8 12 118025105041307563299543385068120293928911795136238602871351804540574854799157845837047426688009199914663378771894515990467299257187548582989529989548570689475984414/354830275342093894604944426148427192557744311290263048391060541843172843829069022219901810034605426655730395414877676052211938385844209501290276226509140287163459047
13 8 16 919191261442663488532510419264898536795456272191177787768002967243825191079155396215070482828195782526551358137013409222048742086537595387065934765380957375936119/11633779519412914577211292660604170247794895452139772078395427601415503076362918761308256066708374644450176898848448395154489783142433098402959876278988206136506854
13 8 27 72123830377806743351058807991907951413789872611988009568208911856063528433896517187092894035472968189677571449284178370957473643641662688067882500165219646440666113/709660550684187789209888852296854385115488622580526096782121083686345687658138044439803620069210853311460790829755352104423876771688419002580552453018280574326918094
13 8 28 109520985198714389421541471954107737995406914266723258556887836674399547398649251412100658216966043004248913733396172683330962636598399951592788219459885359754169923/709660550684187789209888852296854385115488622580526096782121083686345687658138044439803620069210853311460790829755352104423876771688419002580552453018280574326918094
13 9 4 76162976025396926752551871242437515031535163789300540071720269459968917630667976211339451371598816381337568792838938540007093427425279602075358975221178103558717103/709660550684187789209888852296854385115488622580526096782121083686345687658138044439803620069210853311460790829755352104423876771688419002580552453018280574326918094
13 9 17 229292369704172914194104754234253635089363698757282458919065865718306985421920106538638080980934193688020564165470775849844144298940791962664390914252902941785466670/354830275342093894604944426148427192557744311290263048391060541843172843829069022219901810034605426655730395414877676052211938385844209501290276226509140287163459047
13 9 19 24404276820387963338659183428041467130914143586048049874377808283471080273078590738688703005036124123036311066889091386690132878755873867211584544662618544048424436/354830275342093894604944426148427192557744311290263048391060541843172843829069022219901810034605426655730395414877676052211938385844209501290276226509140287163459047
13 9 27 126104281609669107391809105729826665643397774104564539123513466222820638637472673673810600725671401308009471572196679091348228988869807740753242559966059499100418779/709660550684187789209888852296854385115488622580526096782121083686345687658138044439803620069210853311460790829755352104423876771688419002580552453018280574326918094
13 10 3 28336713470897357193437424567549592550404220129682126971661525420782325342159048025599337634418382189099393108920775038245968559909540423288409328501073690537769591/354830275342093894604944426148427192557744311290263048391060541843172843829069022219901810034605426655730395414877676052211938385844209501290276226509140287163459047
13 10 4 49014519619451233174781074058052068593217301864090046466380736074599794338083188458171830170760681392248767493627946032791433630817059237866623607356553760666541423/354830275342093894604944426148427192557744311290263048391060541843172843829069022219901810034605426655730395414877676052211938385844209501290276226509140287163459047
13 10 10 230518628126805969438325720297185722220027620377487557190072513535315625356796402901475399521293843067164033041706397532639843109706911896035580767485120771880237345/709660550684187789209888852296854385115488622580526096782121083686345687658138044439803620069210853311460790829755352104423876771688419002580552453018280574326918094
13 10 21 8768633956126611865814219858066630827249134005824167370701731004331508728131274826237456349663753596800011799539230065667817007581846156330673130103186618919947533/19180014883356426735402401413428496895013206015689894507624894153685018585355082282156854596465158197607048400804198705524969642478065378448123039270764339846673462
13 11 0 202988730323746067069173895581797353167376395482006312101404658218725332805042690788418889151808639613595413775581670581610392629799748228906157585922696597933539251/709660550684187789209888852296854385115488622580526096782121083686345687658138044439803620069210853311460790829755352104423876771688419002580552453018280574326918094
13 11 2 9394576903183109192010660437246056299566585652380410944960218005559021854077070682685087728331005493675968614263887164666774896537485651104672661748329044619133564/354830275342093894604944426148427192557744311290263048391060541843172843829069022219901810034605426655730395414877676052211938385844209501290276226509140287163459047
13 11 3 46628440389385293537460733954501525982202632712300437713530108417254969486780019744911845374728860719747474856072468641651090264431092170852047945597487598866729743/709660550684187789209888852296854385115488622580526096782121083686345687658138044439803620069210853311460790829755352104423876771688419002580552453018280574326918094
13 11 4 273578979681508108402743469365996269218071633989751066183903169369532475775859370853681194237969314679450087488127931568472030536309239372866762903715101822005527831/709660550684187789209888852296854385115488622580526096782121083686345687658138044439803620069210853311460790829755352104423876771688419002580552453018280574326918094
13 11 19 2483010000426499141133980873060171825677064601566289024340402966088006303317945565287415197174780192826894102439752762219472965314008421661512224403137936931128429/709660550684187789209888852296854385115488622580526096782121083686345687658138044439803620069210853311460790829755352104423876771688419002580552453018280574326918094
13 11 22 48223396821774887467985213795842718547342033873489879207396288083651869331598791409944403535331980730741539635582980316046730079417419385320556549167591826137076801/709660550684187789209888852296854385115488622580526096782121083686345687658138044439803620069210853311460790829755352104423876771688419002580552453018280574326918094
13 11 24 116968839660980715207370237851164233775685690616651290661626020619974990247385084712189697115535266387747443743422773905090610503341940120764169920715606703214648911/709660550684187789209888852296854385115488622580526096782121083686345687658138044439803620069210853311460790829755352104423876771688419002580552453018280574326918094
13 12 0 74370180843027643042020799973899464091009675127736947907513429360324888430156678321752598427561502624421617414840809284968361749267702619860449068493686126395460234/354830275342093894604944426148427192557744311290263048391060541843172843829069022219901810034605426655730395414877676052211938385844209501290276226509140287163459047
13 12 1 90175465027418513010778785969742696859427003966486564456388920198725777178598673606666617318969833734111666744830265570141631591543975807309354708726128783238755583/709660550684187789209888852296854385115488622580526096782121083686345687658138044439803620069210853311460790829755352104423876771688419002580552453018280574326918094
13 12 6 108321037687200371045350144586398995265398308806398109677800603334671182203677712688119475320211031127115735503900676315786906786678449556424865855589437120541997758/354830275342093894604944426148427192557744311290263048391060541843172843829069022219901810034605426655730395414877676052211938385844209501290276226509140287163459047
13 12 20 51291563641202425818452347729143106087505351773662388773096019533030166849475127042664821207247028438899516236217935535599738722825756156084681313728375025027977301/709660550684187789209888852296854385115488622580526096782121083686345687658138044439803620069210853311460790829755352104423876771688419002580552453018280574326918094
13 12 22 680574110587620208744683991534804239784363419369486672422845901223481887122132422049422933045130616226090275205450267775744863709484505659784854303347417020755937/2381411243906670433590231047976021426562042357652772136852755314383710361268919612214106107614801521179398626945487758739677438831169191283827357224893558974251403
13 13 3 243091712474766693172476361863428075037637411930561333849344961069880352703025949864233367171898610414970000244259922590849435147606409940565911706436018423494711921/709660550684187789209888852296854385115488622580526096782121083686345687658138044439803620069210853311460790829755352104423876771688419002580552453018280574326918094
13 13 19 466568838209421096037412490433426310077851210649964762932776122616465334955112094575570252897312242896490790585495429513574441624082009062014640746582262150832206173/709660550684187789209888852296854385115488622580526096782121083686345687658138044439803620069210853311460790829755352104423876771688419002580552453018280574326918094
14 0 17 13432953273501410314089463187942559720419708959897966623536363378095692979771578993044698102918113456300004107627561660815415211711060222776706706897284124746019868/354830275342093894604944426148427192557744311290263048391060541843172843829069022219901810034605426655730395414877676052211938385844209501290276226509140287163459047
14 0 23 125070539128007908919838407196276864236388178526372921533426706906909075734015320392228713146531157433949280092036099778025139493723197730194797430920312671120298128/354830275342093894604944426148427192557744311290263048391060541843172843829069022219901810034605426655730395414877676052211938385844209501290276226509140287163459047
14 0 26 46939478697645781948969887455015975912014308163306359721873997736896174086721585388562853756641541204468919552734556229845407963499889754420881924254116819593819252/354830275342093894604944426148427192557744311290263048391060541843172843829069022219901810034605426655730395414877676052211938385844209501290276226509140287163459047
14 0 30 169387304242938793422046668309191792688922115640685800512223473821271901028560537446065545028514614561012191662479458383525975716910061793897890164437426671703321799/354830275342093894604944426148427192557744311290263048391060541843172843829069022219901810034605426655730395414877676052211938385844209501290276226509140287163459047
14 1 1 103218237850215853052347306978189812931576910215799658037267444668860607937400675365723129854689538782576606461591991637884279925384019818840152871044183406259014074/354830275342093894604944426148427192557744311290263048391060541843172843829069022219901810034605426655730395414877676052211938385844209501290276226509140287163459047
14 1 11 312085179755279422994463184947670739869488631864147407869478328615157113274252751192342263736843319152125349014365136849272084935204076365402251285643871162794333567/709660550684187789209888852296854385115488622580526096782121083686345687658138044439803620069210853311460790829755352104423876771688419002580552453018280574326918094
14 1 20 55245267478309352301020776685465584802190718708276170254958280466589473526932238436994498910182225482719542861635577181666376486973208741407471452906333489696040790/354830275342093894604944426148427192557744311290263048391060541843172843829069022219901810034605426655730395414877676052211938385844209501290276226509140287163459047
14 1 23 25176867162816876058908382903996286082108391325859020354558541340377174485698739670497249237100175943109635575661478694987984015377959319122655984777498577244588333/709660550684187789209888852296854385115488622580526096782121083686345687658138044439803620069210853311460790829755352104423876771688419002580552453018280574326918094
14 1 32 28449278859807872291791627387982756151466230382852025536336934663863342506954755667922958851764249990422967113584872909726584953167711237149815935969040615570891335/709660550684187789209888852296854385115488622580526096782121083686345687658138044439803620069210853311460790829755352104423876771688419002580552453018280574326918094
14 1 35 27022214249233207157989489729893807544890111159515986437295828796047894462565970303605890713759579695210540479688726011335910043224214960410580598726836426806995131/709660550684187789209888852296854385115488622580526096782121083686345687658138044439803620069210853311460790829755352104423876771688419002580552453018280574326918094
14 2 13 91572549570234395174519958774866636148135162011477698835125637872366864820726222494127400103854297607578033293584286817791919729480371839298840157288983856846576963/354830275342093894604944426148427192557744311290263048391060541843172843829069022219901810034605426655730395414877676052211938385844209501290276226509140287163459047
14 2 27 231723679831443359434293652494572694989231788015144708260087101111032153430852479867672389564763190826864381138328528895177754692483031459863883588517730462601050305/709660550684187789209888852296854385115488622580526096782121083686345687658138044439803620069210853311460790829755352104423876771688419002580552453018280574326918094
14 2 28 108722911565729394241288152185521412288769371586817669848337491407160868459088155645208846620230179304290010149181422846586084099021886193599893904988656256073443400/354830275342093894604944426148427192557744311290263048391060541843172843829069022219901810034605426655730395414877676052211938385844209501290276226509140287163459047
14 2 32 77345948580816850943978977881505593252447767368790651155107724016258067667656808293458737056278708660860322805895403880490114422200871476919200739945269885885827063/709660550684187789209888852296854385115488622580526096782121083686345687658138044439803620069210853311460790829755352104423876771688419002580552453018280574326918094
14 3 0 337057574247130023855963778702914276654156604130352407523180922409445829557413994578070185110041529402683880700799474566841191660014941496411499668618047801598431539/709660550684187789209888852296854385115488622580526096782121083686345687658138044439803620069210853311460790829755352104423876771688419002580552453018280574326918094
14 3 12 94306318229150411338798391018375316964191101334945715072214289895271772805950762195390902696429790183830646103791568474451171125285073378151843373470145920941581457/354830275342093894604944426148427192557744311290263048391060541843172843829069022219901810034605426655730395414877676052211938385844209501290276226509140287163459047
14 3 29 183990339978756942676328291557189474532949815780282259114511581486356312488822525470951629566309743541115617921372740588680342861103330749865366037459940930845323641/709660550684187789209888852296854385115488622580526096782121083686345687658138044439803620069210853311460790829755352104423876771688419002580552453018280574326918094
14 4 1 146869080324660155937541591436354895433214582897796938564289402278016064254720898480639635712782217880777767636776829852345745651163640469301003515520680371031763665/354830275342093894604944426148427192557744311290263048391060541843172843829069022219901810034605426655730395414877676052211938385844209501290276226509140287163459047
14 4 4 110945014748808419002572700106638449296287890655233643319819968528842319279328751912197386687154003302284617946016763874871389869812559455606188247212407531886909989/709660550684187789209888852296854385115488622580526096782121083686345687658138044439803620069210853311460790829755352104423876771688419002580552453018280574326918094
14 4 18 25294004264261492223988023229548382683787825349913283662051289226348111002598470182438974696663232592408958503168604030201468388655535878872034284427426568285300121/354830275342093894604944426148427192557744311290263048391060541843172843829069022219901810034605426655730395414877676052211938385844209501290276226509140287163459047
14 4 27 159892750947539958443907556793469126074918865763590200508874753079054065282319645004053433414937742968449227280859660882751765444523888655328905471973387280833363/446046857752475040358195381707639462674725721295113825758718468690349269426862378654810572010817632502489497693120900128487666104141055312747047424901496275504034
14 5 1 16017322017678080604196946511699194507455996843054561646048401313872607171419563884014444491951571284716373152587470714803986068006142545656271191631691515051990384/354830275342093894604944426148427192557744311290263048391060541843172843829069022219901810034605426655730395414877676052211938385844209501290276226509140287163459047
14 5 4 445275416868527956324096940882787960659095083799773297401301961928023219695968634270351396610335584428319785677304998585352729762051336519389379891639758323666620409/709660550684187789209888852296854385115488622580526096782121083686345687658138044439803620069210853311460790829755352104423876771688419002580552453018280574326918094
14 5 18 74466010498071975323389829736496769537344405644802761225175085964948997146766654996147848057948019354442994940404100933417296778271501557803011550145675123550317661/709660550684187789209888852296854385115488622580526096782121083686345687658138044439803620069210853311460790829755352104423876771688419002580552453018280574326918094
14 5 21 78942239641115848177004094327085632952068569724920457431773616582814128236281813702637743208512053479632631953435655578022939047676647917037809313984732048502999628/354830275342093894604944426148427192557744311290263048391060541843172843829069022219901810034605426655730395414877676052211938385844209501290276226509140287163459047
14 6 0 194142754163816190890950079226758340600916598328298935914422620462931229720595900295416031976202634196702012492263980802321506701782632277088690065591644838822728295/709660550684187789209888852296854385115488622580526096782121083686345687658138044439803620069210853311460790829755352104423876771688419002580552453018280574326918094
14 6 5 91898440683469420507837124681315721276708952687387528117877187887250129004770851212374743395690351807051683322799151425332012411948140835396160799184475498126139099/709660550684187789209888852296854385115488622580526096782121083686345687658138044439803620069210853311460790829755352104423876771688419002580552453018280574326918094
14 6 6 31511464171527933516111722868066431946624145379263478481303588115797899840927999877630350989143756376354853279964310611893596103333382545888917123808947580008039765/709660550684187789209888852296854385115488622580526096782121083686345687658138044439803620069210853311460790829755352104423876771688419002580552453018280574326918094
14 6 8 337057574247130023855963778702914276654156604130352407523180922409445829557413994578070185110041529402683880700799474566841191660014941496411499668618047801598431539/709660550684187789209888852296854385115488622580526096782121083686345687658138044439803620069210853311460790829755352104423876771688419002580552453018280574326918094
14 6 16 54809141307389771791615079182582197769035371345169756617435079207393389629428594672883658992876422602323356577128036796841677008531502616644157125393093792470533079/709660550684187789209888852296854385115488622580526096782121083686345687658138044439803620069210853311460790829755352104423876771688419002580552453018280574326918094
14 6 22 241176110854448647411067635217416868046950710053990127901685603527209905000703803428649605256158926345004456800397901193892886077819231151127670422071063301046317/709660550684187789209888852296854385115488622580526096782121083686345687658138044439803620069210853311460790829755352104423876771688419002580552453018280574326918094
14 7 6 1688782670964032675148609832142504256732635824773798988159105304733434964626386510030109229870929881192273944749370400227667045650697143918618376849881286459492465/9590007441678213367701200706714248447506603007844947253812447076842509292677541141078427298232579098803524200402099352762484821239032689224061519635382169923336731
14 7 9 11356221616796376140634091621582363539808686040797562917497922470440475430489503385143736305110479271449761760301395540375312934315793414389285251681779768011768507/354830275342093894604944426148427192557744311290263048391060541843172843829069022219901810034605426655730395414877676052211938385844209501290276226509140287163459047
14 7 26 82938345617097407554893575554313934094657548234772261580282936296696884207063683994660859830351360002029211965920139564601808898885405401913250891436229098088184937/709660550684187789209888852296854385115488622580526096782121083686345687658138044439803620069210853311460790829755352104423876771688419002580552453018280574326918094
14 7 28 338533432375023138196682268983166168509797280571317610896545262039016592152120371088702440451773070195679378868158518865858058547742304356644652658452782280105597281/709660550684187789209888852296854385115488622580526096782121083686345687658138044439803620069210853311460790829755352104423876771688419002580552453018280574326918094
14 7 29 1151691900058492403410227024079215085518044021799835847102649572618664533242806400360039050544398798054298398062463057183328049821946998075953430433397495591042266/5816889759706457288605646330302085123897447726069886039197713800707751538181459380654128033354187322225088449424224197577244891571216549201479938139494103068253427
14 8 2 174891977958452334610987513516523392046114577011703812323293520559572161550248017725551261794055255082725595350068889592227779890547928168657631198381899521517751125/354830275342093894604944426148427192557744311290263048391060541843172843829069022219901810034605426655730395414877676052211938385844209501290276226509140287163459047
14 8 5 170583830284546642943749333435400897812244855972025535474665938013583281461084738008894768476234800161997185026968951330200615917588474200997400308626329615363863969/709660550684187789209888852296854385115488622580526096782121083686345687658138044439803620069210853311460790829755352104423876771688419002580552453018280574326918094
14 8 11 76118405589293765912184665680219974404592694951736002366883206977229148348136891888915888082477958385713685643078737092810011142355839387098578027011909597316528866/354830275342093894604944426148427192557744311290263048391060541843172843829069022219901810034605426655730395414877676052211938385844209501290276226509140287163459047
14 8 18 37055953304148945219795160467966754401829222681620931927101690599159786400283487201974551839909626212585043816491147404147678788292409690070733693604332721294494143/709660550684187789209888852296854385115488622580526096782121083686345687658138044439803620069210853311460790829755352104423876771688419002580552453018280574326918094
14 9 0 12510051603195080289877891529876896350154885998177798641759193792244239848643745654531283105622712065609255215129153545530710635033161100747689202321236607566185282/354830275342093894604944426148427192557744311290263048391060541843172843829069022219901810034605426655730395414877676052211938385844209501290276226509140287163459047
14 9 16 478698847076353851253786378563679485106730231028242058268691006308591198484889784739377651694392206585381523525590934582631816754700806529572840510095512527059460305/709660550684187789209888852296854385115488622580526096782121083686345687658138044439803620069210853311460790829755352104423876771688419002580552453018280574326918094
14 9 18 35053692514178471004059532818222167690477635504995111725707548598529183840137175556713690584780223920468650940572756550294153058571678832251697972212388114573299780/354830275342093894604944426148427192557744311290263048391060541843172843829069022219901810034605426655730395414877676052211938385844209501290276226509140287163459047
14 9 24 135834215373086835368227625036976771927493348545938217778496592596207641795686417277936020994012774753923454992760597330142332629777932607008937593855518602988487665/709660550684187789209888852296854385115488622580526096782121083686345687658138044439803620069210853311460790829755352104423876771688419002580552453018280574326918094
14 10 7 443225686486233079795318108134105799096969461657444091866955393395957871346274747689588162246073967773255295047286607023096799376296436491519367027540366151075429735/709660550684187789209888852296854385115488622580526096782121083686345687658138044439803620069210853311460790829755352104423876771688419002580552453018280574326918094
14 10 22 266434864197954709414570744162748586018519160923082004915165690290387816311863296750215457823136885538205495782468745081327077395391982511061185425477914423251488359/709660550684187789209888852296854385115488622580526096782121083686345687658138044439803620069210853311460790829755352104423876771688419002580552453018280574326918094
14 11 1 12005575616114098069248975568469302105443997270852312112955716967683490124107555360897181589321465917231454560704589025078048171378145153700356491229527635433997076/354830275342093894604944426148427192557744311290263048391060541843172843829069022219901810034605426655730395414877676052211938385844209501290276226509140287163459047
14 11 3 219162857370206351470705862286512133301226370324654533197941008047419709417883391604478598187448058327920522922522287893382927971848954478584068470234118053955098859/709660550684187789209888852296854385115488622580526096782121083686345687658138044439803620069210853311460790829755352104423876771688419002580552453018280574326918094
14 11 6 86128838584100474903172606479435491417574094877766915607093810304716281669479480506871224845579393044749100360780032115496489832145339037922787697517231454986060927/709660550684187789209888852296854385115488622580526096782121083686345687658138044439803620069210853311460790829755352104423876771688419002580552453018280574326918094
14 11 8 54108921310698966234066581089936842002469239834710444939060519759288695069277319846140605750147027512817952488252762009255769051018197511488940111510855261034094435/354830275342093894604944426148427192557744311290263048391060541843172843829069022219901810034605426655730395414877676052211938385844209501290276226509140287163459047
14 11 15 92231348009283381150016470701471251865365223881080056453221037460794131860971708401756088848460706073893522414285025937868968961166502770047100538666953149988606779/354830275342093894604944426148427192557744311290263048391060541843172843829069022219901810034605426655730395414877676052211938385844209501290276226509140287163459047
14 11 24 43838582428844035964673164405575984225065617702409510483305858479338531231031002555433022330162501465452654309984139075569443300284217307800451001226129486236180864/354830275342093894604944426148427192557744311290263048391060541843172843829069022219901810034605426655730395414877676052211938385844209501290276226509140287163459047
14 12 6 22172009398435226884976820558404754897491365393631525081825279934911644631649121525021282102421390470019462959469750965901840361219166180507078848880021953243868927/709660550684187789209888852296854385115488622580526096782121083686345687658138044439803620069210853311460790829755352104423876771688419002580552453018280574326918094
14 12 7 112994745131103295531351532855320610858413512797562848854166537060907667629022638492960621051415619957349108576035155437127320255567459483476201111311799704478100663/709660550684187789209888852296854385115488622580526096782121083686345687658138044439803620069210853311460790829755352104423876771688419002580552453018280574326918094
14 12 9 63212468308825506141548733803719929516360746577282920201305736003472888721062253832847347865687620628166583995155665703059342731114650425332239339206374780731002411/709660550684187789209888852296854385115488622580526096782121083686345687658138044439803620069210853311460790829755352104423876771688419002580552453018280574326918094
14 12 13 77521584540982524072883262425746924848652743426764882452430924148274340490407601443171131603097381145222880097730827877592302877163089445422727628756653328494070093/709660550684187789209888852296854385115488622580526096782121083686345687658138044439803620069210853311460790829755352104423876771688419002580552453018280574326918094
14 12 21 63113779540548322304470599208180390749460127603446619285468763488587742977073102511276884520268603504018375383216271918394077080242242017289616483548270552265891664/354830275342093894604944426148427192557744311290263048391060541843172843829069022219901810034605426655730395414877676052211938385844209501290276226509140287163459047
14 12 24 3575955630508658046164968653922109110414534874167333507226221855367484421300584001433133353558739931426348888778272189348312981234181039921663634392638252358698752/8251866868420788246626614561591330059482425843959605776536291670771461484396954005113995582200126201296055707322736652377021822926609523285820377360677681096824629
14 13 10 103218237850215853052347306978189812931576910215799658037267444668860607937400675365723129854689538782576606461591991637884279925384019818840152871044183406259014074/354830275342093894604944426148427192557744311290263048391060541843172843829069022219901810034605426655730395414877676052211938385844209501290276226509140287163459047
14 13 18 7019327089762797707963086468163186752795047884305463528174469728095128397933182115839529551961014852739574023708698651064326995572706723822494872859128062598782555/16503733736841576493253229123182660118964851687919211553072583341542922968793908010227991164400252402592111414645473304754043645853219046571640754721355362193649258
14 13 21 98405389988563823620129966744243263431583395804437526575414873377409960773660823047883182153876202169696719231591087400997991670965048198193534298767118893892663823/709660550684187789209888852296854385115488622580526096782121083686345687658138044439803620069210853311460790829755352104423876771688419002580552453018280574326918094
14 13 22 51493810067695979021325776732607232725282173659677161210334561331561994949274519839687203735815967454404587827753119715945632220164471021169716439610144088084288129/354830275342093894604944426148427192557744311290263048391060541843172843829069022219901810034605426655730395414877676052211938385844209501290276226509140287163459047
14 14 6 32630401806380984981033695627408843539824862878337918610303018230244540693726577233676460694895229932558978157107668459077676559609751096148896066449860900193204653/354830275342093894604944426148427192557744311290263048391060541843172843829069022219901810034605426655730395414877676052211938385844209501290276226509140287163459047
14 14 19 182771032686247615502815614593792166282845592084551197255067939922922184511446324219475174580823995976192018784623608818965238989548362694344330750494836434374183133/709660550684187789209888852296854385115488622580526096782121083686345687658138044439803620069210853311460790829755352104423876771688419002580552453018280574326918094
14 14 20 190234546523977850381280348181838776635675905640889381495299666531598755266989877420603432043667338450023680792917635589368006769348988149941416550069888537887519756/354830275342093894604944426148427192557744311290263048391060541843172843829069022219901810034605426655730395414877676052211938385844209501290276226509140287163459047
14 14 22 81159621337222502982445150084566978481641493457520299315847774239736911225258810911768660011261720570103454145081135188567271124222577816055596469483945263791286143/709660550684187789209888852296854385115488622580526096782121083686345687658138044439803620069210853311460790829755352104423876771688419002580552453018280574326918094
15 0 3 22240157447791034098402690440675412745945910605623668667623558224155829613040710652285817613410770023909701729103934189839241585434642118812708322756825308814463232/354830275342093894604944426148427192557744311290263048391060541843172843829069022219901810034605426655730395414877676052211938385844209501290276226509140287163459047
15 0 6 101035986645534712630286727925988761108024057783460002893130337807528648068661905957700320175006168971493289920867336762101273223611902904426914420685665213043785038/354830275342093894604944426148427192557744311290263048391060541843172843829069022219901810034605426655730395414877676052211938385844209501290276226509140287163459047
15 0 9 231554131248768147876255007781763018703774342901179376830306645811488366147366405609915672246188487660327403764906405100271423576797664478050653483066649765305210777/354830275342093894604944426148427192557744311290263048391060541843172843829069022219901810034605426655730395414877676052211938385844209501290276226509140287163459047
15 1 20 365936767337439584014686963804839703107956877135037568941973916712775172903115400747441610761478582729405232889424753584123200314098610968214843461314431243152577203/709660550684187789209888852296854385115488622580526096782121083686345687658138044439803620069210853311460790829755352104423876771688419002580552453018280574326918094
15 1 31 177250631017221002756690092980954179151340863636291230265652403553031918230040879309571938402751314809016747853689681606607199094958780540877401495421178190754554201/709660550684187789209888852296854385115488622580526096782121083686345687658138044439803620069210853311460790829755352104423876771688419002580552453018280574326918094
15 1 33 83236576164763601219255897755530251428095440904598648787247381710269298262490882191395035452490477886519405043320458456846738681315513746744153748141335570209893345/354830275342093894604944426148427192557744311290263048391060541843172843829069022219901810034605426655730395414877676052211938385844209501290276226509140287163459047
15 2 3 61638512336599561378843592824236671412424541577788261119571273215700372254997037868349609625450020249605517024269592941981550213435702159684076388922875415484895738/354830275342093894604944426148427192557744311290263048391060541843172843829069022219901810034605426655730395414877676052211938385844209501290276226509140287163459047
15 2 24 222299070655466347454870705067306683063135588363785544506396581460643572622248240954412027765092760973833170804642266098353136025116781940443671967445682935336006715/709660550684187789209888852296854385115488622580526096782121083686345687658138044439803620069210853311460790829755352104423876771688419002580552453018280574326918094
15 2 31 364084455355522318997330961581074359227503951061164030036581955794301370525895727748692373053218051838416585976573900122107640319700232742768727707726846808021119903/709660550684187789209888852296854385115488622580526096782121083686345687658138044439803620069210853311460790829755352104423876771688419002580552453018280574326918094
15 3 1 95168383098855298313738754970554829643399249557007462994661476609108283648637970819442864864196956091852921672862308748028585462131862880074100295511620721580838478/354830275342093894604944426148427192557744311290263048391060541843172843829069022219901810034605426655730395414877676052211938385844209501290276226509140287163459047
15 3 3 75066172166706274991534925759392727876465330690484370836983476967733441087423749176747725848782784487892824630587406221518849832062818289453665878996549856730850550/354830275342093894604944426148427192557744311290263048391060541843172843829069022219901810034605426655730395414877676052211938385844209501290276226509140287163459047
15 3 5 191940809135843639842651397856005090924418598449251198853178772979630319955973725137850500240500057342952550369166240558721807088340276122647618608580761226948985837/709660550684187789209888852296854385115488622580526096782121083686345687658138044439803620069210853311460790829755352104423876771688419002580552453018280574326918094
15 3 17 177250631017221002756690092980954179151340863636291230265652403553031918230040879309571938402751314809016747853689681606607199094958780540877401495421178190754554201/709660550684187789209888852296854385115488622580526096782121083686345687658138044439803620069210853311460790829755352104423876771688419002580552453018280574326918094
15 4 2 37597895488089546718392687365628795983698472453440113871537923075244019999013704509894329925604007997717066924150748098590686406318021853522020701067654518046371403/354830275342093894604944426148427192557744311290263048391060541843172843829069022219901810034605426655730395414877676052211938385844209501290276226509140287163459047
15 4 12 85261524329129044361998541568864112386859100057547443176152831742543123843097526393868573828011770123727448159981826623971003548323877564740622389120446811404308164/354830275342093894604944426148427192557744311290263048391060541843172843829069022219901810034605426655730395414877676052211938385844209501290276226509140287163459047
15 4 21 67949559700670053574673253134326436069962563736459982148896024679634848282156037178390715743285447523317566360222478957488470983275910953465714895772089919034856934/354830275342093894604944426148427192557744311290263048391060541843172843829069022219901810034605426655730395414877676052211938385844209501290276226509140287163459047
15 4 24 164021295824205249949879944079607848117224175042815509194473762345750851704801754137748190537704201010968313970522622372161777447926399129561918240548949038677922546/354830275342093894604944426148427192557744311290263048391060541843172843829069022219901810034605426655730395414877676052211938385844209501290276226509140287163459047
15 5 10 1507586435155466960983067284353827907594514260474252309818691865722159621008664120981774527306227465689938386060231798796381802057796418156285715200318141347030222/2381411243906670433590231047976021426562042357652772136852755314383710361268919612214106107614801521179398626945487758739677438831169191283827357224893558974251403
15 5 23 873824808751203472607163763622193518967528097178519827034063448661550740260255491232331580308574055489460240885255959943295636773372773127541642024575417627221181/2381411243906670433590231047976021426562042357652772136852755314383710361268919612214106107614801521179398626945487758739677438831169191283827357224893558974251403
15 6 4 487650012442013672565504674761217071416926633775367588625508532815543654649079337900314373668335970973882085164366053120645241287237228595029097609727813469234467/2381411243906670433590231047976021426562042357652772136852755314383710361268919612214106107614801521179398626945487758739677438831169191283827357224893558974251403
15 6 6 83590176391694080058522880857131416904516832315808877266534121531611678917904415729088870295816990605806068736859588853426219996417270318543306107946977679802431670/354830275342093894604944426148427192557744311290263048391060541843172843829069022219901810034605426655730395414877676052211938385844209501290276226509140287163459047
15 6 29 91660320321167725706502655678891847692099679435949797456764436747179396450156272839827347836652153916586431041202308886379573970701375374607124022694066315514688353/709660550684187789209888852296854385115488622580526096782121083686345687658138044439803620069210853311460790829755352104423876771688419002580552453018280574326918094
15 6 30 8256761455997616998968109238509649090057057882375648740050996245862457413155332363446076980750286454947171917185210315709177862285292131609949868290037040145283655/19180014883356426735402401413428496895013206015689894507624894153685018585355082282156854596465158197607048400804198705524969642478065378448123039270764339846673462
15 7 4 204772799447106560224614794315453283404030035751297440744800927515957898360956140651714783459583275250374647883568532905222460965256062982816736620769366171881102345/709660550684187789209888852296854385115488622580526096782121083686345687658138044439803620069210853311460790829755352104423876771688419002580552453018280574326918094
15 7 22 188223108367589625784814147876244630292248959582251151338057863848917925047526960835384895363157087735939160105501110590776503898676196904172804126639139961691024091/354830275342093894604944426148427192557744311290263048391060541843172843829069022219901810034605426655730395414877676052211938385844209501290276226509140287163459047
15 7 23 128441534501901977415645762228911841126960667664726353361204428472551939202127982117319045883313402589207822735184598017648408009079962211418207578970634479063767567/709660550684187789209888852296854385115488622580526096782121083686345687658138044439803620069210853311460790829755352104423876771688419002580552453018280574326918094
15 8 0 87454990683334613580126060038562733974377963482383680651681748071642264009832228786006757848237538847923867502258325556662362344085598679866045401885507594558986799/354830275342093894604944426148427192557744311290263048391060541843172843829069022219901810034605426655730395414877676052211938385844209501290276226509140287163459047
15 8 5 34765898488734689500133182925092272834784388423736039462041643763248498616746668424574274267987151773775652990238045901047234048733460989881685148023686691382296279/354830275342093894604944426148427192557744311290263048391060541843172843829069022219901810034605426655730395414877676052211938385844209501290276226509140287163459047
15 8 7 487650012442013672565504674761217071416926633775367588625508532815543654649079337900314373668335970973882085164366053120645241287237228595029097609727813469234467/2381411243906670433590231047976021426562042357652772136852755314383710361268919612214106107614801521179398626945487758739677438831169191283827357224893558974251403
15 8 20 3069038363890047030389877048827019429318831720778401445636643185795876069423953042065650241528216784011360350039319531924202131251071040380284206486161002489560146/354830275342093894604944426148427192557744311290263048391060541843172843829069022219901810034605426655730395414877676052211938385844209501290276226509140287163459047
15 8 22 43331022881178522091440859905518388411525383318928225492248781962570441099839444774530776883031399924388243659405294509494919678121467573877849356427509803614186686/354830275342093894604944426148427192557744311290263048391060541843172843829069022219901810034605426655730395414877676052211938385844209501290276226509140287163459047
15 8 23 26622687505652953521726694627127432683282285894465734717068679708451143695035471844299090517225268739192583297333289071279609751080506724122842507122834768235601609/354830275342093894604944426148427192557744311290263048391060541843172843829069022219901810034605426655730395414877676052211938385844209501290276226509140287163459047
15 8 26 86926785565443031668867555063878001583333390017441195917182273761948615795478434001278418600013790911330256926112859566827469480773757432502234062713996219966891945/354830275342093894604944426148427192557744311290263048391060541843172843829069022219901810034605426655730395414877676052211938385844209501290276226509140287163459047
15 9 2 346603555924172011137107530353950228238903567206133448418853360749389205341424409507468931313268445163898821905595782760993168112482880637107120563519286560876294859/709660550684187789209888852296854385115488622580526096782121083686345687658138044439803620069210853311460790829755352104423876771688419002580552453018280574326918094
15 9 21 36988353623939189118563459975738884731643405267952461004391432634815915228726690816488522276641551427394414717541095576698115323470660251574881399418334981789620574/354830275342093894604944426148427192557744311290263048391060541843172843829069022219901810034605426655730395414877676052211938385844209501290276226509140287163459047
15 9 27 289080287512137399835654401991426387413298244838487726354484857667324651859260253299357644202659305292773139489077378190034478012264217862323669090662324049871382087/709660550684187789209888852296854385115488622580526096782121083686345687658138044439803620069210853311460790829755352104423876771688419002580552453018280574326918094
15 10 4 23249537819942305767189988866071008637769502494691161763711964640059079906073200012724082511917075145259208074022881948899232681111660928108063222126847757969836753/709660550684187789209888852296854385115488622580526096782121083686345687658138044439803620069210853311460790829755352104423876771688419002580552453018280574326918094
15 10 8 227729670881536361794570925883152844872234861072368169579829449641320728170369368036998476553444769087018215051247268199227527140308553249512104805041918119179917887/709660550684187789209888852296854385115488622580526096782121083686345687658138044439803620069210853311460790829755352104423876771688419002580552453018280574326918094
15 10 25 6198396513279852995244972129022034210884922419100902235656482018986025399752641572838933256808770392961937401411962188598609688517137903040005194943912360772664371/9590007441678213367701200706714248447506603007844947253812447076842509292677541141078427298232579098803524200402099352762484821239032689224061519635382169923336731
15 11 1 128438529971201489978215799482146172581328760869837044425498906107962985312001833250473802121381191333375733315623664458239805913668865482661978611629422776416698827/354830275342093894604944426148427192557744311290263048391060541843172843829069022219901810034605426655730395414877676052211938385844209501290276226509140287163459047
15 11 2 172781114483698124223581538731075583539108874373373053574442511864358330806555732219604901325943442966485544671032880913099517991701102387740652251739098938277839657/709660550684187789209888852296854385115488622580526096782121083686345687658138044439803620069210853311460790829755352104423876771688419002580552453018280574326918094
15 11 18 126473924327702251521343492384902295468811787885934629603491554319220329600797356236265353927453574737353749172725629803341477148766257548939081941421348296350140787/709660550684187789209888852296854385115488622580526096782121083686345687658138044439803620069210853311460790829755352104423876771688419002580552453018280574326918094
15 11 23 109289652850212052065688371626823136497084990544574157912161592674750756512625487966031676923132711810821328675506863442905901808032881568252555267748874264310514481/709660550684187789209888852296854385115488622580526096782121083686345687658138044439803620069210853311460790829755352104423876771688419002580552453018280574326918094
15 11 24 44238799080172381442843850589761024447825448036970166841027612612090300114155801516954083649918741130048701679242649028597367995850446532324305768850113522555025515/709660550684187789209888852296854385115488622580526096782121083686345687658138044439803620069210853311460790829755352104423876771688419002580552453018280574326918094
15 12 7 1507586435155466960983067284353827907594514260474252309818691865722159621008664120981774527306227465689938386060231798796381802057796418156285715200318141347030222/2381411243906670433590231047976021426562042357652772136852755314383710361268919612214106107614801521179398626945487758739677438831169191283827357224893558974251403
15 12 11 21602053006385328717876059573439946051237891764477920286358715249444236221813500293839388858784091855772515317882922102529214919540541555983978516552520901244740059/354830275342093894604944426148427192557744311290263048391060541843172843829069022219901810034605426655730395414877676052211938385844209501290276226509140287163459047
15 12 14 198427819597696818004868628621220717515607018087718793395610589779694771932802441789893627525299561329324815768062174639265983930155729926443674124520019159977086717/709660550684187789209888852296854385115488622580526096782121083686345687658138044439803620069210853311460790829755352104423876771688419002580552453018280574326918094
15 12 21 18767867397391159396314053791313059034240571342524274487822887422558876221126694009662405689087323494989305379978257218777685989228273353595778165698413490445345103/709660550684187789209888852296854385115488622580526096782121083686345687658138044439803620069210853311460790829755352104423876771688419002580552453018280574326918094
15 13 0 23383688025484948305903248705083129102310296808821296927979529138234661909605592115302097170370779389368144418784202737420245961548096747409823271437925864414474936/354830275342093894604944426148427192557744311290263048391060541843172843829069022219901810034605426655730395414877676052211938385844209501290276226509140287163459047
15 13 3 138345388740927743929956012883836889837868910369297064244007550974528145117542277676048093157566377301501206828504146582297387827476850797995456518020596686593229141/354830275342093894604944426148427192557744311290263048391060541843172843829069022219901810034605426655730395414877676052211938385844209501290276226509140287163459047
15 13 5 104737605981620461863944133966710749134897762633380135362458192096362248439282100362177224286080019052592298229162109088781071092576666496970242387577538685657214273/354830275342093894604944426148427192557744311290263048391060541843172843829069022219901810034605426655730395414877676052211938385844209501290276226509140287163459047
15 13 9 65736099443256466522482214126378683168930350342013988037879213570629421925637369763515573999021464402581846447558674835365605881612348887895253625630197502318227884/354830275342093894604944426148427192557744311290263048391060541843172843829069022219901810034605426655730395414877676052211938385844209501290276226509140287163459047
15 13 20 22627493150804273982658816466417741313736991136750563818736056063418366437001682302858821421566786509686899490868542808347627622630246571019500423842881548180312813/354830275342093894604944426148427192557744311290263048391060541843172843829069022219901810034605426655730395414877676052211938385844209501290276226509140287163459047
15 14 0 186451551983205052512707913164495838796016432951988387288524582172240862153565954472122391226601633825617238291422551641554421152776317938670038435373413808649976926/354830275342093894604944426148427192557744311290263048391060541843172843829069022219901810034605426655730395414877676052211938385844209501290276226509140287163459047
15 14 4 15450827105784845876835878807403382567283606130661829914067165305485010748138312874622106718680761098130969871316521845571456221295941469750071347887675374201195051/354830275342093894604944426148427192557744311290263048391060541843172843829069022219901810034605426655730395414877676052211938385844209501290276226509140287163459047
15 14 5 355618634296163468981226528198926056777402767326658995050727633983017567982212298809775890885464630919013568424423448932541118988091316172187759764731723249078905/709660550684187789209888852296854385115488622580526096782121083686345687658138044439803620069210853311460790829755352104423876771688419002580552453018280574326918094
15 14 13 8256761455997616998968109238509649090057057882375648740050996245862457413155332363446076980750286454947171917185210315709177862285292131609949868290037040145283655/19180014883356426735402401413428496895013206015689894507624894153685018585355082282156854596465158197607048400804198705524969642478065378448123039270764339846673462
15 15 1 73683317621967826106782667455440699647976682816348857448025476665046519112363971303514579259631804637680595223979106729368638082609285003209828201555803769625901356/354830275342093894604944426148427192557744311290263048391060541843172843829069022219901810034605426655730395414877676052211938385844209501290276226509140287163459047
15 15 17 417329830366828226040784350835329224594068522850095499470719315211203657915966671437290554087668589316801752571240478264666859821861246191014412721972516344492323121/709660550684187789209888852296854385115488622580526096782121083686345687658138044439803620069210853311460790829755352104423876771688419002580552453018280574326918094
15 15 19 144964085073423910955539166550643761225466734097732882415350815145048991517443430395483907462278654719297847810556660381019740784608602805146483327934156690582792261/709660550684187789209888852296854385115488622580526096782121083686345687658138044439803620069210853311460790829755352104423876771688419002580552453018280574326918094
16 0 3 19563618886092922303948360011950726197733624469489569362890693185763716445399928179411881214047195228541663273379667234283501901688566587200687354986780609179775613/709660550684187789209888852296854385115488622580526096782121083686345687658138044439803620069210853311460790829755352104423876771688419002580552453018280574326918094
16 0 18 212655677623926581819290664322604319434285269107920643512743798708682950623935581850600433592959968245389683675041479115039702708029429869266223049837148053636601208/354830275342093894604944426148427192557744311290263048391060541843172843829069022219901810034605426655730395414877676052211938385844209501290276226509140287163459047
16 0 23 246542831022696429703997071454115883028907244382378371188390016119747590318200240754658935325540971462642379193298111860344091964143470421664907892279666362958756955/709660550684187789209888852296854385115488622580526096782121083686345687658138044439803620069210853311460790829755352104423876771688419002580552453018280574326918094
16 0 28 212124947994712483294908048669524849072990878056010107038985778644982321472868741913162050508171513133690476895286218368800901044157235525378036117180668545525385/8251866868420788246626614561591330059482425843959605776536291670771461484396954005113995582200126201296055707322736652377021822926609523285820377360677681096824629
16 1 9 94300722784679871686984164611092311937968311128960041989991865658185410888662038049665723434504445178947986682826833602397253489049187859072870044179242327548702789/709660550684187789209888852296854385115488622580526096782121083686345687658138044439803620069210853311460790829755352104423876771688419002580552453018280574326918094
16 1 25 71699411512201846162345684721054893705288605465343092835343451399776161914267034709185682691010040587317149567803434185898080936288081665249954639566549097849397687/354830275342093894604944426148427192557744311290263048391060541843172843829069022219901810034605426655730395414877676052211938385844209501290276226509140287163459047
16 1 31 344415832708292189617640786394515554531486780980894186515158246729782541166825849431197460476129308552136635091000270853013971242108770517999894181244191697333545713/709660550684187789209888852296854385115488622580526096782121083686345687658138044439803620069210853311460790829755352104423876771688419002580552453018280574326918094
16 1 32 63772586083406017790286265924568365617728159769992841303142034249412705887058043770284535388278509202870934960160689638608245083977148647503939474230874176872937109/354830275342093894604944426148427192557744311290263048391060541843172843829069022219901810034605426655730395414877676052211938385844209501290276226509140287163459047
16 2 2 354014817281866300580391496855527816841855420915802101384387347218222559383274113851994429486057832894120090414313019126540042943626695144934519676431405576554137425/709660550684187789209888852296854385115488622580526096782121083686345687658138044439803620069210853311460790829755352104423876771688419002580552453018280574326918094
16 2 7 14559872784475393114174213071400607162500475598842945783881639787742427592435656645102446822065578635701900312936607245566259873451143050108124484773176211830742960/354830275342093894604944426148427192557744311290263048391060541843172843829069022219901810034605426655730395414877676052211938385844209501290276226509140287163459047
16 2 9 69841907719567730855058340591429921492387212811274077345439442555512068731208286383614614911172662807864883562779502362809783185805814997168768948889289417209525779/354830275342093894604944426148427192557744311290263048391060541843172843829069022219901810034605426655730395414877676052211938385844209501290276226509140287163459047
16 2 20 11738104294847631753949052631135495936078485733469483319576312102004757046830858538690562745751947281381569442888487147776444577940813967795666781710998554394087155/709660550684187789209888852296854385115488622580526096782121083686345687658138044439803620069210853311460790829755352104423876771688419002580552453018280574326918094
16 2 28 48173681057303099408459415742852415506512016749793193705003692102804796085144350236031565450773520860575774368770279290941208405141342232907020185371265886865147499/709660550684187789209888852296854385115488622580526096782121083686345687658138044439803620069210853311460790829755352104423876771688419002580552453018280574326918094
16 2 34 126930387042084509528623779741677599521267322361227272114511567576804582495600835755652938920151069388249788852351347322414094726465651562389558942179679298433008537/709660550684187789209888852296854385115488622580526096782121083686345687658138044439803620069210853311460790829755352104423876771688419002580552453018280574326918094
16 3 6 3259337446993521751484917743682958300290496774246792606684932324281215042943435543305723411171815829841342606165923048272583237539420318810950382973905648109001061/8251866868420788246626614561591330059482425843959605776536291670771461484396954005113995582200126201296055707322736652377021822926609523285820377360677681096824629
16 3 15 691122823413570697042399606678192796854803260385100797840093787233444941279381994082776617338685691036485020148885939143925032993758688635388717285270284808171289/354830275342093894604944426148427192557744311290263048391060541843172843829069022219901810034605426655730395414877676052211938385844209501290276226509140287163459047
16 3 19 20959967725010961343731770754065530311449668898857468022553860456234291599103822823426493420837718644057206467840308542786950663147551110784666446827283619117586220/354830275342093894604944426148427192557744311290263048391060541843172843829069022219901810034605426655730395414877676052211938385844209501290276226509140287163459047
16 3 20 57054096590020207056639095083756516144837943323616076732534743219408494565403012097469375001783817583566061085376353281255090909371359716774855241320307064820157470/354830275342093894604944426148427192557744311290263048391060541843172843829069022219901810034605426655730395414877676052211938385844209501290276226509140287163459047
16 3 27 48773830807768284714891126408729828103567990643737268422123403407762576174698760007991034379649312710328062578138094021495796459645933788288311246578783373374717734/354830275342093894604944426148427192557744311290263048391060541843172843829069022219901810034605426655730395414877676052211938385844209501290276226509140287163459047
16 3 31 87199747175159435478788571316829918288542543871055052328556351028441789702016316934786023934607811343564848198239343191809096106490532487936188106619553076355780711/354830275342093894604944426148427192557744311290263048391060541843172843829069022219901810034605426655730395414877676052211938385844209501290276226509140287163459047
16 4 20 8419282462344301945824590320863465275937927410111406043535251861834212877601586475838051354792586893558589028633480747131598776544110245682793671331377484826500523/19180014883356426735402401413428496895013206015689894507624894153685018585355082282156854596465158197607048400804198705524969642478065378448123039270764339846673462
16 4 29 90869888847454836065201275199689294588952393882111618692544710377033459401092895190977680481589914917233973924303372077125294549126208688739333948198798289342387339/709660550684187789209888852296854385115488622580526096782121083686345687658138044439803620069210853311460790829755352104423876771688419002580552453018280574326918094
16 4 30 153638605364996890574588867612608437658416457262146227239386027210723175892893224821409019730147611666279511423006596191714713745215065611788926332779257673202005702/354830275342093894604944426148427192557744311290263048391060541843172843829069022219901810034605426655730395414877676052211938385844209501290276226509140287163459047
16 5 4 2082167137594257953840163924410525917737427627519727123908913879970388746224007778599631195851003048571990201442095867714709306181928049242317917411050323068299831/16503733736841576493253229123182660118964851687919211553072583341542922968793908010227991164400252402592111414645473304754043645853219046571640754721355362193649258
16 5 5 53330843008759889977846838142987186877206107886019918605674354118688259424678331120162330613336223948402003218097537131493829474275883023274298217084704565052786737/354830275342093894604944426148427192557744311290263048391060541843172843829069022219901810034605426655730395414877676052211938385844209501290276226509140287163459047
16 5 17 199670256828981947773003404823131195235751544515187882831669260162651479987644907854644062041469992522147469996245277742005941455313712421848247834360891093694667388/354830275342093894604944426148427192557744311290263048391060541843172843829069022219901810034605426655730395414877676052211938385844209501290276226509140287163459047
16 5 26 114125164092151021693061317614965006426863929794762227579350558284939492745859232010406693338005289281766265739059600045691834746686321994915789901451925364895117111/709660550684187789209888852296854385115488622580526096782121083686345687658138044439803620069210853311460790829755352104423876771688419002580552453018280574326918094
16 6 7 200588732299646984783914292838430212230089401690173304075504122686412250290744753779417452988059024186435429564019498203756300855297268228862006087947630045499231680/354830275342093894604944426148427192557744311290263048391060541843172843829069022219901810034605426655730395414877676052211938385844209501290276226509140287163459047
16 6 20 36193619136868581191056281598482478438457151712023494532950833800480153208937086519390197738851191047331835839228616837441550642203914911283098356108077760987302383/709660550684187789209888852296854385115488622580526096782121083686345687658138044439803620069210853311460790829755352104423876771688419002580552453018280574326918094
16 6 23 272289466948025238451003985021511482216852667488155994098162004513041033867711450361578516354241613891258095862487738859469724418889967633573441921014942722341152351/709660550684187789209888852296854385115488622580526096782121083686345687658138044439803620069210853311460790829755352104423876771688419002580552453018280574326918094
16 7 1 247839254353137328710714036427707664430643496850370861802129352329562807344583047858024161854703020062879698430696827095417991549853658790209244650778899114004492254/354830275342093894604944426148427192557744311290263048391060541843172843829069022219901810034605426655730395414877676052211938385844209501290276226509140287163459047
16 7 26 106991020988956565894230389720719528127100814439892186588931189513610036484485974361877648179902406592850696984180848956793946835990550711081031575730241173158966793/354830275342093894604944426148427192557744311290263048391060541843172843829069022219901810034605426655730395414877676052211938385844209501290276226509140287163459047
16 8 0 68630991222243712423425586893862534337074402408512397573681401206239999313775809797563938986972090197636600182572451545744007551034419954184785497188712493465619869/354830275342093894604944426148427192557744311290263048391060541843172843829069022219901810034605426655730395414877676052211938385844209501290276226509140287163459047
16 8 6 38776091853538165794852292378546127140466020347138504727978127103118083714349964540852781716253529118432347028652270920362725095725108030371728048805279933862246690/354830275342093894604944426148427192557744311290263048391060541843172843829069022219901810034605426655730395414877676052211938385844209501290276226509140287163459047
16 8 21 152080195318884561790136117848015292293105192276661956272250616392415844095734775593785728705543640748037986137209378786715663078647264741032143599962935967916712333/709660550684187789209888852296854385115488622580526096782121083686345687658138044439803620069210853311460790829755352104423876771688419002580552453018280574326918094
16 8 22 179941937747928632280859842857611450504954885956206333723598953731829313096389395416344528012982850907241674855478897564961769386912816455726564951847875234921629875/709660550684187789209888852296854385115488622580526096782121083686345687658138044439803620069210853311460790829755352104423876771688419002580552453018280574326918094
16 8 28 81412125732905419351168566523205159681173849418178001091476228471692182204881162376419960972116561512021617707308815410266489506304640918354408404609742258416421384/354830275342093894604944426148427192557744311290263048391060541843172843829069022219901810034605426655730395414877676052211938385844209501290276226509140287163459047
16 9 1 51117106155444147315837206620509694818081243889267250481584175667267462823516086725022086020408756883312530726130585306930127684153088081804118574830024619304720717/354830275342093894604944426148427192557744311290263048391060541843172843829069022219901810034605426655730395414877676052211938385844209501290276226509140287163459047
16 9 3 234751617503539788798759972696910481635657372008065548046767294923450454203331548567684478826354731050659735796638340168490169080694232424585494565339912137246593823/354830275342093894604944426148427192557744311290263048391060541843172843829069022219901810034605426655730395414877676052211938385844209501290276226509140287163459047
16 9 5 59646603217677347374681181625564001852045557230496999039858166199842453493447990788596471069675005483123534537563944560141711188554849276479553105798338478174648140/354830275342093894604944426148427192557744311290263048391060541843172843829069022219901810034605426655730395414877676052211938385844209501290276226509140287163459047
16 9 24 9314948465432611115666065205443014251960138162433250822850905052612473308773396138598774118166933238634594354544806016649930432442039718421109980540865052437496367/354830275342093894604944426148427192557744311290263048391060541843172843829069022219901810034605426655730395414877676052211938385844209501290276226509140287163459047
16 10 0 329743870037674135993926992505054322206892783838232138587112581841508757931666841571141644981355813678655542655255478803078830395869027419558356667926522518676506549/709660550684187789209888852296854385115488622580526096782121083686345687658138044439803620069210853311460790829755352104423876771688419002580552453018280574326918094
16 10 6 137542643501121440025435867964656864714760517619132672560380536488592476097441164752589212445033500458906219519482316645078194790967897005151435631284388804920819810/354830275342093894604944426148427192557744311290263048391060541843172843829069022219901810034605426655730395414877676052211938385844209501290276226509140287163459047
16 10 11 104831393644270773165090123862486333479074803504028613074247428867651977531588873363483550197788038714992809135535240011188656793883597572719324522522980445808771925/709660550684187789209888852296854385115488622580526096782121083686345687658138044439803620069210853311460790829755352104423876771688419002580552453018280574326918094
16 11 0 18861162059751591064565922146427610337552851062292065225892138633231299041557308702779569592747844051010900447611038230592087326144166182195797203658220098582837752/354830275342093894604944426148427192557744311290263048391060541843172843829069022219901810034605426655730395414877676052211938385844209501290276226509140287163459047
16 11 4 94696243476171344836380350518979983115435494809308075519575431507328168922905633489698815387849628269158464075107707922025727546163278113216935085414326873224597044/354830275342093894604944426148427192557744311290263048391060541843172843829069022219901810034605426655730395414877676052211938385844209501290276226509140287163459047
16 11 24 139359886969475183370677973110986719557691153517142570837028460853810085317857605252163509289049880562382488824748280659811322564372306322065403330337127231037675561/709660550684187789209888852296854385115488622580526096782121083686345687658138044439803620069210853311460790829755352104423876771688419002580552453018280574326918094
16 11 25 343185852642866734037318333855052478651820777320183244454157482551416666411354554802683340818966028108739572959569579139376924462701224089689684544536059399674372941/709660550684187789209888852296854385115488622580526096782121083686345687658138044439803620069210853311460790829755352104423876771688419002580552453018280574326918094
16 12 5 116799988746399093361136218498439003531966354743695376544141493373151326670713949800944038800205117738368828617024000899156057645574366322545782313606720513775444735/354830275342093894604944426148427192557744311290263048391060541843172843829069022219901810034605426655730395414877676052211938385844209501290276226509140287163459047
16 12 12 81718628071841252335379650624659717132060527250817711329043458612352352455027309087903622015320379209856562816630938472671830020193846319808535582627699470223518300/354830275342093894604944426148427192557744311290263048391060541843172843829069022219901810034605426655730395414877676052211938385844209501290276226509140287163459047
16 12 16 154914577783495653339115476526943341433673705610407834660313156998130675929969961763826028530626969043340977607886214896989000679130990968340403664882834967055511431/354830275342093894604944426148427192557744311290263048391060541843172843829069022219901810034605426655730395414877676052211938385844209501290276226509140287163459047
16 12 20 1397080740357895569313080498385130460043723685342125857562432859538488773357801567228120688452960664164026373336521783395050040945005890595554665391885336108984581/354830275342093894604944426148427192557744311290263048391060541843172843829069022219901810034605426655730395414877676052211938385844209501290276226509140287163459047
16 13 2 278925673868895781687887749787612580693580377601964417367234159853383053933443601459181772197292387626912506812225538155783955258149462343853540619503817638386086821/709660550684187789209888852296854385115488622580526096782121083686345687658138044439803620069210853311460790829755352104423876771688419002580552453018280574326918094
16 13 3 24013024290763947769588278829969992619283676029342752155117060049079654630947731139172859866014640758269101485900747099094803630789190770902190851800387835493780882/354830275342093894604944426148427192557744311290263048391060541843172843829069022219901810034605426655730395414877676052211938385844209501290276226509140287163459047
16 13 14 3034101397821919541234929424953837409931562733698294286345925373120035697753227101315171609272043404502487048340330488718201047866722935436938544519840199639330194/9590007441678213367701200706714248447506603007844947253812447076842509292677541141078427298232579098803524200402099352762484821239032689224061519635382169923336731
16 13 19 158185324794942065931439767402717850848405250626202397915054326123920682829060175204953429053757972234826039468543863585303436709823077894589177835445512491642835153/709660550684187789209888852296854385115488622580526096782121083686345687658138044439803620069210853311460790829755352104423876771688419002580552453018280574326918094
16 14 1 17513885066799565107588380273352839518993158519245147092097225538972536490259723072541852966563333314324069456441866238813879866881331872380666922358687874160899152/354830275342093894604944426148427192557744311290263048391060541843172843829069022219901810034605426655730395414877676052211938385844209501290276226509140287163459047
16 14 7 101321640491258663236051117411739379375128021969867009516424991061648128775178447231068201031550507438378968736313173191839438372139667465423899575246805350140137483/354830275342093894604944426148427192557744311290263048391060541843172843829069022219901810034605426655730395414877676052211938385844209501290276226509140287163459047
16 14 11 146355815483491655906269543345978131473037810266897088626777121720636623076829091090121495482364111237658725131362109771150911866498770068598466472266065619567055931/709660550684187789209888852296854385115488622580526096782121083686345687658138044439803620069210853311460790829755352104423876771688419002580552453018280574326918094
16 14 13 115881513275734056350225330483139986537628497568709955300306630849390556367614103876170647853616086074080869049249780437405698245590810515532024060019981561970880443/354830275342093894604944426148427192557744311290263048391060541843172843829069022219901810034605426655730395414877676052211938385844209501290276226509140287163459047
16 14 14 93870657533111563915889652614411842778951456197984784337686267065686621315204404990120720883386888420234251214383602597154931935966029227308904865501265382216028007/709660550684187789209888852296854385115488622580526096782121083686345687658138044439803620069210853311460790829755352104423876771688419002580552453018280574326918094
16 15 0 128212314549097339298369236057505785979288507737925454565361845551154258674384636739347539542554538345082053310916098926572978051549957796468538226314835512166802455/709660550684187789209888852296854385115488622580526096782121083686345687658138044439803620069210853311460790829755352104423876771688419002580552453018280574326918094
16 15 11 62620421459712827635504749273072034502667938600255118895385416579706785282207689319626324432334422915799401272140887056903278634164327914963599803890819773520537896/354830275342093894604944426148427192557744311290263048391060541843172843829069022219901810034605426655730395414877676052211938385844209501290276226509140287163459047
16 15 14 117700940036397445961937868573924328436525544870836949688664175789115275952178594164834276141975050964502541302538067559013316155112716425443140826758546235339972223/709660550684187789209888852296854385115488622580526096782121083686345687658138044439803620069210853311460790829755352104423876771688419002580552453018280574326918094
16 15 18 181913491227716856602712529741989286952905179891018342629228539063301722554989991578676605829064607535086170704462495981094458947830470646036564286732464120659036369/709660550684187789209888852296854385115488622580526096782121083686345687658138044439803620069210853311460790829755352104423876771688419002580552453018280574326918094
16 15 20 156592961951550492075859719377290914741433512880235112108095690123360859912169443317692549690947810635191222967556915523936566348866618304705109505430795159120031255/709660550684187789209888852296854385115488622580526096782121083686345687658138044439803620069210853311460790829755352104423876771688419002580552453018280574326918094
16 16 3 95847588676061686827634383577428722827820077973460348984962103940781679202759227718049643084564281674633259388080715512870550877120744510612002106667842660279699223/709660550684187789209888852296854385115488622580526096782121083686345687658138044439803620069210853311460790829755352104423876771688419002580552453018280574326918094
16 16 5 86692810602544710420475385054580006506499879398670965186136739844120767069518585945885260358458763090621932240583796050370400792482980122094396511477848050467232511/354830275342093894604944426148427192557744311290263048391060541843172843829069022219901810034605426655730395414877676052211938385844209501290276226509140287163459047
16 16 11 39553149772467677043330777706408399959053589899599147058581480473208353299176591022765069065344105509515346197289176099687065624582585829406968694134759285469296768/354830275342093894604944426148427192557744311290263048391060541843172843829069022219901810034605426655730395414877676052211938385844209501290276226509140287163459047
16 16 18 24333399028364920632900589042586086120250473890136687501225183016471099631297796043133175433688305113094089131695331192862283771899309726948272474957922417391642883/709660550684187789209888852296854385115488622580526096782121083686345687658138044439803620069210853311460790829755352104423876771688419002580552453018280574326918094
16 16 19 168493821114868203410870777077431381618155566060194417903248678047217334043345333370660071351676264661729442717116680549288054644268616431008773730083650412391258715/354830275342093894604944426148427192557744311290263048391060541843172843829069022219901810034605426655730395414877676052211938385844209501290276226509140287163459047
17 0 19 54909493443031555438101336897191307537215447177983622770550459076346845335907555131861638201169056618232061595215233227003417755875941469768903697291345015693203561/354830275342093894604944426148427192557744311290263048391060541843172843829069022219901810034605426655730395414877676052211938385844209501290276226509140287163459047
17 0 25 50580588415428791606611870876665425385357185908310797021386458768920756883545397420001062079389313468606704609207859653383915277753418111695773018697858853463500480/354830275342093894604944426148427192557744311290263048391060541843172843829069022219901810034605426655730395414877676052211938385844209501290276226509140287163459047
17 0 36 26/37
17 1 21 160671490282253426090905437109468832751450598903534956469067032465793672282108670319212602621047471332560774593534822976249235091539254871861317349656893465399427377/709660550684187789209888852296854385115488622580526096782121083686345687658138044439803620069210853311460790829755352104423876771688419002580552453018280574326918094
17 1 29 488006376594428671833519489689686626799781711962227063498593641057649346631797056896147709849131015842500528835190436930682395027259772120458695583364187193609996597/709660550684187789209888852296854385115488622580526096782121083686345687658138044439803620069210853311460790829755352104423876771688419002580552453018280574326918094
17 1 32 30491341903752845642731962748849462782128155857382038407230205081451334372116158612221653799516183068199743700515046098746123326444696005130269759998599957658747060/354830275342093894604944426148427192557744311290263048391060541843172843829069022219901810034605426655730395414877676052211938385844209501290276226509140287163459047
17 2 5 13459749356213823492279110807618584871571986904608689815788188403894029385840334871281214183326539617594707931425475795962562122172023928055723990206586678527508/2381411243906670433590231047976021426562042357652772136852755314383710361268919612214106107614801521179398626945487758739677438831169191283827357224893558974251403
17 2 9 268594317013464370374596882228881949677709278289498296248566963659730652562716666873227680141786349244131550028013079900781312285821617139765128116928670392067067971/709660550684187789209888852296854385115488622580526096782121083686345687658138044439803620069210853311460790829755352104423876771688419002580552453018280574326918094
17 2 10 119767139808905297119769949317218991149988418676525680066631577596306557240701957309290242611068924877324684990863674453973943110547455651349387316820268594103137935/709660550684187789209888852296854385115488622580526096782121083686345687658138044439803620069210853311460790829755352104423876771688419002580552453018280574326918094
17 2 22 49132033294346865332332565720131674248905827616035838404113241003106699475059138243508767442964758996130824448738628021421894595620406063981760201258506574728986/157213236748823169962314765683840138483714803407294217275613886505614906437336740017679136036599657357434822957411464799384997069492339167607565895662002785628471
17 2 34 47753045131492326102336822034704364218250783829071478172825246198962207833661025217222659626090674137713395642853819536886672829140785054045882860853440039814436000/354830275342093894604944426148427192557744311290263048391060541843172843829069022219901810034605426655730395414877676052211938385844209501290276226509140287163459047
17 3 6 153839246863362932872280122590847054137583935492726170009518551656383544569248456929662767498991707049146622438929951961743988032520316554508632495308429516148587441/709660550684187789209888852296854385115488622580526096782121083686345687658138044439803620069210853311460790829755352104423876771688419002580552453018280574326918094
17 3 19 29759186330208438428225878178674877920215442536501170670650149350974847816203381265270047629230502004227534429335306435365264978833137673285037265217167967909824546/354830275342093894604944426148427192557744311290263048391060541843172843829069022219901810034605426655730395414877676052211938385844209501290276226509140287163459047
17 3 25 49892569144029001362131840293104127631201941705966047947670756163752242865804163889473404309265632036377461536492067748385024683424859083156874357589851694811603087/354830275342093894604944426148427192557744311290263048391060541843172843829069022219901810034605426655730395414877676052211938385844209501290276226509140287163459047
17 3 27 183294144323046263905564559780310764525680498586919244268277654321326303855630822979342201027149521073746165192956517762691542459472516125225610791112564701023574573/709660550684187789209888852296854385115488622580526096782121083686345687658138044439803620069210853311460790829755352104423876771688419002580552453018280574326918094
17 3 32 106611824274651856425664366491069277674694710007973122633841533339590828934621837110655873833038678553679005633107067006243883477589796404981242960491623515855950407/354830275342093894604944426148427192557744311290263048391060541843172843829069022219901810034605426655730395414877676052211938385844209501290276226509140287163459047
17 4 1 203063005458649894495762219268667455994953134712128366988796925133019806945093950525879329129147670186769215048774211711811427623461093602358115638538865431403877782/354830275342093894604944426148427192557744311290263048391060541843172843829069022219901810034605426655730395414877676052211938385844209501290276226509140287163459047
17 4 31 151767269883444000109182206879759736562791176578134681402263616710153036883975071694022480905457756468961180366103464340400510762383115898932160587970274855759581265/354830275342093894604944426148427192557744311290263048391060541843172843829069022219901810034605426655730395414877676052211938385844209501290276226509140287163459047
17 5 3 445301615152932151226597361992414732309885917438258798925676039473624601678989907681482259651247227799951225077761655776911991309422521952278083505452989958403758453/709660550684187789209888852296854385115488622580526096782121083686345687658138044439803620069210853311460790829755352104423876771688419002580552453018280574326918094
17 5 26 169748245865767061127158931181676210579212497874989531200558318552832195571612645707747203009743000061115077189114349235014106955938893171414916302351886538541322729/709660550684187789209888852296854385115488622580526096782121083686345687658138044439803620069210853311460790829755352104423876771688419002580552453018280574326918094
17 5 27 47305344832744288428066279561381721113195103633638883327943362829944445203767745525287078704110312725197244281439673546248889253163501939443776322606702038690918456/354830275342093894604944426148427192557744311290263048391060541843172843829069022219901810034605426655730395414877676052211938385844209501290276226509140287163459047
17 6 4 108715191021710168861205573208264574663236812909573799664763747247011913119008442304107893477855390295047618188038569291980116493387220572223643153483508077029784976/354830275342093894604944426148427192557744311290263048391060541843172843829069022219901810034605426655730395414877676052211938385844209501290276226509140287163459047
17 6 21 393395686928940094977386930566923184573391504694949296842706915397760456224261565845573552440910390392106040272311089838184616520932768241571142938150783116228159685/709660550684187789209888852296854385115488622580526096782121083686345687658138044439803620069210853311460790829755352104423876771688419002580552453018280574326918094
17 6 25 98834481711827356510090775313402051215623492066429200609886673794561405195859593986014280672589682329259514181367123682279027263981209616562123207900481304039188457/709660550684187789209888852296854385115488622580526096782121083686345687658138044439803620069210853311460790829755352104423876771688419002580552453018280574326918094
17 7 3 108129442369542943913757947690818934128413337610144515613019287594919879635388850395376740815801694224378304471152248083429640094926869907892878095271103437682287220/354830275342093894604944426148427192557744311290263048391060541843172843829069022219901810034605426655730395414877676052211938385844209501290276226509140287163459047
17 7 4 195603398318008185623014878189277135761475412626546716177302708177193737424538575066143381602529549992222402867461341606040797830884071717410244502558778620238050977/709660550684187789209888852296854385115488622580526096782121083686345687658138044439803620069210853311460790829755352104423876771688419002580552453018280574326918094
17 7 19 138597687733179573747881220568444188911772302334002165678220577087515046789354089184224692916801747739077134738223482738006065621693588912852540218844250497563205399/354830275342093894604944426148427192557744311290263048391060541843172843829069022219901810034605426655730395414877676052211938385844209501290276226509140287163459047
17 7 25 20602892160734568263595637589051003273641930065686018022338646144282097384113590214457371001474419392327509543542548855511667507563429643679471322228794083597881879/709660550684187789209888852296854385115488622580526096782121083686345687658138044439803620069210853311460790829755352104423876771688419002580552453018280574326918094
17 8 2 117844114326063413069387058354611382592173490833183997144673648098805507737931337167230399677897443000070163718901645488580481199556651634101876560147260271106288843/709660550684187789209888852296854385115488622580526096782121083686345687658138044439803620069210853311460790829755352104423876771688419002580552453018280574326918094
17 8 9 104003354740172401101424808937526132035919711528801372878253647005698027105159560612706038878272805244441493698866637418486797033604512395101488022534104379289767892/354830275342093894604944426148427192557744311290263048391060541843172843829069022219901810034605426655730395414877676052211938385844209501290276226509140287163459047
17 8 15 64043911612754820530761372969805642939732236130317975002748839173136686209637334301171044815681903210507710474579998025832084153353356889345946039896314750356919993/354830275342093894604944426148427192557744311290263048391060541843172843829069022219901810034605426655730395414877676052211938385844209501290276226509140287163459047
17 8 25 249538503634807123101217859787736235747875221056981363007619634142814536321330358850910841019392448422866402012905920476852332415013929647579862722361989498899216215/709660550684187789209888852296854385115488622580526096782121083686345687658138044439803620069210853311460790829755352104423876771688419002580552453018280574326918094
17 8 26 3091700008731404887455785169921608412068007686061020433911414543528108484641279296954105992005772489312908375527257625176650391601049576001972522824096272514018633/354830275342093894604944426148427192557744311290263048391060541843172843829069022219901810034605426655730395414877676052211938385844209501290276226509140287163459047
17 9 0 18634393462182327349252061484550004150587272628597155692943315270308018502820775788767597851692368347281966281807829222731130238311684095277254526256122295078980299/709660550684187789209888852296854385115488622580526096782121083686345687658138044439803620069210853311460790829755352104423876771688419002580552453018280574326918094
17 9 3 9740021025456896684970792095944790758749617890598477615156680715511289537660271403254169593429920667538860008080802749602665987456026477620466678481555060865238277/709660550684187789209888852296854385115488622580526096782121083686345687658138044439803620069210853311460790829755352104423876771688419002580552453018280574326918094
17 9 6 107139195876683972802924952820395607823067938813641625592320206345270318166071849972617195684964573152734826119747759606051530675676926840244017846234649199419701923/709660550684187789209888852296854385115488622580526096782121083686345687658138044439803620069210853311460790829755352104423876771688419002580552453018280574326918094
17 9 15 133477591960463977886414390796125987779903725631471083489645870113380657339769387214013725553052069611221916152696185047719641128915672699698513826207006353379598379/709660550684187789209888852296854385115488622580526096782121083686345687658138044439803620069210853311460790829755352104423876771688419002580552453018280574326918094
17 9 17 133017831965602704628347930751206105083166541185703674919380843481384289894556186616619720144034385515094262780520846151857281994498839048208331514838027327535989415/709660550684187789209888852296854385115488622580526096782121083686345687658138044439803620069210853311460790829755352104423876771688419002580552453018280574326918094
17 9 24 307651516393797909857978724348631889520013526430514079472674167760491114217259573444531211242037536017588959486901929326461626746829269841531968061000920338047409801/709660550684187789209888852296854385115488622580526096782121083686345687658138044439803620069210853311460790829755352104423876771688419002580552453018280574326918094
17 10 2 80413987746305433550054927853287624624896971322816548414486908469864950388326837670940471118966888174397852454082690239512308825977367847940781739995438253011906597/709660550684187789209888852296854385115488622580526096782121083686345687658138044439803620069210853311460790829755352104423876771688419002580552453018280574326918094
17 10 6 131864419305447210126723174650595500640276378844013771600660801761245409971409930580630837038485487908040025452763128363705513026185549301705912815164313901830380118/354830275342093894604944426148427192557744311290263048391060541843172843829069022219901810034605426655730395414877676052211938385844209501290276226509140287163459047
17 10 8 124276981362859969820326827976132022206545746635474543406867834409017971116176935321426231533040509907007453246265826089675567868264131960236371966329371338786230469/709660550684187789209888852296854385115488622580526096782121083686345687658138044439803620069210853311460790829755352104423876771688419002580552453018280574326918094
17 10 13 65282960060470974467428893251722954931898660450425110401953196038173112341708593535081782023926666811350306320861986272572569431154508023587027960784560404793953745/709660550684187789209888852296854385115488622580526096782121083686345687658138044439803620069210853311460790829755352104423876771688419002580552453018280574326918094
17 10 18 175957782903656991118631853914520782071594486483782351357491541246798833869105816751093461316305812602625127903018592775252404593921312567404545155580282774074067047/709660550684187789209888852296854385115488622580526096782121083686345687658138044439803620069210853311460790829755352104423876771688419002580552453018280574326918094
17 11 1 132587255000087573373779805466331239667777970562444786894638722556468018298619989411865626308992598271354131965299265634875541119905050520484037548699510515912907803/354830275342093894604944426148427192557744311290263048391060541843172843829069022219901810034605426655730395414877676052211938385844209501290276226509140287163459047
17 11 7 112236258542212182494846371410890429481532199437569222019400492934163938846428707995510972205790466754164459157459774715139286149191448735261779424981026203184376042/354830275342093894604944426148427192557744311290263048391060541843172843829069022219901810034605426655730395414877676052211938385844209501290276226509140287163459047
17 11 11 39478232097979866515720985332031701465169180257930098235036527552811906309602104067121397089585329332804563692846460767547050585212847767538874143154651712224257/135276506039685053223387123960513607532498784327206652074365437225761663678638590247770419380329937726164847661028469711098718408632943004685579956732421001587289
17 11 12 6455359006792948865582104745286370465295381473698391806520514581515256433934005844465786953840042790265433725782369108921197431734410551289992375333952126901949091/354830275342093894604944426148427192557744311290263048391060541843172843829069022219901810034605426655730395414877676052211938385844209501290276226509140287163459047
17 12 2 347351343272967960116567557371637458975266637017499198648663493686540697898864493487794130481582413471379231987022753534702713891609949024263424296240036066167022241/709660550684187789209888852296854385115488622580526096782121083686345687658138044439803620069210853311460790829755352104423876771688419002580552453018280574326918094
17 12 6 73296619783266804905216312378781864042128789277375484481855466927415483904643855905974136807676640449142597281971493199083696363081973123759915201302522687702260785/354830275342093894604944426148427192557744311290263048391060541843172843829069022219901810034605426655730395414877676052211938385844209501290276226509140287163459047
17 12 21 26563908540682105747211769917965170246658575673443394236058541656383665602302815177802275507909093169695922563654506346283865835999848373155968035558321071184725517/354830275342093894604944426148427192557744311290263048391060541843172843829069022219901810034605426655730395414877676052211938385844209501290276226509140287163459047
17 12 23 77271166300641611334695451364169681425245218688465349847330497639743959425117031133066600699643833435483161014862946000042574503393231818928749638776477575701253913/354830275342093894604944426148427192557744311290263048391060541843172843829069022219901810034605426655730395414877676052211938385844209501290276226509140287163459047
17 12 24 8045818162038785119074227603383494712156818284458441002968577552718771895146146518323463557169305731438197121754707478900889475128363346627862405503601838983415423/709660550684187789209888852296854385115488622580526096782121083686345687658138044439803620069210853311460790829755352104423876771688419002580552453018280574326918094
17 13 0 449253471173467782285079957286982533736892731528609716546419509145892305374300626793888878400720422425639938865254664577983991615033582883200114914261997098968057443/709660550684187789209888852296854385115488622580526096782121083686345687658138044439803620069210853311460790829755352104423876771688419002580552453018280574326918094
17 13 4 559060710866017290072581624081813614535123147572729747093276239522879165918885072673099011143022563412682183216197806769459188831177444958536481192875242704145939/19180014883356426735402401413428496895013206015689894507624894153685018585355082282156854596465158197607048400804198705524969642478065378448123039270764339846673462
17 13 7 132340311508273651539114833567795147337651482062676710111247032814276618029247500309824900724045983369490775472828271324688865797326345941632239469754434074144250271/709660550684187789209888852296854385115488622580526096782121083686345687658138044439803620069210853311460790829755352104423876771688419002580552453018280574326918094
17 13 9 22225854098120502940105365290666119287742301080721940059335170781157380642322859058419787627264501786803567881662818771143912862869645665930315190915320932759399675/709660550684187789209888852296854385115488622580526096782121083686345687658138044439803620069210853311460790829755352104423876771688419002580552453018280574326918094
17 13 13 42577833801141606356451588030191740507701275724163364711334075041336427236634155294382694952444055441628633915505139290068558254852639524176016536975072244200905481/354830275342093894604944426148427192557744311290263048391060541843172843829069022219901810034605426655730395414877676052211938385844209501290276226509140287163459047
17 14 2 125691075572138129003074505890460925133125111375646563559047245123764494462305211549524909597833792270399445868139865430578433569588319739378223778094017304348353489/709660550684187789209888852296854385115488622580526096782121083686345687658138044439803620069210853311460790829755352104423876771688419002580552453018280574326918094
17 14 14 323949177644506975622516492098359932350195573531647109118207801692434952588563386387695780394698123444867462041124201158671223595122339221420882078236715828466548929/709660550684187789209888852296854385115488622580526096782121083686345687658138044439803620069210853311460790829755352104423876771688419002580552453018280574326918094
17 14 20 130010148733771342292148927154016763816083968836616212052433018435073120303634723251291465038339468798096941460245642757587109803488880020890723298343773720756007838/354830275342093894604944426148427192557744311290263048391060541843172843829069022219901810034605426655730395414877676052211938385844209501290276226509140287163459047
17 15 0 101706328140912413052376015349232426718991103195969717763754235481387663305153238646416717311933873071662394440542230446329407816693510633603468466979316250293266714/354830275342093894604944426148427192557744311290263048391060541843172843829069022219901810034605426655730395414877676052211938385844209501290276226509140287163459047
17 15 4 86737983814543284742302181407744484496205330019742862817304803821378683454710829578563437053621941317735889985308563233265281240029820767210507872631069984823008712/354830275342093894604944426148427192557744311290263048391060541843172843829069022219901810034605426655730395414877676052211938385844209501290276226509140287163459047
17 15 5 130581752346011713673430217955996070521913744513658092112086282484287807920129779516044725395676943868332520483516869741277119363701418955203734674158729100812309111/354830275342093894604944426148427192557744311290263048391060541843172843829069022219901810034605426655730395414877676052211938385844209501290276226509140287163459047
17 15 13 35804211040626483136836011435454210820634133560892375697915220056118689149075174478876930273372668397999590505510012631340129965419459145272565212740024951234874510/354830275342093894604944426148427192557744311290263048391060541843172843829069022219901810034605426655730395414877676052211938385844209501290276226509140287163459047
17 16 7 7220388070154074414176216233947698761232973895668785210505078989581644976938198692627936370093542121683343657600798654679294322758506551231811681527411687998124917/16503733736841576493253229123182660118964851687919211553072583341542922968793908010227991164400252402592111414645473304754043645853219046571640754721355362193649258
17 16 8 343596110492512765467505061181641753827234343916929245415510064361465604835822667422934286478703447463079705187965951593347931228469385012296533284324685896504763/709660550684187789209888852296854385115488622580526096782121083686345687658138044439803620069210853311460790829755352104423876771688419002580552453018280574326918094
17 16 15 49591626786496258941734964607699828202521933725729106575949534805637987976002748396841732691516170793974870962729276547639890871022976829921472844141917170266948727/354830275342093894604944426148427192557744311290263048391060541843172843829069022219901810034605426655730395414877676052211938385844209501290276226509140287163459047
17 16 16 281880606734442386482563194278345464911784341485472201006502446732720336082302807164703327201475768829767197254480832535384477864772869902894256966054106786624457445/709660550684187789209888852296854385115488622580526096782121083686345687658138044439803620069210853311460790829755352104423876771688419002580552453018280574326918094
17 16 20 17776407249635172268810925682176575311815301785920989326585660725977176010651374030992629284201728213896994667793658370956613355025344351863150959717312177352687001/709660550684187789209888852296854385115488622580526096782121083686345687658138044439803620069210853311460790829755352104423876771688419002580552453018280574326918094
17 17 4 32052763312458601588184070978837516753651477801887632991490132101327095388226006677549602399252244426094017017496014593186177101130284192969955007776216585318266537/354830275342093894604944426148427192557744311290263048391060541843172843829069022219901810034605426655730395414877676052211938385844209501290276226509140287163459047
17 17 8 101378328291190301926692354440268995055203312131496036188911911431971612087425214205158485405514095761824935998931506875193030377817164948157554369410065911547077485/709660550684187789209888852296854385115488622580526096782121083686345687658138044439803620069210853311460790829755352104423876771688419002580552453018280574326918094
17 17 12 183294144323046263905564559780310764525680498586919244268277654321326303855630822979342201027149521073746165192956517762691542459472516125225610791112564701023574573/709660550684187789209888852296854385115488622580526096782121083686345687658138044439803620069210853311460790829755352104423876771688419002580552453018280574326918094
17 17 17 154795366584742394587600490376355959216328344922824443224265968511924388621776912172276724781704353033000101535446757427036535719135429471903574505217065914232323114/354830275342093894604944426148427192557744311290263048391060541843172843829069022219901810034605426655730395414877676052211938385844209501290276226509140287163459047
17 17 19 172120195555534332302224212637206958371292504740559274810131935256861757366027414616276104948436381066112256818730816866086839912306411407551437135936526720319083/2381411243906670433590231047976021426562042357652772136852755314383710361268919612214106107614801521179398626945487758739677438831169191283827357224893558974251403
18 0 29 217514867274404534984693115877034079599353607434836704808748080563342742521957300102134054034598234227470296715618660055535413217994557251670021060311237114980417487/354830275342093894604944426148427192557744311290263048391060541843172843829069022219901810034605426655730395414877676052211938385844209501290276226509140287163459047
18 0 30 137315408067689359620251310271393112958390703855426343582312461279830101307111722117767756000007192428260098699259015996676525167849652249620255166197903172183041560/354830275342093894604944426148427192557744311290263048391060541843172843829069022219901810034605426655730395414877676052211938385844209501290276226509140287163459047
18 1 4 160962476993411511751311236959577302590358981358503144125803915733110928691653439389767074411799916525335715624120879491071912558176332642689116555203888941005444587/709660550684187789209888852296854385115488622580526096782121083686345687658138044439803620069210853311460790829755352104423876771688419002580552453018280574326918094
18 1 8 1387042032835728103419539010406583582846951076052699647534161466458887111897225537115092852374349702648225686255169322151994630789107749536078042118142413709149357/9590007441678213367701200706714248447506603007844947253812447076842509292677541141078427298232579098803524200402099352762484821239032689224061519635382169923336731
18 1 23 50346802713846803469676831863761161732186636360670482716462636113120940162061143028790622705887268690349495910401861956646861057692145773547418311643144327049553407/709660550684187789209888852296854385115488622580526096782121083686345687658138044439803620069210853311460790829755352104423876771688419002580552453018280574326918094
18 1 24 197855080273542797167927448351714367831134312616726348011163291661078086262014386137364525937910895049903439256175040408728750238712983560337121234714354345897433841/354830275342093894604944426148427192557744311290263048391060541843172843829069022219901810034605426655730395414877676052211938385844209501290276226509140287163459047
18 2 12 114226363748563924714504099488965678943583424530856347512454918291118668033410981348169416249091765738877212694712511573368376618251878300633313204595985747555642773/354830275342093894604944426148427192557744311290263048391060541843172843829069022219901810034605426655730395414877676052211938385844209501290276226509140287163459047
18 2 26 143379268535307315991522154365525550309815850524201386493473828219324960325365718339705694656794248205279189474731845173662082470350776181292096885924027271051497875/354830275342093894604944426148427192557744311290263048391060541843172843829069022219901810034605426655730395414877676052211938385844209501290276226509140287163459047
18 2 28 68160696213857251290714889424441945375897910419188072608287796432504859280794761094659275774296699278404773652601123715148940762090810746542570668249954767783341249/354830275342093894604944426148427192557744311290263048391060541843172843829069022219901810034605426655730395414877676052211938385844209501290276226509140287163459047
18 2 34 29063946844365402608203282869494017928447125816017241776843998900224356189497561437367423354422713433169219592832195590032538535150744272822295467739172500772977150/354830275342093894604944426148427192557744311290263048391060541843172843829069022219901810034605426655730395414877676052211938385844209501290276226509140287163459047
18 3 1 44615659203814979734117833106089963309132278579490373455370569991573779803755113305716689159428642819901413697393199141399451183340479364323016074516214347978020830/354830275342093894604944426148427192557744311290263048391060541843172843829069022219901810034605426655730395414877676052211938385844209501290276226509140287163459047
18 3 9 240603911593529969890440326659461513614160886759406700878605623552054175795658040871732393785513660916853182720165164478843561767592331200656963021913154539607816274/354830275342093894604944426148427192557744311290263048391060541843172843829069022219901810034605426655730395414877676052211938385844209501290276226509140287163459047
18 3 15 8654118204029072995755272301264792682266582873660208060456613019317803315134339502544469408591300412147364235628987690049413366025184176362122243328103902298711943/709660550684187789209888852296854385115488622580526096782121083686345687658138044439803620069210853311460790829755352104423876771688419002580552453018280574326918094
18 3 31 130567290885468816965017260464486638586635709029071740053712083579771973144177396582360984770734945425804233759009637173888437503797613696258472016831438896856531943/709660550684187789209888852296854385115488622580526096782121083686345687658138044439803620069210853311460790829755352104423876771688419002580552453018280574326918094
18 4 3 2125604382960584758881381166883467760090477949771753921566792786886875767072422896439547444689112582135528763971882429880367592622600806008975424387614109564153619/8251866868420788246626614561591330059482425843959605776536291670771461484396954005113995582200126201296055707322736652377021822926609523285820377360677681096824629
18 4 7 6126262485460203487745233394707862299391947894187851854969498883884585717324531108674448137511013619160526943350854222496654230304008717276844952973063571532671010/8251866868420788246626614561591330059482425843959605776536291670771461484396954005113995582200126201296055707322736652377021822926609523285820377360677681096824629
18 5 8 246062206687222621462061628071521867225910443710204974363274742423845502640373003282060010062383056897274759694699709009198559244398524650246974093301624433075172613/709660550684187789209888852296854385115488622580526096782121083686345687658138044439803620069210853311460790829755352104423876771688419002580552453018280574326918094
18 5 9 26805624271541482527119653495356848311241540291522672789843859278952338286640373404565504346550040369973758568638185546190708112402265963326266205441363916639735946/354830275342093894604944426148427192557744311290263048391060541843172843829069022219901810034605426655730395414877676052211938385844209501290276226509140287163459047
18 5 22 76613604085319804421559748352362140102011468214150541424607605249414008730745615934106687027068119904461461949809030745704581952300458765164669598590539909339144809/709660550684187789209888852296854385115488622580526096782121083686345687658138044439803620069210853311460790829755352104423876771688419002580552453018280574326918094
18 5 27 166686745684281199136014084441128340582541815036562617707275508727590749856869339207252957143329797884888526023985120628569659675092451830258188175121694199316564390/354830275342093894604944426148427192557744311290263048391060541843172843829069022219901810034605426655730395414877676052211938385844209501290276226509140287163459047
18 6 0 455548553045991714919922754118860785468148976473657799985160222781783774245973517056587502045335685107749287429386555712095298826165438253486415714403996591709465673/709660550684187789209888852296854385115488622580526096782121083686345687658138044439803620069210853311460790829755352104423876771688419002580552453018280574326918094
18 6 5 19005705001929427202669753300091402123751708248840055166045580437952803573652102827421522420522326064625578142274452491057772233229954812124873746629926837575031287/709660550684187789209888852296854385115488622580526096782121083686345687658138044439803620069210853311460790829755352104423876771688419002580552453018280574326918094
18 6 14 39538486728682448529195190308617012398320711134146756709347158291410541311944024351467504329764302129049181208891056456205358848418833933906549142239174024568670175/354830275342093894604944426148427192557744311290263048391060541843172843829069022219901810034605426655730395414877676052211938385844209501290276226509140287163459047
18 6 26 82526664485746136175015685162756268025392938221158441496344569472413205593502916954327092414188587825840001353915054057175452531417761785602738318602921666492841795/709660550684187789209888852296854385115488622580526096782121083686345687658138044439803620069210853311460790829755352104423876771688419002580552453018280574326918094
18 6 29 73502654693155613853890279097911904701553577368576286715876394411374821621121458898532494529635650055147561486397176931684635484037596283553426388903087429412238989/709660550684187789209888852296854385115488622580526096782121083686345687658138044439803620069210853311460790829755352104423876771688419002580552453018280574326918094
18 7 1 16018169392475552063612021849859087994320341769037465350919898985338554266607503133740514700412498984701445506907940552008061635225503968783357604005235182484364861/354830275342093894604944426148427192557744311290263048391060541843172843829069022219901810034605426655730395414877676052211938385844209501290276226509140287163459047
18 7 4 4426926268450834109760243974375319601189983660311642759154016195522121956610169358550798860074090702676483663765065850774428127900370662287757101370402340133572431/19180014883356426735402401413428496895013206015689894507624894153685018585355082282156854596465158197607048400804198705524969642478065378448123039270764339846673462
18 7 10 18382303051318179622788630346371037625378396784536484186210080648160566136336211326589558706190391272870056786777918214538296359356042668760171428269835651329171096/354830275342093894604944426148427192557744311290263048391060541843172843829069022219901810034605426655730395414877676052211938385844209501290276226509140287163459047
18 7 24 241352912296822417350826122196608678862158407171322357224844152923502594619659542355230957330357910389384812648082743683301969929243318317293123568126435726399921701/709660550684187789209888852296854385115488622580526096782121083686345687658138044439803620069210853311460790829755352104423876771688419002580552453018280574326918094
18 7 25 117855210783548523212566199327949314884951671435262529197159186130763169919007403448766479051452903203951539017496727204687675060484146452776679034818408297678872266/354830275342093894604944426148427192557744311290263048391060541843172843829069022219901810034605426655730395414877676052211938385844209501290276226509140287163459047
18 8 6 71908359589725976543385792291352025742289452367351939585556943202228228655777026943931243174737090386633883157388039978642909579111273115506478969564325086781139603/709660550684187789209888852296854385115488622580526096782121083686345687658138044439803620069210853311460790829755352104423876771688419002580552453018280574326918094
18 8 8 328920894782170183967557293755527156770263115704346417799478594773865430204155345143745709530300920448814439338357232151961591578444912949097088034963647161805963341/709660550684187789209888852296854385115488622580526096782121083686345687658138044439803620069210853311460790829755352104423876771688419002580552453018280574326918094
18 8 16 300684799005851000723391912608862281876688565068656227276860963886026761518764686230445785907349785566481131877306292527264125774689024203591460862432322014629396/9590007441678213367701200706714248447506603007844947253812447076842509292677541141078427298232579098803524200402099352762484821239032689224061519635382169923336731
18 8 28 143290310592929327322707382358459696872030550346873589289298917191343024222908542785536839603514479172046432287544707163400915153402622573455608672335158248328619923/354830275342093894604944426148427192557744311290263048391060541843172843829069022219901810034605426655730395414877676052211938385844209501290276226509140287163459047
18 9 1 508532389241964683823276510851980063900260792238249696333372555538060306665036059102800602598832118510088154917634497042755461920026710786893468509525561659373073963/709660550684187789209888852296854385115488622580526096782121083686345687658138044439803620069210853311460790829755352104423876771688419002580552453018280574326918094
18 9 20 201128161442223105386612341444874321215227830342276400448748528148285380993101985337003017470378734801372635912120855061668414851661708215687083943492718914953844131/709660550684187789209888852296854385115488622580526096782121083686345687658138044439803620069210853311460790829755352104423876771688419002580552453018280574326918094
18 10 5 54015656056276745316885703034117660448327253551998964866132389173871816753551845732983947049767782996802571983397389697675198538195887422822082863028294556300892515/354830275342093894604944426148427192557744311290263048391060541843172843829069022219901810034605426655730395414877676052211938385844209501290276226509140287163459047
18 10 10 4442258252421263409217164344652222863904622615491984650711577482485520235687285477941186488053998709611689792934189692772751949539178996707209218566298584116094647/19180014883356426735402401413428496895013206015689894507624894153685018585355082282156854596465158197607048400804198705524969642478065378448123039270764339846673462
18 10 15 39119984285002574224450778468763509841658327238274171182738064051331587648047232633770805045241628401875417141205908438795513086647079488176475956976377643587152940/354830275342093894604944426148427192557744311290263048391060541843172843829069022219901810034605426655730395414877676052211938385844209501290276226509140287163459047
18 10 17 227473086706104581794577929845105087714384135442482744415268291475375166000507223950500066026101564895384069362709957886472241135897805367955187622617647218999883269/709660550684187789209888852296854385115488622580526096782121083686345687658138044439803620069210853311460790829755352104423876771688419002580552453018280574326918094
18 10 21 73502654693155613853890279097911904701553577368576286715876394411374821621121458898532494529635650055147561486397176931684635484037596283553426388903087429412238989/709660550684187789209888852296854385115488622580526096782121083686345687658138044439803620069210853311460790829755352104423876771688419002580552453018280574326918094
18 10 22 58049973262782208337712599595942806155108711415717361476907124497224642512881642173437655265456863307940659392876602380733754769117460650908079714535153913843202987/709660550684187789209888852296854385115488622580526096782121083686345687658138044439803620069210853311460790829755352104423876771688419002580552453018280574326918094
18 11 2 61611497434569073347999182911142750709557097779678120060008741743608811801930675175839235832697013669561810304339517697650529113860394748969978998574675887760332466/354830275342093894604944426148427192557744311290263048391060541843172843829069022219901810034605426655730395414877676052211938385844209501290276226509140287163459047
18 11 5 129190827759448162968478870437802327880048339387805465596987047582195467260006900467853540601469627372137271245510680614793634518654272713764388655815113955555116209/709660550684187789209888852296854385115488622580526096782121083686345687658138044439803620069210853311460790829755352104423876771688419002580552453018280574326918094
18 11 19 149354171060547283693978226452592134223455697015648632200460284130837883241162539007474778260301534949065523063017536340386472455903746505127450392061282347197076238/354830275342093894604944426148427192557744311290263048391060541843172843829069022219901810034605426655730395414877676052211938385844209501290276226509140287163459047
18 11 23 158538385934506912157455163131582287369414693602067126664195984355256830311944715605322051281744128702068852849530563413556239113505863780621305015931250148856984477/709660550684187789209888852296854385115488622580526096782121083686345687658138044439803620069210853311460790829755352104423876771688419002580552453018280574326918094
18 12 2 276611241596886101124865173419623280066907818300122603173272268761154363738370259287467527043661546449026602727883804974252080034431189491341816378900908110017680703/709660550684187789209888852296854385115488622580526096782121083686345687658138044439803620069210853311460790829755352104423876771688419002580552453018280574326918094
18 12 3 153722819101681367563620096601891996853048049961256723385119889721252974469655110992300424764675731910667870866342466004085477801504143051329323932301862065587918993/709660550684187789209888852296854385115488622580526096782121083686345687658138044439803620069210853311460790829755352104423876771688419002580552453018280574326918094
18 12 22 139663244992810160260701791137669554097766377159573385111864462601969174725056337080017834130436787475883158617764540563043159467876543229954706070907755199360659199/354830275342093894604944426148427192557744311290263048391060541843172843829069022219901810034605426655730395414877676052211938385844209501290276226509140287163459047
18 13 5 19522961485207237087922494631868061255428573418978958903975892469374193280373282710021076287478390373458342541575942174590436883259319070201784841318911183915269865/354830275342093894604944426148427192557744311290263048391060541843172843829069022219901810034605426655730395414877676052211938385844209501290276226509140287163459047
18 13 13 340375349127827021051828858403047016470463983310964882298828857775282561413903690806065138341433769075062410526376607699924259299569104854393620362567304365731080549/709660550684187789209888852296854385115488622580526096782121083686345687658138044439803620069210853311460790829755352104423876771688419002580552453018280574326918094
18 13 23 330239278585946293982215004630071246134167492431603296675340440972314739683487788213696329152820303489481695220226860055318743705600676007783362407813153840765297815/709660550684187789209888852296854385115488622580526096782121083686345687658138044439803620069210853311460790829755352104423876771688419002580552453018280574326918094
18 14 1 30917550047286647853925912941355010338111591907622560115297249477347157182689178025621118304628362333815344046506243598450500006257811045297117668741930395615504283/354830275342093894604944426148427192557744311290263048391060541843172843829069022219901810034605426655730395414877676052211938385844209501290276226509140287163459047
18 14 6 11667554598582318146038453215201884025330393553331166485281895456680507255743102847290257920378925387516873393384689734783635471521974192959191051419226638181230423/709660550684187789209888852296854385115488622580526096782121083686345687658138044439803620069210853311460790829755352104423876771688419002580552453018280574326918094
18 14 21 636157895991032175355998573198942480413935045211949810066244689274970866037016585541271125539575203256313229343358175172739241287650822719027126064115193144914679105/709660550684187789209888852296854385115488622580526096782121083686345687658138044439803620069210853311460790829755352104423876771688419002580552453018280574326918094
18 15 3 373135754647896132382469975342984160894659468938898536142257014292821397220254564353702115061271439337137446261830997130626786004640606634479342023381605086221787867/709660550684187789209888852296854385115488622580526096782121083686345687658138044439803620069210853311460790829755352104423876771688419002580552453018280574326918094
18 15 5 253424305846430722477812596267411909113817939643421584353067976646594468064975344868751435960926636608840396767902675762969286618717445847954438086674939359759001251/709660550684187789209888852296854385115488622580526096782121083686345687658138044439803620069210853311460790829755352104423876771688419002580552453018280574326918094
18 15 19 41550245094930467174803140343229157553505606999102988143398046373464911186454067608675034523506388682741473900010839605413902074165183260073386171480868064173064488/354830275342093894604944426148427192557744311290263048391060541843172843829069022219901810034605426655730395414877676052211938385844209501290276226509140287163459047
18 16 15 264237692808740941040155190537847162965140929011555712787688452771696298273179646603679183438482347441124182936265794315548833854609890705475530479157318521658225461/709660550684187789209888852296854385115488622580526096782121083686345687658138044439803620069210853311460790829755352104423876771688419002580552453018280574326918094
18 16 17 445422857875446848169733661759007222150347693568970383994432630914649389384958397836124436630728505870336607893489557788875042917078528297105021973860962052668692633/709660550684187789209888852296854385115488622580526096782121083686345687658138044439803620069210853311460790829755352104423876771688419002580552453018280574326918094
18 17 2 309826314218163541389025313054945603629466608721047253488831331437973700315906434800657621360155279523310567493192511734870738509536440013298778076968020688788572459/709660550684187789209888852296854385115488622580526096782121083686345687658138044439803620069210853311460790829755352104423876771688419002580552453018280574326918094
18 17 6 170536083449887779600541852671439689879719800186185190726122022245653177500644397591994616928759152429560746849596066678902032894889733440628466717630732257655082395/709660550684187789209888852296854385115488622580526096782121083686345687658138044439803620069210853311460790829755352104423876771688419002580552453018280574326918094
18 17 16 3098623689407249570544887656357690427112192076666130440096861216252956889751178541177721375409411099440398330904956401225014937395435750657477130519182805782206260/9590007441678213367701200706714248447506603007844947253812447076842509292677541141078427298232579098803524200402099352762484821239032689224061519635382169923336731
18 18 0 254111997638196074289966098177993599647339646106868296796960860904561913412164527383216118023875168203711503400368796392328577945522980749094136738614283982617452421/709660550684187789209888852296854385115488622580526096782121083686345687658138044439803620069210853311460790829755352104423876771688419002580552453018280574326918094
18 18 1 18025404155068746083300805650266197932099405829975602605573091239766398486998396406846373141439726524536229410506088477952389202014119458880101248965959062798064183/709660550684187789209888852296854385115488622580526096782121083686345687658138044439803620069210853311460790829755352104423876771688419002580552453018280574326918094
18 18 4 2423528552052995540403384607157461726744554824848454292269487120784989237413099280100193520621412255305675018455251129933600173069814861693429434410467838954288950/5816889759706457288605646330302085123897447726069886039197713800707751538181459380654128033354187322225088449424224197577244891571216549201479938139494103068253427
18 18 9 36100184262100502360861502608565238067004694425383787763847084753187506606573263070345476364690786370919103734633061107553867166652625604472159440783352523677380618/354830275342093894604944426148427192557744311290263048391060541843172843829069022219901810034605426655730395414877676052211938385844209501290276226509140287163459047
18 18 15 34939539792604472819833503967378071358838715338262060220520722768977488431592434556527801658185926082534706449299020624897728487347645156822222820737790893774962221/709660550684187789209888852296854385115488622580526096782121083686345687658138044439803620069210853311460790829755352104423876771688419002580552453018280574326918094
18 18 18 34712757223652035365852517210875709380365777823141137974494810530896187149838047780298765000516164611547791848774686542238225688981009302241381765056465235358426133/709660550684187789209888852296854385115488622580526096782121083686345687658138044439803620069210853311460790829755352104423876771688419002580552453018280574326918094
19 0 22 221129466685017843600092232420694545604646546373713092044497709505977927307664866512566903350318531230432002847505932287661145517180230911406547870791831134061007957/709660550684187789209888852296854385115488622580526096782121083686345687658138044439803620069210853311460790829755352104423876771688419002580552453018280574326918094
19 0 34 488531083999169945609796619876159839510842076206813004737623374180367760350473177927236716718892322081028787982249419816762731254508188091174004582226449440265910137/709660550684187789209888852296854385115488622580526096782121083686345687658138044439803620069210853311460790829755352104423876771688419002580552453018280574326918094
19 1 1 395060122251088456563568695299069861481615034134925758059318562347351410966855448025261761719113429991568893996284695271153353465843825145039340236867631747946579009/709660550684187789209888852296854385115488622580526096782121083686345687658138044439803620069210853311460790829755352104423876771688419002580552453018280574326918094
19 1 8 22481952398010055708767335244543770899204904386815155848182357076209476386755703188339631635034498834691611502669296982003636356570538100143884097186801103671453415/709660550684187789209888852296854385115488622580526096782121083686345687658138044439803620069210853311460790829755352104423876771688419002580552453018280574326918094
19 1 27 129129135737450959187921351808291634404843358583322250169694391310830413521461144694060562688371175780061168897731213680274293444843912799024284666101768086982121600/354830275342093894604944426148427192557744311290263048391060541843172843829069022219901810034605426655730395414877676052211938385844209501290276226509140287163459047
19 1 28 4477691073725611773034260104685357887468242961222801290182608494781709342608207309740440656612451955576178675757080467187358450839175814918302137127705043581971213/354830275342093894604944426148427192557744311290263048391060541843172843829069022219901810034605426655730395414877676052211938385844209501290276226509140287163459047
19 1 32 12452411206368067507820798963643384075022740484847539977433082325780277288194094609300110012547834506962795091912385778171791578953939264756077256252450730790350022/354830275342093894604944426148427192557744311290263048391060541843172843829069022219901810034605426655730395414877676052211938385844209501290276226509140287163459047
19 2 0 168276073634210205455235537115796308032252399190465719106631781389053269868243324614647462759040284173200785047184862198417601484251428058922168585509977759679805883/709660550684187789209888852296854385115488622580526096782121083686345687658138044439803620069210853311460790829755352104423876771688419002580552453018280574326918094
19 2 3 41107802068793647817712288555366101550737406607503779142752274592580770661226086181796622462576368254280218298888558112012399840614930486418272420190721681843823309/709660550684187789209888852296854385115488622580526096782121083686345687658138044439803620069210853311460790829755352104423876771688419002580552453018280574326918094
19 2 7 250138337490591967968470513312845987766249408391278299266368513852355823564334316821679767423797100441989893741840965896996937723411030228620055723658790566401644451/354830275342093894604944426148427192557744311290263048391060541843172843829069022219901810034605426655730395414877676052211938385844209501290276226509140287163459047
19 3 5 2105355448546947070249159472375256473544150646938300876914041212881628072148700516989352225622244598971329647776136954433826882282887064395206546618333359629384881/9590007441678213367701200706714248447506603007844947253812447076842509292677541141078427298232579098803524200402099352762484821239032689224061519635382169923336731
19 3 9 2794909931650042541008140397800357490821350688909859717009411577981702473570110579141354741050572342044945242305565154586907714216847551211766849351580416205771602/354830275342093894604944426148427192557744311290263048391060541843172843829069022219901810034605426655730395414877676052211938385844209501290276226509140287163459047
19 3 24 317638894443437418600982984903276128426879545452746344749794346709153001667574739358895436429244508783546855730631270709675717888052627726759415564068555716315139443/709660550684187789209888852296854385115488622580526096782121083686345687658138044439803620069210853311460790829755352104423876771688419002580552453018280574326918094
19 3 28 48014867926694372260328466874736258910912793184937597426950825861042270751177840441034323069034995450916221728301171512613459833075133115804722331749610394203049733/354830275342093894604944426148427192557744311290263048391060541843172843829069022219901810034605426655730395414877676052211938385844209501290276226509140287163459047
19 3 29 2206652415271925537832702490044853194145469532895911030373232989277119052492845324317127267602444403575626347909450384135151385247839134041686460278535649583928767/11633779519412914577211292660604170247794895452139772078395427601415503076362918761308256066708374644450176898848448395154489783142433098402959876278988206136506854
19 4 10 207562577737523421571607394243561202787705427059099312948242154015114284502512887232565518046164429059751898243944390618311362505890176650680669338969381584768843659/709660550684187789209888852296854385115488622580526096782121083686345687658138044439803620069210853311460790829755352104423876771688419002580552453018280574326918094
19 4 19 131893598996858493037324163675071734462169113404778639998755401717457339741454051720712025675343220955151524543464679705522119057681684567063930877296587769228777760/354830275342093894604944426148427192557744311290263048391060541843172843829069022219901810034605426655730395414877676052211938385844209501290276226509140287163459047
19 4 31 238310774952947381563633130703149713403444968711869503836368126236316723672717053765814050672359982341405843498881602075068276150434873217772021359455723451100518915/709660550684187789209888852296854385115488622580526096782121083686345687658138044439803620069210853311460790829755352104423876771688419002580552453018280574326918094
19 5 0 201888133160219389558131628344003984215098966390872908085438272074508133574395396659380253469228436339254354984806409612089942287410085239927835325979424648009697898/354830275342093894604944426148427192557744311290263048391060541843172843829069022219901810034605426655730395414877676052211938385844209501290276226509140287163459047
19 5 1 46516475852356124779224384945658889674077793722535940217247658709870037041613142957880551361048995314659337789086831997914512232952906267705325748387514323264977866/354830275342093894604944426148427192557744311290263048391060541843172843829069022219901810034605426655730395414877676052211938385844209501290276226509140287163459047
19 5 11 43322610689960497316043736119464898237595060489915410834214444848515919189371560005422387672383355902981922822510492320485507872289581785544116467159728956292609933/354830275342093894604944426148427192557744311290263048391060541843172843829069022219901810034605426655730395414877676052211938385844209501290276226509140287163459047
19 5 29 63103055639557882951544676739299420430972490686938789254160166210278754023688922597218617531944639098834779818473942121721975993191636208112998684982472359596173350/354830275342093894604944426148427192557744311290263048391060541843172843829069022219901810034605426655730395414877676052211938385844209501290276226509140287163459047
19 6 3 176101263843711257879803841636035218488871304314835230548636941115649676597222596892151660672238393131263757647178509884722622415724001964426027273916030514065204345/709660550684187789209888852296854385115488622580526096782121083686345687658138044439803620069210853311460790829755352104423876771688419002580552453018280574326918094
19 6 12 165152861433654574634874092394060559837240688529667169340316562380321160039253225096269587298508486291610245324372500923084294026367147658070125174350424688295364495/709660550684187789209888852296854385115488622580526096782121083686345687658138044439803620069210853311460790829755352104423876771688419002580552453018280574326918094
19 6 26 4978465208200296712097444841442683875532116618054374282340102435005065554346786789883545568898161809305226862948707314819148112562125261893032432496646288810356071/9590007441678213367701200706714248447506603007844947253812447076842509292677541141078427298232579098803524200402099352762484821239032689224061519635382169923336731
19 7 4 54216778545457951127238577948274464616513636408554919650408566960642200603217100718420049809286086481755150799728502760475662386015460823758142194690301917902449781/709660550684187789209888852296854385115488622580526096782121083686345687658138044439803620069210853311460790829755352104423876771688419002580552453018280574326918094
19 7 17 112558800104885427624108321515030763523441816786275778447079908188839498694129242538210283714091422104286846596295471259142911006281660730566505105045944825368052267/354830275342093894604944426148427192557744311290263048391060541843172843829069022219901810034605426655730395414877676052211938385844209501290276226509140287163459047
19 7 23 247513750719056955012992407463504277572762125534603079071885271435097105602423446277621168693079899791775859873854813452289610819872822749065094523426471109370292761/709660550684187789209888852296854385115488622580526096782121083686345687658138044439803620069210853311460790829755352104423876771688419002580552453018280574326918094
19 7 26 49529036037287096653633542086061417346601250033601238614240263520136927633241826484898456659302453401379546951414647918105648737483724716547508945441202801756062837/709660550684187789209888852296854385115488622580526096782121083686345687658138044439803620069210853311460790829755352104423876771688419002580552453018280574326918094
19 7 27 133283385172614931167807681768952698532727977031215302551427165392790456430997185882443377479359569427976540012166445455267132815753089252076796579368415094562008181/709660550684187789209888852296854385115488622580526096782121083686345687658138044439803620069210853311460790829755352104423876771688419002580552453018280574326918094
19 8 6 226550768727459385711855015593440197158485061315669225782085527164905541421723560022950291240488189438481543427224028862150257775119913067507025491525005654860095/2381411243906670433590231047976021426562042357652772136852755314383710361268919612214106107614801521179398626945487758739677438831169191283827357224893558974251403
19 8 7 124585443776585053812511677204219404049025088419954122469934556836035508383495368779950474778275390523654935674459717078497348769335025291383619422615564711229787313/709660550684187789209888852296854385115488622580526096782121083686345687658138044439803620069210853311460790829755352104423876771688419002580552453018280574326918094
19 8 10 167596958457842426138796116844888226343028875983099294347856004535858857276660168601375242905631461966184325339638911304825088697362886268605878217595531891141200159/354830275342093894604944426148427192557744311290263048391060541843172843829069022219901810034605426655730395414877676052211938385844209501290276226509140287163459047
19 8 11 87923527359117664923701949562032343316645990036207239552211022697799239675964047711527555534277698950277551142498363542504559759214521957030392049638843609767403665/354830275342093894604944426148427192557744311290263048391060541843172843829069022219901810034605426655730395414877676052211938385844209501290276226509140287163459047
19 8 28 6522006192899656330248247631948662993885253849889477228990985287852134025720622147208361621451660502214602249708324730346454272212843165807298899459513176131614823/709660550684187789209888852296854385115488622580526096782121083686345687658138044439803620069210853311460790829755352104423876771688419002580552453018280574326918094
19 9 2 92342192282800990330944711354422604695823800643257204315710264128655521996874718182104052391993727770952604293947096022951430553274648277757644854591099873196940063/354830275342093894604944426148427192557744311290263048391060541843172843829069022219901810034605426655730395414877676052211938385844209501290276226509140287163459047
19 9 6 146675008833761999768166391574300310043476395674835406518736643437238135135704340078165176989745518383155699567579636068112630148872984402624144763788731731246312389/354830275342093894604944426148427192557744311290263048391060541843172843829069022219901810034605426655730395414877676052211938385844209501290276226509140287163459047
19 9 20 115813074225530904505833323219704277818444114972170437556613634277279186696489963959632580652866180501622091553350943961147877683696576820908486608129308682720206595/354830275342093894604944426148427192557744311290263048391060541843172843829069022219901810034605426655730395414877676052211938385844209501290276226509140287163459047
19 10 3 369765395668641542772816405207375165400334043308854775002646636621160921256215007036879014449488906875321740853287256050496677729729286625301917169417680225665899915/709660550684187789209888852296854385115488622580526096782121083686345687658138044439803620069210853311460790829755352104423876771688419002580552453018280574326918094
19 10 6 53706020085012984053719930317295888296087486877517003530052629640584930594285716215371421222781941417030408936845334048525498990343840247366386428290673575118852225/354830275342093894604944426148427192557744311290263048391060541843172843829069022219901810034605426655730395414877676052211938385844209501290276226509140287163459047
19 10 23 232483114845520278329632586454887443122979605516637314719369187784014905213351604972181763174158063602078232102777427956876201061271451882545862427019253198423313729/709660550684187789209888852296854385115488622580526096782121083686345687658138044439803620069210853311460790829755352104423876771688419002580552453018280574326918094
19 11 1 81798914754690733183699845631480478203193582587128904957967196211058350094339644196665200014910171133769075573250156934018543180892148344443903574950679359399855341/354830275342093894604944426148427192557744311290263048391060541843172843829069022219901810034605426655730395414877676052211938385844209501290276226509140287163459047
19 11 15 330085119006791589331849194770891354769537154842280950289963028283203946173944160067836500504374742416708552821744760300751206989563555662844889581366781080297852927/709660550684187789209888852296854385115488622580526096782121083686345687658138044439803620069210853311460790829755352104423876771688419002580552453018280574326918094
19 11 25 215977602168014733510639966263002073939564302563987336576223662981025041295514595978636719535015768627214086861510277935635583420340566650847855721750140775229354485/709660550684187789209888852296854385115488622580526096782121083686345687658138044439803620069210853311460790829755352104423876771688419002580552453018280574326918094
19 12 4 377995078404702021831971460930282703395085237237346706548974176559867837449719565491820351907166562211684831498086028684575472333804754472956833446568021992876277363/709660550684187789209888852296854385115488622580526096782121083686345687658138044439803620069210853311460790829755352104423876771688419002580552453018280574326918094
19 12 18 75672062557921372788475415184755792356429673129194845186859850368584655323093730017666595680630176332223412358654174801142496436220507087027958637001265321349240305/354830275342093894604944426148427192557744311290263048391060541843172843829069022219901810034605426655730395414877676052211938385844209501290276226509140287163459047
19 12 20 2956087658420377406573222311427214705041705558767044259990609940808336714134934736272952078701376039923428436300999570779728058449879514025701667745044720307412461/11633779519412914577211292660604170247794895452139772078395427601415503076362918761308256066708374644450176898848448395154489783142433098402959876278988206136506854
19 13 8 133991828885040715606469723843442523563196345921838426626216750207972137640392149134756329577215440332805208519828555778278190339624996875334960121697212519831933388/354830275342093894604944426148427192557744311290263048391060541843172843829069022219901810034605426655730395414877676052211938385844209501290276226509140287163459047
19 13 14 19420014679973187268030142417449641568110397480649869078380288635055719843676997187328694988397369967514577046551802994991189231575503591296008527959651134589437097/354830275342093894604944426148427192557744311290263048391060541843172843829069022219901810034605426655730395414877676052211938385844209501290276226509140287163459047
19 13 17 20087382662514313273582716860522826416339231008672652626638105196255684817158922337342533006244510412415816170243608463173648069885829873048017257675121629459749493/709660550684187789209888852296854385115488622580526096782121083686345687658138044439803620069210853311460790829755352104423876771688419002580552453018280574326918094
19 13 20 336073084836195811868060447687242726261082765582775310824716397049848811873637262172202091155624870268101569910300887775614649123808745762092023582853463949827691707/709660550684187789209888852296854385115488622580526096782121083686345687658138044439803620069210853311460790829755352104423876771688419002580552453018280574326918094
19 13 22 23338198027724929159622977613652251087726569592050770960786251877092737999601783643044473388057926015151916808225069159548410217796421217089287156587983843098367962/354830275342093894604944426148427192557744311290263048391060541843172843829069022219901810034605426655730395414877676052211938385844209501290276226509140287163459047
19 14 5 147340208869194132548280308924568329882312547349222025592103003498878209679827491246348135165061828450007565427428237551178342352275806027957571009653569663582564719/709660550684187789209888852296854385115488622580526096782121083686345687658138044439803620069210853311460790829755352104423876771688419002580552453018280574326918094
19 14 10 205264085797692368831494027190373723431751855586607984153416708906883725773014984568801325404713816714554338708141536287512276156028600571584372757399363886969021041/709660550684187789209888852296854385115488622580526096782121083686345687658138044439803620069210853311460790829755352104423876771688419002580552453018280574326918094
19 14 22 178528128008650643915057258090956165900712109822348043518300685640291876102647784312327079749717604073449443347092789132866629131692006201519304342982673511887666167/354830275342093894604944426148427192557744311290263048391060541843172843829069022219901810034605426655730395414877676052211938385844209501290276226509140287163459047
19 15 7 123158461693131652931240951293799999323991129409395164794699287452968569316684206580807319636271578299040164473222100642982591840487464010853067661626663409987188803/709660550684187789209888852296854385115488622580526096782121083686345687658138044439803620069210853311460790829755352104423876771688419002580552453018280574326918094
19 15 13 378255184782259099907877249916336213505180991303051110794724235372554803572633201967238314812652262831353146778076493464977138326915263134174881362142129028354365103/709660550684187789209888852296854385115488622580526096782121083686345687658138044439803620069210853311460790829755352104423876771688419002580552453018280574326918094
19 15 17 19891094068056035680539863019934931057837621657373418118571354208283758733251606819069948507024239875360083876248594706352813251789282158884784102432339928550700406/354830275342093894604944426148427192557744311290263048391060541843172843829069022219901810034605426655730395414877676052211938385844209501290276226509140287163459047
19 15 21 84232358036342482504845462523424155085320629276666492477777426222127398651158711126809044303119266215173655912979784291879260050353563769891517612192404139441981688/354830275342093894604944426148427192557744311290263048391060541843172843829069022219901810034605426655730395414877676052211938385844209501290276226509140287163459047
19 16 0 175968240496251658109194861319907102443064702639694350519862546455646187811814091070709359564644012854965392614566068092876329997572951220698959294090982198321063339/709660550684187789209888852296854385115488622580526096782121083686345687658138044439803620069210853311460790829755352104423876771688419002580552453018280574326918094
19 16 3 161046118869754194210361119724934893465572280380712101103335019664324356314184518893290031677837501445809170832009425468242116070576330683330581668035376832445337449/709660550684187789209888852296854385115488622580526096782121083686345687658138044439803620069210853311460790829755352104423876771688419002580552453018280574326918094
19 16 9 21785434682347654036582585410919849501648653874939590716897861470590759884530527060991896312586466086324920256611440272789933204547127067621621007218117835534387576/354830275342093894604944426148427192557744311290263048391060541843172843829069022219901810034605426655730395414877676052211938385844209501290276226509140287163459047
19 16 14 164537660976743314408583850215086345101777165905120231862563897312596811881539190176910218100778203419018193434978488998862782147222441481653884738227842936245871077/354830275342093894604944426148427192557744311290263048391060541843172843829069022219901810034605426655730395414877676052211938385844209501290276226509140287163459047
19 17 1 96329676985718470191276498670362781669357247857650437387622599804507539590087186669764064791109406818249166910405076380454351763110615390138999648015790140744019595/709660550684187789209888852296854385115488622580526096782121083686345687658138044439803620069210853311460790829755352104423876771688419002580552453018280574326918094
19 17 4 155786103304067123229031641194989010804240542107448023794691259566758326122873244240493290750735878305358579382873534687579457638343714234511921531890287967736217433/354830275342093894604944426148427192557744311290263048391060541843172843829069022219901810034605426655730395414877676052211938385844209501290276226509140287163459047
19 17 8 301758667090335072560549071236513581837650290507979611805115964748321495822304369289052973776629689882494465153603206348810609731890375143417709741221914498110463633/709660550684187789209888852296854385115488622580526096782121083686345687658138044439803620069210853311460790829755352104423876771688419002580552453018280574326918094
19 18 11 4043067889207940760853676772190118389981503210894938635126079371854625614773941909632611282877795376663861972356120376772379627886419424509087698263773155042687015/11633779519412914577211292660604170247794895452139772078395427601415503076362918761308256066708374644450176898848448395154489783142433098402959876278988206136506854
19 18 17 7590711630204973816357615888414051857813392241244833443269348229560877461588976851675644783830579267786314926492328018382110155256013673893872178015215051093819839/11633779519412914577211292660604170247794895452139772078395427601415503076362918761308256066708374644450176898848448395154489783142433098402959876278988206136506854
19 19 4 2118258446303211631710166927588094642717538375554106004302804669844517265082527156445173022108382201258873283901074347631883030068452996868989913260454703884551504/354830275342093894604944426148427192557744311290263048391060541843172843829069022219901810034605426655730395414877676052211938385844209501290276226509140287163459047
19 19 6 93356720913927764268169723401178012062501566895029877991117760661593833970984094807221921662661389512158247551513692342723878247659676914983995527075759154805835874/354830275342093894604944426148427192557744311290263048391060541843172843829069022219901810034605426655730395414877676052211938385844209501290276226509140287163459047
19 19 12 413680069644564516596403590671089147680244479530161187107101094035314459653775474356234632451711196463436600675879804415178620240059410310095332508604865014513646637/709660550684187789209888852296854385115488622580526096782121083686345687658138044439803620069210853311460790829755352104423876771688419002580552453018280574326918094
19 19 14 105030522319161320813725480968233024024805932509196941684178858988154525532229326156234798247960113421189948483046014308533733976172748868779249063740987842432496701/709660550684187789209888852296854385115488622580526096782121083686345687658138044439803620069210853311460790829755352104423876771688419002580552453018280574326918094
20 0 11 51762505992917272934947583418336133612148181193918897903820244040091512569245342390416590780550382442431749452902525089308915487899911926411604025621708513293790892/354830275342093894604944426148427192557744311290263048391060541843172843829069022219901810034605426655730395414877676052211938385844209501290276226509140287163459047
20 0 13 86283078814458112309589305859644652455762143206846705128950326711300855510660704730447081377306414457143804784406960615170324172368966795872688136496884072098408527/354830275342093894604944426148427192557744311290263048391060541843172843829069022219901810034605426655730395414877676052211938385844209501290276226509140287163459047
20 0 15 210364004954805033369442245959258639308836121504582538950427321427130754140666362035784534188252815486411690506889647578951670674862468783834300559080401889183388765/354830275342093894604944426148427192557744311290263048391060541843172843829069022219901810034605426655730395414877676052211938385844209501290276226509140287163459047
20 0 28 6420685579913475990965290911187767180997865384914906407862649664649721608496613063253603688495814269743150670678542768781028050712861995171683505310145812587870863/354830275342093894604944426148427192557744311290263048391060541843172843829069022219901810034605426655730395414877676052211938385844209501290276226509140287163459047
20 1 0 119900116657910828285903026014839926430536151887893765160254898559925419421039668307044942216850401678830176096267819828543675060930719100634730981575627508560431/8251866868420788246626614561591330059482425843959605776536291670771461484396954005113995582200126201296055707322736652377021822926609523285820377360677681096824629
20 1 4 229709949582201241613406649914907992734171617676604759085068168452929810723814439819049936317981285738939291530655927785809050927509808757626265523774008562705058609/354830275342093894604944426148427192557744311290263048391060541843172843829069022219901810034605426655730395414877676052211938385844209501290276226509140287163459047
20 1 8 53649773048306604171899583779239455126391053979792017660193400634781496513071281345510743779029737525057045154741581784911004438557124031432624863279221018576506298/354830275342093894604944426148427192557744311290263048391060541843172843829069022219901810034605426655730395414877676052211938385844209501290276226509140287163459047
20 1 32 66314847695295883203344362335641627860668585102686839743908012117384743557078595318138197422269836119544361157340650228864504992157255790904092407248158723013795607/354830275342093894604944426148427192557744311290263048391060541843172843829069022219901810034605426655730395414877676052211938385844209501290276226509140287163459047
20 2 0 171986560524497758157053675111195211445849827885848458404940605903410505994988205472328084648241878270069532901696483965344592022558119207619868705831658317293938713/354830275342093894604944426148427192557744311290263048391060541843172843829069022219901810034605426655730395414877676052211938385844209501290276226509140287163459047
20 2 8 288375291984029535032516735957144153725496896834782967343866522591210246097638407392336483021448739582439209522527743270287916015123002148522065945491805787456643121/709660550684187789209888852296854385115488622580526096782121083686345687658138044439803620069210853311460790829755352104423876771688419002580552453018280574326918094
20 2 22 77312137651162737863264766117319808498292069974046212628373349288314429570523226102810967751278357188882515503834640903446776711449178438818749095863158152282397547/709660550684187789209888852296854385115488622580526096782121083686345687658138044439803620069210853311460790829755352104423876771688419002580552453018280574326918094
20 3 21 125865179030627467552995302636341566485490361470058846416293728937079618005341869898717336655337920863400684748753379533370276014877418674250438583954686440595159499/709660550684187789209888852296854385115488622580526096782121083686345687658138044439803620069210853311460790829755352104423876771688419002580552453018280574326918094
20 3 26 41422593741958734331716192710729716973008870500733143292981404784241317811812103786013002183675257164729002975669964410608166557716315102094796355071157195018020378/354830275342093894604944426148427192557744311290263048391060541843172843829069022219901810034605426655730395414877676052211938385844209501290276226509140287163459047
20 3 30 314414294453282066405756697923506932844467550671366434035446679663880569246947215769426212728177018875024881598362909610587466473438124936160602955358129401153914167/709660550684187789209888852296854385115488622580526096782121083686345687658138044439803620069210853311460790829755352104423876771688419002580552453018280574326918094
20 3 32 93267944858180393293852233157773225919756484718817264872208932758451432391112375599817033159172699621788609265649567069624900583970122593989959101781575171270901836/354830275342093894604944426148427192557744311290263048391060541843172843829069022219901810034605426655730395414877676052211938385844209501290276226509140287163459047
20 4 15 3119175442197730949211900291611035783598623844285093263123878433482940058368492714373835020752441342172390892142459180922152890002376959499893806860595421312325397/9590007441678213367701200706714248447506603007844947253812447076842509292677541141078427298232579098803524200402099352762484821239032689224061519635382169923336731
20 4 26 280563139527058115774457058503137395897563454088274438057698787062841061319165468105744645679095577421639867259713263355716505654162986964139095299261851042950199167/709660550684187789209888852296854385115488622580526096782121083686345687658138044439803620069210853311460790829755352104423876771688419002580552453018280574326918094
20 4 30 95701588118636656985642350761962021976755220941822401359737596787182065716722844846630090023899444902612117787447986980109891606999784308036673177740678744804749304/354830275342093894604944426148427192557744311290263048391060541843172843829069022219901810034605426655730395414877676052211938385844209501290276226509140287163459047
20 4 32 6875252197224269222466470690576297278116562131509954533780098971402930586258425777135002806635726763839761976604135400248274043349968419375969090591010864655140941/709660550684187789209888852296854385115488622580526096782121083686345687658138044439803620069210853311460790829755352104423876771688419002580552453018280574326918094
20 5 12 116273865980908720703870059919395884047944355918622555735546600653707721770586985752232024452938347141377456595249722329915194853777578848120447785163511989726009335/709660550684187789209888852296854385115488622580526096782121083686345687658138044439803620069210853311460790829755352104423876771688419002580552453018280574326918094
20 5 23 393009777583706831338407635268275540057521482297496033443219616592315366480567505975096369218581955000866344262455294848206136498902745371460794445280385058861422845/709660550684187789209888852296854385115488622580526096782121083686345687658138044439803620069210853311460790829755352104423876771688419002580552453018280574326918094
20 5 24 100188453559786118583805578554591480505011392182203753801677433220161299703491776356237613198845275584608494986025167463151272709504047391499655111287191762869742957/354830275342093894604944426148427192557744311290263048391060541843172843829069022219901810034605426655730395414877676052211938385844209501290276226509140287163459047
20 6 1 76245167996252509972335897951179133177106626644075878957545382263583418384979110585386033895386363563977310518725368483005850717477036048036885633650908499662550599/354830275342093894604944426148427192557744311290263048391060541843172843829069022219901810034605426655730395414877676052211938385844209501290276226509140287163459047
20 6 2 297510934388383517663405736226655359888744178036361530207550286060757904218507384608200809449304767207299476953689355443228747406969359979931061590405303582849773427/709660550684187789209888852296854385115488622580526096782121083686345687658138044439803620069210853311460790829755352104423876771688419002580552453018280574326918094
20 6 5 6038587914030215153530495817856761834244911424558437410685582165079556899294707875833273089049612999446667275316633946399614603017790393641295804542119999817489383/16503733736841576493253229123182660118964851687919211553072583341542922968793908010227991164400252402592111414645473304754043645853219046571640754721355362193649258
20 7 3 227778783850019077223581744073945188859652033820760747859512800270545365914351417752622916994805383943975621605551373137162688711207559995538185785508313462407710039/709660550684187789209888852296854385115488622580526096782121083686345687658138044439803620069210853311460790829755352104423876771688419002580552453018280574326918094
20 7 12 54051033635141156154471954348032854580324968308822614209852452992707140726915737627501993745892401100404438443373889318925347351646120981821400812978241879192078211/354830275342093894604944426148427192557744311290263048391060541843172843829069022219901810034605426655730395414877676052211938385844209501290276226509140287163459047
20 7 19 52183972507742683898380664583705592339510247135759335891565962393458578811810026461897265043810471361632249125220532552704470398410082346633045238455889880537286951/709660550684187789209888852296854385115488622580526096782121083686345687658138044439803620069210853311460790829755352104423876771688419002580552453018280574326918094
20 7 20 160797863528071857889491267471568947377838202503180392305668707518463730739072562485139725269405097902522021606117833888353011479389267348383259901548796736498882341/354830275342093894604944426148427192557744311290263048391060541843172843829069022219901810034605426655730395414877676052211938385844209501290276226509140287163459047
20 8 6 203971878302470861750878857391844474408395909775838605444223761972722783433166453448086704009829320572158629858465824204404028100430784858422142779048629707761620054/354830275342093894604944426148427192557744311290263048391060541843172843829069022219901810034605426655730395414877676052211938385844209501290276226509140287163459047
20 8 21 23287933693864793403987607811933954326823420828140788301298037598510473091149063022463525267208087609208613173524061268127555504721705369168911919046007712679076095/709660550684187789209888852296854385115488622580526096782121083686345687658138044439803620069210853311460790829755352104423876771688419002580552453018280574326918094
20 8 27 278428860385381272304143529701231481971873382200708097592375522142389647700656074521166686782344124557934917939299642427488265066105143916567354975875013446124601891/709660550684187789209888852296854385115488622580526096782121083686345687658138044439803620069210853311460790829755352104423876771688419002580552453018280574326918094
20 9 2 21333428227199992924315865043069024161344829711737620895912197371505418944698804329969826102669729839641226929696035255983466847381829291202616904673049832648769659/354830275342093894604944426148427192557744311290263048391060541843172843829069022219901810034605426655730395414877676052211938385844209501290276226509140287163459047
20 9 4 2781998095906741940012918460941442383512317393237372851472870492354699349976078240422730750709959646731626056303451121400261634118331224137041543887510645075730802/8251866868420788246626614561591330059482425843959605776536291670771461484396954005113995582200126201296055707322736652377021822926609523285820377360677681096824629
20 9 7 50180743722936486605421870676016657609452249436278333852843320581278526251874588795174055195614208915485034420314807390841620369101731217938791418580297444950185209/709660550684187789209888852296854385115488622580526096782121083686345687658138044439803620069210853311460790829755352104423876771688419002580552453018280574326918094
20 9 13 187281308170358732345604429295157511400978932205589099664026572267989953440147117715591015569701063784340767011030714627880303231343130824421047781390827156501972958/354830275342093894604944426148427192557744311290263048391060541843172843829069022219901810034605426655730395414877676052211938385844209501290276226509140287163459047
20 9 24 2998497918154045223515405303420611399329553491180256582733361483572272538628882877153036967798527529091927685890248505432215710960282277608858887984313674562398679/709660550684187789209888852296854385115488622580526096782121083686345687658138044439803620069210853311460790829755352104423876771688419002580552453018280574326918094
20 10 2 50832452026492894602022846530972205815186204619125189805381241041976639629110953302904726012398824452159684670293534514730597819267452188700411348765241452557185035/354830275342093894604944426148427192557744311290263048391060541843172843829069022219901810034605426655730395414877676052211938385844209501290276226509140287163459047
20 10 6 12353524790318447908837469084136649317742457304588601163612913795694770269230784041158004420040578880292320627970187922899783597694004501885251368848353985447034618/354830275342093894604944426148427192557744311290263048391060541843172843829069022219901810034605426655730395414877676052211938385844209501290276226509140287163459047
20 10 19 106250143175834938186469935812185362168590647157656450283369836367349690808247949161457517919758561828698959068264742516138333882085262309998957827774903539064196860/354830275342093894604944426148427192557744311290263048391060541843172843829069022219901810034605426655730395414877676052211938385844209501290276226509140287163459047
20 10 26 185394155349447613907614174721132975256225002208892807138696550638151743122479335714381561682407461494579431048349211098443223086797490500705655681120641310095042534/354830275342093894604944426148427192557744311290263048391060541843172843829069022219901810034605426655730395414877676052211938385844209501290276226509140287163459047
20 11 22 334505856225733293597024833242933541395291512258061262856194166476791425548740912034438039564391001344324934907076076767316372167465240428712199951456525468427268479/709660550684187789209888852296854385115488622580526096782121083686345687658138044439803620069210853311460790829755352104423876771688419002580552453018280574326918094
20 11 23 26869417171291529176606778560065202418021007658760893225049822283880506296359792278867647575218944833379503980152952488660907748333943581021290535449290480426221618/354830275342093894604944426148427192557744311290263048391060541843172843829069022219901810034605426655730395414877676052211938385844209501290276226509140287163459047
20 11 24 321415860115871437259650461933790438884155095004943047475827272641793249516677547847630285354381962300376847962373370359785689107555291411825771430663174145047206379/709660550684187789209888852296854385115488622580526096782121083686345687658138044439803620069210853311460790829755352104423876771688419002580552453018280574326918094
20 12 5 31534672527023658816363241159544154086260760908410954694920520959043918984138033699044492519440195756426033600134322384008913379348883680896039205680363233587789773/354830275342093894604944426148427192557744311290263048391060541843172843829069022219901810034605426655730395414877676052211938385844209501290276226509140287163459047
20 12 8 17391404683180832013657726678888481205133340736953668917389484434775512847933362373614036548837168605558094543600855972499415332321827697092375479292082265383609437/354830275342093894604944426148427192557744311290263048391060541843172843829069022219901810034605426655730395414877676052211938385844209501290276226509140287163459047
20 12 9 276847419105916587660261588910434328010591102097766366073700818072180104468229196394957900887815780784806025372425458916562998893279704907341956727949986978768029244/354830275342093894604944426148427192557744311290263048391060541843172843829069022219901810034605426655730395414877676052211938385844209501290276226509140287163459047
20 12 15 29056779025972816114661869399560229255759107547132058705049718377173307528768429752285380078512281508940241898717038779140610780893793215959904813586707809424030593/354830275342093894604944426148427192557744311290263048391060541843172843829069022219901810034605426655730395414877676052211938385844209501290276226509140287163459047
20 13 1 189218426806335886324870371583439711939374813545804231962086568177820097566612733336128815217706422478785862358020249258857849570369555399764379526002039259095185917/354830275342093894604944426148427192557744311290263048391060541843172843829069022219901810034605426655730395414877676052211938385844209501290276226509140287163459047
20 13 23 165611848535758008280074054564987480618369497744458816428973973665352746262456288883772994816899004176944533056857426793354088815474654101525896700507101028068273130/354830275342093894604944426148427192557744311290263048391060541843172843829069022219901810034605426655730395414877676052211938385844209501290276226509140287163459047
20 14 3 558601826367594418927916713876623183835889412822524926953107860030540396085206955815808121460266102157913362827420773789361066630393120520834858824593024471305901903/709660550684187789209888852296854385115488622580526096782121083686345687658138044439803620069210853311460790829755352104423876771688419002580552453018280574326918094
20 14 6 151058724316593370281972138420231201279599209758001169829013223655805291572931088623995498608944751153547428002334578315062810141295298481745693628425256103021016191/709660550684187789209888852296854385115488622580526096782121083686345687658138044439803620069210853311460790829755352104423876771688419002580552453018280574326918094
20 15 16 1
20 16 5 4232085695864443690147355633823320182145498217241438593163248378717355913980987871411437951095164134951641332776386891704398798118308712752715555881434348975871709/709660550684187789209888852296854385115488622580526096782121083686345687658138044439803620069210853311460790829755352104423876771688419002580552453018280574326918094
20 16 8 29206014191112785542230682425256493209125791169324902053019040755001796480701647064822092664292083525460009280035086349093126188875207465434958194530810997743481962/354830275342093894604944426148427192557744311290263048391060541843172843829069022219901810034605426655730395414877676052211938385844209501290276226509140287163459047
20 16 15 4/37
20 16 18 270619299818878561913500099653256961952994494721059542821522911079480308986696549658717781628417353314952870448885133994491078315466612369128558591860699741625835049/354830275342093894604944426148427192557744311290263048391060541843172843829069022219901810034605426655730395414877676052211938385844209501290276226509140287163459047
20 16 20 29057777434914943666670326852290167029049728519756190409374355023924046467940333992685015146836182705255196435921729703451190394974209106908311167270767387225718515/709660550684187789209888852296854385115488622580526096782121083686345687658138044439803620069210853311460790829755352104423876771688419002580552453018280574326918094
20 17 1 122571005289928186162249129322027224394776228600583294584787419071062572013082637125497737599118389735991621767600939468770799355333727889057963713189969225230970922/354830275342093894604944426148427192557744311290263048391060541843172843829069022219901810034605426655730395414877676052211938385844209501290276226509140287163459047
20 17 4 79300573585423616183845014047600875679899961932311869354464009242418106052628059985922936805798751924715994433067401400195527237323837945517065095319235473927446151/709660550684187789209888852296854385115488622580526096782121083686345687658138044439803620069210853311460790829755352104423876771688419002580552453018280574326918094
20 17 10 2856238814975763351872541935857731034896309853783767853976063480259477726262896484920391855512153238866696105364693640472497077002392832295478776312393456718643325/709660550684187789209888852296854385115488622580526096782121083686345687658138044439803620069210853311460790829755352104423876771688419002580552453018280574326918094
20 17 11 380529461474079712831160240859917298276024233575959828553675744379470952301997641466827461859497902561536338829159766540755562741272211154568883154200661249676447371/709660550684187789209888852296854385115488622580526096782121083686345687658138044439803620069210853311460790829755352104423876771688419002580552453018280574326918094
20 17 16 1832266229852324518512796809424031335115660017304041850430428442072007551084172251137354350165266114358517926961611585458691005422521292083198000806051943542439403/709660550684187789209888852296854385115488622580526096782121083686345687658138044439803620069210853311460790829755352104423876771688419002580552453018280574326918094
20 18 2 564794272848687121307948353440129962035544173501606392602285606542728643455062749824955479145853770848618475910684011177694556216519161396189101156135145864051701/709660550684187789209888852296854385115488622580526096782121083686345687658138044439803620069210853311460790829755352104423876771688419002580552453018280574326918094
20 18 7 583709530502171989601404791372193448731875943918855583044686575192640398977725563602484915468684550058449328975206602569670433537544877202360481924219223489438325535/709660550684187789209888852296854385115488622580526096782121083686345687658138044439803620069210853311460790829755352104423876771688419002580552453018280574326918094
20 18 9 62693112954583556243588056285610403210788567244084453672416111443581280018478709043746874560690224741081421689319032761787874338963511319411940713821460969512270429/354830275342093894604944426148427192557744311290263048391060541843172843829069022219901810034605426655730395414877676052211938385844209501290276226509140287163459047
20 19 0 182775301365286533329553391467209698871901804097471308463443115109775955798152512664950958544278429561293014265932371315452608615551936583107140382455096039551695471/709660550684187789209888852296854385115488622580526096782121083686345687658138044439803620069210853311460790829755352104423876771688419002580552453018280574326918094
20 19 4 8408301219807589899729156432187466565238953539350222061353451810303890401358705268053384452253633080374566096496093514287625715080739779817875692908169857863199601/709660550684187789209888852296854385115488622580526096782121083686345687658138044439803620069210853311460790829755352104423876771688419002580552453018280574326918094
20 19 6 202671079715441506550093666578374923963665502724430091767934085108445363021832809965946122986386936043439655457765544356853321804055803314012562685882114444275286407/709660550684187789209888852296854385115488622580526096782121083686345687658138044439803620069210853311460790829755352104423876771688419002580552453018280574326918094
20 19 10 267370295568589120543527435983621299075496206133958191755265273959070672261305651938551246583305209336607457199528336878600653538267725540017314102788825227130615457/709660550684187789209888852296854385115488622580526096782121083686345687658138044439803620069210853311460790829755352104423876771688419002580552453018280574326918094
20 19 17 24217786407531519443492600917730498319593078042658141367062578849374903087744182301150953751493322644873048905016503019614833549366106892812829794492037502753060579/354830275342093894604944426148427192557744311290263048391060541843172843829069022219901810034605426655730395414877676052211938385844209501290276226509140287163459047
20 20 0 249320777770751115275250056023692017258913877711758585735514412108335208141220038484418045583660165456077509219367775175127206625692463675371579951567421293837841979/709660550684187789209888852296854385115488622580526096782121083686345687658138044439803620069210853311460790829755352104423876771688419002580552453018280574326918094
20 20 12 460339772913436673934638796273162367856574744868767511046606671578010479516918005955385574485550687855383281610387576929296670145995955327208972501450859280489076115/709660550684187789209888852296854385115488622580526096782121083686345687658138044439803620069210853311460790829755352104423876771688419002580552453018280574326918094
21 0 6 135921579373877778068055300899198062309541416865076485414564709672281517885485487651950952720554924974943812930162298931479802523921606038192903125319106937015606327/709660550684187789209888852296854385115488622580526096782121083686345687658138044439803620069210853311460790829755352104423876771688419002580552453018280574326918094
21 0 11 185894759754324297138571860195195137048156932678713206915341779330885630525171386278721309297401277651846011726445659795403949186532323715714612248089053421548488636/354830275342093894604944426148427192557744311290263048391060541843172843829069022219901810034605426655730395414877676052211938385844209501290276226509140287163459047
21 0 34 5458093291936795050397022459655839154314414604270897230726292306818727262765129303524595912266307379265539309370317123841518266883842311701579049500569372816603635/19180014883356426735402401413428496895013206015689894507624894153685018585355082282156854596465158197607048400804198705524969642478065378448123039270764339846673462
21 1 12 62477494426331068465476421329402800978705118743114564201061041198701226308608750581928325090091980764561514258735675980351090598411235620219724836243111333526409/314426473497646339924629531367680276967429606814588434551227773011229812874673480035358272073199314714869645914822929598769994138984678335215131791324005571256942
21 1 21 58790784409100693370415258909121949164428260728619309008548335951007903929891957187856585349389166962929186846028329086290604563783073387691808794753976937146868891/354830275342093894604944426148427192557744311290263048391060541843172843829069022219901810034605426655730395414877676052211938385844209501290276226509140287163459047
21 1 25 203111660859324465882669428532010464241394210596416435302514028074918854472206122868384309675698912036628211432259509857804554599521165517763118555527183449221130719/709660550684187789209888852296854385115488622580526096782121083686345687658138044439803620069210853311460790829755352104423876771688419002580552453018280574326918094
21 1 26 232658485600377847335290539792507036677562215421376388607303031408111554808966798642427924668364922216543753846441784461788367571472933863820535319042615910791012145/709660550684187789209888852296854385115488622580526096782121083686345687658138044439803620069210853311460790829755352104423876771688419002580552453018280574326918094
21 1 30 15297130486054867724518083213630864058738222102285083453412582315830802738651258489865985298031084546815114177030978924597333992514014050777362033539825060251932335/709660550684187789209888852296854385115488622580526096782121083686345687658138044439803620069210853311460790829755352104423876771688419002580552453018280574326918094
21 2 7 90132065067026533522299699764180597628994427300141803340810388203074592672299048753119595788742747578038601360100102909648740788982036222562096018077173508931071636/354830275342093894604944426148427192557744311290263048391060541843172843829069022219901810034605426655730395414877676052211938385844209501290276226509140287163459047
21 2 12 51034656657524489151493445260360228090796307048447347306463008037961951775479083527207419241467589011044074515429182252522332503725414371233235785981671921262975565/709660550684187789209888852296854385115488622580526096782121083686345687658138044439803620069210853311460790829755352104423876771688419002580552453018280574326918094
21 2 29 127087316208182341878240190137054699126001514856791711775730839097373128637098314165911627724186128500400321596862220706460470090458536190903094576223990140088133148/354830275342093894604944426148427192557744311290263048391060541843172843829069022219901810034605426655730395414877676052211938385844209501290276226509140287163459047
21 2 30 224187131476245549257315627234023563514700431218211719242575621047488293263864235074533753801885512143538870400401522619683122509081859804416935478434281355025532961/709660550684187789209888852296854385115488622580526096782121083686345687658138044439803620069210853311460790829755352104423876771688419002580552453018280574326918094
21 3 6 72293494036123329815603225104706637559197179903542423481282150577141327365112230763874317570531424522940781493077286206086600239083890546719198999284101736980950345/354830275342093894604944426148427192557744311290263048391060541843172843829069022219901810034605426655730395414877676052211938385844209501290276226509140287163459047
21 3 7 4544319716430501836888243333506276737390348083619299960556581424586962431525359928296178731101414044678094459256882428229674537692565339400807599203559416624550715/354830275342093894604944426148427192557744311290263048391060541843172843829069022219901810034605426655730395414877676052211938385844209501290276226509140287163459047
21 3 27 428818744745604955874542039699083964382672142706132315669596622549494231453109701444479350282762706817058500480522646298740741392924035300778319168748149126553908053/709660550684187789209888852296854385115488622580526096782121083686345687658138044439803620069210853311460790829755352104423876771688419002580552453018280574326918094
21 3 33 127166178433475170030363875721344592139641423900070334228846997133394876611753161610983277183182469359164538444564368537050585825211471929562220087294809140562007921/709660550684187789209888852296854385115488622580526096782121083686345687658138044439803620069210853311460790829755352104423876771688419002580552453018280574326918094
21 4 5 88018388864292000069740324704939525373232291680006084876144445023790326094266035359858243727891438244751329495538485462288792913987293396166756610407715666690458903/709660550684187789209888852296854385115488622580526096782121083686345687658138044439803620069210853311460790829755352104423876771688419002580552453018280574326918094
21 4 19 23763045308729389327488763681622351678870288013855571555815163481983342591215563990661215664957923056207433390836818281202097535957947649402350164924092556180402449/354830275342093894604944426148427192557744311290263048391060541843172843829069022219901810034605426655730395414877676052211938385844209501290276226509140287163459047
21 4 21 124192708885638657209813321094606116625602550512157603256916764772704212347561813505740595032105510238747794860636212102442837110073290994338411728097449881257255013/709660550684187789209888852296854385115488622580526096782121083686345687658138044439803620069210853311460790829755352104423876771688419002580552453018280574326918094
21 4 24 130637483596575157735643713750452069112369580067017857895380000154164339042315459317326634571612919910819817374622235759556445759725482384234443980976843818010509412/354830275342093894604944426148427192557744311290263048391060541843172843829069022219901810034605426655730395414877676052211938385844209501290276226509140287163459047
21 4 25 37314223189982560421149518641690636250957696042546691493938206217301581013692916169727063890378975333132686124835390749754758560287865406167070674361942207500871255/709660550684187789209888852296854385115488622580526096782121083686345687658138044439803620069210853311460790829755352104423876771688419002580552453018280574326918094
21 4 29 1015665583447419311294770020076974934786686900564220525186116378525196006278894179788604140575122440005197844414947353747787930174316168715669296297646309197963149/4762822487813340867180462095952042853124084715305544273705510628767420722537839224428212215229603042358797253890975517479354877662338382567654714449787117948502806
21 5 1 148094193422700729818184414414400191022843983668259099105142705639652075045086423756799143804317004787498115286004666807820177655210702751093078909592875906130800341/709660550684187789209888852296854385115488622580526096782121083686345687658138044439803620069210853311460790829755352104423876771688419002580552453018280574326918094
21 5 8 40334578166291357014929741551832334614356230819395170047672487636413110757720792351479162992270492793318397859075793305664004831756927854977621477628882046094527126/354830275342093894604944426148427192557744311290263048391060541843172843829069022219901810034605426655730395414877676052211938385844209501290276226509140287163459047
21 5 12 49259831731489095361485740880215581755733900305038348506580247775234930703296155934296259682291297840273715967954799307310873833110559994951945426465676579696621065/354830275342093894604944426148427192557744311290263048391060541843172843829069022219901810034605426655730395414877676052211938385844209501290276226509140287163459047
21 5 26 382377537465926154638873473018358361352464376663399960568472907223397529691017724111453630915770267256778447889689500070653941786742740551628339735236287416613821371/709660550684187789209888852296854385115488622580526096782121083686345687658138044439803620069210853311460790829755352104423876771688419002580552453018280574326918094
21 6 3 253425846854938434628081067041258990925305783927886500299731859272243187338202658100259280358282849684655593553394275523955285477861202143392949374273478221897946957/709660550684187789209888852296854385115488622580526096782121083686345687658138044439803620069210853311460790829755352104423876771688419002580552453018280574326918094
21 6 4 151271439877583892300280177993321411084240257100168364628323008887486537973387461394960639371275955959500934692357498767442560504981937571949468422896588706041060753/709660550684187789209888852296854385115488622580526096782121083686345687658138044439803620069210853311460790829755352104423876771688419002580552453018280574326918094
21 6 7 630605959632911376816323028773341934697913531765464827192912552813289900309882704240131840877026156781092580873387072422344113672907695890078645667491711009053332/9590007441678213367701200706714248447506603007844947253812447076842509292677541141078427298232579098803524200402099352762484821239032689224061519635382169923336731
21 6 22 129149211469415010198559851566523339969148490100913417320895343309216254861808302415406972057376056032751705799686467226886283188525054895686157438226913515858981908/354830275342093894604944426148427192557744311290263048391060541843172843829069022219901810034605426655730395414877676052211938385844209501290276226509140287163459047
21 7 8 553591116859246873203685433642866453205671817327423690181136330293500418817513645323923346326809784323890554606919784948596549348658656394483861531186055940240475715/709660550684187789209888852296854385115488622580526096782121083686345687658138044439803620069210853311460790829755352104423876771688419002580552453018280574326918094
21 7 10 61476888700728755513488435212218807407956763185637346028247769074922501031512743002388064559736341293239712207227507537731876485386068024231240827982859473954053936/354830275342093894604944426148427192557744311290263048391060541843172843829069022219901810034605426655730395414877676052211938385844209501290276226509140287163459047
21 7 20 33115656423483404979226548229550317093903278881827714544489215243000266777598913111104144622928386401090811808380552080363574452257626559634209265866505686178334507/709660550684187789209888852296854385115488622580526096782121083686345687658138044439803620069210853311460790829755352104423876771688419002580552453018280574326918094
21 8 1 2007652782375211482748508662765405281189506011368079545523444056347973948333942514773738577956671376046796302667608625306437446539560077850320661318511161418923527/709660550684187789209888852296854385115488622580526096782121083686345687658138044439803620069210853311460790829755352104423876771688419002580552453018280574326918094
21 8 3 523087629371060057392420988889786060678339654832179180988783337304338162433586129207205285285564535815874052575915086989980543196763727322091182345529924964709793/9590007441678213367701200706714248447506603007844947253812447076842509292677541141078427298232579098803524200402099352762484821239032689224061519635382169923336731
21 8 21 104411183139486733685715098973563330988244290294016012034463111562972769176455521387401955665152000698222462909810297707143667385956926873947397283737131945045884003/354830275342093894604944426148427192557744311290263048391060541843172843829069022219901810034605426655730395414877676052211938385844209501290276226509140287163459047
21 8 25 460122047049380666108670992509118149367613401523544733774501449543531151336807685588892779049818404888594388816849431627571544356674489355000689730656291075427701879/709660550684187789209888852296854385115488622580526096782121083686345687658138044439803620069210853311460790829755352104423876771688419002580552453018280574326918094
21 9 1 98893949131334810754937928203854931579065342563741899485580176813750455346069811886958845429561221034747574459859684447808159483355532052078846793832669676344402697/709660550684187789209888852296854385115488622580526096782121083686345687658138044439803620069210853311460790829755352104423876771688419002580552453018280574326918094
21 9 4 93275412848188803689668619348090321769738671446779644547984298592333385566437823911797066683682480984071316566792768182373831518387579594329941281342829340319308081/354830275342093894604944426148427192557744311290263048391060541843172843829069022219901810034605426655730395414877676052211938385844209501290276226509140287163459047
21 9 5 424215775856475371075613685396818809996945937123224908200572309687928461179192584729250641272284670308570583236310131291868054251557727761841823096499952217343899235/709660550684187789209888852296854385115488622580526096782121083686345687658138044439803620069210853311460790829755352104423876771688419002580552453018280574326918094
21 10 1 182078891799291222754100620915232036255269380561066928025249390553818229646548744276749923143764537078717221794669759268973504464512272225341604437525921158126276667/709660550684187789209888852296854385115488622580526096782121083686345687658138044439803620069210853311460790829755352104423876771688419002580552453018280574326918094
21 10 2 527581658884896566455788231381622348860219242019459168756871693132527458011589300163053696925446316232743569035085592835450372307176146777238948015492359416200641427/709660550684187789209888852296854385115488622580526096782121083686345687658138044439803620069210853311460790829755352104423876771688419002580552453018280574326918094
21 11 3 83798201024529582398858469207676418010779386421082446827302029468333798587776399437015126895472985333149838523253969165097302958209532453891754925940475455916133630/354830275342093894604944426148427192557744311290263048391060541843172843829069022219901810034605426655730395414877676052211938385844209501290276226509140287163459047
21 11 7 167920152633615786111942689964052859539309643621123984642586235941887849872573478089286295691450925709109126920980335125966957238265834339144575797574130694730452769/709660550684187789209888852296854385115488622580526096782121083686345687658138044439803620069210853311460790829755352104423876771688419002580552453018280574326918094
21 11 10 79772072663301234777916100516415126669164907910730762624010085542730482915860412674063080164844931439271987781328307429217547728143297203750679651760982915408280811/709660550684187789209888852296854385115488622580526096782121083686345687658138044439803620069210853311460790829755352104423876771688419002580552453018280574326918094
21 11 21 147185961669105801761156561700516781442727649103253227930460351632529878847075677401211995210984512748389999540469385609522382944430111275950893575901108026177958627/354830275342093894604944426148427192557744311290263048391060541843172843829069022219901810034605426655730395414877676052211938385844209501290276226509140287163459047
21 12 1 369844112022301364802118351907890628740794999788461866022486577257310686120490035429010302342858318754907463716246357314592146033858468083952426435904354946140236771/709660550684187789209888852296854385115488622580526096782121083686345687658138044439803620069210853311460790829755352104423876771688419002580552453018280574326918094
21 12 19 58547533996962245842422471081473452640795518605149587401113009917684510752136737601854394669003126168867894042246010642372508659696432618545331801288137277428164409/354830275342093894604944426148427192557744311290263048391060541843172843829069022219901810034605426655730395414877676052211938385844209501290276226509140287163459047
21 12 22 222721370667961932722925558226016851093102585581765055957408486593665980033374533807084528388346282218817539029016973505086713418437085681537462414537651073330352505/709660550684187789209888852296854385115488622580526096782121083686345687658138044439803620069210853311460790829755352104423876771688419002580552453018280574326918094
21 13 5 13365552942412488844949531593913257513764101861089683079341156186202170836211093605856511015174424943292388226523866253878082462732875464772892192675420602733033417/709660550684187789209888852296854385115488622580526096782121083686345687658138044439803620069210853311460790829755352104423876771688419002580552453018280574326918094
21 13 6 198068939557750591052428547627206919017394049167122516172799366071119775754736082598123007991033511844389795016129503093050256984628360695272455327581340148149325754/354830275342093894604944426148427192557744311290263048391060541843172843829069022219901810034605426655730395414877676052211938385844209501290276226509140287163459047
21 13 19 1000241095499204168900739781735261519481414202045357110075764754913006267012990547548216062511409870168446698065385154842055062651288555706579105365361419476085519/9590007441678213367701200706714248447506603007844947253812447076842509292677541141078427298232579098803524200402099352762484821239032689224061519635382169923336731
21 13 22 226139277559333009761427481600117937125311771433834955211574603494341501553493485119133104446125074286923756914133978206133205703503469024975895808143434634064904763/709660550684187789209888852296854385115488622580526096782121083686345687658138044439803620069210853311460790829755352104423876771688419002580552453018280574326918094
21 14 2 3396571773996196497462722213244459712400577007997651827893807772527053256541556531279331373333108036036996523086499486844680975092647601244309431630945229057161327/11633779519412914577211292660604170247794895452139772078395427601415503076362918761308256066708374644450176898848448395154489783142433098402959876278988206136506854
21 14 10 362760761477787897088415696972383728862403128561511145112348476365469396008874646315393696100644183387746970968066273761182324863918777718226198965779787534456005303/709660550684187789209888852296854385115488622580526096782121083686345687658138044439803620069210853311460790829755352104423876771688419002580552453018280574326918094
21 14 12 6592956058697881765469819434549504214147055993472679349580481902027860198077892510478882388167700987152668066189749947326830668819971340057297078836779836780994631/709660550684187789209888852296854385115488622580526096782121083686345687658138044439803620069210853311460790829755352104423876771688419002580552453018280574326918094
21 14 15 23498856183064493955214810663257874943703277735351986623439594881711308257999049530762576668885847024867344365941635616929009454800212709161262678285793951841168674/354830275342093894604944426148427192557744311290263048391060541843172843829069022219901810034605426655730395414877676052211938385844209501290276226509140287163459047
21 14 19 86118242567805036100347659555493359695096685066981537571790661531275566286152458144366674469307684688569675155339588464531162848697740850071655722342466326920739865/709660550684187789209888852296854385115488622580526096782121083686345687658138044439803620069210853311460790829755352104423876771688419002580552453018280574326918094
21 15 3 104556732609466882538654234665538232156113186270251447675873178108489276400102583083562439077636409034271822929198292154885136804534160517153037791983139551504901517/354830275342093894604944426148427192557744311290263048391060541843172843829069022219901810034605426655730395414877676052211938385844209501290276226509140287163459047
21 15 14 63048766899605586389946404798256827417747824337865246606966905453392800538957309503181673347740815578107829273344844909166120303932242590221992894718896130729603380/354830275342093894604944426148427192557744311290263048391060541843172843829069022219901810034605426655730395414877676052211938385844209501290276226509140287163459047
21 15 20 187224775833021425676343786684632132983883300682146354108220458281290766890009129633157697609228202043350743212334538988160681277377806393915245539807104604928954150/354830275342093894604944426148427192557744311290263048391060541843172843829069022219901810034605426655730395414877676052211938385844209501290276226509140287163459047
21 16 0 533692310187936131100693990976947282672423919940831746262258537230699499846323953369094260504566840456495398215189284011547546774115467781881593158927298376005854755/709660550684187789209888852296854385115488622580526096782121083686345687658138044439803620069210853311460790829755352104423876771688419002580552453018280574326918094
21 16 7 115635626918615037153680650345296906723311344596571961974954982821366775105093907899579612301938767330799676804292456811908205593090867600905000026877531507227338601/709660550684187789209888852296854385115488622580526096782121083686345687658138044439803620069210853311460790829755352104423876771688419002580552453018280574326918094
21 16 8 30166306788818310477757105487305097859876679021561194272453781817139706353360091585564873631352622762082857905136805640484062202241041809896979633606725345546862369/354830275342093894604944426148427192557744311290263048391060541843172843829069022219901810034605426655730395414877676052211938385844209501290276226509140287163459047
21 17 1 23821840826323010010213436673282173606404646081767591643888154287576379063739580268452794349544049465185909675132467873073269543080276082953013450468533765246318863/709660550684187789209888852296854385115488622580526096782121083686345687658138044439803620069210853311460790829755352104423876771688419002580552453018280574326918094
21 17 2 44984051442830898410644487193945487584456709583674766784738240675889046254822144780825918474617948033051362145609241402298891419364580410063733671831424112359738246/354830275342093894604944426148427192557744311290263048391060541843172843829069022219901810034605426655730395414877676052211938385844209501290276226509140287163459047
21 17 3 140004517835443830526112187583158932116567431611433939782870040345382117708040502518555731616806819179738481214898961531745557709471302988759932051460250536990240827/709660550684187789209888852296854385115488622580526096782121083686345687658138044439803620069210853311460790829755352104423876771688419002580552453018280574326918094
21 17 14 27898135811028075908793191054189918770385596492548910726148630519556093981064725997946543323910970677486543944821801322328230673495059525983368082421249650754305023/354830275342093894604944426148427192557744311290263048391060541843172843829069022219901810034605426655730395414877676052211938385844209501290276226509140287163459047
21 17 17 200034908757351500017343935772071233341415966367438605166794573331248455207292110047625085252901073622730293879430918625175402666708780029386701721292074372931135933/354830275342093894604944426148427192557744311290263048391060541843172843829069022219901810034605426655730395414877676052211938385844209501290276226509140287163459047
21 18 5 299140922321146489631999719081753773601625528010344787671812537710534841060598824437779351632651269000488780276208061329538764998278914650487818789059778126639567311/709660550684187789209888852296854385115488622580526096782121083686345687658138044439803620069210853311460790829755352104423876771688419002580552453018280574326918094
21 18 18 410519628363041299577889133215100611513863094570181309110308545975810846597539220002024268436559584310972010553547290774885111773409504352092733663958502447687350783/709660550684187789209888852296854385115488622580526096782121083686345687658138044439803620069210853311460790829755352104423876771688419002580552453018280574326918094
21 19 0 13877415737033955757332318205026232505813391916722616281541634920264418419333721526881010953624769211035381232759307576882947942369074554343039238013667057020628879/709660550684187789209888852296854385115488622580526096782121083686345687658138044439803620069210853311460790829755352104423876771688419002580552453018280574326918094
21 19 4 4214395350315186560251690278920116079103376860930669431040379082704505788629589276907713399808092093644183225260539414345610801898501554919439203986713626362549396/8251866868420788246626614561591330059482425843959605776536291670771461484396954005113995582200126201296055707322736652377021822926609523285820377360677681096824629
21 19 8 130147753214860141433244133056284048331430221665329045006481579407849746130593124934733328073945787062410015099235561496681011209902215549036226934985595889883704161/709660550684187789209888852296854385115488622580526096782121083686345687658138044439803620069210853311460790829755352104423876771688419002580552453018280574326918094
21 19 17 101598690802593823918833518524207060737677299479218432212312634122822012643033260082062964329072188492307818562677046698568694328072997588064757368580822880121668499/354830275342093894604944426148427192557744311290263048391060541843172843829069022219901810034605426655730395414877676052211938385844209501290276226509140287163459047
21 20 0 138585457029678131382138475797725925653665273408555550642035138228745940452305431618384738094905096414786150893315976374571599955036134468522329145850950590190237616/354830275342093894604944426148427192557744311290263048391060541843172843829069022219901810034605426655730395414877676052211938385844209501290276226509140287163459047
21 20 4 124480374283258805761040480100793329058959848640900239034106241423714992241860751100126622525864964516059756036231119571660942121528580789588168160203247359548033895/709660550684187789209888852296854385115488622580526096782121083686345687658138044439803620069210853311460790829755352104423876771688419002580552453018280574326918094
21 20 15 224151810758950488508188205808043163392489485876537800399854928551532763836756793747296247983420324123477837895777488155119126368297729460462903800885222769484145803/709660550684187789209888852296854385115488622580526096782121083686345687658138044439803620069210853311460790829755352104423876771688419002580552453018280574326918094
21 20 16 41928725791311116088191607396283020678354370622988478032044818626803025337454818177805636685057685921175447555557395814250304185894919907742411100113954632457131582/354830275342093894604944426148427192557744311290263048391060541843172843829069022219901810034605426655730395414877676052211938385844209501290276226509140287163459047
21 21 3 7945961726246355173022722614366987309856181647547987672874083438331660064091019455720706307780784623745501835382534102324705858588202188596038166746346696144088053/354830275342093894604944426148427192557744311290263048391060541843172843829069022219901810034605426655730395414877676052211938385844209501290276226509140287163459047
21 21 7 152583624926173006876948065071737274161265859169401456697659880840847305681010507333638767195011925304980017442981569182344118365027868356714043925117675972833988113/354830275342093894604944426148427192557744311290263048391060541843172843829069022219901810034605426655730395414877676052211938385844209501290276226509140287163459047
21 21 9 156437633276420976765927510630686974529457062648036345462285622695642471714643343123865658265322498989690596176625396494552496732036902117296674007920611071575585517/709660550684187789209888852296854385115488622580526096782121083686345687658138044439803620069210853311460790829755352104423876771688419002580552453018280574326918094
21 21 11 232163744102928088344019766293958887643787478298590862578767532432345284453291647737219014798302934464319156096401749040533731592419375794663714261369624164795180245/709660550684187789209888852296854385115488622580526096782121083686345687658138044439803620069210853311460790829755352104423876771688419002580552453018280574326918094
22 0 10 3343835853614716733812583358696331422391513940121322589859751955752949633673831734854317859651654563404768473723150803973479101783338159742186241646091729795699423/354830275342093894604944426148427192557744311290263048391060541843172843829069022219901810034605426655730395414877676052211938385844209501290276226509140287163459047
22 0 11 75807182185987715097908388091588086202250541592554940724659295785595641741862225304366689324814765722584530447796060139701319531790594488414316134649024417387059515/709660550684187789209888852296854385115488622580526096782121083686345687658138044439803620069210853311460790829755352104423876771688419002580552453018280574326918094
22 0 21 143250607623101232956082852248111692072531670504703010914848285266219113980060101001656311270924048202456665971202217184273559375361971949241241098967570185764348176/354830275342093894604944426148427192557744311290263048391060541843172843829069022219901810034605426655730395414877676052211938385844209501290276226509140287163459047
22 0 24 10357317407520081729888468378178306209505722426200350813486873284102332497173476167535821982523282586933965136174798987365399401006935282263776980373184564951779598/354830275342093894604944426148427192557744311290263048391060541843172843829069022219901810034605426655730395414877676052211938385844209501290276226509140287163459047
22 0 31 52312665550696747236565713561406974777149687433829845766100659630809317837346495463361954829030488007563326435705404661517914918814511507934653174927654562976406304/354830275342093894604944426148427192557744311290263048391060541843172843829069022219901810034605426655730395414877676052211938385844209501290276226509140287163459047
22 0 33 215324515628334516799281229112479689950080892378262095888870647626982618019768010400620118860137140868158808348348148690461851645964310715802521326540254069963391577/709660550684187789209888852296854385115488622580526096782121083686345687658138044439803620069210853311460790829755352104423876771688419002580552453018280574326918094
22 1 1 86796846288670373883831094270507098697800363236781486599089002717997676399523622732886428205684634857801515589277598472309496568394201663853334204448041941089497249/709660550684187789209888852296854385115488622580526096782121083686345687658138044439803620069210853311460790829755352104423876771688419002580552453018280574326918094
22 1 30 300301727947070366552399958648598718172091941727400070760001301506835725920304802511900711115373592417657962568787938200806369958407077984742960797292817647879454470/354830275342093894604944426148427192557744311290263048391060541843172843829069022219901810034605426655730395414877676052211938385844209501290276226509140287163459047
22 1 31 22260248501376682221257840729149850073504375888944468663029477954676559418004816683115769632779033618343350102901877230501640286480061369241296653984603337478511905/709660550684187789209888852296854385115488622580526096782121083686345687658138044439803620069210853311460790829755352104423876771688419002580552453018280574326918094
22 2 6 65858955497201662321212451207518282055933312969585916646791883956228612546846551787929366855861732457557337704865735577859877027722145423697087527994627311554787119/354830275342093894604944426148427192557744311290263048391060541843172843829069022219901810034605426655730395414877676052211938385844209501290276226509140287163459047
22 2 12 52460148583254697906551408576873174726133936753568947790725739077294980608045483254669411294348052614892273307909758750251033022917347896087696311421040772605495003/354830275342093894604944426148427192557744311290263048391060541843172843829069022219901810034605426655730395414877676052211938385844209501290276226509140287163459047
22 2 17 55866913075289113766238606519315813329721144217860509166736489591670369521267057400622346428808868565537352995082958927822872221707268456241175346045000576292362195/709660550684187789209888852296854385115488622580526096782121083686345687658138044439803620069210853311460790829755352104423876771688419002580552453018280574326918094
22 2 33 417155429447985954988122526208755658221632978916355858740349348027628131827086916953983717339982414601024215809121404520379184448702163906769809428141943829713991655/709660550684187789209888852296854385115488622580526096782121083686345687658138044439803620069210853311460790829755352104423876771688419002580552453018280574326918094
22 3 3 73346062861893253600895718235468363023227036609804223945594588933648555485750078211812093035223305936984991854077764052663682231265910415084284572534037646833127934/354830275342093894604944426148427192557744311290263048391060541843172843829069022219901810034605426655730395414877676052211938385844209501290276226509140287163459047
22 3 4 93614451033185353403058669368690152257380206446460422653490993469233119569755531565966957566485745297149580364911189976999103093245562768391188049063975849966462598/354830275342093894604944426148427192557744311290263048391060541843172843829069022219901810034605426655730395414877676052211938385844209501290276226509140287163459047
22 3 12 131459953780635858983460501790311409591009720933072441527877567162505688925433389736674741334274084517396880215570221098706962936181951533631163463926857469179892805/354830275342093894604944426148427192557744311290263048391060541843172843829069022219901810034605426655730395414877676052211938385844209501290276226509140287163459047
22 3 19 1524589396388633205879176669025872099625063440565566493624253845345553509408919532579676164827629483897268729197797322266005138517588777950909192999574846518485830/9590007441678213367701200706714248447506603007844947253812447076842509292677541141078427298232579098803524200402099352762484821239032689224061519635382169923336731
22 4 8 54528547395023528052544467499828474385652369562862977631059240336337117908764219708001098919231834238072432846089737851405568427437131516547315429216322639284004577/354830275342093894604944426148427192557744311290263048391060541843172843829069022219901810034605426655730395414877676052211938385844209501290276226509140287163459047
22 4 25 300301727947070366552399958648598718172091941727400070760001301506835725920304802511900711115373592417657962568787938200806369958407077984742960797292817647879454470/354830275342093894604944426148427192557744311290263048391060541843172843829069022219901810034605426655730395414877676052211938385844209501290276226509140287163459047
22 5 8 171949023947461759628541325573954382815720451058941942739627530299138759063417551351059883461170070653871703008057870723122641796517319479448981972480484310749283147/709660550684187789209888852296854385115488622580526096782121083686345687658138044439803620069210853311460790829755352104423876771688419002580552453018280574326918094
22 5 12 275214312879827559593039380415815078368357784270339042719375919485052544094351395415486701997855848600587834923084416034290340980472313462451955307939036266236238097/709660550684187789209888852296854385115488622580526096782121083686345687658138044439803620069210853311460790829755352104423876771688419002580552453018280574326918094
22 5 25 131248606928449234994154073153542461965705193625622555661558816951077192250184548836628517305092467028500626449306532673505446997349393030339807586299379998670698425/354830275342093894604944426148427192557744311290263048391060541843172843829069022219901810034605426655730395414877676052211938385844209501290276226509140287163459047
22 6 4 146886991002489454170857127023436945287668655907228939817477506575210177607978335009308182488568976571191666303672476038606678055269260117512240015298804501394211529/709660550684187789209888852296854385115488622580526096782121083686345687658138044439803620069210853311460790829755352104423876771688419002580552453018280574326918094
22 6 10 207610539079881767958533374118280804854192525368918200138373492634889581703354433987596512783093346969845182391111584173721257238513115702948220892391549690000574265/709660550684187789209888852296854385115488622580526096782121083686345687658138044439803620069210853311460790829755352104423876771688419002580552453018280574326918094
22 6 17 84358336624582652324217822235118931978414817111779014988229760328591695991877781912622472011979269768024541315826993708718981049740149532021594400518856764815004643/354830275342093894604944426148427192557744311290263048391060541843172843829069022219901810034605426655730395414877676052211938385844209501290276226509140287163459047
22 6 28 5401524851502901919609095966785520824498983202764248618567206288359282746622137081335074156936348494627307952821502556269719322904085937485672380749446406337315463/354830275342093894604944426148427192557744311290263048391060541843172843829069022219901810034605426655730395414877676052211938385844209501290276226509140287163459047
22 6 29 87821648824822729296422257375663864683899920337646214806338075621171985434902718727491916229858646622560121798837149681059270366308786121552778991395660020313746044/354830275342093894604944426148427192557744311290263048391060541843172843829069022219901810034605426655730395414877676052211938385844209501290276226509140287163459047
22 7 6 7901224770714180692552590874571744190773967183071148265653341772109074328051154631048318068361649217611250255652728952534817775588335545305443142785500883463844266/9590007441678213367701200706714248447506603007844947253812447076842509292677541141078427298232579098803524200402099352762484821239032689224061519635382169923336731
22 7 16 106277751861989564503417938203330911736453965314718309170044589460421210644933031220158299670555312529062472099540305104417207008557796363262508564246149971070263451/709660550684187789209888852296854385115488622580526096782121083686345687658138044439803620069210853311460790829755352104423876771688419002580552453018280574326918094
22 7 27 18692165789348853457579189375214403261761085718542815953729203089852976737419570522069783339893498679165799811913104512430154369593792286715251322645065226932178959/709660550684187789209888852296854385115488622580526096782121083686345687658138044439803620069210853311460790829755352104423876771688419002580552453018280574326918094
22 8 0 185237923367560558016500849271869185352489342170644500783842242094341060976148048689445793197688592573024874868044198445291824255507242078150997846630966694299688635/709660550684187789209888852296854385115488622580526096782121083686345687658138044439803620069210853311460790829755352104423876771688419002580552453018280574326918094
22 8 1 23733913728259996454509152585929631118064950655721277724778464946229295736082504448009794180713772985867241535607097476248936547193901330282198592515303017377888496/354830275342093894604944426148427192557744311290263048391060541843172843829069022219901810034605426655730395414877676052211938385844209501290276226509140287163459047
22 8 4 53633860409163213611369914261682642106701060203290187547403962065400381241866530029765893113940867502356175070235287884384533929522813807210514894174387766874426547/354830275342093894604944426148427192557744311290263048391060541843172843829069022219901810034605426655730395414877676052211938385844209501290276226509140287163459047
22 8 26 9991542676804886785449455927831369008472088072752936904159837501857980343948430453913687899519269723297002236487199538861219231425614774309300746838052224635745929/19180014883356426735402401413428496895013206015689894507624894153685018585355082282156854596465158197607048400804198705524969642478065378448123039270764339846673462
22 9 0 220245664254056730977685011623823141537110465651977653079288048562001793395844410534132833046002200531813135278629503701311845555403017697264026124866276700926260210/354830275342093894604944426148427192557744311290263048391060541843172843829069022219901810034605426655730395414877676052211938385844209501290276226509140287163459047
22 9 7 121432434859422467903831093264161723481243498927354847759083517866889692416856000214203351519548374911715929970262532901445770757526480864268511823582521844327007425/709660550684187789209888852296854385115488622580526096782121083686345687658138044439803620069210853311460790829755352104423876771688419002580552453018280574326918094
22 9 27 147736787316651859350687735785046378560024192349215942864461468695452408449593223157334602457658077336118590302233811800354414903355902743783988379703205328147390249/709660550684187789209888852296854385115488622580526096782121083686345687658138044439803620069210853311460790829755352104423876771688419002580552453018280574326918094
22 10 3 48736775057702919436718966316172528381537087218262337537881860428231151705658734577505646719414119477404448455254685620528172310807293129034061686310209433267807969/354830275342093894604944426148427192557744311290263048391060541843172843829069022219901810034605426655730395414877676052211938385844209501290276226509140287163459047
22 10 9 61376060422355650335708518886847442509731973809936512993156608572937701608806446434249289279709855179262700782361817247940216017432071440988389800691764331027224192/354830275342093894604944426148427192557744311290263048391060541843172843829069022219901810034605426655730395414877676052211938385844209501290276226509140287163459047
22 10 11 174838973545013875420787759071439725615918633747902709989155329237547577057778126028260662165985383301709881157155276123908789272512253398573818742505987490278886503/709660550684187789209888852296854385115488622580526096782121083686345687658138044439803620069210853311460790829755352104423876771688419002580552453018280574326918094
22 10 12 3721336535057046392216098931075880288242311530117101129611300147696954878408061823349465519486592546293820233494514544837096298922139060760201261768141730976429829/709660550684187789209888852296854385115488622580526096782121083686345687658138044439803620069210853311460790829755352104423876771688419002580552453018280574326918094
22 10 24 155437284821999863926015011944149418714394777623054292300638758149381724546510747282341810192745464075061395481936277849370607271887648701600814737370101912240768720/354830275342093894604944426148427192557744311290263048391060541843172843829069022219901810034605426655730395414877676052211938385844209501290276226509140287163459047
22 11 3 259042280161148331584639809531844100749720658191671633476964529558722642518491987085453938226738695105682460449676563367705141791791312955070828101269307915333853195/709660550684187789209888852296854385115488622580526096782121083686345687658138044439803620069210853311460790829755352104423876771688419002580552453018280574326918094
22 11 7 2266329643002182487377435241875263456136808369280139268736356539631277611223869268665554593594508583969822616421013475738260836112038065463986338398816892732056153/709660550684187789209888852296854385115488622580526096782121083686345687658138044439803620069210853311460790829755352104423876771688419002580552453018280574326918094
22 11 11 147654067653566634127610409222848798143526375687783817219677540103123097618610375716427837364707817155011809579461940886966379677098567083106277219028927324385824827/354830275342093894604944426148427192557744311290263048391060541843172843829069022219901810034605426655730395414877676052211938385844209501290276226509140287163459047
22 11 23 76521902786452003441325394538718712311289202322003344798532558690872786145600718326414226259731007655892444302366946743523857394793966907916591787646150558744679546/354830275342093894604944426148427192557744311290263048391060541843172843829069022219901810034605426655730395414877676052211938385844209501290276226509140287163459047
22 12 3 153424945142884808701759094820427381531431116992025167291579883245271462220194460895103827967250116154709712929646420639433938664783026439676646705432939145413667949/709660550684187789209888852296854385115488622580526096782121083686345687658138044439803620069210853311460790829755352104423876771688419002580552453018280574326918094
22 12 5 125931352671392041964157241114146712771801710762842225079846409484438342168462853116357466839069736934476874875481843468364340064653396489942730641341769723993599477/709660550684187789209888852296854385115488622580526096782121083686345687658138044439803620069210853311460790829755352104423876771688419002580552453018280574326918094
22 12 14 99841764097596103619134104039616639354187697707115703098397274847710398387678477542943852311039218399570024572953849729421500112702764332683984546870687155748364055/354830275342093894604944426148427192557744311290263048391060541843172843829069022219901810034605426655730395414877676052211938385844209501290276226509140287163459047
22 12 21 115310362337359365652852154141523506051940199705713649106950120630607543247061887671227310320406281711567076939359694268891298908423233703796603006251098696711461279/354830275342093894604944426148427192557744311290263048391060541843172843829069022219901810034605426655730395414877676052211938385844209501290276226509140287163459047
22 13 5 447773862808119902461206063505783506821071848614718225169911758368670633382616184689550507906919609516067121061755383323802778357283572403463605802549960232448916401/709660550684187789209888852296854385115488622580526096782121083686345687658138044439803620069210853311460790829755352104423876771688419002580552453018280574326918094
22 13 9 42128572289483462433712098396194718028034475896952210936031894299621863174374957932712105126148154871436776524544823595139547253711074876468454584113428259669759426/354830275342093894604944426148427192557744311290263048391060541843172843829069022219901810034605426655730395414877676052211938385844209501290276226509140287163459047
22 13 15 177629543297100961881258591998681442238347822171903449740145536718431327926771943884828901909994934052520116718910321590342003906982696846180037482241463822538482841/709660550684187789209888852296854385115488622580526096782121083686345687658138044439803620069210853311460790829755352104423876771688419002580552453018280574326918094
22 14 1 8083968699642219662899010365090934852577012858427917289297664444321732246478745652084341144053580372159023640967205604174901284822526358905310836628623690078177110/354830275342093894604944426148427192557744311290263048391060541843172843829069022219901810034605426655730395414877676052211938385844209501290276226509140287163459047
22 14 13 8987462655322233342237080679673850579526073663313663369381694624153273590458239493411742882171767180404059199319757296868132099844205940045638855956426739490931021/709660550684187789209888852296854385115488622580526096782121083686345687658138044439803620069210853311460790829755352104423876771688419002580552453018280574326918094
22 14 18 206530238649958559072262282428311794999192806861023444202236061003761962673569324369421197170209000396140117179006272474541297359058665780618972313117809083959666618/354830275342093894604944426148427192557744311290263048391060541843172843829069022219901810034605426655730395414877676052211938385844209501290276226509140287163459047
22 14 22 271444673329663998397329186030375074832422909478309710429671938166025024227583664903380800558513924594458449990488638650123347384081828783486347297568988286760299617/709660550684187789209888852296854385115488622580526096782121083686345687658138044439803620069210853311460790829755352104423876771688419002580552453018280574326918094
22 15 4 326167291196393506947535079423269988820210429573020628179629474030305681156999981235132303407534840831844151218668252245482725694118808063047646545814848093139859553/709660550684187789209888852296854385115488622580526096782121083686345687658138044439803620069210853311460790829755352104423876771688419002580552453018280574326918094
22 15 11 181534744458776051025272219540435827866765707495379016562063695000577232896446309868158075301371411134467897348013344917607341882423258301395835283212681202752637781/709660550684187789209888852296854385115488622580526096782121083686345687658138044439803620069210853311460790829755352104423876771688419002580552453018280574326918094
22 15 14 43426958103626505697731815777878597281805273287976340855220741329905206815281830109136601075233820405940504650469382992446176631040606908787028594903719978356952381/354830275342093894604944426148427192557744311290263048391060541843172843829069022219901810034605426655730395414877676052211938385844209501290276226509140287163459047
22 15 20 57552299410882609920808960888695686932450969468086885164993215997826179987064046559120019604918480266633866481067494478220727966532569410281506717091655660860257999/354830275342093894604944426148427192557744311290263048391060541843172843829069022219901810034605426655730395414877676052211938385844209501290276226509140287163459047
22 16 8 148323038169510003745953901380747243627639321404896961351919861613920784799205898296221756805303181206926727042159833877319188927708046099485093691997306578370380359/709660550684187789209888852296854385115488622580526096782121083686345687658138044439803620069210853311460790829755352104423876771688419002580552453018280574326918094
22 16 16 427779943949745402727325658018508920203704281095053895775618636953625351575835237275100292867735084481693593575274519569039398906915549099686295486964173787702460649/709660550684187789209888852296854385115488622580526096782121083686345687658138044439803620069210853311460790829755352104423876771688419002580552453018280574326918094
22 16 19 66778784282466191368304646448799110642072510040287619827291292559399775641548454434240785198086293811420235106160499329032644468532411901704581637028400104127038543/354830275342093894604944426148427192557744311290263048391060541843172843829069022219901810034605426655730395414877676052211938385844209501290276226509140287163459047
22 17 0 237371417875365183121237191084766891848883997231445445900701897697481188573141832939346997551239125255666032610885735900708118545199664557486486670820875196948096735/709660550684187789209888852296854385115488622580526096782121083686345687658138044439803620069210853311460790829755352104423876771688419002580552453018280574326918094
22 17 2 55968580368477020868124486741244458224899517306431964663831843236801935732870908456713810925875764852585958042378047786843967386728164628561745858957839555495803576/354830275342093894604944426148427192557744311290263048391060541843172843829069022219901810034605426655730395414877676052211938385844209501290276226509140287163459047
22 17 3 1692358759080440301077703197940402419548477441526355156619860044164527190323562533916927960144823416419230524903287363894269216154034389730994831498308639935663220/5816889759706457288605646330302085123897447726069886039197713800707751538181459380654128033354187322225088449424224197577244891571216549201479938139494103068253427
22 17 7 153884203464054847620922897580869481631891342870001392446132574127188310399779765449163789528551741547476718095912462234926979082240229640789204621488072194236301367/709660550684187789209888852296854385115488622580526096782121083686345687658138044439803620069210853311460790829755352104423876771688419002580552453018280574326918094
22 18 4 47774882333729553972929344948414918719776325963147232222111672620521487976378131630576134791987537945134924821777628870883478058294060349201122159797007732442228209/354830275342093894604944426148427192557744311290263048391060541843172843829069022219901810034605426655730395414877676052211938385844209501290276226509140287163459047
22 18 8 56097659027645066883968883327426300193492954552288082315174002325541266971541755474103112317634645598360074396120757217154090120468204206978802378611203733664170263/354830275342093894604944426148427192557744311290263048391060541843172843829069022219901810034605426655730395414877676052211938385844209501290276226509140287163459047
22 18 10 250957733980719273748046197872585973644475030774827733853774866897110088881149135115222562924983243112235396196979289964174370207081944945110351688100928821057060575/354830275342093894604944426148427192557744311290263048391060541843172843829069022219901810034605426655730395414877676052211938385844209501290276226509140287163459047
22 19 1 270764151160730133260005175839080945612889041951828076702755439766050579573687990220476603246713350777951660517926447198540666803827803831210576945103714949614438476/354830275342093894604944426148427192557744311290263048391060541843172843829069022219901810034605426655730395414877676052211938385844209501290276226509140287163459047
22 19 9 84066124181363761344939250309346246944855269338434971688305102077122264255381031999425206787892075877778734896951228853671271582016405670079699281405425337549020571/354830275342093894604944426148427192557744311290263048391060541843172843829069022219901810034605426655730395414877676052211938385844209501290276226509140287163459047
22 20 1 171139756285104130454450291753572238410731896537309222810368095884624944828956599323030551492286075762559811057909842718385128071430277325516029814241070037869800377/709660550684187789209888852296854385115488622580526096782121083686345687658138044439803620069210853311460790829755352104423876771688419002580552453018280574326918094
22 20 7 398288799718188998274859298779995587191562207646488028062185801443650316773608004633091846066266003254855546623770553182514417049143067922861457885587032661872015649/709660550684187789209888852296854385115488622580526096782121083686345687658138044439803620069210853311460790829755352104423876771688419002580552453018280574326918094
22 20 8 4620360426766367186660383308165435209587881902087894781680349672211236647902150420263867191313849870514183223774577410050907780525372078634052584431330340675029731/709660550684187789209888852296854385115488622580526096782121083686345687658138044439803620069210853311460790829755352104423876771688419002580552453018280574326918094
22 20 11 910145196336431498616905224531014257071185479829805041126757293193685834950814027271257418250637076667994965934901871097137072956977863594422900461468775395369613/4762822487813340867180462095952042853124084715305544273705510628767420722537839224428212215229603042358797253890975517479354877662338382567654714449787117948502806
22 21 2 435062439066980327058603691853276159959732266523762224099551009416475661421088670998826760626956251515420734700260755739720750013886912787026655826608230674910673961/709660550684187789209888852296854385115488622580526096782121083686345687658138044439803620069210853311460790829755352104423876771688419002580552453018280574326918094
22 21 14 21639775266710186933913807969209377537114492097647954505525720531401822386861346301369297435222862890064515454937250251619163860063243256317992648011019892784228963/709660550684187789209888852296854385115488622580526096782121083686345687658138044439803620069210853311460790829755352104423876771688419002580552453018280574326918094
22 21 15 126479168175248637608685676237184423809320931979557959088522176869234101925094013569803781003515869452987770337278673056541981448869131479617951989199515003316007585/354830275342093894604944426148427192557744311290263048391060541843172843829069022219901810034605426655730395414877676052211938385844209501290276226509140287163459047
22 22 2 114652111829217230207212151999005092584131303166318806408408269153874313527312296025958823078269851406961505830947245981452726277887749161081027509106221783054263714/354830275342093894604944426148427192557744311290263048391060541843172843829069022219901810034605426655730395414877676052211938385844209501290276226509140287163459047
22 22 5 144697727135763629333872379492176070341360355664242401296681034531358430394949832445575241047471386220886591049475857478228257744787986568379600161646332668328894956/354830275342093894604944426148427192557744311290263048391060541843172843829069022219901810034605426655730395414877676052211938385844209501290276226509140287163459047
22 22 14 95480436377113035063859894657246029632252652459701840685971238157940099906806893748367745908864189027882298534454572592530954363168473771829648555756585835780300377/354830275342093894604944426148427192557744311290263048391060541843172843829069022219901810034605426655730395414877676052211938385844209501290276226509140287163459047
23 0 7 105263205398815548375545044031582522986091508340704914631852598053368062512124249556802672090869879935256049508360471163450990570227819312711144259048268487584323550/354830275342093894604944426148427192557744311290263048391060541843172843829069022219901810034605426655730395414877676052211938385844209501290276226509140287163459047
23 0 26 180687564614771619300976917816872207629387089654845450615258635873576059749967524792374249395288401699841644946763862545206248325362302487362482609799512497855797501/354830275342093894604944426148427192557744311290263048391060541843172843829069022219901810034605426655730395414877676052211938385844209501290276226509140287163459047
23 0 35 68879505328506726928422464299972461942265713294712683143949307916228721566977247870724888548447145020632700959753342343554699490254087701216649357661359301723337996/354830275342093894604944426148427192557744311290263048391060541843172843829069022219901810034605426655730395414877676052211938385844209501290276226509140287163459047
23 1 5 2991346616531041637862659950992707923728407969170710878656228559823278349911831837143330605557373226019120999118564201430296229590830456350692312841715335537608274/9590007441678213367701200706714248447506603007844947253812447076842509292677541141078427298232579098803524200402099352762484821239032689224061519635382169923336731
23 1 8 394007542573681160018591127855909043544334032801152271399124546062408044696649259628434419779032394544924709110828088257598961512567221490459242345866159703940013893/709660550684187789209888852296854385115488622580526096782121083686345687658138044439803620069210853311460790829755352104423876771688419002580552453018280574326918094
23 1 35 94293358487209547989460888067484955215252400060741220362435624197015045068013228862762735478932840041121127784153512940982994269399743742170078956865186040603891925/709660550684187789209888852296854385115488622580526096782121083686345687658138044439803620069210853311460790829755352104423876771688419002580552453018280574326918094
23 2 2 17971327530494949756383346912035307404096722499014689766905484341468264817362313173189292196327003313043919481087826041860849915502685265121267530087742491676626293/709660550684187789209888852296854385115488622580526096782121083686345687658138044439803620069210853311460790829755352104423876771688419002580552453018280574326918094
23 2 4 127239454333302841304605650262129413865904308853892319298307619524272411597615343322177521085514220684553090383688535216636760530582024752634341012420980934409948147/354830275342093894604944426148427192557744311290263048391060541843172843829069022219901810034605426655730395414877676052211938385844209501290276226509140287163459047
23 2 20 15842143969190854697809066414204064858291682328827690702449429178189893291294833945034366291008875567437141546830267827779646767837590699708691142213599211019996359/354830275342093894604944426148427192557744311290263048391060541843172843829069022219901810034605426655730395414877676052211938385844209501290276226509140287163459047
23 2 29 309194757495095174135789911524908258528125739432310712384657885954231400573904437893173993514937851836453570565545538498247659658511912638295424658258349813600119631/709660550684187789209888852296854385115488622580526096782121083686345687658138044439803620069210853311460790829755352104423876771688419002580552453018280574326918094
23 2 30 48165634526805136656443080253621930867437089141880337314521807992860706244525469419508279802449902828991418461042190737741276300417295097238897977701513989095141579/354830275342093894604944426148427192557744311290263048391060541843172843829069022219901810034605426655730395414877676052211938385844209501290276226509140287163459047
23 3 8 197389483682376694548978784545162798926680304516772686310095386178052112432145748933435024342310613723075314242405329298035093545816512884758353594588553895942859583/709660550684187789209888852296854385115488622580526096782121083686345687658138044439803620069210853311460790829755352104423876771688419002580552453018280574326918094
23 3 10 292799369745401840834592380435350992590257601901075817674510929785611107298668742827802762250382327703533813617301490376002630635501021489402274574304240881862706435/709660550684187789209888852296854385115488622580526096782121083686345687658138044439803620069210853311460790829755352104423876771688419002580552453018280574326918094
23 3 31 109735848628204626913158843658170296799275358081338796398757383861341233963661776339282916738258955942425831485024266215193076295185442314209962142062742898260676038/354830275342093894604944426148427192557744311290263048391060541843172843829069022219901810034605426655730395414877676052211938385844209501290276226509140287163459047
23 4 2 145826845315951808864334533417416808699618699561363722630730350375051470529611267291260549869953524586644065736335249340612606355376675410065686949609779772624378356/354830275342093894604944426148427192557744311290263048391060541843172843829069022219901810034605426655730395414877676052211938385844209501290276226509140287163459047
23 4 4 148680097158387160357859291887636118977604685965305515377017171310194124899132215465553769004253849919639854050913273650268107747164157968137763726294683368354968244/354830275342093894604944426148427192557744311290263048391060541843172843829069022219901810034605426655730395414877676052211938385844209501290276226509140287163459047
23 4 5 60323332867754925382750600843374264880520925763593810383313020157927248400325539463087491160398052149446475627629153061331224283303376123086825550604677146184112447/354830275342093894604944426148427192557744311290263048391060541843172843829069022219901810034605426655730395414877676052211938385844209501290276226509140287163459047
23 5 4 67845119360283604517874687321320043824643072139512957551835712914201464704537673281204359955082009239756476284264878830928815270011116347189138710529187342132822582/354830275342093894604944426148427192557744311290263048391060541843172843829069022219901810034605426655730395414877676052211938385844209501290276226509140287163459047
23 5 6 35630329335504395582296921738639446841657540429253549740034922893862892007205151796497656407618988409586376077775753087875249434527225856005270096814926910295138891/354830275342093894604944426148427192557744311290263048391060541843172843829069022219901810034605426655730395414877676052211938385844209501290276226509140287163459047
23 5 20 43409603260343551750795130481854806756947818247374377433739299625176469649648442610196092805692296711801000011891902753063993282320463284621506513978181254276656883/709660550684187789209888852296854385115488622580526096782121083686345687658138044439803620069210853311460790829755352104423876771688419002580552453018280574326918094
23 5 22 449531416792780237484645875550297264288567780167696456886320391943563754211117694410343608273964630932144646989751026662093640344157035885712527094425390027225660785/709660550684187789209888852296854385115488622580526096782121083686345687658138044439803620069210853311460790829755352104423876771688419002580552453018280574326918094
23 5 28 3860335395628032300128331257259257899253022517955216952953317579020465579544801327320687504053329074012807658880060128289000437260890128118061595144870480925717623/709660550684187789209888852296854385115488622580526096782121083686345687658138044439803620069210853311460790829755352104423876771688419002580552453018280574326918094
23 5 31 5908297843859967473976296887524074838118776509967030925366802922456284794341455936539198760098601294816631445151098723369113298873345297739639634781610307042959857/709660550684187789209888852296854385115488622580526096782121083686345687658138044439803620069210853311460790829755352104423876771688419002580552453018280574326918094
23 6 5 169290544645158086130999622412728306147048947902015552056028324918137660513498459266234348827468679274610764041919275124120444469296385226398289909079983158838654911/709660550684187789209888852296854385115488622580526096782121083686345687658138044439803620069210853311460790829755352104423876771688419002580552453018280574326918094
23 6 11 259876139854480522718425713393022338069855024521010132397217957440166703582123615324070952762030306326997930799909637879438174611934093023461168635390374213955821887/709660550684187789209888852296854385115488622580526096782121083686345687658138044439803620069210853311460790829755352104423876771688419002580552453018280574326918094
23 6 14 134449556689248069063525938193976929431720563059453065063104083603818159912762577773422548138303341581546320696518317257850554817516613080777090787657425000823586296/354830275342093894604944426148427192557744311290263048391060541843172843829069022219901810034605426655730395414877676052211938385844209501290276226509140287163459047
23 6 27 5797376403026521116705820051574941017571762019297141101333317060202501868495407151326611101552592273379727297444902292582074027712357295583456166616536599942634352/354830275342093894604944426148427192557744311290263048391060541843172843829069022219901810034605426655730395414877676052211938385844209501290276226509140287163459047
23 7 0 543529240843365620507239509663881250299527805894379152992680458476225295518906870253492631971583226838509132613305276206796812553115807253108286115617712249191194339/709660550684187789209888852296854385115488622580526096782121083686345687658138044439803620069210853311460790829755352104423876771688419002580552453018280574326918094
23 7 21 60532222274358386095641791673784682712746988471833332266744002087718306292124949815938168310048766358245034534262310326492864958376804268577229105219031904153925898/354830275342093894604944426148427192557744311290263048391060541843172843829069022219901810034605426655730395414877676052211938385844209501290276226509140287163459047
23 7 28 45066865292105396511365759285403769390466839742480279255952621034683779554981274554434651477530093756461589147925455244641334301819003212317808126962504516827871959/709660550684187789209888852296854385115488622580526096782121083686345687658138044439803620069210853311460790829755352104423876771688419002580552453018280574326918094
23 8 13 21539724456642432465709005305319266386205223096527771991170553793077230854438807388825675885964393447357033205552144144826403450862273774413889080253785706818830787/354830275342093894604944426148427192557744311290263048391060541843172843829069022219901810034605426655730395414877676052211938385844209501290276226509140287163459047
23 8 24 506644601276844819242858539186721340531859607905807554173760256593544259577453738613620149694323319668561346942202329032220544405772813117624762643576545882846758955/709660550684187789209888852296854385115488622580526096782121083686345687658138044439803620069210853311460790829755352104423876771688419002580552453018280574326918094
23 8 26 159936500494058105035612302499494511811218568481662998626019719506646966371806691048532118602958746748185377476448734782550525464191058336128011648934163277842497565/709660550684187789209888852296854385115488622580526096782121083686345687658138044439803620069210853311460790829755352104423876771688419002580552453018280574326918094
23 9 18 414887302436518494899405702664434128084504087300887223573623817784599324983571399595737243265489959859680990454069563314678603098959905957364059707358695867764297029/709660550684187789209888852296854385115488622580526096782121083686345687658138044439803620069210853311460790829755352104423876771688419002580552453018280574326918094
23 9 25 294773248247669294310483149632420257030984535279638873208497265901746362674566644844066376803720893451779800375685788789745273672728513045216492745659584706562621065/709660550684187789209888852296854385115488622580526096782121083686345687658138044439803620069210853311460790829755352104423876771688419002580552453018280574326918094
23 10 5 390163839513787038465575205958202131801627693589589264015154746562281118304063773120356370074352032988612605605846007007048759170844481544538610685149651691803760633/709660550684187789209888852296854385115488622580526096782121083686345687658138044439803620069210853311460790829755352104423876771688419002580552453018280574326918094
23 10 16 117672551444000394742651050037681377969030104360601843919524709116566458147977266554826828852387620833958395292119360129971438725732093174810849729324838917176867865/709660550684187789209888852296854385115488622580526096782121083686345687658138044439803620069210853311460790829755352104423876771688419002580552453018280574326918094
23 10 18 16347708713902041531042450247189304197659970424160509934619433050388090546714340974007319994230532116289053540292697621468786067873927568674915274631244867019029574/354830275342093894604944426148427192557744311290263048391060541843172843829069022219901810034605426655730395414877676052211938385844209501290276226509140287163459047
23 10 22 84564371149298136469788847903296133474755441891006984489101380953360965056334161408302890577005067628155841425602294862233053369681994572940630744640650115654115224/354830275342093894604944426148427192557744311290263048391060541843172843829069022219901810034605426655730395414877676052211938385844209501290276226509140287163459047
23 11 17 32704519467412165428479461133876106169706638925286661624860986612483578809601235614853684671399630042642075767064322600489430505851423946728253327702873692059170111/354830275342093894604944426148427192557744311290263048391060541843172843829069022219901810034605426655730395414877676052211938385844209501290276226509140287163459047
23 11 19 408469198562666722680798418518609944842900163947662543356860112458581914872495020859566648351433003220502850601280526661431458894566917570664139444492577943001637189/709660550684187789209888852296854385115488622580526096782121083686345687658138044439803620069210853311460790829755352104423876771688419002580552453018280574326918094
23 11 21 368600578934520983274660404913958067674862925562611886648054920658052809624209698712620025667345747025836400548467333562992051905160673313893549779570211290119700/9590007441678213367701200706714248447506603007844947253812447076842509292677541141078427298232579098803524200402099352762484821239032689224061519635382169923336731
23 11 23 208505870345542182909806641546859330925235324290656950563582933874100707254249034645795720475595004725761895053759597558352145024436763713231783669431759611738082883/709660550684187789209888852296854385115488622580526096782121083686345687658138044439803620069210853311460790829755352104423876771688419002580552453018280574326918094
23 12 2 42848982907166863984228060752796823036657083631452147480092660619325313010451645832270981271983446695527478057424396797734541422823640243487655888938668199071107575/354830275342093894604944426148427192557744311290263048391060541843172843829069022219901810034605426655730395414877676052211938385844209501290276226509140287163459047
23 12 6 31353895962468441929800909610653814447678697664886626749831663104949863674674893246447123248221674600274628253712256481791209782887883489849977788873806954175854825/354830275342093894604944426148427192557744311290263048391060541843172843829069022219901810034605426655730395414877676052211938385844209501290276226509140287163459047
23 12 7 147405047876755339305583268704093057793909860161636059601984370640234452968533497894274189880539448578510043207771120625974779502897626908531208212011674748433811275/709660550684187789209888852296854385115488622580526096782121083686345687658138044439803620069210853311460790829755352104423876771688419002580552453018280574326918094
23 12 16 199915697558598241265828949621483851124070605679855213730747384845042167899099060456075781503978457612389417806991461155222937706713218532949872561626305320107947616/354830275342093894604944426148427192557744311290263048391060541843172843829069022219901810034605426655730395414877676052211938385844209501290276226509140287163459047
23 12 20 14018349950965355544589743622892350104765988466502061258793295907476545521153347475941658140304246916567699385728002608951719443941307561474331762129044879183286787/709660550684187789209888852296854385115488622580526096782121083686345687658138044439803620069210853311460790829755352104423876771688419002580552453018280574326918094
23 13 9 4116659876852357979411002659767896608376371379181298927687672344533285288611691510563181049571637999413125604970183395369746435692997809115583802911344840856061783/11633779519412914577211292660604170247794895452139772078395427601415503076362918761308256066708374644450176898848448395154489783142433098402959876278988206136506854
23 13 10 29171517442043975819950386166062478462573594117754468340635122727704812376120625094722659260314862267395753715757943513161403400739721780415627886499515796770600483/709660550684187789209888852296854385115488622580526096782121083686345687658138044439803620069210853311460790829755352104423876771688419002580552453018280574326918094
23 13 12 5453846765884084584449057971632759635148142187687363680967416546162278936357572888543493147450083783363900796119496665816052394208674718455524176763290743367424717/9590007441678213367701200706714248447506603007844947253812447076842509292677541141078427298232579098803524200402099352762484821239032689224061519635382169923336731
23 13 15 12894060039363858698318506992063000270496926221923740730474561763050915693121921724254211936859936555467858148986734101660031811116950850202761754221607238073559895/354830275342093894604944426148427192557744311290263048391060541843172843829069022219901810034605426655730395414877676052211938385844209501290276226509140287163459047
23 14 3 151058724316593370281972138420231201279599209758001169829013223655805291572931088623995498608944751153547428002334578315062810141295298481745693628425256103021016191/709660550684187789209888852296854385115488622580526096782121083686345687658138044439803620069210853311460790829755352104423876771688419002580552453018280574326918094
23 14 16 383956752956555179289603917150490273848449367017112770477350546416545079565513479794393774173517899228794043931695056719256259057310542546351187993148474415400889617/709660550684187789209888852296854385115488622580526096782121083686345687658138044439803620069210853311460790829755352104423876771688419002580552453018280574326918094
23 14 17 163242074257659699126914068099419409862104125693350134135872057724712107246608680608456612995493211127734896259040578825341285948345300282173363755523319172163182599/709660550684187789209888852296854385115488622580526096782121083686345687658138044439803620069210853311460790829755352104423876771688419002580552453018280574326918094
23 14 20 2943815084315085368248313472663302192656538377602762817203239766209446437470175127623033575897802457182728310005376837325322683174980171817750849425806494792233495/354830275342093894604944426148427192557744311290263048391060541843172843829069022219901810034605426655730395414877676052211938385844209501290276226509140287163459047
23 14 21 5515368984749369774902101681386895740022843356856496705478776356864316398144445157711667139459386887018966016674384570112876258387317348674805377069617894157362697/709660550684187789209888852296854385115488622580526096782121083686345687658138044439803620069210853311460790829755352104423876771688419002580552453018280574326918094
23 15 3 5270404794937216454865611733027285918524016093759147826820752098217978670554184598061835559422664454879636988575799305918576026092496054367417355113760515261346649/709660550684187789209888852296854385115488622580526096782121083686345687658138044439803620069210853311460790829755352104423876771688419002580552453018280574326918094
23 15 12 12723613741200140973224824056629039828702645615123539597879590687313895290004479476319046145651329974473091399543472298868590848963708176409141855354382438959213098/354830275342093894604944426148427192557744311290263048391060541843172843829069022219901810034605426655730395414877676052211938385844209501290276226509140287163459047
23 15 14 379008160641326159072594542570659207279856882458005972169081614330634396997481171050332795081286530378861581679588828742185966746630003579119368647014502120813834349/709660550684187789209888852296854385115488622580526096782121083686345687658138044439803620069210853311460790829755352104423876771688419002580552453018280574326918094
23 15 18 148643862083340176292328523250573302747477850664292582040601982164608919623012778159573613526811063014558759175147691022419312656715999966299094991888195304384105169/354830275342093894604944426148427192557744311290263048391060541843172843829069022219901810034605426655730395414877676052211938385844209501290276226509140287163459047
23 15 20 1323516799421889575661001689381603382373365734964366754627785776823841082034086759811835041788436249827935506104198706871763493803251541838646378202431225782550281/354830275342093894604944426148427192557744311290263048391060541843172843829069022219901810034605426655730395414877676052211938385844209501290276226509140287163459047
23 16 10 3708355334445202868692618263923380868493505107967662447044416831945952837659461576685972943495853068428483832690201242312625987546683511588441349775804288418132615/11633779519412914577211292660604170247794895452139772078395427601415503076362918761308256066708374644450176898848448395154489783142433098402959876278988206136506854
23 16 17 99234397581589605462793402651749902209864022231920881357778339746263642769257689637336532830917587360333149063296719309193799227046766038249582710062245579104561/8251866868420788246626614561591330059482425843959605776536291670771461484396954005113995582200126201296055707322736652377021822926609523285820377360677681096824629
23 16 19 65335161286296604289158269464672190673800652407002324677541330556857341685572999366441146335839211437012683011675520176889345997678820227835425130483988330674988644/354830275342093894604944426148427192557744311290263048391060541843172843829069022219901810034605426655730395414877676052211938385844209501290276226509140287163459047
23 16 20 344246394518420499571522366640133279199735200268548842360560058605749207911608728220266036020826480750309260192858518108984332802457062460725315742660889199667859045/709660550684187789209888852296854385115488622580526096782121083686345687658138044439803620069210853311460790829755352104423876771688419002580552453018280574326918094
23 17 0 253340563962177427509841791622663700924600739002545086449775875959365940212666850166330790501135994080978217422940381078261774749665511226935586057915873979732299569/709660550684187789209888852296854385115488622580526096782121083686345687658138044439803620069210853311460790829755352104423876771688419002580552453018280574326918094
23 17 2 197928972843408409263325591371528889867309560079265380396149584422990023366845503164066539908068148016875582960588261991267420649966488912030815314471732549827261991/709660550684187789209888852296854385115488622580526096782121083686345687658138044439803620069210853311460790829755352104423876771688419002580552453018280574326918094
23 17 3 190668286703670852286516986145807118274087376753303990130508294434710968982155001743184812973042499196865063128402594429018952143085368491956270511959284774829117137/709660550684187789209888852296854385115488622580526096782121083686345687658138044439803620069210853311460790829755352104423876771688419002580552453018280574326918094
23 17 12 67722727174931100150204483156854676049490946745411639805687328869278755096470689366221476686964212016741927317824114605875729228971050371657880568671389269938239397/709660550684187789209888852296854385115488622580526096782121083686345687658138044439803620069210853311460790829755352104423876771688419002580552453018280574326918094
23 18 0 44306029383437512851648892908422548638479770918049616503909649350242411084379629153758486835211635755362882728423343143858888528230524362841164836233486669305014950/354830275342093894604944426148427192557744311290263048391060541843172843829069022219901810034605426655730395414877676052211938385844209501290276226509140287163459047
23 18 1 16987157662328376735889048907563080213899793734856409148293296587674798932668846610582495222143412597617432044806389527221222153680398940164769613781962070180964971/709660550684187789209888852296854385115488622580526096782121083686345687658138044439803620069210853311460790829755352104423876771688419002580552453018280574326918094
23 18 3 396316251532235145056905561020763769798090725978699825551437138506060556660870165312345656957399802116127594892305504113409741204022442224373604089952922233323126279/709660550684187789209888852296854385115488622580526096782121083686345687658138044439803620069210853311460790829755352104423876771688419002580552453018280574326918094
23 18 10 103872541361374620856898228275841218913269280515435314537285674946062754947919887104679247109622183543494999217898386088037568178762264556179924538408211466106398472/354830275342093894604944426148427192557744311290263048391060541843172843829069022219901810034605426655730395414877676052211938385844209501290276226509140287163459047
23 19 2 154104371348805675923539369903573946660831416886756615736834467234992009123677612338526635822796670696634342404300979424925503537299633651401507162034776493949396284/354830275342093894604944426148427192557744311290263048391060541843172843829069022219901810034605426655730395414877676052211938385844209501290276226509140287163459047
23 19 10 145535054206399623205323929178717212208147114101696717498943196069051320843832568951643900750673841055474195274838857313364217562356106197989108971781682768441459337/709660550684187789209888852296854385115488622580526096782121083686345687658138044439803620069210853311460790829755352104423876771688419002580552453018280574326918094
23 19 13 44030647048290391380837928672028318868335083903853751603307015350517908949585500905727067770470671254097907547995726817445619082787241471187754155823904682898117783/354830275342093894604944426148427192557744311290263048391060541843172843829069022219901810034605426655730395414877676052211938385844209501290276226509140287163459047
23 19 14 3903615341478977474321170371324014926721128067386247548904533080145919317855331372084937491441914612895862689542397262937614278352524710684021415012075243074196061/16503733736841576493253229123182660118964851687919211553072583341542922968793908010227991164400252402592111414645473304754043645853219046571640754721355362193649258
23 20 11 203643872664727962000914902602947017238721324939119571614958510899113612969510740144636527286814859143674513598011590682329361700367629940433430513037158883466038551/709660550684187789209888852296854385115488622580526096782121083686345687658138044439803620069210853311460790829755352104423876771688419002580552453018280574326918094
23 20 13 10253969047111263253636651602548073076884080468709114392448208826209575433623026801329860348302732489901662148882948736394882333965049760014736643924031943009053626/354830275342093894604944426148427192557744311290263048391060541843172843829069022219901810034605426655730395414877676052211938385844209501290276226509140287163459047
23 20 15 485508739925237300701700646488811221722999136703988296382266155134812923821381250692507372085790529187982952933977863949304750403390689542117648652133057804842772291/709660550684187789209888852296854385115488622580526096782121083686345687658138044439803620069210853311460790829755352104423876771688419002580552453018280574326918094
23 21 3 79073516085157736241826284555654989397659677076830454260295308264200538812589213491892180967526359183055775913089431498131746840986733767309398630137350173179523229/354830275342093894604944426148427192557744311290263048391060541843172843829069022219901810034605426655730395414877676052211938385844209501290276226509140287163459047
23 21 4 79846593667158475626702148208020038638362903660773439412272317640132199948506693027445601756571522577510907768688447173238214534989083645757497252802321501382472854/354830275342093894604944426148427192557744311290263048391060541843172843829069022219901810034605426655730395414877676052211938385844209501290276226509140287163459047
23 21 12 5294869340264261695578810632020328770857344068990787965364673403752435272107381505420649386770474186355775992786481010293026405672118705087118387664039692232471972/9590007441678213367701200706714248447506603007844947253812447076842509292677541141078427298232579098803524200402099352762484821239032689224061519635382169923336731
23 22 1 323902237892415957495311029695234119556639584162306026773028788267135269134981659493411008203616312718527733361787401250631407967032940856039395145034642079512420221/354830275342093894604944426148427192557744311290263048391060541843172843829069022219901810034605426655730395414877676052211938385844209501290276226509140287163459047
23 22 4 36266842948992943193445964160892816048494018999441888812598898104127206394742703895420370234692227131566698381599243375668927115473622094503033911543835188556602767/709660550684187789209888852296854385115488622580526096782121083686345687658138044439803620069210853311460790829755352104423876771688419002580552453018280574326918094
23 22 8 6351739472459940640312185127397636819698486744444526697557875181173733292314713884197591952005863590125771691368687151751651321878511237784329726340921818100421375/354830275342093894604944426148427192557744311290263048391060541843172843829069022219901810034605426655730395414877676052211938385844209501290276226509140287163459047
23 22 12 12885753005443049745196458490698056314318461767583101028348858685600476408802593789166049523274273562587082341843931923988831078391892720430068798723317590544632135/709660550684187789209888852296854385115488622580526096782121083686345687658138044439803620069210853311460790829755352104423876771688419002580552453018280574326918094
23 23 0 7989417972666991421766889663874652782266298002200784704047196043559907805677944267015884945359971428659079672352497793448604418613352790667790499862682202630064453/354830275342093894604944426148427192557744311290263048391060541843172843829069022219901810034605426655730395414877676052211938385844209501290276226509140287163459047
23 23 1 236669066070591764837401758133108034738441720677956579164019152101250536309056701663967654404486397252858376069416147131189535108722792134818222941874677743587847301/709660550684187789209888852296854385115488622580526096782121083686345687658138044439803620069210853311460790829755352104423876771688419002580552453018280574326918094
23 23 13 457012648668262041528953314835997044812514305898167948210007539497975335737725454241804195774004513201284255415634209386337132825738921286426748511418238425478941887/709660550684187789209888852296854385115488622580526096782121083686345687658138044439803620069210853311460790829755352104423876771688419002580552453018280574326918094
24 0 8 187533868518174282533668282577259455373306964067969167730469600609480437095162962066388526347981643320317262921191985661749047397992538018386469682224498896054722913/354830275342093894604944426148427192557744311290263048391060541843172843829069022219901810034605426655730395414877676052211938385844209501290276226509140287163459047
24 0 23 193796626522119114930812565036756276718791815129711988019252759599094927286552080618530403854142408783312803051580841982504536177620487742077926659627224529280891421/709660550684187789209888852296854385115488622580526096782121083686345687658138044439803620069210853311460790829755352104423876771688419002580552453018280574326918094
24 0 33 140796187125720109211739722105579197650082879314875773301929122868289886181260039688496163519105157887513461935790538798421245798082855223729686428942058252936580847/709660550684187789209888852296854385115488622580526096782121083686345687658138044439803620069210853311460790829755352104423876771688419002580552453018280574326918094
24 1 3 109945912268017898894710665906671429157287551395275944278028978593476997370831100800826576218511639909046104806959910827670693992775465156653490912600528583228298552/354830275342093894604944426148427192557744311290263048391060541843172843829069022219901810034605426655730395414877676052211938385844209501290276226509140287163459047
24 1 6 1559346611397155805412838278569488188220187407954797646071587515842579003057122827987393694076197641397434878148494937418278742497773495849301569164675325483357/11633779519412914577211292660604170247794895452139772078395427601415503076362918761308256066708374644450176898848448395154489783142433098402959876278988206136506854
24 1 22 121415859760661971933283920902656701161832076693608995743166718613455692886189549967074898186792446356805440757302644540782050146183211954322111284685842813820005904/354830275342093894604944426148427192557744311290263048391060541843172843829069022219901810034605426655730395414877676052211938385844209501290276226509140287163459047
24 1 26 246841886483532821049769495543205385697767934970870974083319322434013909824910258411493440243264032723632456173663183176335873490478700597382540662726492585375824405/709660550684187789209888852296854385115488622580526096782121083686345687658138044439803620069210853311460790829755352104423876771688419002580552453018280574326918094
24 2 21 208084933001711956181516012123268285348441972386724274037529412472717171190885759886236340881116882406739054058034349194902437343256709916558021029747020187873481847/354830275342093894604944426148427192557744311290263048391060541843172843829069022219901810034605426655730395414877676052211938385844209501290276226509140287163459047
24 2 25 1528751443722100110116104581217471025177415362306721228305837136241364398293534144694416450651703902166496975244338794914642364268314775392508101825103140205284769/11633779519412914577211292660604170247794895452139772078395427601415503076362918761308256066708374644450176898848448395154489783142433098402959876278988206136506854
24 2 26 200236846613715770129774448596052081882782340706367553780406193430188116980460941840971534817223150465826367223781987224825817864807797870521516182192948646057583491/709660550684187789209888852296854385115488622580526096782121083686345687658138044439803620069210853311460790829755352104423876771688419002580552453018280574326918094
24 3 3 45574173362945327729314865887333839694406208100019273154790101059112650029206794566453931636132779747262384814513301715151024402741770639758654107716648765929241083/354830275342093894604944426148427192557744311290263048391060541843172843829069022219901810034605426655730395414877676052211938385844209501290276226509140287163459047
24 3 28 162471819980647015907801186920269959651909607388519149325083201650524804436832419515039248483579064925726941598305456574958254579545629458884055951654823079017129265/354830275342093894604944426148427192557744311290263048391060541843172843829069022219901810034605426655730395414877676052211938385844209501290276226509140287163459047
24 3 33 146784281998501550967828373340823393211428495801724625911187239133535389363029808138408629914893581982741069002058917762102659403556809402647566167137668442217088699/354830275342093894604944426148427192557744311290263048391060541843172843829069022219901810034605426655730395414877676052211938385844209501290276226509140287163459047
24 4 0 5049340223924042752102157544138314891367674055331355147183766845373606349402300025612448879556925722247214675328968287258458371302375268410065984265659163650003726/354830275342093894604944426148427192557744311290263048391060541843172843829069022219901810034605426655730395414877676052211938385844209501290276226509140287163459047
24 4 6 299739032687920863498432666058010506834582812517656233635162189248140534246167885069915545662883489723427569022826407372692939631808203710663278749506183670385867140/354830275342093894604944426148427192557744311290263048391060541843172843829069022219901810034605426655730395414877676052211938385844209501290276226509140287163459047
24 4 8 506767248590639257893150712542298457926889276269676269497674372138809103364810665501233311847024071708601611257269405452455390480192827817425115076973970899787664/8251866868420788246626614561591330059482425843959605776536291670771461484396954005113995582200126201296055707322736652377021822926609523285820377360677681096824629
24 4 24 28250910740851500265004121906959537140937585837679380020314587747689911788811978507820783082742976126585742432659715957804958592085338926067651544427416704436718629/354830275342093894604944426148427192557744311290263048391060541843172843829069022219901810034605426655730395414877676052211938385844209501290276226509140287163459047
24 5 1 249099197039437301075092422232314916018187622101568574637304866077593144812463188060439689613421564685240220437159260203853069409032890659867355814102742585002298415/709660550684187789209888852296854385115488622580526096782121083686345687658138044439803620069210853311460790829755352104423876771688419002580552453018280574326918094
24 5 3 79014016984966821108369914103927126024705371111466308409601755195151864307539863164973949728267024906108274955705590140665711111394655503140590240003317655227531967/354830275342093894604944426148427192557744311290263048391060541843172843829069022219901810034605426655730395414877676052211938385844209501290276226509140287163459047
24 5 7 302533319674816845918056601856685217047890258256024905325612707218448814230595130049416030999255238814004020481184911619239385139866217336432016158908902678869555745/709660550684187789209888852296854385115488622580526096782121083686345687658138044439803620069210853311460790829755352104423876771688419002580552453018280574326918094
24 6 7 40589078906815135064218294592983168451928229724475406150935971692658351618229811013926985439493548205838806382560676464326581027162469328875210150110916398813336969/709660550684187789209888852296854385115488622580526096782121083686345687658138044439803620069210853311460790829755352104423876771688419002580552453018280574326918094
24 6 9 465379128515072375756767483500281238168203694146650011260152110906382661629410193675249740202620896655520571496169918623721726961089893157347993296422745220472262451/709660550684187789209888852296854385115488622580526096782121083686345687658138044439803620069210853311460790829755352104423876771688419002580552453018280574326918094
24 6 28 101846171631150139194451537101794989247678349354700339685516500543652337205249019875313447213548204225050706475512378508187784391718028258178674503242309477520659337/354830275342093894604944426148427192557744311290263048391060541843172843829069022219901810034605426655730395414877676052211938385844209501290276226509140287163459047
24 7 10 325997884140296904800284018450180569446978972268661074043780699572828190121546895352322964229776378657653897714907467245059196066860907573438699230029530686685175417/709660550684187789209888852296854385115488622580526096782121083686345687658138044439803620069210853311460790829755352104423876771688419002580552453018280574326918094
24 7 19 362714402783809732506393659532564389917974388287659720904773778881956865856194221911429608475907090043689530307389679422983477473539782513091191100727505724750497047/709660550684187789209888852296854385115488622580526096782121083686345687658138044439803620069210853311460790829755352104423876771688419002580552453018280574326918094
24 7 29 10474131880040575951605587157054712875267631012102650916783302615780315840198463588025523681763692305058681403729102718190601615643864458025331061130622081445622815/354830275342093894604944426148427192557744311290263048391060541843172843829069022219901810034605426655730395414877676052211938385844209501290276226509140287163459047
24 8 3 235376262026302407284963388731065779051424416777640889594389071917541443633621757380588480030484931278955921242524065601874326733800710472426279201813231321858428217/354830275342093894604944426148427192557744311290263048391060541843172843829069022219901810034605426655730395414877676052211938385844209501290276226509140287163459047
24 8 22 48678666525330558896989137005495375676690959053857138805659808244920066285969767863750007264049197128462923186347036024580769429540608564800310339318245931322243133/354830275342093894604944426148427192557744311290263048391060541843172843829069022219901810034605426655730395414877676052211938385844209501290276226509140287163459047
24 8 27 70775346790460928422991900411866037829628935458765019991011661680711333909477496975563322740071298248311550986006574425756842222502890464063686685377663033982787697/354830275342093894604944426148427192557744311290263048391060541843172843829069022219901810034605426655730395414877676052211938385844209501290276226509140287163459047
24 9 0 43569022314539811664274248763183424924809701309908595171060702651002638230584013817433522955288844553035540605884391578435863750974283826684519328937119680913842947/709660550684187789209888852296854385115488622580526096782121083686345687658138044439803620069210853311460790829755352104423876771688419002580552453018280574326918094
24 9 16 194019755833634701876119981097767696015700688954000880874515913595051377944363632038184722725722842735144103301733232400073195665348317765503229722593710064662530897/709660550684187789209888852296854385115488622580526096782121083686345687658138044439803620069210853311460790829755352104423876771688419002580552453018280574326918094
24 9 22 236035886268006637834747311217951632087489116158308310368272233720145835741595199292092687194099583011640573461068864062957408677682908705196401700743725414375272125/354830275342093894604944426148427192557744311290263048391060541843172843829069022219901810034605426655730395414877676052211938385844209501290276226509140287163459047
24 10 7 88163685692704294326467445426007516686141240501417602932336165863317333080918972220618172822904463964354934377823176030081240888977860067903703517291770674223704583/354830275342093894604944426148427192557744311290263048391060541843172843829069022219901810034605426655730395414877676052211938385844209501290276226509140287163459047
24 10 20 247254118543953370175087230906128715685740547379634877436653327791955610852170723478297791234581390739248686306385865694904174551973130799199352213425580891742725116/354830275342093894604944426148427192557744311290263048391060541843172843829069022219901810034605426655730395414877676052211938385844209501290276226509140287163459047
24 10 23 19412471105436230103389749816290960185862523409210568022071048187899899895979326520985845977119571952126774730668634327226522944893218634187220495791788721197029348/354830275342093894604944426148427192557744311290263048391060541843172843829069022219901810034605426655730395414877676052211938385844209501290276226509140287163459047
24 11 0 2513109374323237106543564008225392258768005334079229338321909111447099642668650527503685121012097976823048887649894136794286231500798691519142695516115268934551221/16503733736841576493253229123182660118964851687919211553072583341542922968793908010227991164400252402592111414645473304754043645853219046571640754721355362193649258
24 11 4 246689084050336991134384681892898149666545998972158879559067051302156874036467406606724795055542282093693775191412004691900391143052623403279919378474525005872196175/709660550684187789209888852296854385115488622580526096782121083686345687658138044439803620069210853311460790829755352104423876771688419002580552453018280574326918094
24 11 5 116354354121743521092627692764255541478490516527308469092551550611596815048536986429978759884603441631650377983607127302011704788139409926456524215763057156978554499/354830275342093894604944426148427192557744311290263048391060541843172843829069022219901810034605426655730395414877676052211938385844209501290276226509140287163459047
24 11 21 61099527647232280154437766260876642682468680594171708745054419684384949444922346145231422520470737475537578751091822463172884048911316005532224367912342345155955209/354830275342093894604944426148427192557744311290263048391060541843172843829069022219901810034605426655730395414877676052211938385844209501290276226509140287163459047
24 12 0 280460094499066251562923626174527728466734636162526100483547112482847955398912343898149211607043924031308778000036866767243576636576506881429827158015454160767998813/354830275342093894604944426148427192557744311290263048391060541843172843829069022219901810034605426655730395414877676052211938385844209501290276226509140287163459047
24 12 4 8043734946851195144327929762943401756298283940165133804361625006077709040711054153205168099411675632835878887491603828496299288307865874866392021589883519809566318/354830275342093894604944426148427192557744311290263048391060541843172843829069022219901810034605426655730395414877676052211938385844209501290276226509140287163459047
24 12 20 66326445896176447897692870210956062334711391187571814103151804354247179389445624168547430328149826991585738527349205456472062460959836744994057046903802606585893916/354830275342093894604944426148427192557744311290263048391060541843172843829069022219901810034605426655730395414877676052211938385844209501290276226509140287163459047
24 13 14 333710717292792783219268456244347596363416055163746228155471723341267059759510539102066918531469195182917685150450385508684291179221889654122691055883703986578426323/709660550684187789209888852296854385115488622580526096782121083686345687658138044439803620069210853311460790829755352104423876771688419002580552453018280574326918094
24 13 17 92473470788755962386736992267072723315320392540812394945453861086264271061673016333876698191856830426221367331417116419225222095179983670457675566736648122310610447/354830275342093894604944426148427192557744311290263048391060541843172843829069022219901810034605426655730395414877676052211938385844209501290276226509140287163459047
24 13 18 71402658393578801274810336490776582188424823837574955743454471394612315162771897105711001935717727904005170760328547647446092983484063607898556809735177832851098429/354830275342093894604944426148427192557744311290263048391060541843172843829069022219901810034605426655730395414877676052211938385844209501290276226509140287163459047
24 13 23 1302637162884472396419614555048869668772490125946085601319802577927715012155072390771927061691690309948379175562530769253971768517254994371497206599754721011488487/19180014883356426735402401413428496895013206015689894507624894153685018585355082282156854596465158197607048400804198705524969642478065378448123039270764339846673462
24 14 1 69071643233738400844611917083408460468455824474738709100283841632327115775488835822745729405378938501625889133974116784027589795867810198189955560283428500521524608/354830275342093894604944426148427192557744311290263048391060541843172843829069022219901810034605426655730395414877676052211938385844209501290276226509140287163459047
24 14 4 12082531631257882305893283268583565042680921000408137428524433009150065165514667979991153885845675325967383775903588270053303190097328852454546262402183381438893683/19180014883356426735402401413428496895013206015689894507624894153685018585355082282156854596465158197607048400804198705524969642478065378448123039270764339846673462
24 14 13 124463593860169342202613537192445557599382896615947593726149379083139044983117657534639467482162989247415812853374352544396479146351631065382429623570638460044802607/709660550684187789209888852296854385115488622580526096782121083686345687658138044439803620069210853311460790829755352104423876771688419002580552453018280574326918094
24 15 0 44804615125789370727170834849000019541992876350259260926916484028686071732771879949109940578935847965139623341937789843523107392773533293475102564401662712549745898/354830275342093894604944426148427192557744311290263048391060541843172843829069022219901810034605426655730395414877676052211938385844209501290276226509140287163459047
24 15 9 105041745011306897761114984151632500789085476636203697481994892325007056340332234625155197716921790831463772063203348024669201160000727550196286368378726562546124579/709660550684187789209888852296854385115488622580526096782121083686345687658138044439803620069210853311460790829755352104423876771688419002580552453018280574326918094
24 15 13 32001707950264078163888146971848054169044795467197526300345582951565849719471394010075585040399462558521799801661265887166277869466067947691691247145718369048436171/709660550684187789209888852296854385115488622580526096782121083686345687658138044439803620069210853311460790829755352104423876771688419002580552453018280574326918094
24 15 17 252548532181247491808024775421655298405744856415683761074259060058574512275668159364373168967493784243938870506017684427051390446248608493796571526181084372733194161/709660550684187789209888852296854385115488622580526096782121083686345687658138044439803620069210853311460790829755352104423876771688419002580552453018280574326918094
24 15 18 230459335289790580022519276053718492667627741360922590071688580293826125857122496541979787186524119747257101774997474078490792510425948423945798182509425844899671387/709660550684187789209888852296854385115488622580526096782121083686345687658138044439803620069210853311460790829755352104423876771688419002580552453018280574326918094
24 16 8 181571487449693863285915157308492758838954973325370859708338552958681862493809832064927429127725672531477278658742708048491415940677116654302674591596029026270375387/354830275342093894604944426148427192557744311290263048391060541843172843829069022219901810034605426655730395414877676052211938385844209501290276226509140287163459047
24 16 13 173258787892400031319029268839934433718789337964892188682721988884490981335259190154974380906879754124253116756134968003720522445167092846987601634913111260893083660/354830275342093894604944426148427192557744311290263048391060541843172843829069022219901810034605426655730395414877676052211938385844209501290276226509140287163459047
24 17 13 13051817332557529537038603286289642945840287381749742353656779928773899456243208712935962925782002605720220862420893751315525793373037608316809216071447617944350381/709660550684187789209888852296854385115488622580526096782121083686345687658138044439803620069210853311460790829755352104423876771688419002580552453018280574326918094
24 17 18 59751203425487541072263119642566392115987814358815622229809134554481371687845012906305695196271594533342364317659200602684157985214980181698452706703443014323032561/354830275342093894604944426148427192557744311290263048391060541843172843829069022219901810034605426655730395414877676052211938385844209501290276226509140287163459047
24 17 19 577106326500655177528324009725431957937672706481145109968846034648609044826204809914256266750885661639055841332016057147740035007885421030866837823539946927736502591/709660550684187789209888852296854385115488622580526096782121083686345687658138044439803620069210853311460790829755352104423876771688419002580552453018280574326918094
24 18 2 156329800202102636944578733511913395907371608817195723897004774619080165099583168265997716050665158110538260985967797133985519227779634227785605201804342827914880787/354830275342093894604944426148427192557744311290263048391060541843172843829069022219901810034605426655730395414877676052211938385844209501290276226509140287163459047
24 18 16 198500475139991257660365692636513796650372702473067324494055767224092678729485853953904093983940268545192134428909878918226419158064575273504671024704797459248578260/354830275342093894604944426148427192557744311290263048391060541843172843829069022219901810034605426655730395414877676052211938385844209501290276226509140287163459047
24 19 2 200725903993288218681405056244853245896912894403506432654226074608180834705391409881375174211808755959096053010576696627286434848544575849888769064474363793214062763/354830275342093894604944426148427192557744311290263048391060541843172843829069022219901810034605426655730395414877676052211938385844209501290276226509140287163459047
24 19 9 61222185007593875503270690916023619861384436716721006365519728632538918560339930089145898904714824051835211800503690688414710810226672219742028748139843557715982757/354830275342093894604944426148427192557744311290263048391060541843172843829069022219901810034605426655730395414877676052211938385844209501290276226509140287163459047
24 19 10 14344779768326278237568318691794764739502497464831289559514735461456652068516366333531819671249393578236335878845454580278437150947888549192772195225554625030089941/709660550684187789209888852296854385115488622580526096782121083686345687658138044439803620069210853311460790829755352104423876771688419002580552453018280574326918094
24 19 13 35707873940219531119506990725251358394884031470758916982974363745734700978795693725952272799877581191558719795546919409780838978072425342663279977503022465842833263/354830275342093894604944426148427192557744311290263048391060541843172843829069022219901810034605426655730395414877676052211938385844209501290276226509140287163459047
24 19 16 100003845033658260363955057832803172069623399933722095217166014251980127100567610713325108565159137328244485737655284073181470347053183628799624677558266315751070587/709660550684187789209888852296854385115488622580526096782121083686345687658138044439803620069210853311460790829755352104423876771688419002580552453018280574326918094
24 20 5 185266557471002836442402821257737804527971815733628297133822902845634904422604380136276413618697523584600550499597065193264385694914211260994607292322520897689196825/354830275342093894604944426148427192557744311290263048391060541843172843829069022219901810034605426655730395414877676052211938385844209501290276226509140287163459047
24 20 14 169563717871091058162541604890689388029772495556634751257237638997537939406464642083625396415907903071129844915280610858947552690929998240295668934186619389474262222/354830275342093894604944426148427192557744311290263048391060541843172843829069022219901810034605426655730395414877676052211938385844209501290276226509140287163459047
24 21 5 48888235066016294024102355848793480564453455812085241037335808246381374003169794754719645048794832193266310595927142727373399304946273477186419286851857088082721359/709660550684187789209888852296854385115488622580526096782121083686345687658138044439803620069210853311460790829755352104423876771688419002580552453018280574326918094
24 21 11 361004502135960899883417639442172922625774031848116190136999577903257738780403544381850454962302676121442426985412157484820551059289438863782334613448033444584440701/709660550684187789209888852296854385115488622580526096782121083686345687658138044439803620069210853311460790829755352104423876771688419002580552453018280574326918094
24 21 12 32785237232720584812002853773618006492575086428535565404112885342483602764605496746865356194605594639184056590021922548085810487109389252367798552707880154699707163/709660550684187789209888852296854385115488622580526096782121083686345687658138044439803620069210853311460790829755352104423876771688419002580552453018280574326918094
24 21 14 266982576249490010490366003232269975432686048491789100203672812194222972109959208556368163863507750357567996658394129344144115920343317409244000000010509886960048871/709660550684187789209888852296854385115488622580526096782121083686345687658138044439803620069210853311460790829755352104423876771688419002580552453018280574326918094
24 22 0 63779952088233286352338465502894465001811395478627970519711146186761360427444998789925344968455149344463748414984323657041527987305872547660191137385912166725978657/354830275342093894604944426148427192557744311290263048391060541843172843829069022219901810034605426655730395414877676052211938385844209501290276226509140287163459047
24 22 7 135159719469150758157662676603503557324880842457568902365779698349422783263010427033849181603430238094454117681880965846912447499241856346435022357854995943855360558/354830275342093894604944426148427192557744311290263048391060541843172843829069022219901810034605426655730395414877676052211938385844209501290276226509140287163459047
24 22 13 4213259561748914867430899568703491087325731712272058797447829656945640544286853956652088742235676735589527819405740176979944943224229205599866560304546815583300536/9590007441678213367701200706714248447506603007844947253812447076842509292677541141078427298232579098803524200402099352762484821239032689224061519635382169923336731
24 23 1 415134187892067285171764126675459255106776499806500653934318639792815305776823176055034253088933663535155557393397540533461562255899564833021090283841834628526687027/709660550684187789209888852296854385115488622580526096782121083686345687658138044439803620069210853311460790829755352104423876771688419002580552453018280574326918094
24 23 2 72284981278146453229036190003541027227204556667789588351686702269009133527393030311934224030120638643573018153836502514487329990562067151416459349970695401004369601/354830275342093894604944426148427192557744311290263048391060541843172843829069022219901810034605426655730395414877676052211938385844209501290276226509140287163459047
24 23 7 149956400235827597580052345614313075554303009438446266144429039355512114826528807760900918920035912489159197128684806541987654534664719866726543469235055143791491865/709660550684187789209888852296854385115488622580526096782121083686345687658138044439803620069210853311460790829755352104423876771688419002580552453018280574326918094
24 24 1 68722028942741761049318643091702627896885661955629092050714312197751614271067498032360236856839823229548907770450351132676850612378563827344835852878009218957482490/354830275342093894604944426148427192557744311290263048391060541843172843829069022219901810034605426655730395414877676052211938385844209501290276226509140287163459047
24 24 2 40569679168695146162338854868690504896334487495910670533892355269012822008831907453535823320801823128165353669321872009602472173826324542888180845884324304110186668/354830275342093894604944426148427192557744311290263048391060541843172843829069022219901810034605426655730395414877676052211938385844209501290276226509140287163459047
24 24 5 287690671032955900940554285365216175278268974434846057383535098369721097736946503938455883171395989056977204077070208852797932210371687691869346621244439455068775631/709660550684187789209888852296854385115488622580526096782121083686345687658138044439803620069210853311460790829755352104423876771688419002580552453018280574326918094
24 24 9 203386463428358073846019571010851944250779349242600514229372650383095717361392729529555616542531571539055063873140696967067298988906954570245172434249174073122804147/709660550684187789209888852296854385115488622580526096782121083686345687658138044439803620069210853311460790829755352104423876771688419002580552453018280574326918094
25 0 4 561600253696577491403489478637345621197880872125428328371611535743245785083565170752526327383685761986069750053829202380193328984596489631887294309007493730395128823/709660550684187789209888852296854385115488622580526096782121083686345687658138044439803620069210853311460790829755352104423876771688419002580552453018280574326918094
25 0 12 148060296987610297806399373659508763917607750455097768410509547943099902574572873687277292685525091325391040775926149724230547787091929370693258144010786843931789271/709660550684187789209888852296854385115488622580526096782121083686345687658138044439803620069210853311460790829755352104423876771688419002580552453018280574326918094
25 1 6 90719777547762655586582605107907830255115533988799158712541174690633299028168573261199621933221086769767305492455175426955346095924639860382876583713666404994639727/709660550684187789209888852296854385115488622580526096782121083686345687658138044439803620069210853311460790829755352104423876771688419002580552453018280574326918094
25 1 9 213057757621361437249544363397728535870469803671051976733022620375930382312885983658461443814977798985117416600852008039095956159786255537999585393595832430319737898/354830275342093894604944426148427192557744311290263048391060541843172843829069022219901810034605426655730395414877676052211938385844209501290276226509140287163459047
25 1 10 41490926231027346206302193287356798305510224853098956826065106786174530120794237972478535998722758205715699993940139219522838224505702069086616020743288439365703275/709660550684187789209888852296854385115488622580526096782121083686345687658138044439803620069210853311460790829755352104423876771688419002580552453018280574326918094
25 1 12 17226886207978690853103474081405056373192905343258772385475920946142329015438414612399883776540199173444657255491580811937139366298180939804031892456716620816714286/354830275342093894604944426148427192557744311290263048391060541843172843829069022219901810034605426655730395414877676052211938385844209501290276226509140287163459047
25 1 32 100513324525187190961751452134556555346186425661244584172326068629530028304266373865110442538445257613398775247350277527843973221677133472362211820034120716205527549/709660550684187789209888852296854385115488622580526096782121083686345687658138044439803620069210853311460790829755352104423876771688419002580552453018280574326918094
25 1 33 16367234721530340249956926808766016721351020048761898834191650935862407548260062799292364415785754405454862383322582228035528177412070645141613456422106911488143175/709660550684187789209888852296854385115488622580526096782121083686345687658138044439803620069210853311460790829755352104423876771688419002580552453018280574326918094
25 2 8 129498329206944951072689972347231548853638095375740693926677704910091066993024024210094159964335066070920074081686955705327427859473750610993588746897402253501856207/709660550684187789209888852296854385115488622580526096782121083686345687658138044439803620069210853311460790829755352104423876771688419002580552453018280574326918094
25 2 10 130279447725844296714550919638313668141702386000018104544051635269558433234315298805149162619437278758443178528780023027272389981298109261277084926711228155408320499/709660550684187789209888852296854385115488622580526096782121083686345687658138044439803620069210853311460790829755352104423876771688419002580552453018280574326918094
25 2 16 143732462136906556571895908155565943976593727491422027837225897232267057709051280321141569824840948696666935387583419323715450786653838496319711277210498368446469003/709660550684187789209888852296854385115488622580526096782121083686345687658138044439803620069210853311460790829755352104423876771688419002580552453018280574326918094
25 2 24 306150311614491984850752052155743224143554413713345270474165846274429129721747441103418727660597559785430602831704954048108608144262720633990167502199151796970272385/709660550684187789209888852296854385115488622580526096782121083686345687658138044439803620069210853311460790829755352104423876771688419002580552453018280574326918094
25 3 12 49016524892103416272117538520904231026569104135550601206749759334510582809632630379769485499066807013562349008439031848793283743437916628410723761257399656500936929/354830275342093894604944426148427192557744311290263048391060541843172843829069022219901810034605426655730395414877676052211938385844209501290276226509140287163459047
25 3 17 5107112666493734559459253671196922473807938073991747496192902977677484559263011130217592219328160343172608318924493186327654660492483592324138791664040846588680595/16503733736841576493253229123182660118964851687919211553072583341542922968793908010227991164400252402592111414645473304754043645853219046571640754721355362193649258
25 3 24 392021656240750370608905867393578256688609077127779752032326736977192685990563305080908183639966344527913935099124081394748158883635791275821136888949724858011778651/709660550684187789209888852296854385115488622580526096782121083686345687658138044439803620069210853311460790829755352104423876771688419002580552453018280574326918094
25 4 1 4898189558783844171640615443404841129576593680337742837974214432136972629254173213382845192675538588183412729326634488054765111219475429631157072449594484727817600/354830275342093894604944426148427192557744311290263048391060541843172843829069022219901810034605426655730395414877676052211938385844209501290276226509140287163459047
25 4 3 200923729172577752713846073370928184971779095867089576945171211819868191224635293250333427592174017256982800450173355688220881164229232857058771558791124025699825842/354830275342093894604944426148427192557744311290263048391060541843172843829069022219901810034605426655730395414877676052211938385844209501290276226509140287163459047
25 4 27 149008356610732297719457737334094166456388621742835728607915115591167679975179555756185537249755870810564182235377685875936292110395501214600347595268421776735815605/354830275342093894604944426148427192557744311290263048391060541843172843829069022219901810034605426655730395414877676052211938385844209501290276226509140287163459047
25 5 11 153029933263266622505306183198878285303811772108818313380995204430356013667462627524413319545214880880141879714974545409005589719783599177123518107257741716517827067/354830275342093894604944426148427192557744311290263048391060541843172843829069022219901810034605426655730395414877676052211938385844209501290276226509140287163459047
25 5 30 201800342078827272099638242949548907253932539181444735010065337412816830161606394695488490489390545775588515699903130643206348666060610324166758119251398570645631980/354830275342093894604944426148427192557744311290263048391060541843172843829069022219901810034605426655730395414877676052211938385844209501290276226509140287163459047
25 6 10 69696000344047058754779822218191087909444002491444836176665564476059481728129818509007754321369868833988091003780153092448648045117766173499293158902653976026133361/709660550684187789209888852296854385115488622580526096782121083686345687658138044439803620069210853311460790829755352104423876771688419002580552453018280574326918094
25 6 25 271110272319921739398457627309940393852009094988373677608651417924838707212953350684335920504635228382866145121493632087734102142238777727766815235485819809528286069/709660550684187789209888852296854385115488622580526096782121083686345687658138044439803620069210853311460790829755352104423876771688419002580552453018280574326918094
25 6 29 184427139010109495528325701384361451677017762550353791498402050642723749358527437623229972621602878047303277352240783462120563292165937550657222029314903394386249332/354830275342093894604944426148427192557744311290263048391060541843172843829069022219901810034605426655730395414877676052211938385844209501290276226509140287163459047
25 7 2 18709698404487294293501928613826946598231467707043788454515122905911281318078169893718977229659344879111328360314176394647913295953542169082905901630250427766924714/354830275342093894604944426148427192557744311290263048391060541843172843829069022219901810034605426655730395414877676052211938385844209501290276226509140287163459047
25 7 3 90550270150295618129055418899151583347219595368889037474682174822095835575536924788173541942951249119328795815561423429505117668206747554999260681181371823619428712/354830275342093894604944426148427192557744311290263048391060541843172843829069022219901810034605426655730395414877676052211938385844209501290276226509140287163459047
25 7 9 96429044784836539224189173613087418644192439594839345851533497322358363471866859304911076334863823717127959452994726880772069996167853485170717278769209402042382221/354830275342093894604944426148427192557744311290263048391060541843172843829069022219901810034605426655730395414877676052211938385844209501290276226509140287163459047
25 7 15 111874305536868315715840776345958953501852252481246248868424121100117416530384331415053691876633002131524179127481273252274560234014083812728962541012874305922520987/354830275342093894604944426148427192557744311290263048391060541843172843829069022219901810034605426655730395414877676052211938385844209501290276226509140287163459047
25 7 25 37266956465606127242357128676402290466248556138244627741905625692689946933202736818044522650498006808638132658526076095012277191501982479308429823915434327812202413/354830275342093894604944426148427192557744311290263048391060541843172843829069022219901810034605426655730395414877676052211938385844209501290276226509140287163459047
25 8 7 90969695682370402846837337734074612034261662551051390706502853226716055673584087555519537655085744473630794765559284847463288397972677916447973007972578306964867783/709660550684187789209888852296854385115488622580526096782121083686345687658138044439803620069210853311460790829755352104423876771688419002580552453018280574326918094
25 8 18 207837452797237208198010600726323364248798972677378081733628701683414101951934825529050306019618787597465276088321522092378628003900067600588394817801983787940945586/354830275342093894604944426148427192557744311290263048391060541843172843829069022219901810034605426655730395414877676052211938385844209501290276226509140287163459047
25 8 24 203015949407342969967030313110133044583629014674718542608360827092801428080684305826183470374887533642899443887553023072203332365915605884955789809441734691480159139/709660550684187789209888852296854385115488622580526096782121083686345687658138044439803620069210853311460790829755352104423876771688419002580552453018280574326918094
25 9 12 97435988610718907661907129827059531042900907421394420244248588398907155365270329706743697124094952397142832803515280414068044368983256007707662844843378574472508719/709660550684187789209888852296854385115488622580526096782121083686345687658138044439803620069210853311460790829755352104423876771688419002580552453018280574326918094
25 9 23 300058786093717674046013224743679580391680477093866118812185727365112298800876521531308313102697131602192491994529340595850795897892314992459706862751128634435127524/354830275342093894604944426148427192557744311290263048391060541843172843829069022219901810034605426655730395414877676052211938385844209501290276226509140287163459047
25 9 25 12106989886033533455955272982435693289226760971399438913501040557213934691114671670443296739721637709932974037181390498654240606920533009953475882672644730984154327/709660550684187789209888852296854385115488622580526096782121083686345687658138044439803620069210853311460790829755352104423876771688419002580552453018280574326918094
25 10 5 211465399057847260110542240270416932417206421886938903034701558776320935846970579853479355895323254329243041257114565702024720524452162612397776041812039769921372431/709660550684187789209888852296854385115488622580526096782121083686345687658138044439803620069210853311460790829755352104423876771688419002580552453018280574326918094
25 10 11 417154521018397474485895569124125053641698832658670592934810394278477273774316815020847864803888840237073506459693202568002162088651030261806044657196430169754808039/709660550684187789209888852296854385115488622580526096782121083686345687658138044439803620069210853311460790829755352104423876771688419002580552453018280574326918094
25 10 23 35946536991571579684831896417090589282739587123500408365203692532430918102634073645151424491277944440893368611241306994292824861795994186024104959260587444843476520/354830275342093894604944426148427192557744311290263048391060541843172843829069022219901810034605426655730395414877676052211938385844209501290276226509140287163459047
25 10 25 4573778312399947621893625034065610245552096893957892041100872783342820915791251137586775193721434931678752945232484922905672217496618878164260917744317872481892292/354830275342093894604944426148427192557744311290263048391060541843172843829069022219901810034605426655730395414877676052211938385844209501290276226509140287163459047
25 11 2 128358121586179131238903917337834916052531708190790032044911786204454699375593878928636431853439680850614811283583210002978102933917325586246098584483436467531161097/354830275342093894604944426148427192557744311290263048391060541843172843829069022219901810034605426655730395414877676052211938385844209501290276226509140287163459047
25 11 9 5458043997453834535885328506402220390690751241856133794590063760744848456581951777554441724222723652942281086497149223022145468927101590108965636495366626362521655/354830275342093894604944426148427192557744311290263048391060541843172843829069022219901810034605426655730395414877676052211938385844209501290276226509140287163459047
25 11 11 1555363809192462831289615612841918744002549017111605545737658846351948638053892459891901296545921257675030943277004576099494668124240614342197676468466366307797024/9590007441678213367701200706714248447506603007844947253812447076842509292677541141078427298232579098803524200402099352762484821239032689224061519635382169923336731
25 11 22 163465648818339804072439402629039062586427538224487477359265314562951196388899170497710588484743935618197158143548147510530387262402879594273897976197081639881286407/354830275342093894604944426148427192557744311290263048391060541843172843829069022219901810034605426655730395414877676052211938385844209501290276226509140287163459047
25 12 1 124820486817233955698495857209610529757633309412788833151622793115154612179524667702063350203691350411220830184339364609845049573142987555659385654193898422473962870/354830275342093894604944426148427192557744311290263048391060541843172843829069022219901810034605426655730395414877676052211938385844209501290276226509140287163459047
25 12 9 435939066213077209930401851472262463502196819693576830727511552011161903864086674682113175000608305627522137892769943101316929204546555880024601949685900891148173/4762822487813340867180462095952042853124084715305544273705510628767420722537839224428212215229603042358797253890975517479354877662338382567654714449787117948502806
25 12 17 8854022868722954716031075258142677826629091385441772108052664827666186841138964128460612493495374369079073608113444909706004708386153723178172384886444187099103071/354830275342093894604944426148427192557744311290263048391060541843172843829069022219901810034605426655730395414877676052211938385844209501290276226509140287163459047
25 12 19 377356610446525464101205111491980862885136494849721938484370946551040965941061866251120831599746766212360184698827011543225545757152699618781770684354396122399708435/709660550684187789209888852296854385115488622580526096782121083686345687658138044439803620069210853311460790829755352104423876771688419002580552453018280574326918094
25 13 1 165611848535758008280074054564987480618369497744458816428973973665352746262456288883772994816899004176944533056857426793354088815474654101525896700507101028068273130/354830275342093894604944426148427192557744311290263048391060541843172843829069022219901810034605426655730395414877676052211938385844209501290276226509140287163459047
25 13 4 189218426806335886324870371583439711939374813545804231962086568177820097566612733336128815217706422478785862358020249258857849570369555399764379526002039259095185917/354830275342093894604944426148427192557744311290263048391060541843172843829069022219901810034605426655730395414877676052211938385844209501290276226509140287163459047
25 14 2 242271837523169761454124434284775928113564126683686135359303970203680610893984037137594174137875603067094822840114309499338369104973520024995237160379035083884367031/709660550684187789209888852296854385115488622580526096782121083686345687658138044439803620069210853311460790829755352104423876771688419002580552453018280574326918094
25 14 6 467388713161018027755764418012078457001924495896839961422817113482665076764154007302209445931335250244365967989641042605085507666714898977585315292639245490442551063/709660550684187789209888852296854385115488622580526096782121083686345687658138044439803620069210853311460790829755352104423876771688419002580552453018280574326918094
25 15 1 23562502950848063265731593802388973750063226726316302050616766420500043243285086763607294375479238285669940873597707486715664397733304281451562634262891666702958591/709660550684187789209888852296854385115488622580526096782121083686345687658138044439803620069210853311460790829755352104423876771688419002580552453018280574326918094
25 15 2 9795405811941337712620855960546510695673631344758039713845846156400852513224224942201736853140772422319119967432257800879907913721435718514356841607520487472391973/19180014883356426735402401413428496895013206015689894507624894153685018585355082282156854596465158197607048400804198705524969642478065378448123039270764339846673462
25 15 6 56951077730898912059671609600777026045900049274546967109710275810894029007349304894755203661696907536019223864722538574123193878368539759499715883835260131560008649/354830275342093894604944426148427192557744311290263048391060541843172843829069022219901810034605426655730395414877676052211938385844209501290276226509140287163459047
25 15 15 24690429193496659897873099398363005133898798122688746565113320675746493351888581146647733961061338673797878931596229008178693648761163468215994773395835094521771172/354830275342093894604944426148427192557744311290263048391060541843172843829069022219901810034605426655730395414877676052211938385844209501290276226509140287163459047
25 15 19 80192509421359543331048084977982226632951670651845448984780408252866528353540431365963093441003271490174602784263285410273922256001293340333182682407470209490948430/354830275342093894604944426148427192557744311290263048391060541843172843829069022219901810034605426655730395414877676052211938385844209501290276226509140287163459047
25 16 14 105091246649115654972510658796594830583630164068773238267937176127656911935033574669268542548338324094160827815456512452746272654537459261707049529018360998169904766/354830275342093894604944426148427192557744311290263048391060541843172843829069022219901810034605426655730395414877676052211938385844209501290276226509140287163459047
25 16 15 428340041395486007661408900199239891834468560492129007838067651077309658766687404623942673186882862994659110134298899985692157381065601690608025573404349280820552/9590007441678213367701200706714248447506603007844947253812447076842509292677541141078427298232579098803524200402099352762484821239032689224061519635382169923336731
25 16 18 39532881884871621501731160287684587608210142081508726579846855549132412997324875064325186624933041999555755662214335343715911252525243199732703824549093832783277410/354830275342093894604944426148427192557744311290263048391060541843172843829069022219901810034605426655730395414877676052211938385844209501290276226509140287163459047
25 16 19 54222508658462895536610733157524509623715582782778685982979240679698392458602235048559807149003656745568034579924975997001893275364360940741495728913101439970173145/354830275342093894604944426148427192557744311290263048391060541843172843829069022219901810034605426655730395414877676052211938385844209501290276226509140287163459047
25 16 20 140135056618010740310619744599251388744313085618993624270288766396824669063740903466662394804415737885643390282312792959277251380317718836556530197812623092849743302/354830275342093894604944426148427192557744311290263048391060541843172843829069022219901810034605426655730395414877676052211938385844209501290276226509140287163459047
25 17 1 15981546915885331135185049762299829318624486658741560766065757785191051089795926359060478988874799022738983306279487544276852711238234862923343009215729942039442897/354830275342093894604944426148427192557744311290263048391060541843172843829069022219901810034605426655730395414877676052211938385844209501290276226509140287163459047
25 17 4 38143651741928499452292250280628296569043007583147827593084929739049967636318558965215626600624461134317993671144433083864423641045733869438221641797409083594845905/709660550684187789209888852296854385115488622580526096782121083686345687658138044439803620069210853311460790829755352104423876771688419002580552453018280574326918094
25 17 5 156201964230259637206765279392277661206462649061229178524451987940877261399277075266235163876285509755282252048228476912400475666176801012762962954861279166897875999/354830275342093894604944426148427192557744311290263048391060541843172843829069022219901810034605426655730395414877676052211938385844209501290276226509140287163459047
25 17 6 153085056440299628021916114881656501148416689182725782767045381021424757023044003018540054615886457995893873614736419400743105123502357971943325679392774586811569237/354830275342093894604944426148427192557744311290263048391060541843172843829069022219901810034605426655730395414877676052211938385844209501290276226509140287163459047
25 17 12 20979763769370097029863713943758105199437965191985225073909900452309580997585476186916598506492858629312579220122151305718586128807897437883067524281304099234295923/709660550684187789209888852296854385115488622580526096782121083686345687658138044439803620069210853311460790829755352104423876771688419002580552453018280574326918094
25 18 0 43316368620788430997625740505793771096552826286302204195243347390555104155185885506505484695893757752831514512366649910014677735102499129799243398461554946925404595/709660550684187789209888852296854385115488622580526096782121083686345687658138044439803620069210853311460790829755352104423876771688419002580552453018280574326918094
25 18 1 331994112445007421668999724321859006247202505081214411468979357421765140287761997309832951639962445394114009013810599623996274946497326119923147495813441910858394977/709660550684187789209888852296854385115488622580526096782121083686345687658138044439803620069210853311460790829755352104423876771688419002580552453018280574326918094
25 18 9 34960952260448741138558092799161771775236770512902915710290325847193394652214692482992298550609772887787139438072363891556192390395344202305862267369985412630988672/354830275342093894604944426148427192557744311290263048391060541843172843829069022219901810034605426655730395414877676052211938385844209501290276226509140287163459047
25 18 18 132214082548747227133073600935439032110629875093601824848658863589819326955380388328740293316067552194470494213716687393650269654648952674123218512001656445640570589/354830275342093894604944426148427192557744311290263048391060541843172843829069022219901810034605426655730395414877676052211938385844209501290276226509140287163459047
25 19 14 218387284340715218500176522680844359620837091586860255247523651125958315729064734641958254844624205767874373348193127744786364413178553787194191271879028639851995385/354830275342093894604944426148427192557744311290263048391060541843172843829069022219901810034605426655730395414877676052211938385844209501290276226509140287163459047
25 19 15 136442991001378676104767903467582832936907219703402793143536890717214528100004287577943555189981220887856022066684548307425573972665655714096084954630111647311463662/354830275342093894604944426148427192557744311290263048391060541843172843829069022219901810034605426655730395414877676052211938385844209501290276226509140287163459047
25 20 8 533665706635934222867354029941781937089284907370072745759553963522349403904033076812715374033245351016174370812224788502935202079244715497186016096433787073172759629/709660550684187789209888852296854385115488622580526096782121083686345687658138044439803620069210853311460790829755352104423876771688419002580552453018280574326918094
25 20 9 175994844048253566342534822355072448026203715210453351022567120163996283754104967627088246035965502295286420017530563601488674692443703505394536356584493501154158465/709660550684187789209888852296854385115488622580526096782121083686345687658138044439803620069210853311460790829755352104423876771688419002580552453018280574326918094
25 21 0 123294760676293276753227213891059650619201667226767448559452958275025184693377984190023562746315180849442944615596709622748105729743398908389624200399022004228544412/354830275342093894604944426148427192557744311290263048391060541843172843829069022219901810034605426655730395414877676052211938385844209501290276226509140287163459047
25 21 12 86245837259083985835296811032156867778951769196247835363646194059941783756331550858913563168455987936832317464349361498908715746769379356933091649930732400446843/2381411243906670433590231047976021426562042357652772136852755314383710361268919612214106107614801521179398626945487758739677438831169191283827357224893558974251403
25 21 13 3584998113347493507577999793665183092450472630381224137088922961528136612393403884457379120921152518093433368804801828952892360816920869978977399512630150086366148/5816889759706457288605646330302085123897447726069886039197713800707751538181459380654128033354187322225088449424224197577244891571216549201479938139494103068253427
25 22 7 197321913737944599822205191250507264706369059263077458289741575140425105351042974536306784823534101160297883641326481165456527472012775404952941146770244284410593684/354830275342093894604944426148427192557744311290263048391060541843172843829069022219901810034605426655730395414877676052211938385844209501290276226509140287163459047
25 22 8 157508361604149294782739234897919927851375252027185590101318966702747738478026047683595025211071325495432511773551194886755410913831434096337335079738896002752865363/354830275342093894604944426148427192557744311290263048391060541843172843829069022219901810034605426655730395414877676052211938385844209501290276226509140287163459047
25 23 3 177012275337365706639134543119930596513862479167299811829030846569986781645007365482249916170447099171993385914554622694281130220345521285517492134281547538106878097/709660550684187789209888852296854385115488622580526096782121083686345687658138044439803620069210853311460790829755352104423876771688419002580552453018280574326918094
25 23 5 444515052415243540638168442143071404556388599430111874129315638315586543949076119577284210386477717061785097628789345478838249687136618803668258906375194259007586933/709660550684187789209888852296854385115488622580526096782121083686345687658138044439803620069210853311460790829755352104423876771688419002580552453018280574326918094
25 23 12 44066611465789270966292933516926192022618771991557205411887299400386181032027279690134746756143018538841153643205691965652248432103139456697400706180769388606226532/354830275342093894604944426148427192557744311290263048391060541843172843829069022219901810034605426655730395414877676052211938385844209501290276226509140287163459047
25 24 0 76992841788592438078834239425398816229881001284341054774016191493512704060114144379489202744271630121715486622632075466713352372567216506087180802218369985718136387/709660550684187789209888852296854385115488622580526096782121083686345687658138044439803620069210853311460790829755352104423876771688419002580552453018280574326918094
25 24 2 39671633252422827809807337678266396245329334282391687059207752813345916291242369373115164274720416962802463759055756527313228696986478590084912865362157210610652454/354830275342093894604944426148427192557744311290263048391060541843172843829069022219901810034605426655730395414877676052211938385844209501290276226509140287163459047
25 24 3 218220485068065315180584944424763208493813645160927579220131981984021112607757394830735729179025436153342889994989953052040323881163852191220718388582442095434959357/709660550684187789209888852296854385115488622580526096782121083686345687658138044439803620069210853311460790829755352104423876771688419002580552453018280574326918094
25 24 12 167551978661342190165427496545079783950567653785237044334778702291060019203890883241674179798236476555398743347010905265521871561992196562551413765746577035976258721/354830275342093894604944426148427192557744311290263048391060541843172843829069022219901810034605426655730395414877676052211938385844209501290276226509140287163459047
25 25 0 305641013644605170461304032185770726540418172388003231900352073201908885125526599061978885743463659252263289037410994679774605099612410424094301200665506195539858378/354830275342093894604944426148427192557744311290263048391060541843172843829069022219901810034605426655730395414877676052211938385844209501290276226509140287163459047
25 25 11 49189261697488724143640393962656466017326138902259816490708468641263958703542423157922924291141767403467106377466681372437333286231799077195975025843634091623600669/354830275342093894604944426148427192557744311290263048391060541843172843829069022219901810034605426655730395414877676052211938385844209501290276226509140287163459047
26 0 0 41054014516732777320473280150283097565245879452879593592677503071760334632388140663939676688826086222273501979629897264293848860692544325813649078391483836930280708/354830275342093894604944426148427192557744311290263048391060541843172843829069022219901810034605426655730395414877676052211938385844209501290276226509140287163459047
26 0 5 313776260825361117284471145998144094992498431837383454798383038771412509196680881555962133345779340433456893435247778787918089525151665175476627148117656450233178339/354830275342093894604944426148427192557744311290263048391060541843172843829069022219901810034605426655730395414877676052211938385844209501290276226509140287163459047
26 1 3 641200515853792559223612840036566472535853679921877675484774986788416157692790457168164619526241208070394319733622166475625074673201723089639490557723202757649503/8251866868420788246626614561591330059482425843959605776536291670771461484396954005113995582200126201296055707322736652377021822926609523285820377360677681096824629
26 1 11 136393604834094756914489015977867457316070958470686111683494937715098518276656265145083985475098975801246714395042706177020635623939957717151841180365054969317100383/709660550684187789209888852296854385115488622580526096782121083686345687658138044439803620069210853311460790829755352104423876771688419002580552453018280574326918094
26 1 14 229021209175230744491016066951896239590237568076734781080204480738339664834735548957078700728888579518426090401609301745262204239678586916850456130438670313363207737/709660550684187789209888852296854385115488622580526096782121083686345687658138044439803620069210853311460790829755352104423876771688419002580552453018280574326918094
26 1 17 144551246155718063855576532561972985785548339779911861963365508184551857492583125510589388292983277048867037268005918932618640243087263091434629477125179927244376358/354830275342093894604944426148427192557744311290263048391060541843172843829069022219901810034605426655730395414877676052211938385844209501290276226509140287163459047
26 2 0 111181564846802707630459384262594161492829228980243847965141203383400530683040132840412357531364848183131728351983770782393533636004262086468546047449879849700756735/709660550684187789209888852296854385115488622580526096782121083686345687658138044439803620069210853311460790829755352104423876771688419002580552453018280574326918094
26 2 3 1755938908156430837217200762749384762764928826043472606848302549684092979867517368124469149319754817991019029073670229005271874165905545025863358148845209956036406/9590007441678213367701200706714248447506603007844947253812447076842509292677541141078427298232579098803524200402099352762484821239032689224061519635382169923336731
26 2 23 3744709043859610709981253542366950937787912670654904471141902405732375662925097258544961066482800674881927394087348324624106529085957352275841219963565455246119152/5816889759706457288605646330302085123897447726069886039197713800707751538181459380654128033354187322225088449424224197577244891571216549201479938139494103068253427
26 2 26 191557430867814639469568515115372733900480568084703777555629477491351567017045259273693366840696168219647741764975225762282424572464747648286706016374912259884111/11633779519412914577211292660604170247794895452139772078395427601415503076362918761308256066708374644450176898848448395154489783142433098402959876278988206136506854
26 3 4 32708354588685062965396247661634532758622872921389431178223961203919131164415269944422078429422732194705991886007630440312944413545841741147631217809921612635288879/354830275342093894604944426148427192557744311290263048391060541843172843829069022219901810034605426655730395414877676052211938385844209501290276226509140287163459047
26 3 23 99386548813953852443804197192696091946818542234618777906021694498814844191658433963702743677535067285888502010515646482139413349015769860371479589896681115823623309/709660550684187789209888852296854385115488622580526096782121083686345687658138044439803620069210853311460790829755352104423876771688419002580552453018280574326918094
26 3 25 269589173686397791925670519768923087435903206037123917319955439496768501639855720904584161402573118578887549433100069157946314917460284280034209478973730292914524845/354830275342093894604944426148427192557744311290263048391060541843172843829069022219901810034605426655730395414877676052211938385844209501290276226509140287163459047
26 3 32 5678945320068226983951120243043052779617922428880621879740587786155577857937628778088396727684084478385206181024306425765944760660397099845391469554295647403667337/709660550684187789209888852296854385115488622580526096782121083686345687658138044439803620069210853311460790829755352104423876771688419002580552453018280574326918094
26 4 6 27391808459483670978117029061144187683332835739602022272759333280026047419053287608838883261048285895718053605162411850173215547265043798141785995203662735609624244/354830275342093894604944426148427192557744311290263048391060541843172843829069022219901810034605426655730395414877676052211938385844209501290276226509140287163459047
26 4 10 97191492197023588692071693438870318733744416108629945195285154199342698930377044552083348410929891093052508992972258131348900295738363757582035201717882645811256968/354830275342093894604944426148427192557744311290263048391060541843172843829069022219901810034605426655730395414877676052211938385844209501290276226509140287163459047
26 4 18 62346849793724652655132396871919202375548810477658088674715343929128383772398035284163436783369361084126668863169447680824923046125263978815723445417876175738756927/709660550684187789209888852296854385115488622580526096782121083686345687658138044439803620069210853311460790829755352104423876771688419002580552453018280574326918094
26 4 20 10760732421012124789577811092565031619075278605578488464089642291850805707753495806318803241672571304048459372170717958393370865933955132765329367939386855020172939/19180014883356426735402401413428496895013206015689894507624894153685018585355082282156854596465158197607048400804198705524969642478065378448123039270764339846673462
26 5 0 42541403869956919273191667064407452528970456897865571676714175887808282430958214764251439817478038682068143955392107782278705132117236429963753231108227540744371564/354830275342093894604944426148427192557744311290263048391060541843172843829069022219901810034605426655730395414877676052211938385844209501290276226509140287163459047
26 5 2 119275078508358386569743264387533639238025518535529426522382853783401161328586231924034138487308963908883249423610313305022725754314855460064549908063102031704768153/709660550684187789209888852296854385115488622580526096782121083686345687658138044439803620069210853311460790829755352104423876771688419002580552453018280574326918094
26 5 6 1156673719555465623402959635326685924063215885110936619657993276209850810197405239131534816152154990709338834596155060731064574196762669934591186836436339345795825/8251866868420788246626614561591330059482425843959605776536291670771461484396954005113995582200126201296055707322736652377021822926609523285820377360677681096824629
26 5 7 281698225015309396088306364883547780329402460896374209669994537805181748789152994666333535454211517317320379746847054740518300768879295306370663523327905167475947783/709660550684187789209888852296854385115488622580526096782121083686345687658138044439803620069210853311460790829755352104423876771688419002580552453018280574326918094
26 5 29 62065249769418062196400680129431535510341581616675383972863959284049521500752768877810536151824482760058866986622216635726943301669102880921495245738646554959509040/354830275342093894604944426148427192557744311290263048391060541843172843829069022219901810034605426655730395414877676052211938385844209501290276226509140287163459047
26 6 6 249917669520555862940985331220945292191376165736773179521734147378246420759769247750619777526983116994545971889256930338150565827075410503153776889874687280761902877/709660550684187789209888852296854385115488622580526096782121083686345687658138044439803620069210853311460790829755352104423876771688419002580552453018280574326918094
26 6 20 160766395846293806227302852255750204392511244931606201615567806991736777782453338526146390462432931114560582835247666718264463217575562319579234281965214125668392831/709660550684187789209888852296854385115488622580526096782121083686345687658138044439803620069210853311460790829755352104423876771688419002580552453018280574326918094
26 6 27 149488242658669060020800334410079444265800605956073357822409564658181244557957729081518726039897402601177118052625377524004423863518723089923770640589189583948311193/354830275342093894604944426148427192557744311290263048391060541843172843829069022219901810034605426655730395414877676052211938385844209501290276226509140287163459047
26 7 2 173090450429076973060522085520458022351900592449855156621733818630938904535472652927849568734992237096959155647727810660601783128827111615398324491077392970699809906/354830275342093894604944426148427192557744311290263048391060541843172843829069022219901810034605426655730395414877676052211938385844209501290276226509140287163459047
26 7 15 49324130385407112862370693730078583769117733521153147948933773161537199931305172366430384264941052009200476850163435496672083383098803061235676156383280569341852603/354830275342093894604944426148427192557744311290263048391060541843172843829069022219901810034605426655730395414877676052211938385844209501290276226509140287163459047
26 7 23 118209849072316191565996118397993982465536862681099831189355152653188259803785240948555885954545542079989831614295269038347856263647445126980325261547509669287666409/354830275342093894604944426148427192557744311290263048391060541843172843829069022219901810034605426655730395414877676052211938385844209501290276226509140287163459047
26 7 26 14205845455293617116055528499896603971189122638154912631037797397508479558505955977065971080126595469580931302691160856590215610270849697675950317500957077834130129/354830275342093894604944426148427192557744311290263048391060541843172843829069022219901810034605426655730395414877676052211938385844209501290276226509140287163459047
26 8 11 127030496823639839880142743169806344534761636883553018728637071205079180722656161410834127638265293437704198163862801600160831200713391851457255868641690911107143699/354830275342093894604944426148427192557744311290263048391060541843172843829069022219901810034605426655730395414877676052211938385844209501290276226509140287163459047
26 8 19 227799778518454054724801682978620848022982674406710029662423470638093663106412860809067682396340133218026197251014874452051107185130817649833020357867449376056315348/354830275342093894604944426148427192557744311290263048391060541843172843829069022219901810034605426655730395414877676052211938385844209501290276226509140287163459047
26 9 6 121968216281924903436846501528292874158180484611328529165902462487748687463717545702236962489613883360227650040220996225696470542282936961852028706567635318431335377/354830275342093894604944426148427192557744311290263048391060541843172843829069022219901810034605426655730395414877676052211938385844209501290276226509140287163459047
26 9 21 997313688686338101746815440931909948164387198993834481779486401818414044498522139022527710868670493276175908094658045329432518788370595634376703613337984124787727/5816889759706457288605646330302085123897447726069886039197713800707751538181459380654128033354187322225088449424224197577244891571216549201479938139494103068253427
26 9 22 161155585567228414436958622162399107782906920894483213208185425971861731154487524244492239424697608483746270922449973524041294862075266959041780483609090956226506589/709660550684187789209888852296854385115488622580526096782121083686345687658138044439803620069210853311460790829755352104423876771688419002580552453018280574326918094
26 9 26 182896262533376319486125743284176515340165494186138018465033391717140068147395727830089074939307677927565759039315104598798873532866065452440756715446684918013638057/709660550684187789209888852296854385115488622580526096782121083686345687658138044439803620069210853311460790829755352104423876771688419002580552453018280574326918094
26 10 3 53410862411991137188318215929694723790080836707864755745825427230949835732999264178893263014992981875675740997003389832833321758220750276141625816231362708703586619/709660550684187789209888852296854385115488622580526096782121083686345687658138044439803620069210853311460790829755352104423876771688419002580552453018280574326918094
26 10 8 341471321054401578391042585119623244394417820442826233520575453156330038344226701406406036564298813447120814383268026332398343484435784498060696038206805675472152665/709660550684187789209888852296854385115488622580526096782121083686345687658138044439803620069210853311460790829755352104423876771688419002580552453018280574326918094
26 10 10 157389183608897536815264025623768208465494982714917553757860101649532906790456039427252160244959528994332117724741967969596105764515942114189115299290056095075589405/354830275342093894604944426148427192557744311290263048391060541843172843829069022219901810034605426655730395414877676052211938385844209501290276226509140287163459047
26 11 0 319042849343365091670339977155878977886660417847309604777054012895921347121550605647576103342345089346734539275969601399927710919466225637400614717603550369101947267/709660550684187789209888852296854385115488622580526096782121083686345687658138044439803620069210853311460790829755352104423876771688419002580552453018280574326918094
26 11 2 19923908646266242359131419997678149241849844732575746680007770662695572081659341432166397052874238991973491006960628113383365603171033260156037242789647109226371379/709660550684187789209888852296854385115488622580526096782121083686345687658138044439803620069210853311460790829755352104423876771688419002580552453018280574326918094
26 11 6 184734947795499551707049832017823891571487257633410642344409618925515214393130464114157279263016884900498814010890222429355365914329815463478349527623692009186885219/709660550684187789209888852296854385115488622580526096782121083686345687658138044439803620069210853311460790829755352104423876771688419002580552453018280574326918094
26 11 8 57153116153034482101245470362472886566399288011011004246587721683513660926506829290994510893512848616661965621150099174051030709006231143123547040978172474727483247/709660550684187789209888852296854385115488622580526096782121083686345687658138044439803620069210853311460790829755352104423876771688419002580552453018280574326918094
26 11 13 64402864373011210686061076381500239924545907178109549367030979759349946567645401977454664758730895727795990457392400493853201812857556749211001962011609306042115491/354830275342093894604944426148427192557744311290263048391060541843172843829069022219901810034605426655730395414877676052211938385844209501290276226509140287163459047
26 12 4 315578002385783377089261531840684878207806817462849122624423657114322432126996370641572931963220939834104201556686115762855805861267932779890934963270491541831508095/709660550684187789209888852296854385115488622580526096782121083686345687658138044439803620069210853311460790829755352104423876771688419002580552453018280574326918094
26 12 24 394082548298404412120627320456169506907681805117676974157697426572023255531141673798230688105989913477356589273069236341568070910420486222689617489747789032495409999/709660550684187789209888852296854385115488622580526096782121083686345687658138044439803620069210853311460790829755352104423876771688419002580552453018280574326918094
26 13 4 83466646977423735179046207915326151876549587216945609711995120644326517810635368868893521764371411979603078838591665785231848660098805396921613603941554208319279727/709660550684187789209888852296854385115488622580526096782121083686345687658138044439803620069210853311460790829755352104423876771688419002580552453018280574326918094
26 13 7 71424463088176559952058680491758772103206700031859513300757307528011791236787299369933431359208128560077875093787182137405997132586839298737934793523935030153861551/354830275342093894604944426148427192557744311290263048391060541843172843829069022219901810034605426655730395414877676052211938385844209501290276226509140287163459047
26 13 15 74743860298198985520080710696896604334183135328313091620153247105650433583518062237918037105542596063138968579962162948538723827076384753548209904775133113901607058/354830275342093894604944426148427192557744311290263048391060541843172843829069022219901810034605426655730395414877676052211938385844209501290276226509140287163459047
26 13 22 333857256934012963086563862004217480364159364643235277228304853774694720206891952355207161375337992085424024643664996147302586192263165501086649452478590077896701149/709660550684187789209888852296854385115488622580526096782121083686345687658138044439803620069210853311460790829755352104423876771688419002580552453018280574326918094
26 14 1 196771251332249053524318098644078637644284168636298442088089535792398697161500579666639890113988532176360320272482483032514074875926984546934206698737214408666894047/709660550684187789209888852296854385115488622580526096782121083686345687658138044439803620069210853311460790829755352104423876771688419002580552453018280574326918094
26 14 2 16531241290576955220121261524912815801276997891611961606599942574902976582229060838809369921111869742626512229772000218964574722773657591220550629596382916894549135/354830275342093894604944426148427192557744311290263048391060541843172843829069022219901810034605426655730395414877676052211938385844209501290276226509140287163459047
26 14 12 348531289447930601032546562829349805598850333727730908028895767246779297198240853392275995156359774360060499211475840137133888831442801531074239487782862594318742443/709660550684187789209888852296854385115488622580526096782121083686345687658138044439803620069210853311460790829755352104423876771688419002580552453018280574326918094
26 14 16 31654120807223990066896745178537650654134695210776516720769138721425617455480737981224083783231272060829175708265118067637502196560519403626191997735984101148653521/354830275342093894604944426148427192557744311290263048391060541843172843829069022219901810034605426655730395414877676052211938385844209501290276226509140287163459047
26 14 21 33993642854203122039494088708262504480765367005859895005198809027255252611488506870410413695088131584064297734861396180785879612825139467439310505916734767627438146/354830275342093894604944426148427192557744311290263048391060541843172843829069022219901810034605426655730395414877676052211938385844209501290276226509140287163459047
26 15 19 84232358036342482504845462523424155085320629276666492477777426222127398651158711126809044303119266215173655912979784291879260050353563769891517612192404139441981688/354830275342093894604944426148427192557744311290263048391060541843172843829069022219901810034605426655730395414877676052211938385844209501290276226509140287163459047
26 15 21 270597917305751412100098963625003037472423682013596555913283115621045445177910311093092765731486160440556739501897891760332678335490645731398758614316736147721477359/354830275342093894604944426148427192557744311290263048391060541843172843829069022219901810034605426655730395414877676052211938385844209501290276226509140287163459047
26 16 1 229618350866765601189539084927307160208283197210692216460491817103180268917443638475041857999649266747668798928564402656499447995367159007240649497767451969939387912/354830275342093894604944426148427192557744311290263048391060541843172843829069022219901810034605426655730395414877676052211938385844209501290276226509140287163459047
26 16 5 40010556759093368191555424084374015477124132763201253670009256337073454899129126371136902649467260765510222321870598795109606806392741736120284769478751964476387931/354830275342093894604944426148427192557744311290263048391060541843172843829069022219901810034605426655730395414877676052211938385844209501290276226509140287163459047
26 16 14 85201367716234925223849917136746016872336981316369578260559468402919120012496257373723049385488899142551374164442674600602883584084308757929341959262936352747683204/354830275342093894604944426148427192557744311290263048391060541843172843829069022219901810034605426655730395414877676052211938385844209501290276226509140287163459047
26 17 4 102832142480030781950459419141369103449509158494500596475019843576355583108971885662142374367296239356608792668907238195088147124869599260219927730549415094499491960/354830275342093894604944426148427192557744311290263048391060541843172843829069022219901810034605426655730395414877676052211938385844209501290276226509140287163459047
26 17 14 422733859816142844653467986808581424633299555904830580912225664202442682303337208145621797290927224483539708526183364183657619052013533109877310628950201701392605405/709660550684187789209888852296854385115488622580526096782121083686345687658138044439803620069210853311460790829755352104423876771688419002580552453018280574326918094
26 17 19 81262405907983380655502027205534753583170749686694322919855732331191839136857064969897074043691150114703496965757511530589963469935687372263386362969248683935328769/709660550684187789209888852296854385115488622580526096782121083686345687658138044439803620069210853311460790829755352104423876771688419002580552453018280574326918094
26 18 0 161810062829164129109499613898110958547318304175628181391048788345371923961014186621282521839509327922096003730086609757181422017300945199002421321737734153087015589/354830275342093894604944426148427192557744311290263048391060541843172843829069022219901810034605426655730395414877676052211938385844209501290276226509140287163459047
26 18 11 103784700555690522509279133400128110847004351313461052847854437685040294251661658387336477664796701624390387734307642696340914362791454192954355689082498833750958744/354830275342093894604944426148427192557744311290263048391060541843172843829069022219901810034605426655730395414877676052211938385844209501290276226509140287163459047
26 18 16 89235511957239242986165678850188123163421655801173814152157315812760625616393177211282810530299397109244003950483423598689602005751810109333499215688907300325484714/354830275342093894604944426148427192557744311290263048391060541843172843829069022219901810034605426655730395414877676052211938385844209501290276226509140287163459047
26 19 7 184863597982812110546793182927906773447046743821993747195631736768845592999019334472271851839482276584537847293022462971807093000975216892387421304258283454528105817/709660550684187789209888852296854385115488622580526096782121083686345687658138044439803620069210853311460790829755352104423876771688419002580552453018280574326918094
26 19 15 49337957189674407661198648702599666839107737598470824132923204052347490535250835858711967524790604956626481813918778636616278215407822020347014358361263643247000813/354830275342093894604944426148427192557744311290263048391060541843172843829069022219901810034605426655730395414877676052211938385844209501290276226509140287163459047
26 19 16 426121038322026863340698371963748277990226403561590701320642938812805113588617038250107833180147366813669979908895331859384227339897558069499102432037469833304810651/709660550684187789209888852296854385115488622580526096782121083686345687658138044439803620069210853311460790829755352104423876771688419002580552453018280574326918094
26 20 5 10253969047111263253636651602548073076884080468709114392448208826209575433623026801329860348302732489901662148882948736394882333965049760014736643924031943009053626/354830275342093894604944426148427192557744311290263048391060541843172843829069022219901810034605426655730395414877676052211938385844209501290276226509140287163459047
26 20 13 344576306294982631351307774545879119480860230821553933998612333016963268395445995418571949686302694165828733265994727315817056051879159741275539582585108344154405421/354830275342093894604944426148427192557744311290263048391060541843172843829069022219901810034605426655730395414877676052211938385844209501290276226509140287163459047
26 21 1 360532835752110361072931006413017377374849355773881533895046220146546750027431504337589687499366318801475647113011243047310420184676162496335015387078391663328023615/709660550684187789209888852296854385115488622580526096782121083686345687658138044439803620069210853311460790829755352104423876771688419002580552453018280574326918094
26 21 2 223880038508431874782817908754258264147682305414847623140075296840764790347728579551013527915125550691710257924859851229847268626540007965765762132803824017448200815/709660550684187789209888852296854385115488622580526096782121083686345687658138044439803620069210853311460790829755352104423876771688419002580552453018280574326918094
26 21 13 62623838211822776677069968564789371796478480695898469873499783349517073641488980275600202327359491909137442895942128913633093980236124270239887466568032446775346832/354830275342093894604944426148427192557744311290263048391060541843172843829069022219901810034605426655730395414877676052211938385844209501290276226509140287163459047
26 22 8 190970174265484659181893006123109627886670572518632931592183699959251372058728260652109192871528237570172111949957794013704876150134264167168611420429322466310172309/354830275342093894604944426148427192557744311290263048391060541843172843829069022219901810034605426655730395414877676052211938385844209501290276226509140287163459047
26 22 9 98337670177517059882823729378667427158975888345894653415559742292021014965182659805752448242621652118420512227850187913080106289810871953301187403742165212600434268/354830275342093894604944426148427192557744311290263048391060541843172843829069022219901810034605426655730395414877676052211938385844209501290276226509140287163459047
26 22 10 65522430899092175540227690646650137512097850425735463383317099591900456805158101762040168920455536967137771237069694125426955945899073380820477402337652608252852470/354830275342093894604944426148427192557744311290263048391060541843172843829069022219901810034605426655730395414877676052211938385844209501290276226509140287163459047
26 23 8 117988001539742619060126603591697474350770832670230653976294407693479770817814654476347180205892623634523280669144408929482132278813460541114527580653443464526856478/354830275342093894604944426148427192557744311290263048391060541843172843829069022219901810034605426655730395414877676052211938385844209501290276226509140287163459047
26 23 9 236842273802351275544817822556729718206973478620032394414766134149693073011254367743554629828712803021207114745733267122729806107030748960175748645855696822636602569/354830275342093894604944426148427192557744311290263048391060541843172843829069022219901810034605426655730395414877676052211938385844209501290276226509140287163459047
26 24 0 47752706098007583134599395633817089386570495475632131420521619628051512585253769183688778023658270645215999142225964801497097237822762712160856526911094365773826881/354830275342093894604944426148427192557744311290263048391060541843172843829069022219901810034605426655730395414877676052211938385844209501290276226509140287163459047
26 24 3 130982373231822193742561620067154875429066679052998816967226659776378084847539090586570238370089156417383467317671013720356164477019191789118469542218616045932220202/354830275342093894604944426148427192557744311290263048391060541843172843829069022219901810034605426655730395414877676052211938385844209501290276226509140287163459047
26 24 5 15319716767815781265300211762032912418927262334734880160474256086892363829410955322700707671924550306784597893615763910492158698751945521869103515253428954269888308/354830275342093894604944426148427192557744311290263048391060541843172843829069022219901810034605426655730395414877676052211938385844209501290276226509140287163459047
26 24 10 160775479244448336462483198685422315323179874426897219842838006351850882566865207126942085968933449286346331061364933619866517972250309478141846642126000921187523656/354830275342093894604944426148427192557744311290263048391060541843172843829069022219901810034605426655730395414877676052211938385844209501290276226509140287163459047
26 25 3 153152902697036820004292531139128770118640080962089932453163875750135500641630386180244605905367919909418514188626232205310303935238009511982317737957408321783620587/709660550684187789209888852296854385115488622580526096782121083686345687658138044439803620069210853311460790829755352104423876771688419002580552453018280574326918094
26 25 4 145635950476912827391538748653273658148498017423354070584761176981151908488916665457127888506183172831391402120211753128514898515622248346246929214727797705147743364/354830275342093894604944426148427192557744311290263048391060541843172843829069022219901810034605426655730395414877676052211938385844209501290276226509140287163459047
26 25 5 143615755287375290221289320286049550343243144632747941615057482046613197765163309001142580191569404652332609332726639000155662316453615701166516652925405267319597/2381411243906670433590231047976021426562042357652772136852755314383710361268919612214106107614801521179398626945487758739677438831169191283827357224893558974251403
26 25 7 222438251957687477936574606405935532697566049671169136558147724324015637104655661262962748254388905152864354819553075220037388434902735319156754323033506072586570873/709660550684187789209888852296854385115488622580526096782121083686345687658138044439803620069210853311460790829755352104423876771688419002580552453018280574326918094
26 26 2 547103405599743453264726857110417600701200806998099087717599808937450229353696804273050319844871036974172828121504517459878462174851570040462669492941292713439189/2381411243906670433590231047976021426562042357652772136852755314383710361268919612214106107614801521179398626945487758739677438831169191283827357224893558974251403
26 26 3 181464776839108115125644863510988950793078746727556816886105865035518904441167632432181036811597784713961527886553889325336780646833981586883376875872882957808747287/354830275342093894604944426148427192557744311290263048391060541843172843829069022219901810034605426655730395414877676052211938385844209501290276226509140287163459047
26 26 6 91847091068624004942855260927986019260186644319989467435032305275973855214200565951036275566121857432617116138219613625353266874957343978377961596188004715052272599/354830275342093894604944426148427192557744311290263048391060541843172843829069022219901810034605426655730395414877676052211938385844209501290276226509140287163459047
27 0 22 156271083101604752750843975250613948405213613031098994489459066579731396329915071323089539055231552367399986916944047511157705623242737701807794102905019506988192406/354830275342093894604944426148427192557744311290263048391060541843172843829069022219901810034605426655730395414877676052211938385844209501290276226509140287163459047
27 0 25 70833791614477995601550341333134379641646597411582657573101461060453855484719769920122942277599260958873833999076711897140192415990852239086288477041599777915561812/354830275342093894604944426148427192557744311290263048391060541843172843829069022219901810034605426655730395414877676052211938385844209501290276226509140287163459047
27 0 29 127725400626011146252550109564678864510884100847581396328500014202987592014434180976689328701774613329456574498856916643914040346610619560396193646562521002259704829/354830275342093894604944426148427192557744311290263048391060541843172843829069022219901810034605426655730395414877676052211938385844209501290276226509140287163459047
27 1 2 41682500181084807009726371408651360174794937733924027422278833431919423451287873548638243046110181392897257654246315507393210814004024632164484415629165455421539132/354830275342093894604944426148427192557744311290263048391060541843172843829069022219901810034605426655730395414877676052211938385844209501290276226509140287163459047
27 1 6 299832819054886740191886831320262659592939225572075900452772324001780486362713952201969956262092980143980596704464459890380523014996674790251372717157402317315560064/354830275342093894604944426148427192557744311290263048391060541843172843829069022219901810034605426655730395414877676052211938385844209501290276226509140287163459047
27 1 30 13314956106122347403331223419513172790010147984263120516009384409472934015067196469293610726402265118852541056166900654438204556843510078874419093722572514426359851/354830275342093894604944426148427192557744311290263048391060541843172843829069022219901810034605426655730395414877676052211938385844209501290276226509140287163459047
27 2 1 107089156617024282022841331338049422865527240760859463334909396404430629607512664325654013094503697955466304359005926846442204221451258467276649389149564983976989027/709660550684187789209888852296854385115488622580526096782121083686345687658138044439803620069210853311460790829755352104423876771688419002580552453018280574326918094
27 2 2 2022395482173408011629180545615028496723504162780367424817153053431525611134574310968208511724561932028153429735759841523538588714652236089236669566546859464463997/709660550684187789209888852296854385115488622580526096782121083686345687658138044439803620069210853311460790829755352104423876771688419002580552453018280574326918094
27 2 5 120348365889358449655377233418656460012570732490132083537687853915529623336377086746191917439737227873403912391073779810969424684591168146896490977967489876071493267/709660550684187789209888852296854385115488622580526096782121083686345687658138044439803620069210853311460790829755352104423876771688419002580552453018280574326918094
27 2 16 1959656450241647181159951781747396158511830527877908536274573978509634955549115143961168002921332095320970509657137749344957163283714667713630312905573172853549170/9590007441678213367701200706714248447506603007844947253812447076842509292677541141078427298232579098803524200402099352762484821239032689224061519635382169923336731
27 2 24 28141023270741221568090919014045166379790142060323774337301276791287038649235808747695949803825279946255776584666639974034606563670799479928429625430259272173025147/709660550684187789209888852296854385115488622580526096782121083686345687658138044439803620069210853311460790829755352104423876771688419002580552453018280574326918094
27 2 32 153522516053504268273056878065590495815500772021732588231543464555976941871621694828083549501620755275277413175322526089963636315132827630790551317946002395739154038/354830275342093894604944426148427192557744311290263048391060541843172843829069022219901810034605426655730395414877676052211938385844209501290276226509140287163459047
27 3 0 308107621890160120100041662389973470792808958345273162600481914637031481202782884937280874465175358331985116826634469666812376897491551820655318246229665055132520893/709660550684187789209888852296854385115488622580526096782121083686345687658138044439803620069210853311460790829755352104423876771688419002580552453018280574326918094
27 3 7 62812485734783573097111733164134272950142221095562590863514960489252698395060991041871925701849261734321681268630431962272020217662201984443207555967202854843814840/354830275342093894604944426148427192557744311290263048391060541843172843829069022219901810034605426655730395414877676052211938385844209501290276226509140287163459047
27 3 8 130241005574305865525962252614120761349815096053705817110687602166161730104821379006914160483680721166720327608657687187394472374248021876739217232410042885358609331/709660550684187789209888852296854385115488622580526096782121083686345687658138044439803620069210853311460790829755352104423876771688419002580552453018280574326918094
27 3 28 72843475875077328694830735482245803536290062995210967671960822952323539780205899205932366858328125172055991928601165662836493532312220668149800931222083462074079095/354830275342093894604944426148427192557744311290263048391060541843172843829069022219901810034605426655730395414877676052211938385844209501290276226509140287163459047
27 4 11 139399694227774947747894043732787718245027236187365650715243205103576644881918301091953459330744984106704581179586435976503555811240772732676120851028807354574399113/709660550684187789209888852296854385115488622580526096782121083686345687658138044439803620069210853311460790829755352104423876771688419002580552453018280574326918094
27 4 28 11373881149441104379091606034746606138196494900940714595242067703949174049961415423984745270705524141535262601183711428429174530780259593958386507407548510656722867/16503733736841576493253229123182660118964851687919211553072583341542922968793908010227991164400252402592111414645473304754043645853219046571640754721355362193649258
27 4 29 40591983515222676580527874534981301464006052826354859235734483656477279313939440058253057049064165559369958899634662352732908068448241864846905891732443630756717850/354830275342093894604944426148427192557744311290263048391060541843172843829069022219901810034605426655730395414877676052211938385844209501290276226509140287163459047
27 5 18 234023200834221153199228973716082611844103505049798455849892686066720555009267275677390907479256074212614090809115561497437465252597822468615760169000367290092316109/709660550684187789209888852296854385115488622580526096782121083686345687658138044439803620069210853311460790829755352104423876771688419002580552453018280574326918094
27 5 19 173980897602787270363603104493301919956067960012646338449325175155333229620764470761192796580141442906829549191672699869696559048703039274888349103822464204715497784/354830275342093894604944426148427192557744311290263048391060541843172843829069022219901810034605426655730395414877676052211938385844209501290276226509140287163459047
27 5 22 127675554644392095283453669594167933359249197505434964033578047308958673407341827240027119429671893285187601637294390867593293421684517984188094076372984874803606417/709660550684187789209888852296854385115488622580526096782121083686345687658138044439803620069210853311460790829755352104423876771688419002580552453018280574326918094
27 6 11 294218770930382431123732325435385148268865069170611599138259941987006185483454499013793546482724137377816632968012494174350342995425058440866305196897024756325776991/709660550684187789209888852296854385115488622580526096782121083686345687658138044439803620069210853311460790829755352104423876771688419002580552453018280574326918094
27 6 13 171055357817529742541932308563143059029079065098933234592590266566674029498513099031445105982764528073969035623210560044419184838514424009603866739444342959020249826/354830275342093894604944426148427192557744311290263048391060541843172843829069022219901810034605426655730395414877676052211938385844209501290276226509140287163459047
27 6 23 73331064118745873002291909735183118788465423212048028458680608565991443177657347363119861620957659785706086615321737841235164099234512542506513777232569899960641451/709660550684187789209888852296854385115488622580526096782121083686345687658138044439803620069210853311460790829755352104423876771688419002580552453018280574326918094
27 7 18 486095789366314205076355216000167768951153591260091650651476056230208865268561144523149971373580772808977355184492689357493438562098059324533350162716630611515469307/709660550684187789209888852296854385115488622580526096782121083686345687658138044439803620069210853311460790829755352104423876771688419002580552453018280574326918094
27 7 20 223564761317873584133533636296686616164335031320434446130645027456136822389576899916653648695630080502483435645262662746930438209590359678047202290301649962811448787/709660550684187789209888852296854385115488622580526096782121083686345687658138044439803620069210853311460790829755352104423876771688419002580552453018280574326918094
27 8 5 434866507347852035632637879063053106604005151942398885223147681290379761805682070530550421395162202596980384112007757891648774368977882830816768483443181355834010925/709660550684187789209888852296854385115488622580526096782121083686345687658138044439803620069210853311460790829755352104423876771688419002580552453018280574326918094
27 8 21 153860061106131327893382499901928565998798400782622473843427619228688716975548992751995440530120870657362156289143504317369757895136966531721458679233324395941429493/709660550684187789209888852296854385115488622580526096782121083686345687658138044439803620069210853311460790829755352104423876771688419002580552453018280574326918094
27 8 22 60466991115102212841934236665936356256342534927752368857772891583638604438453490578628879071963890028559125214302044947702672253786784820021162645170887411275738838/354830275342093894604944426148427192557744311290263048391060541843172843829069022219901810034605426655730395414877676052211938385844209501290276226509140287163459047
27 9 3 62687342455137178359415839662575869084496043845740761870776423058867547296172332459119551647023719486458870175723567821527834417538972042854138119773096547105485627/709660550684187789209888852296854385115488622580526096782121083686345687658138044439803620069210853311460790829755352104423876771688419002580552453018280574326918094
27 9 10 5366375245617895128898820050860475941147155430393914728310272202269802979799745948429044646299595940021428149372466374063236893019032549276123945934776974484238869/19180014883356426735402401413428496895013206015689894507624894153685018585355082282156854596465158197607048400804198705524969642478065378448123039270764339846673462
27 9 20 88164909966291510639133961812776697253358107983139787083101864762225543383528574246917411525670288613393188967332990263039096463453929319822716810646809111693962831/709660550684187789209888852296854385115488622580526096782121083686345687658138044439803620069210853311460790829755352104423876771688419002580552453018280574326918094
27 9 21 360252414174896980442082708939664208955189719827070702880762724381269886725846537641892004983431795430815890159917538179517180848991313316687111523011626859610631483/709660550684187789209888852296854385115488622580526096782121083686345687658138044439803620069210853311460790829755352104423876771688419002580552453018280574326918094
27 10 4 569515494697284659135513010392016040301267477507607267499193785263115286819385661552625450307686543086978058259568348795468024410704392649264145285718549744371784235/709660550684187789209888852296854385115488622580526096782121083686345687658138044439803620069210853311460790829755352104423876771688419002580552453018280574326918094
27 10 26 140145055986903130074375841904838344814221145072918829282927298423230400838752382887178169761524310224482732570187003308955852360984026353316407167299730829955133859/709660550684187789209888852296854385115488622580526096782121083686345687658138044439803620069210853311460790829755352104423876771688419002580552453018280574326918094
27 11 9 131673215448918740675400890739010572299294976557846313776777075440390060199798351838293130537871944442278811663323437400462643065935298266865067529230386347217654433/354830275342093894604944426148427192557744311290263048391060541843172843829069022219901810034605426655730395414877676052211938385844209501290276226509140287163459047
27 11 12 85720461223250151931563020560938072344302426403637689592025070492264386843523332103600401548380424423411387986324570750400433642602610431603620975595679336383794535/354830275342093894604944426148427192557744311290263048391060541843172843829069022219901810034605426655730395414877676052211938385844209501290276226509140287163459047
27 11 14 153783925150177545311001589842525944223841227821122593396938218328277556584818755267201075065563969913962961163189557006682115487601746583619161024245266266297863159/709660550684187789209888852296854385115488622580526096782121083686345687658138044439803620069210853311460790829755352104423876771688419002580552453018280574326918094
27 11 18 121089272189672458684959439854431151604452588836435496647578573492759236986675921288815480831142145666117430367269778796015607867010855022024014419120882940826156999/709660550684187789209888852296854385115488622580526096782121083686345687658138044439803620069210853311460790829755352104423876771688419002580552453018280574326918094
27 12 11 201623316026969938859386552793169509453199867072270283711477002164001127732056657530018653894118067734007424360778885735717867218053773205550699639152440538472234959/354830275342093894604944426148427192557744311290263048391060541843172843829069022219901810034605426655730395414877676052211938385844209501290276226509140287163459047
27 12 15 155820295074803425881190215324583482674440619456006535660964151585437566200205675811336362780494792758991830998020172439292545871791805192333357435358952527728117115/709660550684187789209888852296854385115488622580526096782121083686345687658138044439803620069210853311460790829755352104423876771688419002580552453018280574326918094
27 12 21 150593623555444485609925531385931883534648268979978993698202927772905865993819053568429949500479925084454111110177408193695596463789067399145795739354446969654331061/709660550684187789209888852296854385115488622580526096782121083686345687658138044439803620069210853311460790829755352104423876771688419002580552453018280574326918094
27 13 0 198168743508559328505512746255119297837637970697466221005839130950394009707541403451592907993828458090007185901632756310290597812415147153435654076920689759323637237/709660550684187789209888852296854385115488622580526096782121083686345687658138044439803620069210853311460790829755352104423876771688419002580552453018280574326918094
27 13 2 416399694997685660621927875985893829067613401613659778415123954695440443330337015407221077748421418379358936872585714952917667139339515973746582499267521650970582467/709660550684187789209888852296854385115488622580526096782121083686345687658138044439803620069210853311460790829755352104423876771688419002580552453018280574326918094
27 13 6 110870353693511742900398358089346033496077500718416817485243579346719458565537639344681784385347240246017811991740000221574674541924012013179125252860961070873528/5816889759706457288605646330302085123897447726069886039197713800707751538181459380654128033354187322225088449424224197577244891571216549201479938139494103068253427
27 13 15 40782964513667183724299815184470521061857897590876622813979140680105730337632016790469228315974306766040247496272300407091750762909513204895231297990515956693063987/354830275342093894604944426148427192557744311290263048391060541843172843829069022219901810034605426655730395414877676052211938385844209501290276226509140287163459047
27 14 1 261715205257005068747520312326361257114929278424158987500079585708009907106804499627177646313973892091251818001494004620976059988102475506100243778255725244907813741/709660550684187789209888852296854385115488622580526096782121083686345687658138044439803620069210853311460790829755352104423876771688419002580552453018280574326918094
27 14 10 70817851704353761644989564067048466410666819216203483758177949206996282938124206777804299281926426604579740576773771027864637875870520356384990364919564576450945875/354830275342093894604944426148427192557744311290263048391060541843172843829069022219901810034605426655730395414877676052211938385844209501290276226509140287163459047
27 14 17 302654451390283936838163138890202913955913394155559649157738578723717980514491866831457672414779732453471973181850181961466166324058327332955083836122454126663803481/709660550684187789209888852296854385115488622580526096782121083686345687658138044439803620069210853311460790829755352104423876771688419002580552453018280574326918094
27 14 18 1827595314095630167113136473096640611656155784200246303973510420312617080296632212779851388302187778788759246431811733126187353893287725377622054400486024926704561/354830275342093894604944426148427192557744311290263048391060541843172843829069022219901810034605426655730395414877676052211938385844209501290276226509140287163459047
27 15 6 38425210298089016174379023117476027709846022335722878133145980944763210751023531214425822339870029250211154273771315061138329780355135894442726427613641062678428279/354830275342093894604944426148427192557744311290263048391060541843172843829069022219901810034605426655730395414877676052211938385844209501290276226509140287163459047
27 15 7 209261843115904394213757715351117004126992705037535131749106755555080029342602552284751321437961989238379193706967365287598819186384674118361115635675338471176797335/709660550684187789209888852296854385115488622580526096782121083686345687658138044439803620069210853311460790829755352104423876771688419002580552453018280574326918094
27 15 8 61070463011210337647622397944883236995039382503682758730648480539163879483562064660457395646621965725450030860475985679054120565943497639713858745278317934916990272/354830275342093894604944426148427192557744311290263048391060541843172843829069022219901810034605426655730395414877676052211938385844209501290276226509140287163459047
27 15 11 87794715798200348330770350369934682455619195306720563532224424867929206260222031345928528720197722749131271566416539994189224719272196353263724601251282618363785057/709660550684187789209888852296854385115488622580526096782121083686345687658138044439803620069210853311460790829755352104423876771688419002580552453018280574326918094
27 15 19 152746240505498892232956310056939545346466074627563355154858506844379019758388193841425368071674345815983477824690873108269967226039735456837896192922639057532136621/709660550684187789209888852296854385115488622580526096782121083686345687658138044439803620069210853311460790829755352104423876771688419002580552453018280574326918094
27 15 20 1415497782464777832288410102189409855270693905346413316705638917467517484366373842277487578288204780387080871236883075208859649939408046646619666915932614699147953/16503733736841576493253229123182660118964851687919211553072583341542922968793908010227991164400252402592111414645473304754043645853219046571640754721355362193649258
27 16 4 190324226755709877226807659916593330673270589872734369194351092682692182526808735599001282816815825720298188836623284378260153562693899433635676567676819433090895509/354830275342093894604944426148427192557744311290263048391060541843172843829069022219901810034605426655730395414877676052211938385844209501290276226509140287163459047
27 16 9 112839725339624919964051022583765468904928173490745830885119527185633129702633686514340698149121229215401202356045920555139359161949428293714364992339902537823454927/354830275342093894604944426148427192557744311290263048391060541843172843829069022219901810034605426655730395414877676052211938385844209501290276226509140287163459047
27 16 18 65022788248322501746525743372385199872828875085252870478156367412649144058797398950584508128821757569349449475861082235147613863805398137909755145240771008117050293/709660550684187789209888852296854385115488622580526096782121083686345687658138044439803620069210853311460790829755352104423876771688419002580552453018280574326918094
27 16 20 38309858245195693081645743923751586086262220768312826145023476537045919140455801262535150008514985870712558968555860002477237458596365409970714187744065624381166929/709660550684187789209888852296854385115488622580526096782121083686345687658138044439803620069210853311460790829755352104423876771688419002580552453018280574326918094
27 17 14 231130419245988792738834483379893122941417873690597694417598158444790817392671384298288736130461687472947994413928385276109796372684766840736505659225579571425702643/709660550684187789209888852296854385115488622580526096782121083686345687658138044439803620069210853311460790829755352104423876771688419002580552453018280574326918094
27 17 16 478530131438198996471054368916961262174070748889928402364522925241554870265466660141514883938749165838512796415826966828314080399003652161844046793792701002901215451/709660550684187789209888852296854385115488622580526096782121083686345687658138044439803620069210853311460790829755352104423876771688419002580552453018280574326918094
27 18 3 313344299151952644152983291276090615317397896601826271230683945180285130997267879127457963111811051195333195937449847991014135567665976778206948363065358341003791815/709660550684187789209888852296854385115488622580526096782121083686345687658138044439803620069210853311460790829755352104423876771688419002580552453018280574326918094
27 18 12 151811798849573743033710663625677171537340311264188116021877636188273022888450074405152203991572215921317920402740126950332576185879330090863591718101100053052163494/354830275342093894604944426148427192557744311290263048391060541843172843829069022219901810034605426655730395414877676052211938385844209501290276226509140287163459047
27 18 13 39877426046566310612558417647054403362962539012606311252600916539277095842139926736796730725531992016731010392084647256547794238935858905593305560319740829184446298/354830275342093894604944426148427192557744311290263048391060541843172843829069022219901810034605426655730395414877676052211938385844209501290276226509140287163459047
27 18 16 12937801739955037764367398475300619997485025425110971002480033050960319199690163028447787523191386240029733302655955699649000354392064231459809533111240468849906695/709660550684187789209888852296854385115488622580526096782121083686345687658138044439803620069210853311460790829755352104423876771688419002580552453018280574326918094
27 19 3 3242968441243602816826566878761458512793139121610900190606230002414147590254884185443945918007572792528214987842247353912756030628939425150360233719205271917787648/354830275342093894604944426148427192557744311290263048391060541843172843829069022219901810034605426655730395414877676052211938385844209501290276226509140287163459047
27 19 9 151508680068260130875884001816780913896253420415606676842267628935780087890742972168787656163604441770364398125501368229191984020541111763414697849175534405673631941/709660550684187789209888852296854385115488622580526096782121083686345687658138044439803620069210853311460790829755352104423876771688419002580552453018280574326918094
27 19 10 93638337469503350215115103309571287192701056384924669935270337003785448390302144226752288161511434918940906834201236499349559673079218348039756009531775816240250919/709660550684187789209888852296854385115488622580526096782121083686345687658138044439803620069210853311460790829755352104423876771688419002580552453018280574326918094
27 19 17 229013798131968551242618306706489633500473933768386474811685328870975928098291579836687891954039915518549527947184126334028410508405105020412689063436279904288729969/354830275342093894604944426148427192557744311290263048391060541843172843829069022219901810034605426655730395414877676052211938385844209501290276226509140287163459047
27 20 2 139000667754202922065355567601329432695392927079524787530503999628534511363669126909761916923771893983923106230896246511567474956453739909069461742126745482611599437/354830275342093894604944426148427192557744311290263048391060541843172843829069022219901810034605426655730395414877676052211938385844209501290276226509140287163459047
27 20 8 6620453543607200136651919298598694200203835468268464426532669339414409456030804462370943547101245803760631878421523128452753679438972586953680645394553590225219768/354830275342093894604944426148427192557744311290263048391060541843172843829069022219901810034605426655730395414877676052211938385844209501290276226509140287163459047
27 20 16 209209154044283772402936939248499065662147548742469796434023872875223923009369090847768949563732286868046657305559906412191709749951497005267133838987841214326639842/354830275342093894604944426148427192557744311290263048391060541843172843829069022219901810034605426655730395414877676052211938385844209501290276226509140287163459047
27 21 2 25359036554387793684233625844659980504037025320958124771247388714552617944660396944981665763564525552164899102317372567427929065630749124894067246803112940984021659/354830275342093894604944426148427192557744311290263048391060541843172843829069022219901810034605426655730395414877676052211938385844209501290276226509140287163459047
27 21 5 387064517951970114780794501698228998671445240673163440973031295081282494852524375488835990024650686555217869444443565535521886224596913910949660497057713593064534147/709660550684187789209888852296854385115488622580526096782121083686345687658138044439803620069210853311460790829755352104423876771688419002580552453018280574326918094
27 21 6 85703490066144806899422052392586601838384789710914881830477997379732797759319575330246278607779807628707237486566201854216369175263658550407901135825848994911325128/354830275342093894604944426148427192557744311290263048391060541843172843829069022219901810034605426655730395414877676052211938385844209501290276226509140287163459047
27 21 14 2715431878139256034102243084436005993491885184962611962314568011256550308044695254067884900050581091743206708312017235827389028791964587595323113262233597553288929/19180014883356426735402401413428496895013206015689894507624894153685018585355082282156854596465158197607048400804198705524969642478065378448123039270764339846673462
27 22 10 192511594700369287052719982594093412737543810898974271961333741653612032223727664397801379990556152618990615739377386523544400509897676275722348800292897208737279369/709660550684187789209888852296854385115488622580526096782121083686345687658138044439803620069210853311460790829755352104423876771688419002580552453018280574326918094
27 22 12 517148955983818502157168869702760972377944811681551824820787342032733655434410380042002240078654700692470175090377965580879476261790742726858203652725383365589638725/709660550684187789209888852296854385115488622580526096782121083686345687658138044439803620069210853311460790829755352104423876771688419002580552453018280574326918094
27 23 2 36211913673602051948850696572420748474769198501788941808526447473495057109753837422532316444040775249815219593011061743084647427802009072508812794403175162225920131/709660550684187789209888852296854385115488622580526096782121083686345687658138044439803620069210853311460790829755352104423876771688419002580552453018280574326918094
27 23 4 102092276281459287366440482415319581010312699231130331142730644291388760792348537373310335782506909635940790985307481696341008823729393735180982362573057251729542393/709660550684187789209888852296854385115488622580526096782121083686345687658138044439803620069210853311460790829755352104423876771688419002580552453018280574326918094
27 23 8 268422033280532405968759617818414514878988092816668561998964783002664001094496948481114735069783481553844325998374164704631931595609964008879076787334965412288305031/709660550684187789209888852296854385115488622580526096782121083686345687658138044439803620069210853311460790829755352104423876771688419002580552453018280574326918094
27 23 10 302934327448594043925838055490699540751418632030938261831899208918797868661538721162846232772879686871860454253062643960366288924547052186011680508707082748083150539/709660550684187789209888852296854385115488622580526096782121083686345687658138044439803620069210853311460790829755352104423876771688419002580552453018280574326918094
27 24 0 537162296699580184861855821603821390112466630344920779167061652936729958427516361692936861277622681899313305922671347034716329923475677072171658596977721857061127945/709660550684187789209888852296854385115488622580526096782121083686345687658138044439803620069210853311460790829755352104423876771688419002580552453018280574326918094
27 24 6 65419742436343506534387328909010477582722708463108248030892140771576435292397736108768468148120789728663551220594709976837999218077700796228730760733819003925441245/354830275342093894604944426148427192557744311290263048391060541843172843829069022219901810034605426655730395414877676052211938385844209501290276226509140287163459047
27 24 9 682930641179026086545219227459213767829124185399816746775002446007587846652888697202128237628632654997055450260566969115271285443562956359859546468408536219916519/11633779519412914577211292660604170247794895452139772078395427601415503076362918761308256066708374644450176898848448395154489783142433098402959876278988206136506854
27 25 0 11462156486303836979721847489653170482812771475284035145986479928520572856688875436816359068957202547082053393292355792054025702911219768384136239763962020049754335/709660550684187789209888852296854385115488622580526096782121083686345687658138044439803620069210853311460790829755352104423876771688419002580552453018280574326918094
27 25 1 205877752788394327846550232375760068452325303874908794896942441644473440796897463524494182247692850696650005939258589995585880233884829858594272634426526189005281100/354830275342093894604944426148427192557744311290263048391060541843172843829069022219901810034605426655730395414877676052211938385844209501290276226509140287163459047
27 25 3 86910730612836213079372038248526156895160018799087341828373686151697045503854124600475111279417182764146614730619995377732422771439954295512011871488806154834799744/354830275342093894604944426148427192557744311290263048391060541843172843829069022219901810034605426655730395414877676052211938385844209501290276226509140287163459047
27 25 5 112621427395422870378322463558628763937705205757249788185502348165484142199945992753048673946033583842785496096705825565733245058127630925983847201423653866597002071/709660550684187789209888852296854385115488622580526096782121083686345687658138044439803620069210853311460790829755352104423876771688419002580552453018280574326918094
27 26 1 137170475566892731991834984661318256170309601964054078645247656525644301943208717258403489450860204714184763902606908672641652829485101062040664361816848042335837721/354830275342093894604944426148427192557744311290263048391060541843172843829069022219901810034605426655730395414877676052211938385844209501290276226509140287163459047
27 26 6 31306055861533449106566503286497789845709691805826764645796287788335193959312171903877387197422062027624204805222637605847388832396263143188725898190789341629480281/354830275342093894604944426148427192557744311290263048391060541843172843829069022219901810034605426655730395414877676052211938385844209501290276226509140287163459047
27 26 9 3054979408420782188631851445911658140028278975743970575410108156216284392238493984551162842398740326457728306672920160224965520064964676984604687975434473822920345/5816889759706457288605646330302085123897447726069886039197713800707751538181459380654128033354187322225088449424224197577244891571216549201479938139494103068253427
27 27 2 188182405451791304346093194925356176438170446315901230822841179680295890624069303571141748634503743449214826173978523093570247508260391200046108387536747260871753359/709660550684187789209888852296854385115488622580526096782121083686345687658138044439803620069210853311460790829755352104423876771688419002580552453018280574326918094
27 27 4 622198612266361479934084552430018070881470215957493463925410479356083918043281083720442570034034772844281696372769714020451387757358326841049706680245969819458767/709660550684187789209888852296854385115488622580526096782121083686345687658138044439803620069210853311460790829755352104423876771688419002580552453018280574326918094
27 27 8 260427973310065061691930786409534095303218353024333686247677246763346856558012729892470714432336537544700841479702029648416588937835334737846697179400643671817852984/354830275342093894604944426148427192557744311290263048391060541843172843829069022219901810034605426655730395414877676052211938385844209501290276226509140287163459047
28 0 1 93800779819114218880003176567553724519100032650465340900945186631612282900809011535404092970509930195860161728077522379827201890289577628803057666491275137629575719/354830275342093894604944426148427192557744311290263048391060541843172843829069022219901810034605426655730395414877676052211938385844209501290276226509140287163459047
28 0 13 1082240543817364900915927378188237362834135163751880392430060539500337325129386340119669674671502832930467337048669765830027014231212552273298368233198767876837274/354830275342093894604944426148427192557744311290263048391060541843172843829069022219901810034605426655730395414877676052211938385844209501290276226509140287163459047
28 0 16 220308859215509227073573541363405073199146341715044547593337763794724269331313446475823081094598166452305620068337764378922332086323688575562478577798762170078183/8251866868420788246626614561591330059482425843959605776536291670771461484396954005113995582200126201296055707322736652377021822926609523285820377360677681096824629
28 0 22 55078311807445654635013865049544950600794574634749779145546834394343574582092040031818900564504597015126937571463310074091386341853500196475535267073694136625357381/709660550684187789209888852296854385115488622580526096782121083686345687658138044439803620069210853311460790829755352104423876771688419002580552453018280574326918094
28 0 28 445869636258345173484709454798572674455699126929848043956796707263430585461676252260016409240207947923854311802162610002430712061369501226453931958804945080062010989/709660550684187789209888852296854385115488622580526096782121083686345687658138044439803620069210853311460790829755352104423876771688419002580552453018280574326918094
28 1 3 118838579665519549238304181699112798420605723646036633803966375980036550641088803548659995674676570014395526602235091052352335967081791716944734887954740146131913219/709660550684187789209888852296854385115488622580526096782121083686345687658138044439803620069210853311460790829755352104423876771688419002580552453018280574326918094
28 1 9 131704268006715762817608756650019510751541086062392417803209294815244456387638792226744445215355335569456825742811906307259802035632523932164142503835080366598719123/709660550684187789209888852296854385115488622580526096782121083686345687658138044439803620069210853311460790829755352104423876771688419002580552453018280574326918094
28 1 12 59972001675881560783086678986702250310497609014319152589156378744039760837963065723614234047878331338951909796278459111512735503798706235559722650062903694326460517/354830275342093894604944426148427192557744311290263048391060541843172843829069022219901810034605426655730395414877676052211938385844209501290276226509140287163459047
28 1 15 89736193647695663007500999740704955649253395203729275343745396178674518603418489733484411002726154435164413981297895326417672605742426919792174731920615170545117387/354830275342093894604944426148427192557744311290263048391060541843172843829069022219901810034605426655730395414877676052211938385844209501290276226509140287163459047
28 1 21 73231907546955564923057081159640842593213859608704073483163017180754622035414656626889692550425001982095234948101508050316135602087438828956482179047953027857315780/354830275342093894604944426148427192557744311290263048391060541843172843829069022219901810034605426655730395414877676052211938385844209501290276226509140287163459047
28 1 22 6618748635443449863343197086812989418706042609296021171407914342063438837909012248211251988559986107592660516676314884159325672858479692427457969582758138069249192/354830275342093894604944426148427192557744311290263048391060541843172843829069022219901810034605426655730395414877676052211938385844209501290276226509140287163459047
28 2 1 100462202179431953687459461509392619723005978072465942220470789391598058363666232686745326150151512474662312883092752084403413035550435069803529912628369443724708559/354830275342093894604944426148427192557744311290263048391060541843172843829069022219901810034605426655730395414877676052211938385844209501290276226509140287163459047
28 2 4 160460768917043559726430370939298039559293781381456098316065792781002867182710890910175297861463152279552635628374445366237784106588955924087504576640484163290153783/354830275342093894604944426148427192557744311290263048391060541843172843829069022219901810034605426655730395414877676052211938385844209501290276226509140287163459047
28 2 22 62149746140786605628512618374742023877298950112640315962209112337543202901248614805042990735263374214747568651241204061376792430570599813766760692881011937718773615/709660550684187789209888852296854385115488622580526096782121083686345687658138044439803620069210853311460790829755352104423876771688419002580552453018280574326918094
28 2 23 125664862350450156753596569024731042673590153560041699746838807003600633664135182440919381310718149588283325155579753141764690056839037201031722781599561422578419795/709660550684187789209888852296854385115488622580526096782121083686345687658138044439803620069210853311460790829755352104423876771688419002580552453018280574326918094
28 3 7 41422593741958734331716192710729716973008870500733143292981404784241317811812103786013002183675257164729002975669964410608166557716315102094796355071157195018020378/354830275342093894604944426148427192557744311290263048391060541843172843829069022219901810034605426655730395414877676052211938385844209501290276226509140287163459047
28 3 26 313407681600135160273228233437697475584735440789529905098079137058931526017256918433888807850930169491001392439207711641603771828127894399195479871437983092145438669/354830275342093894604944426148427192557744311290263048391060541843172843829069022219901810034605426655730395414877676052211938385844209501290276226509140287163459047
28 4 18 385745528645019458017353993418124951527218895230452601199429325613985877441637163687036833331398286868838672551402510602421350880993364103091407006767143523704152843/709660550684187789209888852296854385115488622580526096782121083686345687658138044439803620069210853311460790829755352104423876771688419002580552453018280574326918094
28 4 25 71742871600064495683939416357966312520347043083179263768180274455372654803835523246275133948084693143012179567344084953056378294586397626927560184070703071067137899/709660550684187789209888852296854385115488622580526096782121083686345687658138044439803620069210853311460790829755352104423876771688419002580552453018280574326918094
28 4 32 126086075219551917754297721260381560533961342133447115907255741808493577706332678753245826394863936649804969355504378274473073798054328636280792631090216989777813676/354830275342093894604944426148427192557744311290263048391060541843172843829069022219901810034605426655730395414877676052211938385844209501290276226509140287163459047
28 5 9 168772977333943120335733728288430006003587742927808961407591301835761859895974036231642560894115433794295367334129713479951904307834986504597671728758200044766200873/709660550684187789209888852296854385115488622580526096782121083686345687658138044439803620069210853311460790829755352104423876771688419002580552453018280574326918094
28 5 12 220549884203557791045787172012404726384417092812280958857960421638800815433825440902545713664957274566580205653721464857309497843388488486576302802671831387058262/5816889759706457288605646330302085123897447726069886039197713800707751538181459380654128033354187322225088449424224197577244891571216549201479938139494103068253427
28 5 14 51612704737259224725805614120230829272777039233696624778276107136483367989564836045300010553106771857132261250572056156636697547945163770699577064220481239837773400/354830275342093894604944426148427192557744311290263048391060541843172843829069022219901810034605426655730395414877676052211938385844209501290276226509140287163459047
28 5 17 162202020843934203006859354905297538585241320048426066928944989711178644973549249802802922887844512809835115905382750010016229079410172893529424506771120367992555443/709660550684187789209888852296854385115488622580526096782121083686345687658138044439803620069210853311460790829755352104423876771688419002580552453018280574326918094
28 5 24 52996476102216216623500911077752371758963926150668251200619690396129743450350942734164290240296148325637042647563653425559151162524842417463686753809641787566109144/354830275342093894604944426148427192557744311290263048391060541843172843829069022219901810034605426655730395414877676052211938385844209501290276226509140287163459047
28 5 29 71280052477262766330548341860823530922139371756231519753561012817122630212928248528159478816660139422334457352108725368736143613304925816382309819751375338769644363/354830275342093894604944426148427192557744311290263048391060541843172843829069022219901810034605426655730395414877676052211938385844209501290276226509140287163459047
28 6 2 116860805547379163840767255787342544592976368644485149169189171592120353014993942432614428486060597439246472224729402947608593358053118458354395579528108991331817622/354830275342093894604944426148427192557744311290263048391060541843172843829069022219901810034605426655730395414877676052211938385844209501290276226509140287163459047
28 6 8 124893746367198746965119022531616781191117646376452406783772699879479703963090985730419564021426806340893201018719745928193766886140036272454361220809393591330106998/354830275342093894604944426148427192557744311290263048391060541843172843829069022219901810034605426655730395414877676052211938385844209501290276226509140287163459047
28 6 10 40539397752822972556977827401433179746561380232687126816876660170222074538059322236869043941856033131604199330138428751175554795299141563108534006159305112943825056/354830275342093894604944426148427192557744311290263048391060541843172843829069022219901810034605426655730395414877676052211938385844209501290276226509140287163459047
28 6 15 72536325674693011242080320428034687027088916036638365621222010201350712312924771819998773585261989743986522841290098425234023346351913207372985420012332591557709371/354830275342093894604944426148427192557744311290263048391060541843172843829069022219901810034605426655730395414877676052211938385844209501290276226509140287163459047
28 7 5 626378175388498863705351840936432244535373650472310146895816495700596101113554195671322813786406381696015393630118133453047496167016032329499561512638815678495685955/709660550684187789209888852296854385115488622580526096782121083686345687658138044439803620069210853311460790829755352104423876771688419002580552453018280574326918094
28 7 8 65715575369412700195184924316726115545655589619113241256964399749849437133158231070453445566914675187460655278939043998652582948321010355929755264233080921918508841/709660550684187789209888852296854385115488622580526096782121083686345687658138044439803620069210853311460790829755352104423876771688419002580552453018280574326918094
28 7 19 8783399963138112654676043521848012517229691244551354314670094117950074705712808849013680357944898213992370960349087326361898828175688158575617838073191986956361649/354830275342093894604944426148427192557744311290263048391060541843172843829069022219901810034605426655730395414877676052211938385844209501290276226509140287163459047
28 8 13 434628859515846603679828874156543181255964046168040825097226641246191707928471949763657770108464659246724201440865152940245318720682211329046663264079028685043296175/709660550684187789209888852296854385115488622580526096782121083686345687658138044439803620069210853311460790829755352104423876771688419002580552453018280574326918094
28 8 16 275031691168341185530059978140311203859524576412485271684894442440153979729666094676145849960746194064736589388890199164178558051006207673533889188939251889283621919/709660550684187789209888852296854385115488622580526096782121083686345687658138044439803620069210853311460790829755352104423876771688419002580552453018280574326918094
28 9 11 2053452956266782431474524518697210253906258142409428351094226121209464393507177998686452804762379665351901324169738077971442320947091703625021420996132403602059197/5816889759706457288605646330302085123897447726069886039197713800707751538181459380654128033354187322225088449424224197577244891571216549201479938139494103068253427
28 9 19 3763436803439674857131121811604874869991189583660457688103487679498287144674281381967675228591807656873187125254486119605802570624124845576458517143361699466194230/5816889759706457288605646330302085123897447726069886039197713800707751538181459380654128033354187322225088449424224197577244891571216549201479938139494103068253427
28 10 13 175267053109303784468051160852689437320169846285987678929928322041266974692415691997552953036477550742445974675962872333989658471600350622822241215850557313048506429/354830275342093894604944426148427192557744311290263048391060541843172843829069022219901810034605426655730395414877676052211938385844209501290276226509140287163459047
28 10 23 179563222232790110136893265295737755237574465004275369461132219801905869136653330222348856998127875913284420738914803718222279914243858878468035010658582974114952618/354830275342093894604944426148427192557744311290263048391060541843172843829069022219901810034605426655730395414877676052211938385844209501290276226509140287163459047
28 11 17 69129970167711358883035741632829204250737459596456537286285173105432881820929406312277251951084126271851681683366992157744000727931496445211759981280495445825388651/709660550684187789209888852296854385115488622580526096782121083686345687658138044439803620069210853311460790829755352104423876771688419002580552453018280574326918094
28 11 20 224220355432813036048547232074790708483491513593671099924960495503188702723989264826859905695980902880408237531666511641896576211086619680939586403302520532888106153/709660550684187789209888852296854385115488622580526096782121083686345687658138044439803620069210853311460790829755352104423876771688419002580552453018280574326918094
28 11 21 132906564605178536308187663205217319928578053347021471909567738461910061580975239821091451353458383791846870303023176637685965472011837307193096940851592098095116311/354830275342093894604944426148427192557744311290263048391060541843172843829069022219901810034605426655730395414877676052211938385844209501290276226509140287163459047
28 11 25 1749966231084957228627099443939532936326785380190180415717906257603534650596149926261436740874756471808222453589249942202457777774960793744686188217814888365385938/8251866868420788246626614561591330059482425843959605776536291670771461484396954005113995582200126201296055707322736652377021822926609523285820377360677681096824629
28 12 5 38813875063841728788125290839453442386328669298066966887673261779449625688875771466509972406824245593465219325372120264553701543735161587890782679820742457211395320/354830275342093894604944426148427192557744311290263048391060541843172843829069022219901810034605426655730395414877676052211938385844209501290276226509140287163459047
28 12 8 275652240603415429053582907285972361500549924801280599382383982409637870555846318680382106015091264340184083843208078866599377846012154232083738905846306210651611145/709660550684187789209888852296854385115488622580526096782121083686345687658138044439803620069210853311460790829755352104423876771688419002580552453018280574326918094
28 12 9 13899161648890301734093532401449346258059172836683748327507245144424733162434241644702803676400516787590678771863023523071156901268460968220366983704366301639389709/354830275342093894604944426148427192557744311290263048391060541843172843829069022219901810034605426655730395414877676052211938385844209501290276226509140287163459047
28 12 20 328582236655308299111868298529076446326163013509744066969376087428959099399671699536995961887670064209164910792076985662574782035669019658274514220121756845973736891/709660550684187789209888852296854385115488622580526096782121083686345687658138044439803620069210853311460790829755352104423876771688419002580552453018280574326918094
28 13 10 244697938045791478227765065070212916389261881535164148062843247385972860367148438705795206641465042148672321827151591200416051447005310983075822064650209098216551061/709660550684187789209888852296854385115488622580526096782121083686345687658138044439803620069210853311460790829755352104423876771688419002580552453018280574326918094
28 13 17 464962612638396310982123787226641468726226741045361948719277836300372827290989605734008413427745811162788469002603760904007825324683108019504730388368071476110367033/709660550684187789209888852296854385115488622580526096782121083686345687658138044439803620069210853311460790829755352104423876771688419002580552453018280574326918094
28 14 0 33934085731862516290654875909288590772756739762508293689106658943833106276703676565858494282937952497732310153473525768909316313944839790412244554717075097866020622/354830275342093894604944426148427192557744311290263048391060541843172843829069022219901810034605426655730395414877676052211938385844209501290276226509140287163459047
28 14 6 14284754995232103064046451394525155728984797615677961824402814630705730677856691198955496218761466660912565130179704531336570372936745157992560347634830542295711111/709660550684187789209888852296854385115488622580526096782121083686345687658138044439803620069210853311460790829755352104423876771688419002580552453018280574326918094
28 14 7 73484069884034891823270812020196750145908693068187843154472303536974093253269920493917499558957573405838943676418560002063388257128214619010486927122050647918028817/709660550684187789209888852296854385115488622580526096782121083686345687658138044439803620069210853311460790829755352104423876771688419002580552453018280574326918094
28 14 8 134191964274666186528698246162403597200679599216027517194673420828679318860032642003018587700766635087838836618396952799033294169265126260956002733839587536683209054/354830275342093894604944426148427192557744311290263048391060541843172843829069022219901810034605426655730395414877676052211938385844209501290276226509140287163459047
28 14 13 38946293745316272002767531633597987529211515515945925704089887183361332062586642211906265709883325902433819742708899707108288129755152096520290726719881765473928345/709660550684187789209888852296854385115488622580526096782121083686345687658138044439803620069210853311460790829755352104423876771688419002580552453018280574326918094
28 14 18 246693332046547116681097813105150115764510938423642744331595918790279681390952153397270194614199312171133168736707230728030409045448375026320719874428192349540790469/709660550684187789209888852296854385115488622580526096782121083686345687658138044439803620069210853311460790829755352104423876771688419002580552453018280574326918094
28 15 1 3615647063687275662621422305930094040734711612224913287486264187488272524765939698450786356875624199667313151061741148717925746367359360501404922252642827975652059/4762822487813340867180462095952042853124084715305544273705510628767420722537839224428212215229603042358797253890975517479354877662338382567654714449787117948502806
28 15 15 1147175424126065204559039790021948812389373103080630986219246441279148197771899525977425858353978842691484102829234368761429131294979022066249792197144289972850747/4762822487813340867180462095952042853124084715305544273705510628767420722537839224428212215229603042358797253890975517479354877662338382567654714449787117948502806
28 16 1 73482839854111764383271510546812057719987111938311658812449962614730195546763820176595769834230554360256727718058328776002069188037987223994744336164900340041655813/709660550684187789209888852296854385115488622580526096782121083686345687658138044439803620069210853311460790829755352104423876771688419002580552453018280574326918094
28 16 2 230410993829874874609742537021074627862011454620114320701796861177890250266325186499316842026458209111814958778864792442235754847403993721065443178619115749007722011/354830275342093894604944426148427192557744311290263048391060541843172843829069022219901810034605426655730395414877676052211938385844209501290276226509140287163459047
28 16 15 175355723170326275607132267707893071671478601401985796566077398715834991578723851264574166182063880727574145553967438443950297888842444336454921759615148736269818259/709660550684187789209888852296854385115488622580526096782121083686345687658138044439803620069210853311460790829755352104423876771688419002580552453018280574326918094
28 17 0 109474284423322589289404934794711896171001943173267782215821655014749279436164680667062916008417866987408270397964617562726991738411621609079239862140765698823260895/354830275342093894604944426148427192557744311290263048391060541843172843829069022219901810034605426655730395414877676052211938385844209501290276226509140287163459047
28 17 7 180617312536870743110151071791174153600122657464975154430186163346494634700253377997498843146209435096167983713266989669677434461502218781886680704973118238728635210/354830275342093894604944426148427192557744311290263048391060541843172843829069022219901810034605426655730395414877676052211938385844209501290276226509140287163459047
28 17 10 5177702429090832715291008003427287701424197071298327873596928735733149476465112100044714420467420107470673264014860088387190578027620240549664555966256594362917125/354830275342093894604944426148427192557744311290263048391060541843172843829069022219901810034605426655730395414877676052211938385844209501290276226509140287163459047
28 17 11 59560975952809729490097411559113855085195513580721783871455794746195780216185851455295336459510704464683468039631208731420321607902748869774691103428999755248645817/354830275342093894604944426148427192557744311290263048391060541843172843829069022219901810034605426655730395414877676052211938385844209501290276226509140287163459047
28 18 1 46260316005354070334574085140567782371040789644318841021941844081571287549700183196439468374246285905935211198620508675744517186397584617812880164192798250069003087/354830275342093894604944426148427192557744311290263048391060541843172843829069022219901810034605426655730395414877676052211938385844209501290276226509140287163459047
28 18 12 260424545701463364403580562525663342973489706258412764503262759739485025206079622776614405141901956070356415386313399429370786081947532429997995251287741091277266505/709660550684187789209888852296854385115488622580526096782121083686345687658138044439803620069210853311460790829755352104423876771688419002580552453018280574326918094
28 18 15 356715372972016284137160119490055477399917337033475650234974635783718087352658055270310278178816325429233953046200935323564056316945717336956796873344942982911645415/709660550684187789209888852296854385115488622580526096782121083686345687658138044439803620069210853311460790829755352104423876771688419002580552453018280574326918094
28 19 0 210404358460086587958914266992168170277366286721307254378108689594622783612510852650689007769858785585476621372854357652764564440034811158519462006985248541329207501/354830275342093894604944426148427192557744311290263048391060541843172843829069022219901810034605426655730395414877676052211938385844209501290276226509140287163459047
28 19 5 144425916882007306646030159156259022280378024568955794012951852248550060216558169569212802264746641070253774042023318399447373945809398342770814219523891745834251546/354830275342093894604944426148427192557744311290263048391060541843172843829069022219901810034605426655730395414877676052211938385844209501290276226509140287163459047
28 20 11 169563717871091058162541604890689388029772495556634751257237638997537939406464642083625396415907903071129844915280610858947552690929998240295668934186619389474262222/354830275342093894604944426148427192557744311290263048391060541843172843829069022219901810034605426655730395414877676052211938385844209501290276226509140287163459047
28 20 14 185266557471002836442402821257737804527971815733628297133822902845634904422604380136276413618697523584600550499597065193264385694914211260994607292322520897689196825/354830275342093894604944426148427192557744311290263048391060541843172843829069022219901810034605426655730395414877676052211938385844209501290276226509140287163459047
28 21 6 369936725812556282809172343173073917122000821732498010338221458300093067942882301161747023347714886794880665971988397921668265924815003054527554195685277747425967073/709660550684187789209888852296854385115488622580526096782121083686345687658138044439803620069210853311460790829755352104423876771688419002580552453018280574326918094
28 21 12 29803519018378461867622542072205429133497641405932246688277891195975855943376518198832223953662114661101672573548428198443878813897676872781851116227619891806702938/354830275342093894604944426148427192557744311290263048391060541843172843829069022219901810034605426655730395414877676052211938385844209501290276226509140287163459047
28 21 13 73521552216074013965616470170061652121787000141109906155136457840439436831582404992401481331055631142893517021842635572452410395775912162332767389670668685119777187/354830275342093894604944426148427192557744311290263048391060541843172843829069022219901810034605426655730395414877676052211938385844209501290276226509140287163459047
28 21 14 133073682402726554734238484639246305482918517753943780757070927313422034165337896895589186152060474908589745666984826640963032427526237877823761245536425673047990771/709660550684187789209888852296854385115488622580526096782121083686345687658138044439803620069210853311460790829755352104423876771688419002580552453018280574326918094
28 22 3 323208628290095473993874625411804023438584473667260977520772769466849275226659539619193880182265889290106956890141974035776736549756519501050427512177226028246770347/354830275342093894604944426148427192557744311290263048391060541843172843829069022219901810034605426655730395414877676052211938385844209501290276226509140287163459047
28 22 4 31621647051998420611069800736623169119159837623002070870287772376323568602409482600707929852339537365623438524735702016435201836087690000239848714331914258916688700/354830275342093894604944426148427192557744311290263048391060541843172843829069022219901810034605426655730395414877676052211938385844209501290276226509140287163459047
28 23 2 49469380973652200915360546090159544210271528110112776313157204106735120246340505749437438329975169688292604666978022509568679640832312239719931530838385210849049139/354830275342093894604944426148427192557744311290263048391060541843172843829069022219901810034605426655730395414877676052211938385844209501290276226509140287163459047
28 23 4 196656442465519940475848376707309984484110039003917878996267404747880755876876353655416410181054332744714170401008847730566622058573715585887251603565387391398398328/354830275342093894604944426148427192557744311290263048391060541843172843829069022219901810034605426655730395414877676052211938385844209501290276226509140287163459047
28 23 10 108704451902921753213735503350957663863362744176232393081635932988556967705852162815047961523575924222723620346890805812076636686438181675683093092105367684916011580/354830275342093894604944426148427192557744311290263048391060541843172843829069022219901810034605426655730395414877676052211938385844209501290276226509140287163459047
28 24 10 162585175322610248618560997956048099653117695667432719469192285600660861773037528637225808001272185146208809721223855291376159451824687246715436325672052365981784436/354830275342093894604944426148427192557744311290263048391060541843172843829069022219901810034605426655730395414877676052211938385844209501290276226509140287163459047
28 24 11 192245100019483645986383428192379092904626615622830328921868256242511982056031493582676002033333241509521585693653820760835778934019522254574839900837087921181674611/354830275342093894604944426148427192557744311290263048391060541843172843829069022219901810034605426655730395414877676052211938385844209501290276226509140287163459047
28 25 2 140354769502111111361859118168638936996735966747723818576289477154681924326543907599182586868936149430958792900547306474119545146738449883810667998482559943418930505/354830275342093894604944426148427192557744311290263048391060541843172843829069022219901810034605426655730395414877676052211938385844209501290276226509140287163459047
28 25 6 177278667002997447968587085500680883400618818392698793964552897272973243124798644912127923644326713756679842964822077205590645069730333036778583603571329661576969239/354830275342093894604944426148427192557744311290263048391060541843172843829069022219901810034605426655730395414877676052211938385844209501290276226509140287163459047
28 25 9 609784243229267791385216761952579871481795510653121899183904383860945514388958519812972123300697761771996058188660530696749969989761091486902043023856568560123923/5816889759706457288605646330302085123897447726069886039197713800707751538181459380654128033354187322225088449424224197577244891571216549201479938139494103068253427
28 26 0 192817695560386468419994362586543504286751401790078663184272479826817860357240635157859937938042403561183677498627162123060762318233590727760560195373694347611704649/354830275342093894604944426148427192557744311290263048391060541843172843829069022219901810034605426655730395414877676052211938385844209501290276226509140287163459047
28 26 3 127080607746741919316964525023918238271966115768833513648165473063114841543499341922402303659002643719667692697134782922210634483554025712890363500867636281185516303/709660550684187789209888852296854385115488622580526096782121083686345687658138044439803620069210853311460790829755352104423876771688419002580552453018280574326918094
28 26 4 196944551816672933052935602099849138270019703231535256765410650969595125400157432201681440534123402469425743135366244936091717651667211834169068561403255597917992493/709660550684187789209888852296854385115488622580526096782121083686345687658138044439803620069210853311460790829755352104423876771688419002580552453018280574326918094
28 27 2 9534474322640811231238983215496507845881053324725928706876769348595381828416302760919060287826882961488050851800138733929061817596988982821068331748613791022674390/354830275342093894604944426148427192557744311290263048391060541843172843829069022219901810034605426655730395414877676052211938385844209501290276226509140287163459047
28 27 9 345295801019453083373705442932930684711863257965537119684183772494577462000652719458982749746778543694242344563077537318282876568247220518469207894760526496140784657/354830275342093894604944426148427192557744311290263048391060541843172843829069022219901810034605426655730395414877676052211938385844209501290276226509140287163459047
28 28 5 100403089071119389344274139637567149146965704687968318237552243003450586440817612340172348868965862240148378480930315433873622475144574380720257927105483286673407647/709660550684187789209888852296854385115488622580526096782121083686345687658138044439803620069210853311460790829755352104423876771688419002580552453018280574326918094
28 28 6 16780247851722961327341586558933702122470961998919115105378656860647520064740813038815874710228965867671785278639089309130787485429700218645361167344915715902231553/354830275342093894604944426148427192557744311290263048391060541843172843829069022219901810034605426655730395414877676052211938385844209501290276226509140287163459047
28 28 7 575696965909622477210931539541419831723580993894719548333811526961600061087838806021999521779787059335968841791546858052288679325684444184569572191222965855849047341/709660550684187789209888852296854385115488622580526096782121083686345687658138044439803620069210853311460790829755352104423876771688419002580552453018280574326918094
29 0 14 289307744388089685450063782839658580809888872825797237318781633520125536872198791004882591850405839668477914395761391722256109007286259777488886445101480409361552853/354830275342093894604944426148427192557744311290263048391060541843172843829069022219901810034605426655730395414877676052211938385844209501290276226509140287163459047
29 0 15 65522530954004209154880643308768611747855438464465811072278908323047306956870231215019218184199586987252481019116284329955829378557949723801389781407659877801906194/354830275342093894604944426148427192557744311290263048391060541843172843829069022219901810034605426655730395414877676052211938385844209501290276226509140287163459047
29 1 19 2839518426147918903534840296300836562876264740344259049688583164352553315402163654982478022403322009609219670802085401528516109576193209073003909199818909007947267/9590007441678213367701200706714248447506603007844947253812447076842509292677541141078427298232579098803524200402099352762484821239032689224061519635382169923336731
29 1 24 259786001107286456155780652702736268274979956598927245759854752603194010001439405444139563955550547130290430180348548572251564132074304300576725181347127059655402061/709660550684187789209888852296854385115488622580526096782121083686345687658138044439803620069210853311460790829755352104423876771688419002580552453018280574326918094
29 1 34 25/74
29 2 3 171743423383009038180468866205704977242124740143598981815228687855310290163124684349652311926328406052262749315191057715687980486732615318190789790208305244195776847/709660550684187789209888852296854385115488622580526096782121083686345687658138044439803620069210853311460790829755352104423876771688419002580552453018280574326918094
29 2 12 15751565485363076122296334392656463729209569513974588861800937072835768337192897906806605188785145333793476553389066475900286227562233095941612409869270671272406629/354830275342093894604944426148427192557744311290263048391060541843172843829069022219901810034605426655730395414877676052211938385844209501290276226509140287163459047
29 2 16 125169851285354197581955178336277603073889980779383495359126346614753766831301925323028507527709064428397944354079332857966530366278071248749814379717069337453542642/354830275342093894604944426148427192557744311290263048391060541843172843829069022219901810034605426655730395414877676052211938385844209501290276226509140287163459047
29 2 18 181705046393409966454868963500378196297179686230638263150068834094490416473828152058286146295866172963196252487115620342825756410718913816822121817145947567609840473/709660550684187789209888852296854385115488622580526096782121083686345687658138044439803620069210853311460790829755352104423876771688419002580552453018280574326918094
29 2 22 37184623683167118583023998566451538984992547809786341687484497180682955342097780786097468207013927385809473606255937689088253343278140589092393633245673872534701116/354830275342093894604944426148427192557744311290263048391060541843172843829069022219901810034605426655730395414877676052211938385844209501290276226509140287163459047
29 3 2 4427439044009223784796500502152480544276964872574033830010580923570457331580636864058772767918801822835076241230581303857156296217088307587805011175656713260830661/9590007441678213367701200706714248447506603007844947253812447076842509292677541141078427298232579098803524200402099352762484821239032689224061519635382169923336731
29 3 8 5162568397668989582904700204561767903229638135270913423801866153272051961096904277019654530313777275968447959171518048905328525021944381636256508459725456662506070/9590007441678213367701200706714248447506603007844947253812447076842509292677541141078427298232579098803524200402099352762484821239032689224061519635382169923336731
29 4 10 14676851793542846381173576135225478895393872228924227566126573132521825740300502729043237334982400781185102661288925585898065711428717385657526331338874850116401973/709660550684187789209888852296854385115488622580526096782121083686345687658138044439803620069210853311460790829755352104423876771688419002580552453018280574326918094
29 4 11 453780280298567162767225170894705827042829322130739411032041265843893370865449354435515654780114315905453801464496693071623448335965090131343707196176766765027667/2381411243906670433590231047976021426562042357652772136852755314383710361268919612214106107614801521179398626945487758739677438831169191283827357224893558974251403
29 4 12 339668532293994846024795674535987910470833792978056135385359079055269493295271464090510773768970016168174718769288375317545385858092632598993093989465160355900030145/709660550684187789209888852296854385115488622580526096782121083686345687658138044439803620069210853311460790829755352104423876771688419002580552453018280574326918094
29 4 17 109761350634638903793690517070076841834447431947322784816100804036155743366022685147133912216315385598631168213295552436453734433863209417266791041492388891098519018/354830275342093894604944426148427192557744311290263048391060541843172843829069022219901810034605426655730395414877676052211938385844209501290276226509140287163459047
29 4 22 282970899199637355952733279432487810801477741969909855442763102381328686308399852099059704076799512506700068083465896364584365161526662127962652384395545067601587/354830275342093894604944426148427192557744311290263048391060541843172843829069022219901810034605426655730395414877676052211938385844209501290276226509140287163459047
29 5 5 28113386766954295675537809927615961206411594098637678908540612430513530224400349689064065703899824626894403338949570166491829165335492344768217122384448259196621056/354830275342093894604944426148427192557744311290263048391060541843172843829069022219901810034605426655730395414877676052211938385844209501290276226509140287163459047
29 5 9 237936131323528156259684598643140222854246120865703161195718439294773909579267191730990940727948282208326277147894684360265950886834050651504748802857416278274490323/709660550684187789209888852296854385115488622580526096782121083686345687658138044439803620069210853311460790829755352104423876771688419002580552453018280574326918094
29 5 10 60717970211084332428436632083379912869414699159125279222923682759921967121553286952650596875599752079339159473214706719817253122342902879201695387786429404593949/4762822487813340867180462095952042853124084715305544273705510628767420722537839224428212215229603042358797253890975517479354877662338382567654714449787117948502806
29 5 13 57167144178948718508433432023273383477330868225683290920041660240893372565276712097803684484607566853159345101221440983267317533750377419248246349191911175780429218/354830275342093894604944426148427192557744311290263048391060541843172843829069022219901810034605426655730395414877676052211938385844209501290276226509140287163459047
29 5 28 146058189953701019525212355785755932938107393445735664662511235158764799699202644689566120014891712541602741020004827071693430885726768147020912047113983722406914411/354830275342093894604944426148427192557744311290263048391060541843172843829069022219901810034605426655730395414877676052211938385844209501290276226509140287163459047
29 6 13 1046617572957531448238859044904093667974987907412420658908102242744966311233770455043072316560991189220563993505235597599646505579872911982552036150961511380495156/9590007441678213367701200706714248447506603007844947253812447076842509292677541141078427298232579098803524200402099352762484821239032689224061519635382169923336731
29 6 18 73238754339749536960990192622401676131825624754697603197697558169134496057002815451457884401242901020617720325066042895283359527168857602061805937428456345302302809/709660550684187789209888852296854385115488622580526096782121083686345687658138044439803620069210853311460790829755352104423876771688419002580552453018280574326918094
29 6 23 93724018764633253231920301604621089615999434733654543082603327752899560686442858231737466500037013885902671759529955822334768431023611234116690545935508569940171719/354830275342093894604944426148427192557744311290263048391060541843172843829069022219901810034605426655730395414877676052211938385844209501290276226509140287163459047
29 6 27 74254644547100488645867928037696720461311501204714985421538315617537632394194405497096681755667021225735665684953581937619824569291494388949361613390503880782208995/709660550684187789209888852296854385115488622580526096782121083686345687658138044439803620069210853311460790829755352104423876771688419002580552453018280574326918094
29 6 30 148634706934606964984757279552305438930101761002642646619239494215373465401378046677293384743356777645490162890644190702238657200135124528313576567578575683102710654/354830275342093894604944426148427192557744311290263048391060541843172843829069022219901810034605426655730395414877676052211938385844209501290276226509140287163459047
29 7 11 31018274867596981072539196206359762775245115295788296425156632893598244500246600209931768814371099212926564845075904153993919345295502155385334677923802871075626480/354830275342093894604944426148427192557744311290263048391060541843172843829069022219901810034605426655730395414877676052211938385844209501290276226509140287163459047
29 7 24 125964352842589557467860072853468997676263235429991568295926245011273635983481822171579948978435530982562041886562798716188211222397422374068723407672629617213891046/354830275342093894604944426148427192557744311290263048391060541843172843829069022219901810034605426655730395414877676052211938385844209501290276226509140287163459047
29 7 27 4601108084462961768942910629967405397819440943360074038836689859030254961519548833450932377716251080470739271703231934465809484143053138879912049788667623229626547/8251866868420788246626614561591330059482425843959605776536291670771461484396954005113995582200126201296055707322736652377021822926609523285820377360677681096824629
29 8 0 32492874197345850802503642332621595117557268009156023096150909376761364580113946250016531191371114115113319521269848785363329332805261041677990062760448297481805379/709660550684187789209888852296854385115488622580526096782121083686345687658138044439803620069210853311460790829755352104423876771688419002580552453018280574326918094
29 8 7 56445661915351926621337818722926518075319736394017504747143609563408228947473218942883308385997043021403567918415712669449455577279440248172635332905976963615205634/354830275342093894604944426148427192557744311290263048391060541843172843829069022219901810034605426655730395414877676052211938385844209501290276226509140287163459047
29 8 9 215939834303674855760835257406336369566049837951499777751534559876083784569695170577370352038937088610039222945162240832124452249979916940150419838265746603173077643/354830275342093894604944426148427192557744311290263048391060541843172843829069022219901810034605426655730395414877676052211938385844209501290276226509140287163459047
29 8 23 132396684048788373643039057705707014715192205880335508688613835430600296043687319149279768027971475933461889581329596315912731784364443584256452047914385143268546161/709660550684187789209888852296854385115488622580526096782121083686345687658138044439803620069210853311460790829755352104423876771688419002580552453018280574326918094
29 9 8 1931369225971469197508567206210628355621670517172271882697327791743087070034745856782172717438033498005017904703332034671155187424269642212206494238289941834640949/8251866868420788246626614561591330059482425843959605776536291670771461484396954005113995582200126201296055707322736652377021822926609523285820377360677681096824629
29 9 9 390420502907625828525940821703223261926990183186836590827090991160385267182106870046797704597706685167639181389746239376907786298687986108154014333760299477722284409/709660550684187789209888852296854385115488622580526096782121083686345687658138044439803620069210853311460790829755352104423876771688419002580552453018280574326918094
29 9 19 153142294343015609698211250859517084605034774916874124043059902436054932453043030709739061771833287315390069635522557745796744354513243664176779614765046098825512071/709660550684187789209888852296854385115488622580526096782121083686345687658138044439803620069210853311460790829755352104423876771688419002580552453018280574326918094
29 10 8 16182577385389879203948513317946273642290194429857150274848346479676950027365039674972875418426760870314308148974231483122438278679949294771379643440185440888617073/709660550684187789209888852296854385115488622580526096782121083686345687658138044439803620069210853311460790829755352104423876771688419002580552453018280574326918094
29 10 12 693477973298797910005940338978908111473198428150668946507272737206668737630773004764830744650784092441146482680781120621301438493008469707809172809578095133438301021/709660550684187789209888852296854385115488622580526096782121083686345687658138044439803620069210853311460790829755352104423876771688419002580552453018280574326918094
29 11 6 106938343821079219314065119439148952189606133892243307586835316322568585800300472225625111560829096398003700744610659641151232125861930605194288247277248641055864400/354830275342093894604944426148427192557744311290263048391060541843172843829069022219901810034605426655730395414877676052211938385844209501290276226509140287163459047
29 11 10 98314339767533520324658773090143797146586525274750440433010197872098105156302737304197198525519411977823553481546679975758778654786964469201259654075921117866414232/354830275342093894604944426148427192557744311290263048391060541843172843829069022219901810034605426655730395414877676052211938385844209501290276226509140287163459047
29 11 15 17532333599262350365062371038944224741652897799614450682610264660078978373562015387681128611227431929763785765432176859650353117879906063703641424204484287416846355/709660550684187789209888852296854385115488622580526096782121083686345687658138044439803620069210853311460790829755352104423876771688419002580552453018280574326918094
29 11 18 21681728214027085958568789558255205077280768860982001545756872832619099500998251077105944412413176324040342347896116768689166950151124429931573385767320225405746407/354830275342093894604944426148427192557744311290263048391060541843172843829069022219901810034605426655730395414877676052211938385844209501290276226509140287163459047
29 11 20 238259393479645787650241117082814251546888868724960146968306044971695128369373107838265982460460051981961811916216262473575168192208473930222668454572816318254021661/709660550684187789209888852296854385115488622580526096782121083686345687658138044439803620069210853311460790829755352104423876771688419002580552453018280574326918094
29 12 3 155538187126674686369694529024190705256499037445153923861072111952914583617369300417846920930313057227950837824528498752904791990640032361454374996566584363498658323/709660550684187789209888852296854385115488622580526096782121083686345687658138044439803620069210853311460790829755352104423876771688419002580552453018280574326918094
29 12 10 131445581734900043456552371556650233842964270127691643562907593118387424963143706548443666994737350385824947561201224221492621450631580032252690246938675433643527421/709660550684187789209888852296854385115488622580526096782121083686345687658138044439803620069210853311460790829755352104423876771688419002580552453018280574326918094
29 12 17 50122033582848434332911557913521475521054341433378326864478602253947190520462527531864407929805155808518066018412131412397512584154277086483251279205696391259845261/354830275342093894604944426148427192557744311290263048391060541843172843829069022219901810034605426655730395414877676052211938385844209501290276226509140287163459047
29 12 23 161216357328458095358909417944485247486958316070461937814592087053574649018349991204892108142275067040324436703600683152615719081054126217953492325550813997332520914/354830275342093894604944426148427192557744311290263048391060541843172843829069022219901810034605426655730395414877676052211938385844209501290276226509140287163459047
29 13 2 7167590908803173450036613261673987677147421682450950499881484568761095197178713786700385061748523652594673572472049497861127187099720342490214667123470642485124403/354830275342093894604944426148427192557744311290263048391060541843172843829069022219901810034605426655730395414877676052211938385844209501290276226509140287163459047
29 13 16 541612643253325936200035652183738200187165400388880649846256982782639069578074539910686632367056188633845248170000682592494762315557082231946536568075797020146618829/709660550684187789209888852296854385115488622580526096782121083686345687658138044439803620069210853311460790829755352104423876771688419002580552453018280574326918094
29 13 21 4154397989547446111075134421345086745244010238560636376651381939626606153667731809613951826450205874930437716616501905843428650863024218531178014883663304573244607/19180014883356426735402401413428496895013206015689894507624894153685018585355082282156854596465158197607048400804198705524969642478065378448123039270764339846673462
29 14 0 134444637627026325801581637074642762988971138575766367413429300727098875398799391181920924525065840332380846969981598641748200919123051772207993236418651380647461499/354830275342093894604944426148427192557744311290263048391060541843172843829069022219901810034605426655730395414877676052211938385844209501290276226509140287163459047
29 14 19 220385637715067568803362789073784429568773172714496680977631241116073968430269631037980885509539586323349548444896077410463737466721157729082282990090488906515997548/354830275342093894604944426148427192557744311290263048391060541843172843829069022219901810034605426655730395414877676052211938385844209501290276226509140287163459047
29 15 6 197285151588201027313526034228257289663860390001304908942529476513960004860541859926669626443118989857598985729355829512801561935012055242293379746122801684078749315/354830275342093894604944426148427192557744311290263048391060541843172843829069022219901810034605426655730395414877676052211938385844209501290276226509140287163459047
29 15 11 157545123753892867291418391920169902893883921288958139448531065329212838968527162293232183591486436798131409685521846539410376450832154258996896480386338603084709732/354830275342093894604944426148427192557744311290263048391060541843172843829069022219901810034605426655730395414877676052211938385844209501290276226509140287163459047
29 16 4 164506048586384017378136766231833861884473721417528679196709449160480661302260286620900527217789600935432206578254391673951784823150310067654599658832320854072563538/354830275342093894604944426148427192557744311290263048391060541843172843829069022219901810034605426655730395414877676052211938385844209501290276226509140287163459047
29 16 5 167186468524026768415211061025557249941962081652203961630486666456803962084509212935536729242879141418282245284241029259738198776949502985262811882897330395656318669/709660550684187789209888852296854385115488622580526096782121083686345687658138044439803620069210853311460790829755352104423876771688419002580552453018280574326918094
29 16 10 213461984987392986038404258807629411404579098093264776758215518908580402969108258262465836390752510022314132389005539496782108348438295882008541252456308470525472349/709660550684187789209888852296854385115488622580526096782121083686345687658138044439803620069210853311460790829755352104423876771688419002580552453018280574326918094
29 17 3 2331351047800802563051079573231881615404318464183416726501619236732165996600917716759430599212068623401501654706118077683223277680264215874094330362230962031846585/9590007441678213367701200706714248447506603007844947253812447076842509292677541141078427298232579098803524200402099352762484821239032689224061519635382169923336731
29 17 15 7258656393877410804650121133482366832102284543661530527310827840110343296076623424318996699020510475402022545695981275079261543558768473349967189273151207891490146/9590007441678213367701200706714248447506603007844947253812447076842509292677541141078427298232579098803524200402099352762484821239032689224061519635382169923336731
29 18 1 250133244411075104052551103136030535980205338645841991515391650273996774851308437719662863317172696983322697963391257123764956096701405247986773766071321030351487789/709660550684187789209888852296854385115488622580526096782121083686345687658138044439803620069210853311460790829755352104423876771688419002580552453018280574326918094
29 18 4 26948067417784601421568352635216337702728168720412812156225632844157210895212688979727385103874135148454646172191113021618402009267148230515294040487002030101525350/354830275342093894604944426148427192557744311290263048391060541843172843829069022219901810034605426655730395414877676052211938385844209501290276226509140287163459047
29 18 7 38844335163412404327424424822588401344082234742450410067972108215760178880144069487036240102748836916665567757295568079958490182639218770965249624159804995374369331/709660550684187789209888852296854385115488622580526096782121083686345687658138044439803620069210853311460790829755352104423876771688419002580552453018280574326918094
29 18 13 347922120675710535365881109310135709630637669552964472231492872085159041322971429098463557841983716315359881706638966031040299504697356664284227011937381917397267127/709660550684187789209888852296854385115488622580526096782121083686345687658138044439803620069210853311460790829755352104423876771688419002580552453018280574326918094
29 18 15 18864715598420542620895509757667062755107042198443598654813187423115270813288730175186188599557332799203351058047334826423326969116141858313713969875768571000743147/709660550684187789209888852296854385115488622580526096782121083686345687658138044439803620069210853311460790829755352104423876771688419002580552453018280574326918094
29 19 3 88524865223007729935791144371390009015026270420995749931549835308366075894221813552741393243944601792244947603760120732016333511739899226990552437992066940717730780/354830275342093894604944426148427192557744311290263048391060541843172843829069022219901810034605426655730395414877676052211938385844209501290276226509140287163459047
29 19 13 266305410119086164669153281777037183542718040869267298459510706534806767934847208667160416790660824863485447811117555320195604874104310274299723788517073346445728267/354830275342093894604944426148427192557744311290263048391060541843172843829069022219901810034605426655730395414877676052211938385844209501290276226509140287163459047
29 20 3 227384779812535301650608055500223188368591635072693266324674230562139393609272165867037268752610294331200625425977593972394623428506929610065004603705490685733595119/354830275342093894604944426148427192557744311290263048391060541843172843829069022219901810034605426655730395414877676052211938385844209501290276226509140287163459047
29 20 4 144074378759594259588492249553321185356745145853120351446394829377276124018388403977490186354305490142916642337754856015111338112685862906445001903202788351781479755/709660550684187789209888852296854385115488622580526096782121083686345687658138044439803620069210853311460790829755352104423876771688419002580552453018280574326918094
29 20 8 48947127566594477813854335782575018876786189625803292676531711355153619664620004814911064327079865754047605996335309514806646867340327124063301608676750876986241181/709660550684187789209888852296854385115488622580526096782121083686345687658138044439803620069210853311460790829755352104423876771688419002580552453018280574326918094
29 20 12 30934742366464224253163077980255902072387008478107960004923040914818578378292651956663915941302454376047645821854999314858322467324184875971119866863879987046003460/354830275342093894604944426148427192557744311290263048391060541843172843829069022219901810034605426655730395414877676052211938385844209501290276226509140287163459047
29 21 4 130387024524313024897142519876753758932499832457529103720674717478809724269181665670497735388806871379748441210474478567346489522280521454503201882102950929756004876/354830275342093894604944426148427192557744311290263048391060541843172843829069022219901810034605426655730395414877676052211938385844209501290276226509140287163459047
29 21 5 217986203320503512770032707016065218358664097982008464255398599409758031895569950596232442191349504857625817483965168686276904546765223982582618818532110543355381837/709660550684187789209888852296854385115488622580526096782121083686345687658138044439803620069210853311460790829755352104423876771688419002580552453018280574326918094
29 21 7 230900298315058226645571105527281648891824859683459425085373049318968207224204762502575707100247605694338090924841226283453993180362152110991529870280268171459526505/709660550684187789209888852296854385115488622580526096782121083686345687658138044439803620069210853311460790829755352104423876771688419002580552453018280574326918094
29 22 0 408134319006524666788257575871112231259763630506779309141483935592396153175888496324698514051981576906445252442052052502001251836189085462495366120024353514394075/354830275342093894604944426148427192557744311290263048391060541843172843829069022219901810034605426655730395414877676052211938385844209501290276226509140287163459047
29 22 2 328223790859885572581710445673981113719716861239402755579100130533898283807960023858811952109446478628248031818640803332774018002925706593033492213160117314717365309/709660550684187789209888852296854385115488622580526096782121083686345687658138044439803620069210853311460790829755352104423876771688419002580552453018280574326918094
29 22 4 42959007341270466550599969006670304349526443988591215232120591193100381044381731986128783213862368038742464669333185853411569125913832010835307493969832574247902283/709660550684187789209888852296854385115488622580526096782121083686345687658138044439803620069210853311460790829755352104423876771688419002580552453018280574326918094
29 22 5 190847520099898706597012392130438388573709646380138507010890588140302909406978179447355621597096297187060595035088311145856900845022995591369033753569856568051545879/709660550684187789209888852296854385115488622580526096782121083686345687658138044439803620069210853311460790829755352104423876771688419002580552453018280574326918094
29 22 7 22348642134998536625076558294416370526494409569616687735539268353324955215015620649745843607641087400978394091670229039842963414589577749902312721883900058897504805/354830275342093894604944426148427192557744311290263048391060541843172843829069022219901810034605426655730395414877676052211938385844209501290276226509140287163459047
29 22 11 18855487103074775895868995727503753996789492362507046173393851471655485651034617222359504510247029981991479287417531358224534563376951134225666748698246400280106666/354830275342093894604944426148427192557744311290263048391060541843172843829069022219901810034605426655730395414877676052211938385844209501290276226509140287163459047
29 22 12 2550878410790910303543422565780281629276888906406798161894491415084586089467143032485930255757512814906204723445048052804583582665959538905763982232769622489291457/354830275342093894604944426148427192557744311290263048391060541843172843829069022219901810034605426655730395414877676052211938385844209501290276226509140287163459047
29 22 13 1602809417497068878324637220503284910943096271197810708110042796425115329227880279612846199281364483995801421533603534206303328996987291631087604174286303971554341/19180014883356426735402401413428496895013206015689894507624894153685018585355082282156854596465158197607048400804198705524969642478065378448123039270764339846673462
29 23 0 34573882257987503262827075587915251147488177291748772817515628899588593864132504890640966373628107210498498287901661415370255240672079619912432318677084401672612593/709660550684187789209888852296854385115488622580526096782121083686345687658138044439803620069210853311460790829755352104423876771688419002580552453018280574326918094
29 23 6 214255389471688620891751616466914835136955845341560007646855629899195415112036799755660463924595278186091659042430174946949623830811594095625066883314448539800579045/709660550684187789209888852296854385115488622580526096782121083686345687658138044439803620069210853311460790829755352104423876771688419002580552453018280574326918094
29 23 7 230415639477255832527655080121012149415522299973608658158874912443780839340984369896751094885493733957435316749711757871051998850102372643521526625513373816426863228/354830275342093894604944426148427192557744311290263048391060541843172843829069022219901810034605426655730395414877676052211938385844209501290276226509140287163459047
29 24 1 286108246399352133555625783056724564660858649334633956340346229645421229558001524187541573177765603426181487644427324919535087773465645673945440373631131068205976557/354830275342093894604944426148427192557744311290263048391060541843172843829069022219901810034605426655730395414877676052211938385844209501290276226509140287163459047
29 24 6 42564215625619831739834752190576589296545127795272786545595979116302320781891074935916761250709111659650983012509330754330628819613559465926075932713679465674754760/354830275342093894604944426148427192557744311290263048391060541843172843829069022219901810034605426655730395414877676052211938385844209501290276226509140287163459047
29 24 9 706967927489781873229294348679082124333527950279900148786981975174305229437200624228202043408938150537781750214622172387735724128783901659966484328765669007641290/9590007441678213367701200706714248447506603007844947253812447076842509292677541141078427298232579098803524200402099352762484821239032689224061519635382169923336731
29 25 10 255067014485883051990190626338416534469651442777168611387650910285737399500439886682417106538834618100117112316725271368023213520116628935790247660270160280628881769/354830275342093894604944426148427192557744311290263048391060541843172843829069022219901810034605426655730395414877676052211938385844209501290276226509140287163459047
29 25 11 99763260856210842614753799810010658088092868513094437003409631557435444328629135537484703495770808555613283098152404684188724865727580565500028566238980006534577278/354830275342093894604944426148427192557744311290263048391060541843172843829069022219901810034605426655730395414877676052211938385844209501290276226509140287163459047
29 26 0 162012579781707426184950063561883688270992909500184385206788062016354983471828387062041872096563023094546717916250513929151176067610618773529716031135445939551754398/354830275342093894604944426148427192557744311290263048391060541843172843829069022219901810034605426655730395414877676052211938385844209501290276226509140287163459047
29 26 2 150158720977574666019078360224491160947369054921730052240309577247183710481855460528303649614175722686337323081331251719489391814437718443694650977682093616179267006/354830275342093894604944426148427192557744311290263048391060541843172843829069022219901810034605426655730395414877676052211938385844209501290276226509140287163459047
29 26 4 42658974582811802400916002362052343339382346868348610943962902579634149875385174629556288323866680874846354417295910403571370503795872284065909217691600731432437643/354830275342093894604944426148427192557744311290263048391060541843172843829069022219901810034605426655730395414877676052211938385844209501290276226509140287163459047
29 27 0 235411709103607635008385524523474671779143043105941958088742261716486814022048035013010966677541711162768008780463942089218433927794398702224213834094660002186048171/354830275342093894604944426148427192557744311290263048391060541843172843829069022219901810034605426655730395414877676052211938385844209501290276226509140287163459047
29 27 1 106197336030809492142523559202413376661180433964635500339262467145342316831965846184289048734148704439159960888076472499550179103661161247776522173660876226510091667/709660550684187789209888852296854385115488622580526096782121083686345687658138044439803620069210853311460790829755352104423876771688419002580552453018280574326918094
29 27 7 113570847800881404588116277616498649204259995754554822851620554410838979125243522707654517404324960623788710677150717958578706177244482384713465947670856761399381305/709660550684187789209888852296854385115488622580526096782121083686345687658138044439803620069210853311460790829755352104423876771688419002580552453018280574326918094
29 27 9 9534474322640811231238983215496507845881053324725928706876769348595381828416302760919060287826882961488050851800138733929061817596988982821068331748613791022674390/354830275342093894604944426148427192557744311290263048391060541843172843829069022219901810034605426655730395414877676052211938385844209501290276226509140287163459047
29 28 6 223790066576540399762138255209400819368800006206501762153091581262558858538446240715170958757534659642216857632065908862456739314419172605986704581433187929534418263/709660550684187789209888852296854385115488622580526096782121083686345687658138044439803620069210853311460790829755352104423876771688419002580552453018280574326918094
29 28 8 485870484107647389447750597087453565746688616374024334629029502423786829119691803724632661311676193669243933197689443241967137457269246396593847871585092644792499831/709660550684187789209888852296854385115488622580526096782121083686345687658138044439803620069210853311460790829755352104423876771688419002580552453018280574326918094
29 29 1 101536902438720157041207727470194137421338041822979185707261089178617272868336261184109681392295862691985110753562672081793949079455999742392541314990318328840100844/354830275342093894604944426148427192557744311290263048391060541843172843829069022219901810034605426655730395414877676052211938385844209501290276226509140287163459047
29 29 2 161113974228705365793860253586686345560533939907460511469603512557414358832954354218085214904158027462908188670137301373068586980140738401538464987205253437606117217/709660550684187789209888852296854385115488622580526096782121083686345687658138044439803620069210853311460790829755352104423876771688419002580552453018280574326918094
29 29 4 107793630897288779527061091310288611690669713078176898618103965185438049394550043441135789777300949400096725941963947212237103975309229168840470160787363017099644703/354830275342093894604944426148427192557744311290263048391060541843172843829069022219901810034605426655730395414877676052211938385844209501290276226509140287163459047
29 29 7 129885509783464550279490961149202541330939172870753416661787462400820684299411080971227462825859201664388928768564812143293183682017222778576064514257664444841309783/709660550684187789209888852296854385115488622580526096782121083686345687658138044439803620069210853311460790829755352104423876771688419002580552453018280574326918094
30 0 8 23446295198746411555758132970454010471838302104619671853404235081054767343742943037336874213135096853360269487654200099025618669266181144542883749753908842258685169/354830275342093894604944426148427192557744311290263048391060541843172843829069022219901810034605426655730395414877676052211938385844209501290276226509140287163459047
30 0 28 2735504847403065808545867790924559486219472401718418692058068260652024833038868850135045105337618082162337355079438361664288680563425099067721026555602798490556779/16503733736841576493253229123182660118964851687919211553072583341542922968793908010227991164400252402592111414645473304754043645853219046571640754721355362193649258
30 0 32 545141251848363136330900271346190306264374705097394749316815678316199085149980797809322932113423082071759745586031102354808226168928777453582780811619542554715606259/709660550684187789209888852296854385115488622580526096782121083686345687658138044439803620069210853311460790829755352104423876771688419002580552453018280574326918094
30 1 7 232930179999686036613318173698139921486275840565461707438948294224609609695649786079740214259572234937066307505299511350048494512892021487185298020777606158867130690/354830275342093894604944426148427192557744311290263048391060541843172843829069022219901810034605426655730395414877676052211938385844209501290276226509140287163459047
30 1 12 41198605650483055279708095825406942675873105996594953701381014191791145904103377290250578459647177436176046027348405603438121315281031849100276143194382901540007868/354830275342093894604944426148427192557744311290263048391060541843172843829069022219901810034605426655730395414877676052211938385844209501290276226509140287163459047
30 1 18 45502714883611454325616860546077227024705041080968157190738891103305665224009206404718026186724259341585998838500442318984484186697899381806239559118944651094875590/354830275342093894604944426148427192557744311290263048391060541843172843829069022219901810034605426655730395414877676052211938385844209501290276226509140287163459047
30 1 32 35198774808313348386301296078803101370890323647238230059992342323466423005306652445192991128661754940902043043729316779740838370973256783198462503418206575661444899/354830275342093894604944426148427192557744311290263048391060541843172843829069022219901810034605426655730395414877676052211938385844209501290276226509140287163459047
30 2 10 200501665184511817597325954005082993918033526933191289685132433221952187856435383798402875132642544411522991146690808638830481747731260939711369007283819088336698372/354830275342093894604944426148427192557744311290263048391060541843172843829069022219901810034605426655730395414877676052211938385844209501290276226509140287163459047
30 2 20 154328610157582077007618472143344198639710784357071758705928108621220655972633638421498934901962882244207404268186867413381456638112948561578907219225321198826760675/354830275342093894604944426148427192557744311290263048391060541843172843829069022219901810034605426655730395414877676052211938385844209501290276226509140287163459047
30 3 14 621822624024134572205597454273285512636281428859930620501556097196950100094657794596462787283459274137412343400837740713261359216708189300107930262608104656706583617/709660550684187789209888852296854385115488622580526096782121083686345687658138044439803620069210853311460790829755352104423876771688419002580552453018280574326918094
30 3 30 87837926660053217004291398023568872479207193720595476280564986489395587563480249843340832785751579174048447428917611391162517554980229702472622190410175917620334477/709660550684187789209888852296854385115488622580526096782121083686345687658138044439803620069210853311460790829755352104423876771688419002580552453018280574326918094
30 4 9 1
30 5 20 666250947423844237459093721814999578358540804333151719348381784061169218008489601829607527263518556599659790817863449351359883489367955717959045939040099320050261211/709660550684187789209888852296854385115488622580526096782121083686345687658138044439803620069210853311460790829755352104423876771688419002580552453018280574326918094
30 5 26 43409603260343551750795130481854806756947818247374377433739299625176469649648442610196092805692296711801000011891902753063993282320463284621506513978181254276656883/709660550684187789209888852296854385115488622580526096782121083686345687658138044439803620069210853311460790829755352104423876771688419002580552453018280574326918094
30 6 3 1965289209556533779042275227216740225976891003639292142819103248049619027718063805539376668378327949966358845759710657615312223099553869785506386313928781481714427/9590007441678213367701200706714248447506603007844947253812447076842509292677541141078427298232579098803524200402099352762484821239032689224061519635382169923336731
30 6 15 112256676262282798129710017904651834172671326392747629824962225681864152178838111530218163858614321207307552358321083553240012448426500490100732928077785641960303464/354830275342093894604944426148427192557744311290263048391060541843172843829069022219901810034605426655730395414877676052211938385844209501290276226509140287163459047
30 6 25 169857898326219346650670224836755970023928017762861609281791495983472787624662549884726709445992971299667565763447298167205373682734215829125807004815989730379721784/354830275342093894604944426148427192557744311290263048391060541843172843829069022219901810034605426655730395414877676052211938385844209501290276226509140287163459047
30 7 12 410999762735409380612580617490566470775538130048288620394292683786999450904644605588694133572659226418474776115953705999289656298631991366376939432876064449784567739/709660550684187789209888852296854385115488622580526096782121083686345687658138044439803620069210853311460790829755352104423876771688419002580552453018280574326918094
30 7 15 67323312070159654249097960037830561075270882717014424667337316276337448152324060619301151133840738018975492304751785376940851568365413463539383786648835087352486976/354830275342093894604944426148427192557744311290263048391060541843172843829069022219901810034605426655730395414877676052211938385844209501290276226509140287163459047
30 7 18 2688756783745231149165775651321750691629651263905059459887766677814284269653201928073888266047051653361230001709804513954959300595501650969259761423681081144875023/11633779519412914577211292660604170247794895452139772078395427601415503076362918761308256066708374644450176898848448395154489783142433098402959876278988206136506854
30 8 1 39456476306942751940138029962425100028242672383394270830897501972904548180877972104578138221691140588006022847396681205050951176239830818199212596980363698809791267/354830275342093894604944426148427192557744311290263048391060541843172843829069022219901810034605426655730395414877676052211938385844209501290276226509140287163459047
30 8 2 69560490951433701607178716516721003213658595466983045116115933358132963406080813813919244563071007383297434663524500629168443213059224237630269835019035359115929997/354830275342093894604944426148427192557744311290263048391060541843172843829069022219901810034605426655730395414877676052211938385844209501290276226509140287163459047
30 8 6 59927301059174068211280413994126159193478147666397260681899298422675018318625091682519073035310183387564549727678710055502147286701008257727324260479147933901900087/709660550684187789209888852296854385115488622580526096782121083686345687658138044439803620069210853311460790829755352104423876771688419002580552453018280574326918094
30 8 23 181562697191887971192835027508279189918142659279108341947208454530846921705796014427852230928761387998643095314225173816603746630365739837001419613765991928685809681/709660550684187789209888852296854385115488622580526096782121083686345687658138044439803620069210853311460790829755352104423876771688419002580552453018280574326918094
30 8 27 108778583170038958354351356889991438035283748425149974819756663163234921852315229390208696885625582033612599734579191227232226808467915734908970803111360706898037348/354830275342093894604944426148427192557744311290263048391060541843172843829069022219901810034605426655730395414877676052211938385844209501290276226509140287163459047
30 8 28 378830832282499139563223302978766900575555617255417588598524810979986985525219857116513450748416533900244549963380489644357447198694527050870954750600246303391757/8251866868420788246626614561591330059482425843959605776536291670771461484396954005113995582200126201296055707322736652377021822926609523285820377360677681096824629
30 9 15 130354752182601589179099432166638773380230833963441149144960729219965723455308823944295843565826298702419646135635284581052479087875984206102838250688085418106494618/354830275342093894604944426148427192557744311290263048391060541843172843829069022219901810034605426655730395414877676052211938385844209501290276226509140287163459047
30 9 18 223725926730812922008538255528885015829656316031933158800103948030382254564075010827750427521062245276352724888151685014987960589370963538404498517789412886448776987/709660550684187789209888852296854385115488622580526096782121083686345687658138044439803620069210853311460790829755352104423876771688419002580552453018280574326918094
30 9 26 225225119588171688843151732434691822525370638621710639692095677216031986183445385723461505416496010630268773670333097927330958006565487051970377433852696851665151871/709660550684187789209888852296854385115488622580526096782121083686345687658138044439803620069210853311460790829755352104423876771688419002580552453018280574326918094
30 10 16 452386825485629360433593946328303625811107269631734117812215823788197435374290816281622175211531758686166540439246571325672181501217688621632291124184760645324688769/709660550684187789209888852296854385115488622580526096782121083686345687658138044439803620069210853311460790829755352104423876771688419002580552453018280574326918094
30 10 21 257273725198558428776294905968550759304381352948791978969905259898148252283847228158181444857679094625294250390508780778751695270470730380948261328833519929002229325/709660550684187789209888852296854385115488622580526096782121083686345687658138044439803620069210853311460790829755352104423876771688419002580552453018280574326918094
30 11 2 1374734136120474361271492699949455886176966514289304307301271037814496729147903735043148963505322922387169473806844341248257898699835713744678633359030834034900614/8251866868420788246626614561591330059482425843959605776536291670771461484396954005113995582200126201296055707322736652377021822926609523285820377360677681096824629
30 11 16 195252833379788914664754314955990935160154813539485804630237052077988540004128910094663411304919989877599979534455085952589596236522023126429982082386565655616691409/354830275342093894604944426148427192557744311290263048391060541843172843829069022219901810034605426655730395414877676052211938385844209501290276226509140287163459047
30 11 17 100463874109124582405515925094609654291979937636337158546868835139160944471580251518382993298956551115482128506728283425947252505229250683839112909684248768046041236/354830275342093894604944426148427192557744311290263048391060541843172843829069022219901810034605426655730395414877676052211938385844209501290276226509140287163459047
30 12 14 63320805522397154704573418536492585027025509498513423135102520911417359535779640423944852498681122861646860134683539863986143886169783845591985475524672472501802919/354830275342093894604944426148427192557744311290263048391060541843172843829069022219901810034605426655730395414877676052211938385844209501290276226509140287163459047
30 12 19 215208872243737833423838798641926616948761090520504983495524117299935700212802702984973999131457834761364818046436319276453313695142854146708118166087609897070880841/709660550684187789209888852296854385115488622580526096782121083686345687658138044439803620069210853311460790829755352104423876771688419002580552453018280574326918094
30 12 21 1761121066137466983710543521409071735817324003956966261339735364050311375544820082987815191655076323803440872528901913848812306342438244072359506719595128025717365/9590007441678213367701200706714248447506603007844947253812447076842509292677541141078427298232579098803524200402099352762484821239032689224061519635382169923336731
30 12 22 4801605075494713759643882318126762371112983707507242218975593324143755812255374701955389372542072505502032553985117676078875032071864174517791314267588830089977965/709660550684187789209888852296854385115488622580526096782121083686345687658138044439803620069210853311460790829755352104423876771688419002580552453018280574326918094
30 12 23 116342751712994187911339556839772263645540776531335760729137957149854235385601999881943101192686526179922797696414046899553644801396851464408034262181848714129684220/354830275342093894604944426148427192557744311290263048391060541843172843829069022219901810034605426655730395414877676052211938385844209501290276226509140287163459047
30 13 0 7735479975595390903744825672293147668168663368403782686951692656795024378542414981858819666960207008538688612649762870654397710571747735562568459479870993603136771/354830275342093894604944426148427192557744311290263048391060541843172843829069022219901810034605426655730395414877676052211938385844209501290276226509140287163459047
30 13 11 488822926468320611998530027632910550250497125774483826631533159498466155695516214345703150922750648938902880294499302764893577327416606231717009009686885141105366271/709660550684187789209888852296854385115488622580526096782121083686345687658138044439803620069210853311460790829755352104423876771688419002580552453018280574326918094
30 13 13 24412703398403986906070452355968637237490806628529076768626500525146717363372976357583396379467186384339139106979297189731611324800022150535352188286412838060621927/709660550684187789209888852296854385115488622580526096782121083686345687658138044439803620069210853311460790829755352104423876771688419002580552453018280574326918094
30 13 16 168047907430861853009853200113116184928323222191645446935864100903706618080063504529116987702154664677615542659754669511929114456131336770634015884942483554180299265/709660550684187789209888852296854385115488622580526096782121083686345687658138044439803620069210853311460790829755352104423876771688419002580552453018280574326918094
30 13 18 12906053435410555487945520850272717362840141249060181072193937445436147762100519243682445730917939293525851543222556896560778242196958378569038451142757053774357089/709660550684187789209888852296854385115488622580526096782121083686345687658138044439803620069210853311460790829755352104423876771688419002580552453018280574326918094
30 14 4 117086842657879230208782336977938879360099288953189471230757771133365350559578936744551756761210341347548970867900198091499605240638633109649051855999412128289593453/709660550684187789209888852296854385115488622580526096782121083686345687658138044439803620069210853311460790829755352104423876771688419002580552453018280574326918094
30 14 7 433533199817635570914515805453178876219323885572604234594798798026075336854511229483749718447152265028863909680710445718681611770280869452722266375402619226128614311/709660550684187789209888852296854385115488622580526096782121083686345687658138044439803620069210853311460790829755352104423876771688419002580552453018280574326918094
30 14 16 79520254104336494043295354932868314768032724027366195478282257263452500122023939105751072430424123467523955140572354147121329880384458220104617110808124609954355165/354830275342093894604944426148427192557744311290263048391060541843172843829069022219901810034605426655730395414877676052211938385844209501290276226509140287163459047
30 15 0 21509801723142988933510166009468431252902733244441276398033074284272370408042264977199607534719625318025011303059307982679267898954014565351824891788750102921329386/354830275342093894604944426148427192557744311290263048391060541843172843829069022219901810034605426655730395414877676052211938385844209501290276226509140287163459047
30 15 2 9384609071415089022781545452881986199339574670931854793779047997284166072130857339955117743324385775287928433371940904645061728756629659933766197663243852374281489/19180014883356426735402401413428496895013206015689894507624894153685018585355082282156854596465158197607048400804198705524969642478065378448123039270764339846673462
30 15 5 195072740145733639385215820117450334957843193909788328204880542071175603752903140538962733316930328965955353094818936858900351425568135244218645018025883012943298621/709660550684187789209888852296854385115488622580526096782121083686345687658138044439803620069210853311460790829755352104423876771688419002580552453018280574326918094
30 15 6 62168835724904939057367759201916849138137849678688294205674808573555599210154326184051157589919500011901031547027992904148852792108478605054454168937437408846272804/354830275342093894604944426148427192557744311290263048391060541843172843829069022219901810034605426655730395414877676052211938385844209501290276226509140287163459047
30 16 2 124419281512219019995201889127352564695732856670148727689263680665282593562743835720584968008147217543915436636012883609976183538440215780224833047890024538155737036/354830275342093894604944426148427192557744311290263048391060541843172843829069022219901810034605426655730395414877676052211938385844209501290276226509140287163459047
30 16 3 3711203632281736952228634008151563678869641510052079071260852131813439771649133588757901191039418608123101316472665664945173851016322490234737448182910336734441651/5816889759706457288605646330302085123897447726069886039197713800707751538181459380654128033354187322225088449424224197577244891571216549201479938139494103068253427
30 16 6 4027572260688920523795862523829243450963322506937497354884881137270424195728037585084869373053674016305778474032186880580149935408321816746458839461585208206781300/354830275342093894604944426148427192557744311290263048391060541843172843829069022219901810034605426655730395414877676052211938385844209501290276226509140287163459047
30 17 1 156201964230259637206765279392277661206462649061229178524451987940877261399277075266235163876285509755282252048228476912400475666176801012762962954861279166897875999/354830275342093894604944426148427192557744311290263048391060541843172843829069022219901810034605426655730395414877676052211938385844209501290276226509140287163459047
30 17 5 198628311111834257398179146756149531351281662229033869866608553902295582429791946953666646158319916900448143366649199139811462719667408488527313271647861120265583048/354830275342093894604944426148427192557744311290263048391060541843172843829069022219901810034605426655730395414877676052211938385844209501290276226509140287163459047
30 18 5 410519628363041299577889133215100611513863094570181309110308545975810846597539220002024268436559584310972010553547290774885111773409504352092733663958502447687350783/709660550684187789209888852296854385115488622580526096782121083686345687658138044439803620069210853311460790829755352104423876771688419002580552453018280574326918094
30 18 15 299140922321146489631999719081753773601625528010344787671812537710534841060598824437779351632651269000488780276208061329538764998278914650487818789059778126639567311/709660550684187789209888852296854385115488622580526096782121083686345687658138044439803620069210853311460790829755352104423876771688419002580552453018280574326918094
30 19 4 7780877498713203066630092977264203406091260052326281200992777242413145695452781559181314818354524087794621413791877215375580372865107895487277334668182080035241103/16503733736841576493253229123182660118964851687919211553072583341542922968793908010227991164400252402592111414645473304754043645853219046571640754721355362193649258
30 19 5 83565958576149288550041619687144150710767977009523093958356173761604259248316882381623918157122451488103151033695747561807379776424765755984750085118258514742632841/354830275342093894604944426148427192557744311290263048391060541843172843829069022219901810034605426655730395414877676052211938385844209501290276226509140287163459047
30 19 15 207950901087221480244711614900205337232028486311449817222719314739371904257034672631759246565721414560085767969313136719659161185639247984658126892049934103326284983/709660550684187789209888852296854385115488622580526096782121083686345687658138044439803620069210853311460790829755352104423876771688419002580552453018280574326918094
30 20 2 316563691608717498742519720978704479190239279629461221556625230176394156393449277350509537877478155188654283067830925739516431435981939250033587847281830671253879219/709660550684187789209888852296854385115488622580526096782121083686345687658138044439803620069210853311460790829755352104423876771688419002580552453018280574326918094
30 20 7 85857238286942930071933993464581290336894493529346700586240468728109841655604360341468736019945221121801233778049811398956161429139060904715843622901157694551252859/354830275342093894604944426148427192557744311290263048391060541843172843829069022219901810034605426655730395414877676052211938385844209501290276226509140287163459047
30 20 8 2950985107234549218073412558571205555119512776919600938142965417778448879176248742355984524955926893600091001096692714046638180694596192669995158721278516298444541/19180014883356426735402401413428496895013206015689894507624894153685018585355082282156854596465158197607048400804198705524969642478065378448123039270764339846673462
30 20 10 52956634369986115204233940335238556538304908116514590658187736048779066753439959424552402462833789053095186874620784423456079710635086312054582550974169317297108151/354830275342093894604944426148427192557744311290263048391060541843172843829069022219901810034605426655730395414877676052211938385844209501290276226509140287163459047
30 20 11 3141332396966939423158499525687803317714283456658529012674861749185552958539462045040188901402691354905149708002802150178675185229063095108145692649245388166934419/354830275342093894604944426148427192557744311290263048391060541843172843829069022219901810034605426655730395414877676052211938385844209501290276226509140287163459047
30 21 3 253316559898919663402734354878661912163310819236671252126951577913180012603892392214025456015726500734081477815894753986409853135143881929443319714217051723843459993/709660550684187789209888852296854385115488622580526096782121083686345687658138044439803620069210853311460790829755352104423876771688419002580552453018280574326918094
30 21 6 166477671480387502668928900069125967701483139937185446092546227405737272118488008731136014442330818711649601466736258864479218653533025014821413860929043730066340963/709660550684187789209888852296854385115488622580526096782121083686345687658138044439803620069210853311460790829755352104423876771688419002580552453018280574326918094
30 21 8 64989785703510614613321684688358026762272681086267454778339680329802390198444135361343053800127872723540277345128016997785479741796021578614267182820765947389672618/354830275342093894604944426148427192557744311290263048391060541843172843829069022219901810034605426655730395414877676052211938385844209501290276226509140287163459047
30 21 10 113621495108431118080179654043366673621447902273203425457614759109925960926061087927148120235074771354255506199871186880821523334738684209019255926778094430743834957/709660550684187789209888852296854385115488622580526096782121083686345687658138044439803620069210853311460790829755352104423876771688419002580552453018280574326918094
30 21 14 46265252789428275831402573928983778104701398960931063548329158597897661612808284844807921775823017064393650656997118377142322164680784692068028585452558794893936945/709660550684187789209888852296854385115488622580526096782121083686345687658138044439803620069210853311460790829755352104423876771688419002580552453018280574326918094
30 22 12 87262042436672208350218339485917396582335785659288787304597950068921191817995392271831734977883426713295561975321679246973201133086932238740376018552020186607032160/354830275342093894604944426148427192557744311290263048391060541843172843829069022219901810034605426655730395414877676052211938385844209501290276226509140287163459047
30 22 13 219812346843632567307332966375261901343523478789150748209796236214074669413137692656251506821024070143503978484936521447332442754782116380851549079986771800971799079/709660550684187789209888852296854385115488622580526096782121083686345687658138044439803620069210853311460790829755352104423876771688419002580552453018280574326918094
30 22 14 2116269254813495336926974543286964366491903170958374321900194277412272715496708504965695592566576709673595224121983034651980078863976094927840612992801801343228555/4762822487813340867180462095952042853124084715305544273705510628767420722537839224428212215229603042358797253890975517479354877662338382567654714449787117948502806
30 23 0 10635346459156652401049213793853235410794077795092300806636207144654629727651177973008891444436089609400530395404842385277044151393401461472358202696603484499184849/709660550684187789209888852296854385115488622580526096782121083686345687658138044439803620069210853311460790829755352104423876771688419002580552453018280574326918094
30 23 7 98872871493848526574526346440517010730141013194862514319942219443271894149640496885400511378187472907430960201647029820332224536818953848810955732756477797681699773/709660550684187789209888852296854385115488622580526096782121083686345687658138044439803620069210853311460790829755352104423876771688419002580552453018280574326918094
30 23 9 117988001539742619060126603591697474350770832670230653976294407693479770817814654476347180205892623634523280669144408929482132278813460541114527580653443464526856478/354830275342093894604944426148427192557744311290263048391060541843172843829069022219901810034605426655730395414877676052211938385844209501290276226509140287163459047
30 23 11 263119811045698884321598994783332016805229266519465090514350777089001990500269953726796237163432917012016760860034033980600460025517595946213659731678196435197283873/709660550684187789209888852296854385115488622580526096782121083686345687658138044439803620069210853311460790829755352104423876771688419002580552453018280574326918094
30 23 12 101056518605998487792461090095757173467782599730644883188603064622457631644947106901903619671369126513565978034380628059249883500331546663854523624580115927895036643/709660550684187789209888852296854385115488622580526096782121083686345687658138044439803620069210853311460790829755352104423876771688419002580552453018280574326918094
30 24 4 1
30 25 1 148952522553699566758394193772667124105419007415354253494118100198699403032171558695407627786912575959080389475619086056626058151959379642696003592082614098158177947/354830275342093894604944426148427192557744311290263048391060541843172843829069022219901810034605426655730395414877676052211938385844209501290276226509140287163459047
30 25 11 205877752788394327846550232375760068452325303874908794896942441644473440796897463524494182247692850696650005939258589995585880233884829858594272634426526189005281100/354830275342093894604944426148427192557744311290263048391060541843172843829069022219901810034605426655730395414877676052211938385844209501290276226509140287163459047
30 26 4 4327891049003639787890649460992149829146736586668952654775133565654915292236715491208108182354459809925734979174925289974855072817648233576487847883551293257601103/354830275342093894604944426148427192557744311290263048391060541843172843829069022219901810034605426655730395414877676052211938385844209501290276226509140287163459047
30 26 8 290682936821732865672217942913183555822831545756685902883939237547904120324977996246716437872296736687666099991892754751182551112480961637903770075066695217407942703/709660550684187789209888852296854385115488622580526096782121083686345687658138044439803620069210853311460790829755352104423876771688419002580552453018280574326918094
30 26 10 410321831764447643961889610461686529634363603650502288588631579007131736748686617210670965832205197003943220879512746773291615513572160897523806682184482770403773185/709660550684187789209888852296854385115488622580526096782121083686345687658138044439803620069210853311460790829755352104423876771688419002580552453018280574326918094
30 27 6 4772799593383139923410430789933919289530411652777469979947671455640982108865991425401341307591579049477327984338795681410066214972261476267406032065247689025911513/5816889759706457288605646330302085123897447726069886039197713800707751538181459380654128033354187322225088449424224197577244891571216549201479938139494103068253427
30 27 8 1044090166323317365195215540368165834367036073292416059250042345066769429315467955252786725762608272747760465085428516167178676598955072934073906074246414042341914/5816889759706457288605646330302085123897447726069886039197713800707751538181459380654128033354187322225088449424224197577244891571216549201479938139494103068253427
30 28 1 240379490851469059524475739982199269957778454618564079633091681574911854241003403539563135307298098724646311853283816344434089101204982569009573553834055401457695378/354830275342093894604944426148427192557744311290263048391060541843172843829069022219901810034605426655730395414877676052211938385844209501290276226509140287163459047
30 28 6 114450784490624835080468686166227922599965856671698968757968860268260989588065618680338674727307327931084083561593859707777849284639226932280702672675084885705763669/354830275342093894604944426148427192557744311290263048391060541843172843829069022219901810034605426655730395414877676052211938385844209501290276226509140287163459047
30 29 0 391194447343920829574098436764907532227380073355775049206391718661651026747701436880638764467368042480041231392477784840654896049028643019453808037264498478772045925/709660550684187789209888852296854385115488622580526096782121083686345687658138044439803620069210853311460790829755352104423876771688419002580552453018280574326918094
30 29 3 318466103340266959635790415531946852888108549224751047575729365024694660910436607559164855601842810831419559437277567263768980722659775983126744415753782095554872169/709660550684187789209888852296854385115488622580526096782121083686345687658138044439803620069210853311460790829755352104423876771688419002580552453018280574326918094
30 30 0 1
31 0 6 275766923602458452204248088478536316114833060070080133043171227630581780708553333461667754016317799405495156053837386121116679588152680263293205289974021511990374381/709660550684187789209888852296854385115488622580526096782121083686345687658138044439803620069210853311460790829755352104423876771688419002580552453018280574326918094
31 0 10 382339452218694336730833277830664709001150986975612183177580927627731393179417900041590940990804375259390944932763937468005965783213859217915455377402622757533930415/709660550684187789209888852296854385115488622580526096782121083686345687658138044439803620069210853311460790829755352104423876771688419002580552453018280574326918094
31 0 27 25777087431517500137403742993826679999752287767416890280684464214016256885083405468272462531044339323287344921577014257650615700160939760685945892820818152401306649/354830275342093894604944426148427192557744311290263048391060541843172843829069022219901810034605426655730395414877676052211938385844209501290276226509140287163459047
31 1 10 578725492627693740001408848772808939570149661610021314207051039703600147291504036981491547078933428129927617798115014592311035453886918758691599797573356309022900391/709660550684187789209888852296854385115488622580526096782121083686345687658138044439803620069210853311460790829755352104423876771688419002580552453018280574326918094
31 1 15 130935058056494049208480003524045445545338960970504782575070043982745540366634007458312072990277425181533173031640337512112841317801500243888952655444924265304017703/709660550684187789209888852296854385115488622580526096782121083686345687658138044439803620069210853311460790829755352104423876771688419002580552453018280574326918094
31 2 11 50736636057791491158010943235727939894650979929825608262020784969580723757853800241559976298501821895503078770138151125246050688988878894294989010944944465057376745/709660550684187789209888852296854385115488622580526096782121083686345687658138044439803620069210853311460790829755352104423876771688419002580552453018280574326918094
31 2 17 316417820306631349954283801364690537027499781332769995327321090339269710007368334790115589655607075127732716108715067057093655235266992737953572672943550809755265566/354830275342093894604944426148427192557744311290263048391060541843172843829069022219901810034605426655730395414877676052211938385844209501290276226509140287163459047
31 2 21 26088274013133598143310306331745371165838079985160497865458118038225543885547574618012464459494881160492279842187066864990515612165554632378418096186234489759010217/709660550684187789209888852296854385115488622580526096782121083686345687658138044439803620069210853311460790829755352104423876771688419002580552453018280574326918094
31 3 4 173780589014955694793780938879003098035905704266318348775656944622031732104474367653511381083468139817246028702470304992706845956805727597791963062555530930328454785/709660550684187789209888852296854385115488622580526096782121083686345687658138044439803620069210853311460790829755352104423876771688419002580552453018280574326918094
31 3 22 96273689954077672496207066175946837804099589114514704276749205071437597384904955484884437584412920716022914202962108972378012468089695281518336094240772333760182835/354830275342093894604944426148427192557744311290263048391060541843172843829069022219901810034605426655730395414877676052211938385844209501290276226509140287163459047
31 3 23 343332581761076749423693781065957611471383740085178339452965728921438760783853765816523363816916872062168933721360829166961005878703300841751917201981204976478097639/709660550684187789209888852296854385115488622580526096782121083686345687658138044439803620069210853311460790829755352104423876771688419002580552453018280574326918094
31 4 4 301355341618605049491597568414943697863991359994681422708266772537115118580544861596498695373549150169896464781912040929016271407547543610698836753216506305730071617/709660550684187789209888852296854385115488622580526096782121083686345687658138044439803620069210853311460790829755352104423876771688419002580552453018280574326918094
31 4 17 15734646035681317635980995399162830956636675458048587313270334287343728696899312449951025732009798378247971035639122065524749462790601168155673338519226917633630466/354830275342093894604944426148427192557744311290263048391060541843172843829069022219901810034605426655730395414877676052211938385844209501290276226509140287163459047
31 4 23 176878481290976899023459273107483968903938278975024714268308450703436091835567224692123228613056529456100521806032564658650299945316621545555316833984192583120138423/709660550684187789209888852296854385115488622580526096782121083686345687658138044439803620069210853311460790829755352104423876771688419002580552453018280574326918094
31 4 32 99978717851621602711435009988050528217142816347361392589502595935553509924113666625639822309292788464483931085266251192853903246621525755007526094389563925104723561/354830275342093894604944426148427192557744311290263048391060541843172843829069022219901810034605426655730395414877676052211938385844209501290276226509140287163459047
31 5 2 97043358838453309427588208394688536089715275923270269233910142634864528625866835656483317922735633435380806169184007976043344510432626803621261846984882025416455389/709660550684187789209888852296854385115488622580526096782121083686345687658138044439803620069210853311460790829755352104423876771688419002580552453018280574326918094
31 5 16 166596730324035874535390822164041032975422487797992769298719952168740333224784415512533795893178614052543411167667548617153652597814128633837742558641653139624902645/354830275342093894604944426148427192557744311290263048391060541843172843829069022219901810034605426655730395414877676052211938385844209501290276226509140287163459047
31 5 28 279423731197662730711518999574083783074928371061270288950771036714000492582702377758252710360117991770993162325236246894073227065627534931283805488750092269660657415/709660550684187789209888852296854385115488622580526096782121083686345687658138044439803620069210853311460790829755352104423876771688419002580552453018280574326918094
31 6 14 163503023887003511195605660671725333212868118187348428038497211520001319025423470569406816735618009442668935654317026797916015526081192491105129614161843151588977255/354830275342093894604944426148427192557744311290263048391060541843172843829069022219901810034605426655730395414877676052211938385844209501290276226509140287163459047
31 6 21 237407691864715151117048051302836647619965818701201864058974604038905126864146458967932359205885785698603838587923748813302262473776658243424058540798430609274388821/709660550684187789209888852296854385115488622580526096782121083686345687658138044439803620069210853311460790829755352104423876771688419002580552453018280574326918094
31 6 23 145246811045465615701629479650567071069786567504627376646152056607437922743144644333057627392089048727519080933197549695289583245749375776946234683896163661874574763/709660550684187789209888852296854385115488622580526096782121083686345687658138044439803620069210853311460790829755352104423876771688419002580552453018280574326918094
31 7 13 330847226659043869173442293597754213976042385212700331900468269791188331088533870748079374405376239417506852895588155454911572011535687507849689039696479334580031237/709660550684187789209888852296854385115488622580526096782121083686345687658138044439803620069210853311460790829755352104423876771688419002580552453018280574326918094
31 7 25 378813324025143920036446558699100171139446237367825764881652813895157356569604173691724245663834613893953937934167196649512304760152731494730863413321801239746886857/709660550684187789209888852296854385115488622580526096782121083686345687658138044439803620069210853311460790829755352104423876771688419002580552453018280574326918094
31 8 4 557867790470693008241081691996202444493417437916020156759737456494326504710191906761787842590552133159786358262155766513770279780827873514402779681949524571182162/9590007441678213367701200706714248447506603007844947253812447076842509292677541141078427298232579098803524200402099352762484821239032689224061519635382169923336731
31 8 14 100738216815713416736145343891221429601704723227274119686445612333218575501905672034787285314680621036895837100826542687720412584197610928602879428830576939198722316/354830275342093894604944426148427192557744311290263048391060541843172843829069022219901810034605426655730395414877676052211938385844209501290276226509140287163459047
31 8 15 27612527905021897536876711428704517054499154024339364737350082262592039233928614138101080836930627679704593050306925096263784097386425653207131967427844181969954721/354830275342093894604944426148427192557744311290263048391060541843172843829069022219901810034605426655730395414877676052211938385844209501290276226509140287163459047
31 8 18 256929691785564427594072490376240902216061454544149001387761989720357697353984906179728456190063651903945194836621160515518941975595874111333029123809980277150532779/709660550684187789209888852296854385115488622580526096782121083686345687658138044439803620069210853311460790829755352104423876771688419002580552453018280574326918094
31 8 21 154747152962321450459932206073042608694506523127364634946547132993786599483930364813926131224223846120490545179467729298917540729143209087561694840227193236571551253/709660550684187789209888852296854385115488622580526096782121083686345687658138044439803620069210853311460790829755352104423876771688419002580552453018280574326918094
31 9 12 206299701807672317064600844986579838331303438996364731550749986198200958752962049711914849267887518775195013578550499352090847961590849752699691835865826245866979983/354830275342093894604944426148427192557744311290263048391060541843172843829069022219901810034605426655730395414877676052211938385844209501290276226509140287163459047
31 9 15 148530573534421577540343581161847354226440872293898316840310555644971885076106972507986960766717907880535381836327176700121090424253359748590584390643314041296479064/354830275342093894604944426148427192557744311290263048391060541843172843829069022219901810034605426655730395414877676052211938385844209501290276226509140287163459047
31 10 7 90107492812546120761635853310733552646236679920246799050493358563753150150025352308979112177327957609495627026822393021164595617436262375253778390894373074804079193/709660550684187789209888852296854385115488622580526096782121083686345687658138044439803620069210853311460790829755352104423876771688419002580552453018280574326918094
31 10 11 12835662476505666138115400238803272378796352669924180783907931302668859294454230027211542901548591057684594077371633401324268616641537769481364530792882468484451627/709660550684187789209888852296854385115488622580526096782121083686345687658138044439803620069210853311460790829755352104423876771688419002580552453018280574326918094
31 10 13 89010748490905337358937061070512908003363801959798662758668054286732797308349076641370124884318302467638355049322052364174049649714322520238975301346311425994244780/354830275342093894604944426148427192557744311290263048391060541843172843829069022219901810034605426655730395414877676052211938385844209501290276226509140287163459047
31 10 14 1429677420029242131226473012570689646566784404579913926470835335163499997515636274028790984769015944743081743444506997554523668908088392728803780396043927739385314/2381411243906670433590231047976021426562042357652772136852755314383710361268919612214106107614801521179398626945487758739677438831169191283827357224893558974251403
31 10 19 1326013622305586243387259430113114703413116752971720671037377683867542168650349580146500880265474087782750040227067841169429951785816392091966185308655856356537071/354830275342093894604944426148427192557744311290263048391060541843172843829069022219901810034605426655730395414877676052211938385844209501290276226509140287163459047
31 11 5 317380462678390705940308977623872454860652994233961889279971643086175401145726147203976566908657628925670844990117997339952317999472997722303027425102281954039123773/709660550684187789209888852296854385115488622580526096782121083686345687658138044439803620069210853311460790829755352104423876771688419002580552453018280574326918094
31 11 7 157500775661572727810437992134572701578488885857491764415998752668249341240741640545414912686292242755026461488717227036220043199463824563724215733541640290247828544/354830275342093894604944426148427192557744311290263048391060541843172843829069022219901810034605426655730395414877676052211938385844209501290276226509140287163459047
31 11 9 2088609099531125071586591632536122353996158287340018342436538790910043352187259895810735886161317266911811428708186505190039793872642490617002528671154541616003709/19180014883356426735402401413428496895013206015689894507624894153685018585355082282156854596465158197607048400804198705524969642478065378448123039270764339846673462
31 12 5 15218041807592992921011285222583759581469986498916258518244915029206823941659018707776113625442137145503354024757942879908085970601437810708026698865779998517730493/709660550684187789209888852296854385115488622580526096782121083686345687658138044439803620069210853311460790829755352104423876771688419002580552453018280574326918094
31 12 8 144876646989368935740483012024177720659263626045235829012821129077633454796563338082107717842271559246676880246522029993184039636513094100893181622726216204651704365/709660550684187789209888852296854385115488622580526096782121083686345687658138044439803620069210853311460790829755352104423876771688419002580552453018280574326918094
31 12 10 11824036462746779834656252029362888953364803113839162573800349893419490732002994363066240636068083412251392203129684363894822081272088003570632131973267009275288745/354830275342093894604944426148427192557744311290263048391060541843172843829069022219901810034605426655730395414877676052211938385844209501290276226509140287163459047
31 12 13 303811941517351928040155029577368521099389986486729263566992037839140695781889611658617335817248501752174314490482174115993381289740107773003588300927572988908146521/709660550684187789209888852296854385115488622580526096782121083686345687658138044439803620069210853311460790829755352104423876771688419002580552453018280574326918094
31 12 17 222105847444380372838927021413998605868635417321966420536462301953525731674020087265169971512112488342603457661733836387548725712289603310834491566552177363698759225/709660550684187789209888852296854385115488622580526096782121083686345687658138044439803620069210853311460790829755352104423876771688419002580552453018280574326918094
31 13 3 141852012146037712638323907005812545163546037852685130134526900569249735458132076945128346850150206776950173956685642150790058707549925924219346006940293106658186127/709660550684187789209888852296854385115488622580526096782121083686345687658138044439803620069210853311460790829755352104423876771688419002580552453018280574326918094
31 13 12 76337597980491302868788625555396611354205204043915739713389840043765423170325886525623547929989351578702608813384119354883633085993795343576952629396282279513818949/709660550684187789209888852296854385115488622580526096782121083686345687658138044439803620069210853311460790829755352104423876771688419002580552453018280574326918094
31 13 14 3042872988989907713599333345162798304889625139508279818386224472002285042636073120696124661481505574603511081324781201097576475329135809284659244506678366088086033/19180014883356426735402401413428496895013206015689894507624894153685018585355082282156854596465158197607048400804198705524969642478065378448123039270764339846673462
31 13 17 19831806902882620090354181837772321671140932722433352772648710008594316713321741850349638625753435441906885497036874949395979593379756884556226836750895612067790337/354830275342093894604944426148427192557744311290263048391060541843172843829069022219901810034605426655730395414877676052211938385844209501290276226509140287163459047
31 13 19 5444273306441759371190925306150435873803755176501254894342021541198603057502237070355974746148153893839452559438778773616961900793989461844940036976880445310774181/354830275342093894604944426148427192557744311290263048391060541843172843829069022219901810034605426655730395414877676052211938385844209501290276226509140287163459047
31 13 20 328332479546383429376510771676776176226931874724249658319932574509660142910497417661883886070452410023985421937717378712113972402619180098449528022479053528138600761/709660550684187789209888852296854385115488622580526096782121083686345687658138044439803620069210853311460790829755352104423876771688419002580552453018280574326918094
31 14 2 101444276793958001967221334063879857809810191250112713149047709084944380488355725667026582717958128290456709753680708039052385170927760379863114925864803379818258357/709660550684187789209888852296854385115488622580526096782121083686345687658138044439803620069210853311460790829755352104423876771688419002580552453018280574326918094
31 14 5 280982361590348746596313658422043564588199336231988706097483676276742230205164170447322854506631780115267105916951345552156496650212260829225396841799989593747637235/354830275342093894604944426148427192557744311290263048391060541843172843829069022219901810034605426655730395414877676052211938385844209501290276226509140287163459047
31 14 18 46251550709532294050040201388887398129279758866435971438106022047916846759453977878131328337989164790469869242171952961058498300336136964266643843553498007013385267/709660550684187789209888852296854385115488622580526096782121083686345687658138044439803620069210853311460790829755352104423876771688419002580552453018280574326918094
31 15 0 245406746155400904485405583823946844108426689261260132039351650546499218091818640555003549675477622256724679347760596632787332503296344221251222380363986930631431643/709660550684187789209888852296854385115488622580526096782121083686345687658138044439803620069210853311460790829755352104423876771688419002580552453018280574326918094
31 15 10 80344339164751314440498099684941161372454120891642656645037582391331724982054842557599519053315705894536096424474211689013960076467369652808722758856733162622358950/354830275342093894604944426148427192557744311290263048391060541843172843829069022219901810034605426655730395414877676052211938385844209501290276226509140287163459047
31 15 12 303565126199284255843487069103025218262153691535980651452694268357183019602209718769601032287101819265663918633046332093608624115457335475711884554940827318450768551/709660550684187789209888852296854385115488622580526096782121083686345687658138044439803620069210853311460790829755352104423876771688419002580552453018280574326918094
31 16 1 176941009096544822447539171895428006978935116220830005048687486865254954276486947313124134235681765455866465254568218015422911592916113764104509121318476294406486457/709660550684187789209888852296854385115488622580526096782121083686345687658138044439803620069210853311460790829755352104423876771688419002580552453018280574326918094
31 16 7 141774118374473776123315451945903215829579700235098185377723852156484089272350796378611371926624887374138668374314276570653007649990884849353825060231023241590104031/354830275342093894604944426148427192557744311290263048391060541843172843829069022219901810034605426655730395414877676052211938385844209501290276226509140287163459047
31 16 13 226160588611712948026211159815206211804054588390686823372437261118216474846053159199262666338205579622295991883761206228631699140999988009616897963750082596563015309/709660550684187789209888852296854385115488622580526096782121083686345687658138044439803620069210853311460790829755352104423876771688419002580552453018280574326918094
31 16 15 11505358113491233244753808347206867336669758749406448802774315694953039995448172585097037821036866742510498471398687359531625368895273765075747623743837600088604133/354830275342093894604944426148427192557744311290263048391060541843172843829069022219901810034605426655730395414877676052211938385844209501290276226509140287163459047
31 17 11 59751203425487541072263119642566392115987814358815622229809134554481371687845012906305695196271594533342364317659200602684157985214980181698452706703443014323032561/354830275342093894604944426148427192557744311290263048391060541843172843829069022219901810034605426655730395414877676052211938385844209501290276226509140287163459047
31 17 18 295079071916606353532681306505860800441756496931447426161251407288691472141224009313596114838333832122388031097218475449527780400629229319591823519805697272840426486/354830275342093894604944426148427192557744311290263048391060541843172843829069022219901810034605426655730395414877676052211938385844209501290276226509140287163459047
31 18 4 132272083915347011245840267528190770803821972290947292184284522010609801475279145523486485380837605988494648295138615233760447761024294358274664527186592348408079538/354830275342093894604944426148427192557744311290263048391060541843172843829069022219901810034605426655730395414877676052211938385844209501290276226509140287163459047
31 18 8 222558191426746883359104158620236421753922338999315756206776019832563042353789876696415324653767820667235747119739060818451490624819915143015611699322547938755379509/354830275342093894604944426148427192557744311290263048391060541843172843829069022219901810034605426655730395414877676052211938385844209501290276226509140287163459047
31 19 3 263062441677842561852326714898275725029924901747656398268904476532392620344592324481716470872653252070957232823275307966282848843475370849149363554797868074527940619/354830275342093894604944426148427192557744311290263048391060541843172843829069022219901810034605426655730395414877676052211938385844209501290276226509140287163459047
31 19 16 91767833664251332752617711250151467527819409542606650122156065310780223484476697738185339161952174584773162591602368085929089542368838652140912671711272212635518428/354830275342093894604944426148427192557744311290263048391060541843172843829069022219901810034605426655730395414877676052211938385844209501290276226509140287163459047
31 20 4 213689311346184417471726100743973992992889039869891753263827499360604777946619231189263246003455803315644034332302707668405036942967498138562908453724333329599131320/354830275342093894604944426148427192557744311290263048391060541843172843829069022219901810034605426655730395414877676052211938385844209501290276226509140287163459047
31 20 7 139657274392112930791161566587696217250137427875344667547454344786475687573321319123774301963054407813002776649885176123997136864267229270287407321628932523352396727/709660550684187789209888852296854385115488622580526096782121083686345687658138044439803620069210853311460790829755352104423876771688419002580552453018280574326918094
31 20 9 142624653599706023475275084221210181879573114965397922707011740178660444191578262937502826099244838867169945515264760643616666021486193455167328223940681391776258727/709660550684187789209888852296854385115488622580526096782121083686345687658138044439803620069210853311460790829755352104423876771688419002580552453018280574326918094
31 21 8 111730051865816987259186364071356120819773450526518363015160905105559367864670443698450252466306491209629306489659956348142114563966116933136089195093906789462992999/709660550684187789209888852296854385115488622580526096782121083686345687658138044439803620069210853311460790829755352104423876771688419002580552453018280574326918094
31 21 14 141228284484680287958184988403012726798868413432597555161883448632908835985517583441157309540725247696346234184897389764941848333772146026099814783305123217169022171/709660550684187789209888852296854385115488622580526096782121083686345687658138044439803620069210853311460790829755352104423876771688419002580552453018280574326918094
31 21 15 228351107166845256996258749911242768748423379310705089302538364973938741903975008650098029031089557202742625077599002995669956936975078021672324237309625283847451462/354830275342093894604944426148427192557744311290263048391060541843172843829069022219901810034605426655730395414877676052211938385844209501290276226509140287163459047
31 22 3 4612824491068074101995901528347120443921812374221133069664803812273353035617472467959653688724456871721503698058690026039591190782487988129207806147089873104522603/354830275342093894604944426148427192557744311290263048391060541843172843829069022219901810034605426655730395414877676052211938385844209501290276226509140287163459047
31 22 6 34343321774576999173498957510864005912570858447211519665338003784465486536394393014981676079229085833455457973766134489569372576315978156677661319571849752874227298/354830275342093894604944426148427192557744311290263048391060541843172843829069022219901810034605426655730395414877676052211938385844209501290276226509140287163459047
31 22 9 256492605164576834722120696769759765398768422944368394975500799551151828863886362414149361791983774537309883187027488139131832096033337547989088822766975074563024779/354830275342093894604944426148427192557744311290263048391060541843172843829069022219901810034605426655730395414877676052211938385844209501290276226509140287163459047
31 22 13 59381523911871986607328870339456300802483217524462000680556934695282175393170794322811118474668109413243550556025363397471142522712405808494318278023225586621684367/354830275342093894604944426148427192557744311290263048391060541843172843829069022219901810034605426655730395414877676052211938385844209501290276226509140287163459047
31 23 1 28928648360764369600361483744143547635135201048034431841891645896139922786129083360400856287895396261723428683470832219886389703533031017370619613650884101106191883/354830275342093894604944426148427192557744311290263048391060541843172843829069022219901810034605426655730395414877676052211938385844209501290276226509140287163459047
31 23 8 205262514324170145120876027295044921534958864423396226830567485296722144928011787005994524587642124488569903493092369540827680618451533911472420504376428232984900107/709660550684187789209888852296854385115488622580526096782121083686345687658138044439803620069210853311460790829755352104423876771688419002580552453018280574326918094
31 23 11 446540739638488904888289857513522368310259356061061006267770306597343697157868090713007382905777936299444029969721318123823416746170823056366892721340084139129634221/709660550684187789209888852296854385115488622580526096782121083686345687658138044439803620069210853311460790829755352104423876771688419002580552453018280574326918094
31 24 2 81481140625659970297188350181661973595271053180252250363044286687616814015975879193399685131394400574329213226602203564345079186089556801557790874810936139600519335/354830275342093894604944426148427192557744311290263048391060541843172843829069022219901810034605426655730395414877676052211938385844209501290276226509140287163459047
31 24 7 54601217260646910344338916856461032773849859409051684892704165712782105698748717592540578602442283757894275488119814560207531414133426984560629632224553896381588431/354830275342093894604944426148427192557744311290263048391060541843172843829069022219901810034605426655730395414877676052211938385844209501290276226509140287163459047
31 24 10 31469620775035309523900229506956777581446741195933109079030249890661099489166286455733916064399792223175254632288887140969260961769212776432993258711086999994150955/354830275342093894604944426148427192557744311290263048391060541843172843829069022219901810034605426655730395414877676052211938385844209501290276226509140287163459047
31 24 12 187278296680751704439516929603347408607176657505026004056281839552112824625178138978227630236368950100331652067866770786690066823852012938738862460762563251187200326/354830275342093894604944426148427192557744311290263048391060541843172843829069022219901810034605426655730395414877676052211938385844209501290276226509140287163459047
31 25 0 86916366908673611307558940435659761551839506329235597835430457354007344550395970879029489513326332259852159361641006952820640869552378386007813811923306163197447003/709660550684187789209888852296854385115488622580526096782121083686345687658138044439803620069210853311460790829755352104423876771688419002580552453018280574326918094
31 25 3 94996871303629912217509372980919049166511005997306827882083914433348670408190864090081436121982881214465176083270837335086918815865419572366403285194166978736471/8251866868420788246626614561591330059482425843959605776536291670771461484396954005113995582200126201296055707322736652377021822926609523285820377360677681096824629
31 25 5 139121915803458441689493184903406520724465008232774149096628352553549892525547079383944064943270153635447311825811172306624475994694136395092075914817472221312151997/709660550684187789209888852296854385115488622580526096782121083686345687658138044439803620069210853311460790829755352104423876771688419002580552453018280574326918094
31 25 9 237726268519971781881065460440714532305432080751373981326101528568760232463545289932541531053061919815858657249570940417080642444638739069128576021875401914822991294/354830275342093894604944426148427192557744311290263048391060541843172843829069022219901810034605426655730395414877676052211938385844209501290276226509140287163459047
31 26 2 123153146930157454049421764214483809105896336125816232080828593064309049173512737854913662763543919460241320943442251231200655707353607121566687494378794056681752880/354830275342093894604944426148427192557744311290263048391060541843172843829069022219901810034605426655730395414877676052211938385844209501290276226509140287163459047
31 26 6 231677128411936440555522661933943383451847975164446816310231948778863794655556284364988147271061507195489074471435424821011282678490602379723588732130346230481706167/354830275342093894604944426148427192557744311290263048391060541843172843829069022219901810034605426655730395414877676052211938385844209501290276226509140287163459047
31 27 0 186691888448704061877212509186276355069216056204271322811277429904039184654423945820149379971302039308968393721605763802603203089800369842348800390317034526080939065/709660550684187789209888852296854385115488622580526096782121083686345687658138044439803620069210853311460790829755352104423876771688419002580552453018280574326918094
31 27 3 522968662235483727332676343110578030046272566376254773970843653782306503003714098619654240097908814002492397108149588301820673681888049160231752062701246048245979029/709660550684187789209888852296854385115488622580526096782121083686345687658138044439803620069210853311460790829755352104423876771688419002580552453018280574326918094
31 28 0 486252131261235992577758800659724068813673643547737929879786615520375877844059104153480057632607247239728595312531806896274012854557026907838832261473189132750408707/709660550684187789209888852296854385115488622580526096782121083686345687658138044439803620069210853311460790829755352104423876771688419002580552453018280574326918094
31 28 6 223408419422951796632130051637130316301814979032788166902334468165969809814078940286323562436603606071732195517223545208149863917131392094741720191545091441576509387/709660550684187789209888852296854385115488622580526096782121083686345687658138044439803620069210853311460790829755352104423876771688419002580552453018280574326918094
31 29 0 101536902438720157041207727470194137421338041822979185707261089178617272868336261184109681392295862691985110753562672081793949079455999742392541314990318328840100844/354830275342093894604944426148427192557744311290263048391060541843172843829069022219901810034605426655730395414877676052211938385844209501290276226509140287163459047
31 29 1 253293372903373737563736698678233055136406269467283862683799452664555570960732761035792128642309563963745284661315003970417989306388209758897734911518821958323358203/354830275342093894604944426148427192557744311290263048391060541843172843829069022219901810034605426655730395414877676052211938385844209501290276226509140287163459047
31 30 1 357880062249854782587048417804095051832297032359414069807842284467660076833191891586313358558736991885244831464480168789503429099542508335508398812210992035289093313/709660550684187789209888852296854385115488622580526096782121083686345687658138044439803620069210853311460790829755352104423876771688419002580552453018280574326918094
31 30 5 174655794181315250586910524452045440042845317558833644890556068459739592854109597585539385086671486512088326576074714817275214210925025255677827751672640048976147373/709660550684187789209888852296854385115488622580526096782121083686345687658138044439803620069210853311460790829755352104423876771688419002580552453018280574326918094
31 30 6 88562347126508878017964955020356946620173136331139191041861365379473008985418277633975438211901187457063816394600234248822616730610442705697162944567324245030838704/354830275342093894604944426148427192557744311290263048391060541843172843829069022219901810034605426655730395414877676052211938385844209501290276226509140287163459047
31 31 1 54537911888389532483783667250859520015758444688791345036228181613925076136983828042029188461238144328597662921022229631268994381908507595041067245094636480892874082/354830275342093894604944426148427192557744311290263048391060541843172843829069022219901810034605426655730395414877676052211938385844209501290276226509140287163459047
31 31 2 300292363453704362121160758897567672541985866601471703354832360229247767692085194177872621573367282327132732493855446420942944003935701906249208981414503806270584965/354830275342093894604944426148427192557744311290263048391060541843172843829069022219901810034605426655730395414877676052211938385844209501290276226509140287163459047
32 0 3 87148204638850891543010156958089246287129413672591168778548977655370634054074990946840589983573660521226032712731361215458630505316010204945439275379834015579996455/354830275342093894604944426148427192557744311290263048391060541843172843829069022219901810034605426655730395414877676052211938385844209501290276226509140287163459047
32 0 22 41275288110900966001145000749264999154796931739242723798954309159595677968920415342462514425497151967943889887644808654652997190606540867093317515400593804985410510/354830275342093894604944426148427192557744311290263048391060541843172843829069022219901810034605426655730395414877676052211938385844209501290276226509140287163459047
32 0 27 226406782592342037060789268441072947115817965878429155813557255028206531806073615930598705625534614166560472814501506182100310689921658429251519435728712466598052082/354830275342093894604944426148427192557744311290263048391060541843172843829069022219901810034605426655730395414877676052211938385844209501290276226509140287163459047
32 1 12 217844357525478673413806534179663030520035838765361450260848642930341702566652659313008770977974973902883736399044289358787326322396165963314806967671838450713449397/709660550684187789209888852296854385115488622580526096782121083686345687658138044439803620069210853311460790829755352104423876771688419002580552453018280574326918094
32 1 13 89512523316729737959290336574845074130616746900814566287835045274602777310110263241433732323116885511869719291661801265141368686286045644691663827384635849069368801/354830275342093894604944426148427192557744311290263048391060541843172843829069022219901810034605426655730395414877676052211938385844209501290276226509140287163459047
32 1 27 312791146525249639877501644967501206334219290013535513945602350206798430471264858643927384445002108384837615847387460215353813076720161749882417830577170425474731095/709660550684187789209888852296854385115488622580526096782121083686345687658138044439803620069210853311460790829755352104423876771688419002580552453018280574326918094
32 2 9 200392710615284088397444706666278014787620678318198964502648015212563569997209620717083370973949541417341973780165064260693620084181205430384064527461882619209982671/709660550684187789209888852296854385115488622580526096782121083686345687658138044439803620069210853311460790829755352104423876771688419002580552453018280574326918094
32 2 14 336545034397698522785840689152211980225802139057774285376402960590284270801357028877199125160960807469268836626037439891417467813413839227196250326359986600165658505/709660550684187789209888852296854385115488622580526096782121083686345687658138044439803620069210853311460790829755352104423876771688419002580552453018280574326918094
32 2 20 86361402835602589013301728239182195051032902602276423451535053941748923429785697422760561967150252212424990211776423976156394437046687172500118799598205677475638459/354830275342093894604944426148427192557744311290263048391060541843172843829069022219901810034605426655730395414877676052211938385844209501290276226509140287163459047
32 3 7 19676020251392013633668321746792292107421964689169225709660152069597030735242626502346998841940859090147625509848712716230032084563086519792385977097520003102909949/354830275342093894604944426148427192557744311290263048391060541843172843829069022219901810034605426655730395414877676052211938385844209501290276226509140287163459047
32 3 12 45348768703547768012805655834424342656322130762229698233175924824884979589269728465456919440850818008341872337354497214788672192083108079499379059797495179870522920/354830275342093894604944426148427192557744311290263048391060541843172843829069022219901810034605426655730395414877676052211938385844209501290276226509140287163459047
32 3 13 7832580713166327377255958069384069129567573401050381741843904458072725229852882898705348425724695933979483718045255841113330651599946348702662464584165543356487194/9590007441678213367701200706714248447506603007844947253812447076842509292677541141078427298232579098803524200402099352762484821239032689224061519635382169923336731
32 4 8 286315639406124130044640138326850004668519975991236086604435127986976148161591560215192266735284848061866219637157091893360862709741474668652739991522124820557747613/709660550684187789209888852296854385115488622580526096782121083686345687658138044439803620069210853311460790829755352104423876771688419002580552453018280574326918094
32 4 21 423344911278063659165248713970004380446968646589290010177685955699369539496546484224611353333926005249594571192598260211063014061946944333927812461496155753769170481/709660550684187789209888852296854385115488622580526096782121083686345687658138044439803620069210853311460790829755352104423876771688419002580552453018280574326918094
32 5 5 50507452412040733988928656258993885370073890898084208877414994031851822456999181217684448529639000283746835925900356021247802499117040874646184997795300505399410373/354830275342093894604944426148427192557744311290263048391060541843172843829069022219901810034605426655730395414877676052211938385844209501290276226509140287163459047
32 5 18 123473445190746536374674448234308034585994069114562129571910181123481407163765289543508348050502442623082713265772343848448756549585998400242164106027163699316087411/354830275342093894604944426148427192557744311290263048391060541843172843829069022219901810034605426655730395414877676052211938385844209501290276226509140287163459047
32 5 19 180849377739306624241341321655125272601676351277616709941735366687839614208304551458709013454463983748900846223204976182515379337141170226401927122686676082447961263/354830275342093894604944426148427192557744311290263048391060541843172843829069022219901810034605426655730395414877676052211938385844209501290276226509140287163459047
32 6 20 5961634136058434904552671144681647700982793324847632565507005149931729728683111853421709672882868966855446187852082192426951894324522578740909532731918473112456080/8251866868420788246626614561591330059482425843959605776536291670771461484396954005113995582200126201296055707322736652377021822926609523285820377360677681096824629
32 6 24 2290232732362353342073943416909682358499632519111973211029286520839731755713842151692285909317257234440609519470654459950069928602086944544910844628759207984368549/8251866868420788246626614561591330059482425843959605776536291670771461484396954005113995582200126201296055707322736652377021822926609523285820377360677681096824629
32 7 4 45635651220467115086945787395981338044720071181298119060455140899116669437424980868572923687535292794039346859844769177015557428609554486974208192147473639681567522/354830275342093894604944426148427192557744311290263048391060541843172843829069022219901810034605426655730395414877676052211938385844209501290276226509140287163459047
32 7 12 190558720678496096288364326110222205179300555914592247968123493913931955299661963596105499004766824692177137827053867467283525769764185672560811394185732366158193933/709660550684187789209888852296854385115488622580526096782121083686345687658138044439803620069210853311460790829755352104423876771688419002580552453018280574326918094
32 7 16 330544960246160989098374505586219202362055820284340608722766229501860270237609984958800640105646976260707514290886543725319090729264380567934724847011445281488064169/709660550684187789209888852296854385115488622580526096782121083686345687658138044439803620069210853311460790829755352104423876771688419002580552453018280574326918094
32 7 23 48642783659298236824629222904225150742346052009498500985160539236160061623008067073875816791863233385248722496062701278895072707720371894068299913763077823658762474/354830275342093894604944426148427192557744311290263048391060541843172843829069022219901810034605426655730395414877676052211938385844209501290276226509140287163459047
32 8 17 129266243900795369402438472860324351950366020230751758596433986127811605317041900008643244796973774334064232582981735660686959062768171264390039856620350703933842593/354830275342093894604944426148427192557744311290263048391060541843172843829069022219901810034605426655730395414877676052211938385844209501290276226509140287163459047
32 8 20 196572688841604817646572208166586855949780910600761976041167682528827538005499635050778489696111947757241161839769270825374915905519561071125070787823715686156617045/354830275342093894604944426148427192557744311290263048391060541843172843829069022219901810034605426655730395414877676052211938385844209501290276226509140287163459047
32 8 23 28991342599693707555933745121515984657597380458749313753458873186533700506527487160480075541519704564425000992126669566150063417556477165775165582065073897072999409/354830275342093894604944426148427192557744311290263048391060541843172843829069022219901810034605426655730395414877676052211938385844209501290276226509140287163459047
32 9 8 184583649380547245367533992497022897566715808558464544523523849563962059831098310347840289354938166718023380717338323899030782065839074982980674187653662341892468873/354830275342093894604944426148427192557744311290263048391060541843172843829069022219901810034605426655730395414877676052211938385844209501290276226509140287163459047
32 9 10 170246625961546649237410433651404294991028502731798503867536692279210783997970711872061520679667259937707014697539352153181156320005134518309602038855477945270990174/354830275342093894604944426148427192557744311290263048391060541843172843829069022219901810034605426655730395414877676052211938385844209501290276226509140287163459047
32 10 1 5956439201367561618284430781137928232216391287466241721570769705923590850986295245481855006820659439752674771991355531059282530394755267065861991191015860155080404/9590007441678213367701200706714248447506603007844947253812447076842509292677541141078427298232579098803524200402099352762484821239032689224061519635382169923336731
32 10 15 68785590320499386688326072299244374287053522027000757846569461828452010987793321715676983493435272730714522656445510782695777458146870969813185147727995153186470361/709660550684187789209888852296854385115488622580526096782121083686345687658138044439803620069210853311460790829755352104423876771688419002580552453018280574326918094
32 10 18 1625634460808102851361988503381527930797249719023310815533867997414966817593341636369094435058518175407493619993019234082695257590301086679033505857612830790287073/8251866868420788246626614561591330059482425843959605776536291670771461484396954005113995582200126201296055707322736652377021822926609523285820377360677681096824629
32 10 26 60293895832991997551383890902591919595858669445018721403402015841860807384331493830727244656014218954003883726549877892229399911563764815496698453400408321699809559/709660550684187789209888852296854385115488622580526096782121083686345687658138044439803620069210853311460790829755352104423876771688419002580552453018280574326918094
32 11 15 88790201029783543606472172542038150936784061088235291451552857910737249694344226090386906628343633408600703707004181534142189370955975867968910185056554453317502627/354830275342093894604944426148427192557744311290263048391060541843172843829069022219901810034605426655730395414877676052211938385844209501290276226509140287163459047
32 11 17 50048273518151907532140010948474356050220689596124533128587294002334606673437216521903684554503379820104496632564920754806948376304984010554131994296999617570924297/354830275342093894604944426148427192557744311290263048391060541843172843829069022219901810034605426655730395414877676052211938385844209501290276226509140287163459047
32 11 18 209366948869379453543224170470505263943831354068095983719768605104563961034334132380255448242894390129954463296983854983844228927804528785877154660470704443169563747/354830275342093894604944426148427192557744311290263048391060541843172843829069022219901810034605426655730395414877676052211938385844209501290276226509140287163459047
32 11 23 6624851924778989923108072187409421626908206537807240091151784825537026426953447227355770608864023297070731778324718779418571710778720836890079386684881773105468376/354830275342093894604944426148427192557744311290263048391060541843172843829069022219901810034605426655730395414877676052211938385844209501290276226509140287163459047
32 12 3 246974599312946926574815131850344301474510418182090282244349198766906667350919172134552446406971948018132369209237966707999668314761217150120206818716894999826672829/709660550684187789209888852296854385115488622580526096782121083686345687658138044439803620069210853311460790829755352104423876771688419002580552453018280574326918094
32 12 14 21470335702821949886845877274095784573334135579913628261423985163690694968364748540325338893829851039989080013156521332998944803399900079967867118452143217402460829/709660550684187789209888852296854385115488622580526096782121083686345687658138044439803620069210853311460790829755352104423876771688419002580552453018280574326918094
32 12 18 5962373184708363685786862745573166203616811740790840355085782429131734126200731402228727496870392625045126237937308973830071130453071645574222682646611383204024114/9590007441678213367701200706714248447506603007844947253812447076842509292677541141078427298232579098803524200402099352762484821239032689224061519635382169923336731
32 13 4 113535901896024820824208190561810852811194925905890511251750802912016222787639230604873902228567380764008373248061934475503169492048468671332164996468131933881933395/354830275342093894604944426148427192557744311290263048391060541843172843829069022219901810034605426655730395414877676052211938385844209501290276226509140287163459047
32 13 6 261751122676270970350113646509288844628107273962702804128031553674433710120237753135955346465615887410886133798375433813887238343319668889052679016750621273341499481/709660550684187789209888852296854385115488622580526096782121083686345687658138044439803620069210853311460790829755352104423876771688419002580552453018280574326918094
32 13 11 220837624215867177211358824663943834864991496806042270150587924187879531962621830094100469146460204372557910535256049339530299444271812770863543443331395433221551823/709660550684187789209888852296854385115488622580526096782121083686345687658138044439803620069210853311460790829755352104423876771688419002580552453018280574326918094
32 14 8 3733371734830714855237652337711585995475276127616832317940208570878471505136289056467213297227296390728866428956466798199681147852976617786323961539640284295407950/354830275342093894604944426148427192557744311290263048391060541843172843829069022219901810034605426655730395414877676052211938385844209501290276226509140287163459047
32 14 15 331331419159029400649729615485169317614041033554911061767620946961461535571069972689139233365719579630863051048936040435282928931043996792129013548223346335322290373/354830275342093894604944426148427192557744311290263048391060541843172843829069022219901810034605426655730395414877676052211938385844209501290276226509140287163459047
32 14 17 19765484448233779099977158325546288948228001607735154305499386310832836752862760474295363371658550634138477936985168818729328306947236091374938716746153667545760724/354830275342093894604944426148427192557744311290263048391060541843172843829069022219901810034605426655730395414877676052211938385844209501290276226509140287163459047
32 15 7 280941485734538615712925031101381504662555092398151604411146080718874077191146983039043825676083167758319371796474505958978628390492039548092704153588532007901204751/709660550684187789209888852296854385115488622580526096782121083686345687658138044439803620069210853311460790829755352104423876771688419002580552453018280574326918094
32 15 9 136331425297066734660045839455394319496596915117181680668712319383791204409803733643749160132661373620279009544410860034356963008148433673290140402118835351313629580/354830275342093894604944426148427192557744311290263048391060541843172843829069022219901810034605426655730395414877676052211938385844209501290276226509140287163459047
32 15 10 156056214355515704176872142284684241459739699948011131033550364199889201647383594113261474127804938312583399944459126076731322364899512107907567495192077863798454183/709660550684187789209888852296854385115488622580526096782121083686345687658138044439803620069210853311460790829755352104423876771688419002580552453018280574326918094
32 16 5 142417630870510209940234408679782885512066509193668129423089588244217962861176209499405563429692250022981297543914573131010631999434581794067831226163157899903743416/354830275342093894604944426148427192557744311290263048391060541843172843829069022219901810034605426655730395414877676052211938385844209501290276226509140287163459047
32 16 6 121734978451252415177226891979830002461346773321162982323197072484567810552352291790467610610206122475222877704140410356789434526165504999940593399927863014773483811/709660550684187789209888852296854385115488622580526096782121083686345687658138044439803620069210853311460790829755352104423876771688419002580552453018280574326918094
32 16 9 50788449361253460803632701470963808107601331650116716228717352557730406059511821225442302442667452486495094221377046844004526093395370856640198551735016199362032185/709660550684187789209888852296854385115488622580526096782121083686345687658138044439803620069210853311460790829755352104423876771688419002580552453018280574326918094
32 16 17 126150930565330746674280220743247401761203749610955069692013741077805772661960756212541290078476389151890111908204374320804326076629189778932049024514542780191957633/354830275342093894604944426148427192557744311290263048391060541843172843829069022219901810034605426655730395414877676052211938385844209501290276226509140287163459047
32 17 7 194541722146391455368663811133636596283351964780574395475616182866168107857851522995642144248240241571648105307308910530142028766443751798017986421583971902633346307/709660550684187789209888852296854385115488622580526096782121083686345687658138044439803620069210853311460790829755352104423876771688419002580552453018280574326918094
32 17 9 272359684055490298709007575454427704280765596282380935613407184185955832871178917705917158295596918268837001738419443409269307911059756624698332433741441971080741411/709660550684187789209888852296854385115488622580526096782121083686345687658138044439803620069210853311460790829755352104423876771688419002580552453018280574326918094
32 17 11 38727456560478002858484472873643474745628722871870856836129350388373266045917732768419065986183175074076283211796936572071914525403856068374286231240643083781381793/354830275342093894604944426148427192557744311290263048391060541843172843829069022219901810034605426655730395414877676052211938385844209501290276226509140287163459047
32 17 12 82652115680675014707624259980751567530056807886914526010419507928737607418636069100703092776503671661411558680216562510434355521688599221557830567605790266525033395/354830275342093894604944426148427192557744311290263048391060541843172843829069022219901810034605426655730395414877676052211938385844209501290276226509140287163459047
32 18 14 1
32 19 0 46099558330847062102587304320141056591520426561858831640459477233529873107815052473296817515795041684089576292677478953279595666848892774045724409289510197548089371/354830275342093894604944426148427192557744311290263048391060541843172843829069022219901810034605426655730395414877676052211938385844209501290276226509140287163459047
32 19 1 84066124181363761344939250309346246944855269338434971688305102077122264255381031999425206787892075877778734896951228853671271582016405670079699281405425337549020571/354830275342093894604944426148427192557744311290263048391060541843172843829069022219901810034605426655730395414877676052211938385844209501290276226509140287163459047
32 19 7 135776016151147254830458031463893877103878777636807417759035022989783252995702067568666478497144262646523337776187439791697134840568348595565448517884714360365867285/709660550684187789209888852296854385115488622580526096782121083686345687658138044439803620069210853311460790829755352104423876771688419002580552453018280574326918094
32 19 12 295980481039623272613485261625765237435244143050364909675019989651031228004362570083568987617499656848024190153875547689245256531629008692485219944413415559813271457/709660550684187789209888852296854385115488622580526096782121083686345687658138044439803620069210853311460790829755352104423876771688419002580552453018280574326918094
32 19 13 8786344234497807435446224974110331751807155046383081345268456212113465965840618921062052673596349346588320260217474504789875450880232413139518304665139791976779734/354830275342093894604944426148427192557744311290263048391060541843172843829069022219901810034605426655730395414877676052211938385844209501290276226509140287163459047
32 20 1 538520794399083658755438560543282146704756726043216873971752987801720742829181445116773068576924777548900979771845509386038748700258141677064522638777210536457117717/709660550684187789209888852296854385115488622580526096782121083686345687658138044439803620069210853311460790829755352104423876771688419002580552453018280574326918094
32 20 3 171139756285104130454450291753572238410731896537309222810368095884624944828956599323030551492286075762559811057909842718385128071430277325516029814241070037869800377/709660550684187789209888852296854385115488622580526096782121083686345687658138044439803620069210853311460790829755352104423876771688419002580552453018280574326918094
32 21 4 144596657150622394081099758063653394986881575171960505258113506724230919611380663521958472889227032698471046435714750311627234328574604401029577091603867856024981317/354830275342093894604944426148427192557744311290263048391060541843172843829069022219901810034605426655730395414877676052211938385844209501290276226509140287163459047
32 21 10 210233618191471500523844668084773797570862736118302543132947035118941924217688358697943337145378393957259348979162925740584704057269605100260699134905272431138477730/354830275342093894604944426148427192557744311290263048391060541843172843829069022219901810034605426655730395414877676052211938385844209501290276226509140287163459047
32 22 0 4764626048112362025997011525732157628273330363625054074790293634767526020466362867764783058231119602202626258154939349879809986011510620789632618409888586343001415/5816889759706457288605646330302085123897447726069886039197713800707751538181459380654128033354187322225088449424224197577244891571216549201479938139494103068253427
32 22 1 30928037449677937109633396453193073001104727127957021618031753576037574694087362726490801830989113937202662053090274801580530418811268645250881081474498207651038826/354830275342093894604944426148427192557744311290263048391060541843172843829069022219901810034605426655730395414877676052211938385844209501290276226509140287163459047
32 22 4 33260048957561873909493326625572504231966431981177728210820876546316181886533524559759241651518016984167531614336100907962998820330792987871805422031438312589333906/354830275342093894604944426148427192557744311290263048391060541843172843829069022219901810034605426655730395414877676052211938385844209501290276226509140287163459047
32 23 0 133847664619255901336186762365878764087584901850522449711528765353770726076415228297471365762412597603565579766361556433216409175736958910612031375658887984533598746/354830275342093894604944426148427192557744311290263048391060541843172843829069022219901810034605426655730395414877676052211938385844209501290276226509140287163459047
32 23 10 189317319429750238856579790104239516637344502197123048786950008790433883584894997646861464249179317994153095882911096519904314474265003465202685760100462456411744395/709660550684187789209888852296854385115488622580526096782121083686345687658138044439803620069210853311460790829755352104423876771688419002580552453018280574326918094
32 23 13 252647902015925747680935537460857340302974316682358148572113544188370351920412590197999424295206340110176535414121142718086743945949497716153803941600042148847976207/709660550684187789209888852296854385115488622580526096782121083686345687658138044439803620069210853311460790829755352104423876771688419002580552453018280574326918094
32 24 6 246846317280130556330722345048840125678476475031882013814572421955294087754780211175216580635775525267415861181773635321043310348152949239135469533061641817563263042/354830275342093894604944426148427192557744311290263048391060541843172843829069022219901810034605426655730395414877676052211938385844209501290276226509140287163459047
32 24 11 107983958061963338274222081099587066879267836258381034576488119887878756074288811044685229398829901388314534233104040731168628037691260262154806693447498469600196005/354830275342093894604944426148427192557744311290263048391060541843172843829069022219901810034605426655730395414877676052211938385844209501290276226509140287163459047
32 25 2 214475505839982783243085307979788255561008344542539229814771064688490919502525114620719223165669277224771602514330369578092393239105759617479608228026580343744528542/354830275342093894604944426148427192557744311290263048391060541843172843829069022219901810034605426655730395414877676052211938385844209501290276226509140287163459047
32 25 5 8773567443864425661932989470037381717800435737465115485642828529326326481129621515774165472632294561948609207381547520057491568010414164682823752513854281918122174/354830275342093894604944426148427192557744311290263048391060541843172843829069022219901810034605426655730395414877676052211938385844209501290276226509140287163459047
32 25 8 51674034073109908250545385469996267187012826621210071875905802766460662857617023504639441936102911497230205077367315691432505806897991867667168665790217971327899881/354830275342093894604944426148427192557744311290263048391060541843172843829069022219901810034605426655730395414877676052211938385844209501290276226509140287163459047
32 25 9 79907167985136777449380743228605288091922704389048631214740845858894934987797262578768979460200943371779978615798443262629547771830043851460675580178487690172908450/354830275342093894604944426148427192557744311290263048391060541843172843829069022219901810034605426655730395414877676052211938385844209501290276226509140287163459047
32 26 8 418977613862454923537670909383670829292657076823840193898181846138441567333160048193087182196914116623794690837862597353241325659207457364676782377951585356918975391/709660550684187789209888852296854385115488622580526096782121083686345687658138044439803620069210853311460790829755352104423876771688419002580552453018280574326918094
32 26 9 290682936821732865672217942913183555822831545756685902883939237547904120324977996246716437872296736687666099991892754751182551112480961637903770075066695217407942703/709660550684187789209888852296854385115488622580526096782121083686345687658138044439803620069210853311460790829755352104423876771688419002580552453018280574326918094
32 27 0 52145244028268457315905294063628686487986480164370857793359130349332874959618028593632306742825391676956379547221704123383805826299251755783324394511926043873882687/709660550684187789209888852296854385115488622580526096782121083686345687658138044439803620069210853311460790829755352104423876771688419002580552453018280574326918094
32 27 7 596089702883306384621772574680355735911228626825971273930500529275506708532894521732149102664885892687672080152604634145845170594443936617867086505347423812927536789/709660550684187789209888852296854385115488622580526096782121083686345687658138044439803620069210853311460790829755352104423876771688419002580552453018280574326918094
32 27 8 30712801886306473636105491776434981358136757795091982529130712030753052082812747057011105330749784473416165564964506917597450175472615314465070776579465358762749309/354830275342093894604944426148427192557744311290263048391060541843172843829069022219901810034605426655730395414877676052211938385844209501290276226509140287163459047
32 28 0 223408419422951796632130051637130316301814979032788166902334468165969809814078940286323562436603606071732195517223545208149863917131392094741720191545091441576509387/709660550684187789209888852296854385115488622580526096782121083686345687658138044439803620069210853311460790829755352104423876771688419002580552453018280574326918094
32 28 4 213564712006274328397179128738904997543168686753608142694595824742153278369732620583358326942839203735150544227515742154408197195410648145050670674007679323126521441/709660550684187789209888852296854385115488622580526096782121083686345687658138044439803620069210853311460790829755352104423876771688419002580552453018280574326918094
32 28 5 136343709627480832090289835960409535635252478397064893592595395389111299737163241785060865344884021752289025542508032370932907829573189381394080793732754904811943633/354830275342093894604944426148427192557744311290263048391060541843172843829069022219901810034605426655730395414877676052211938385844209501290276226509140287163459047
32 29 2 402771115702713101024222480522684495008738040964239252465255328247893906680534017539789229105427912633049444707000844849689049626830997548868908790113805832132193755/709660550684187789209888852296854385115488622580526096782121083686345687658138044439803620069210853311460790829755352104423876771688419002580552453018280574326918094
32 29 6 306889434981474688185666371774169890106750581616286844316865755438451780977604026900014390963782940678411346122754507254734827144857421453711643662904474742194724339/709660550684187789209888852296854385115488622580526096782121083686345687658138044439803620069210853311460790829755352104423876771688419002580552453018280574326918094
32 30 2 55487577772303646893378498256642889899072514346624839620599364980373718499642380822584708218935702358909880369048952038946345345948615567788452351939677599968579/128724932103063266680553029620325482516867154467717412802851638615335695203725384444005735546746028171859385240296635607550131828711848177504181471615868052662238
32 30 3 141277563411997168781626861459651254972445086707668469400113703430673318664379692999429660214416852133197300009086912723073738643421309679664026747153732273736045777/354830275342093894604944426148427192557744311290263048391060541843172843829069022219901810034605426655730395414877676052211938385844209501290276226509140287163459047
32 30 4 29284805426287447448367488488398156767155432758159966277575241603357004676262179401354881885152670097644977136779680137970145771102663119941309367786966996815254599/354830275342093894604944426148427192557744311290263048391060541843172843829069022219901810034605426655730395414877676052211938385844209501290276226509140287163459047
32 30 6 62632796748908551426704491511883309622700812055926484598378894481484730888325854163325039459079281745106066063455293791624906050425755778152142406893439424597541315/709660550684187789209888852296854385115488622580526096782121083686345687658138044439803620069210853311460790829755352104423876771688419002580552453018280574326918094
32 31 0 14984240098516694901968603330365211689249985317832479235766106428992075204513274025699889965097207525869427687423497534630264519533803321476130975319730353286917046/354830275342093894604944426148427192557744311290263048391060541843172843829069022219901810034605426655730395414877676052211938385844209501290276226509140287163459047
32 31 2 54537911888389532483783667250859520015758444688791345036228181613925076136983828042029188461238144328597662921022229631268994381908507595041067245094636480892874082/354830275342093894604944426148427192557744311290263048391060541843172843829069022219901810034605426655730395414877676052211938385844209501290276226509140287163459047
32 31 5 285308123355187667219192155567202460852735881283639224119066253800255692487571920152172731608270074801263304806431948886312679484401898584773078006094773452983667919/354830275342093894604944426148427192557744311290263048391060541843172843829069022219901810034605426655730395414877676052211938385844209501290276226509140287163459047
32 32 1 37415348855801122383524360000284822395168716771340395014954462643140064346976265605933192450819327123896439252984089864193766809948869528528526839927450811700588623/709660550684187789209888852296854385115488622580526096782121083686345687658138044439803620069210853311460790829755352104423876771688419002580552453018280574326918094
32 32 3 185867537859210280061308315716727377885733537769962180791787731582953345215647604495036025237498116877459650170744279277836746038704057677136414437287292236852608680/354830275342093894604944426148427192557744311290263048391060541843172843829069022219901810034605426655730395414877676052211938385844209501290276226509140287163459047
32 32 4 300510126109966106703747860863114806948852830269261340183591157877298932879866569843798377143395292432645051235282703684556617884331434119779196738516245288921112111/709660550684187789209888852296854385115488622580526096782121083686345687658138044439803620069210853311460790829755352104423876771688419002580552453018280574326918094
33 0 12 3741268206875498523861700441379851984293574656473274236288110815866557937519237142827080376817791700024902116989930235985453496233925187666738420007146339589443213/11633779519412914577211292660604170247794895452139772078395427601415503076362918761308256066708374644450176898848448395154489783142433098402959876278988206136506854
33 0 24 7892511312537416053349592219224318263501320795666497842107316785548945138843681618481175689890582944425274781858518159169036286908507910736221456271841866547063641/11633779519412914577211292660604170247794895452139772078395427601415503076362918761308256066708374644450176898848448395154489783142433098402959876278988206136506854
33 1 11 15669155205706312090385363797409889959220984852122814028894417203509793803596113239947246576992910526626139975083437868133391204265989433246170853218498413995943399/709660550684187789209888852296854385115488622580526096782121083686345687658138044439803620069210853311460790829755352104423876771688419002580552453018280574326918094
33 1 14 90264228013984400357919145356520569233393130635406070552384117123270837682258575106427877439082549994594769657016805724650904945761907712786659806857434088033253323/354830275342093894604944426148427192557744311290263048391060541843172843829069022219901810034605426655730395414877676052211938385844209501290276226509140287163459047
33 1 16 119187796505419237692151219104433818354137386649747711562934499546350270097716676632282443892685624459623399063285279777072931226267966364374817325005038715904754639/709660550684187789209888852296854385115488622580526096782121083686345687658138044439803620069210853311460790829755352104423876771688419002580552453018280574326918094
33 1 18 29781901894377467054441622024668309428169242488188110810880068896877835112309905207981342135079979457915259022396258384455957063809097444074512506340715132483332944/354830275342093894604944426148427192557744311290263048391060541843172843829069022219901810034605426655730395414877676052211938385844209501290276226509140287163459047
33 1 19 224346949464615018905078475819279787918580149668655190392404281653956541815555834921408482968902784110732009529998396791812824600550096992070154115429377173286846963/709660550684187789209888852296854385115488622580526096782121083686345687658138044439803620069210853311460790829755352104423876771688419002580552453018280574326918094
33 1 25 110364389691723485697552258813353131560425355162812018071359513242231736352132459017347007482304475309459184902562109449191005721462355899167065532969067830106200559/709660550684187789209888852296854385115488622580526096782121083686345687658138044439803620069210853311460790829755352104423876771688419002580552453018280574326918094
33 2 8 31753575698527332857443397368104172340444392081838281226064821094386147459688192338698740872690698056085345190748891968222967409911325494240918702610417920046377076/354830275342093894604944426148427192557744311290263048391060541843172843829069022219901810034605426655730395414877676052211938385844209501290276226509140287163459047
33 2 11 253457238101038513839199624117631263592624323553563380752868015889641314913660242002005599501100661110216776307102094959491935154555539219468737023335804229986635532/354830275342093894604944426148427192557744311290263048391060541843172843829069022219901810034605426655730395414877676052211938385844209501290276226509140287163459047
33 2 12 69619461542528047908301404662691756624675595654861386412127704859145381455720587879197469660814067489428273917026689124497035821377344787580620500562918137130446439/354830275342093894604944426148427192557744311290263048391060541843172843829069022219901810034605426655730395414877676052211938385844209501290276226509140287163459047
33 3 7 97465449764551568176637699143383350157016901615443784222848549677463249054667641524062575138561215211439190847469859085044053272775237491444077161384813294537319227/709660550684187789209888852296854385115488622580526096782121083686345687658138044439803620069210853311460790829755352104423876771688419002580552453018280574326918094
33 3 16 18244064072702996534586907719159694502960962551304294233291171581072433832210432321318108519980754234580822835433455952767858276378058358209138512134089778667954110/354830275342093894604944426148427192557744311290263048391060541843172843829069022219901810034605426655730395414877676052211938385844209501290276226509140287163459047
33 3 17 107448406585794040014598780737288189975405659750523563399656316203096572825171529011618345262455478653783766964662005347242888491834088491326008835971545459208609661/709660550684187789209888852296854385115488622580526096782121083686345687658138044439803620069210853311460790829755352104423876771688419002580552453018280574326918094
33 3 22 234129283094218093974739278488931727988572068055975080346516937321820499056939004630743241314116325488538093673378287883300609227161488151696094715696871131622540493/354830275342093894604944426148427192557744311290263048391060541843172843829069022219901810034605426655730395414877676052211938385844209501290276226509140287163459047
33 4 11 105907833305646145080653913460492931856134341230825955466230839936923280451670179912402508778983065520509159276851212129959917876193983246739668940157241833833569139/709660550684187789209888852296854385115488622580526096782121083686345687658138044439803620069210853311460790829755352104423876771688419002580552453018280574326918094
33 4 14 36738390987859304186287090369328308180994192065536112898325453757221212854985245787649967280226648079808183920459071613992191146009922714335856114008456017792956695/354830275342093894604944426148427192557744311290263048391060541843172843829069022219901810034605426655730395414877676052211938385844209501290276226509140287163459047
33 4 19 117107198960407507540194615099937194869980122724816444350203502284845945345510999210334870339924330852962658156091354296154338362703827431494978696599683199350740855/354830275342093894604944426148427192557744311290263048391060541843172843829069022219901810034605426655730395414877676052211938385844209501290276226509140287163459047
33 4 22 296061537482008020676271527897830447157405651768995026818832331665288090805475374531431436049925829925409947399803288154170899878066935464179213891644760306205953855/709660550684187789209888852296854385115488622580526096782121083686345687658138044439803620069210853311460790829755352104423876771688419002580552453018280574326918094
33 5 7 43133648907761007684305198767423832696898948454874181918724719785761151086464095298397345744312988932551958339906456099592587279575481344192324039568244526761827389/354830275342093894604944426148427192557744311290263048391060541843172843829069022219901810034605426655730395414877676052211938385844209501290276226509140287163459047
33 5 10 167150480688281443760528960391030912145257768881012013906649760199970287264016786491574549416164654715259749352389939193517541276568129649956530597666977930737726313/709660550684187789209888852296854385115488622580526096782121083686345687658138044439803620069210853311460790829755352104423876771688419002580552453018280574326918094
33 5 16 188233545018058020069553603984386159582321823492270279092340589674432510604284606707368014141426812603186984247210127435058285788030080867452533667867487147538556402/354830275342093894604944426148427192557744311290263048391060541843172843829069022219901810034605426655730395414877676052211938385844209501290276226509140287163459047
33 5 18 79775682144268289941642286402203488411789309805225160853340704565988077012623853936698350881566595524723156303132245841604589359909164929334306440479839294988424199/709660550684187789209888852296854385115488622580526096782121083686345687658138044439803620069210853311460790829755352104423876771688419002580552453018280574326918094
33 6 12 445659979905816492186654624568423162900725978893040743141191078664487710707391749735895754260503999718287145768159220019693529136623584360653283082673151219038886419/709660550684187789209888852296854385115488622580526096782121083686345687658138044439803620069210853311460790829755352104423876771688419002580552453018280574326918094
33 6 13 264000570778371297023234227728431222214762643687485353640930005021857976950746294703907865808706853593173645061596132084730347635064834641927269370345129355288031675/709660550684187789209888852296854385115488622580526096782121083686345687658138044439803620069210853311460790829755352104423876771688419002580552453018280574326918094
33 7 7 371783740984330130393785498482190960328959014271643700624717105038741559197947283644156879835398281447907300694818246019253507987934328300452287302633117832296368631/709660550684187789209888852296854385115488622580526096782121083686345687658138044439803620069210853311460790829755352104423876771688419002580552453018280574326918094
33 7 17 337876809699857658816103353814663424786529608308882396157403978647604128460190760795646740233812571863553490134937106085170368783754090702128265150385162742030549463/709660550684187789209888852296854385115488622580526096782121083686345687658138044439803620069210853311460790829755352104423876771688419002580552453018280574326918094
33 8 6 12408410321243396210813775911874909164384307014376623443599788407309427522514734474317572808666199851706452114569825609912268348289308878820956985396268292623918303/354830275342093894604944426148427192557744311290263048391060541843172843829069022219901810034605426655730395414877676052211938385844209501290276226509140287163459047
33 8 10 187233316884251468466148309303538966214715435307163754043204537307313986552408853618526567128973964689546070075238764747386849688481323232684398008913608396022258888/354830275342093894604944426148427192557744311290263048391060541843172843829069022219901810034605426655730395414877676052211938385844209501290276226509140287163459047
33 8 20 155188548136599029927982340933013317178644568968722670904256216128549429754145434127057670096965262114477873225069085694912820349073577389784921232199263598517281856/354830275342093894604944426148427192557744311290263048391060541843172843829069022219901810034605426655730395414877676052211938385844209501290276226509140287163459047
33 9 7 269023686050914417350317944178338002012396437108446457585097122619088734494703727715213106677024134742129913219589005906068242822530103460186624605427730642524862730/354830275342093894604944426148427192557744311290263048391060541843172843829069022219901810034605426655730395414877676052211938385844209501290276226509140287163459047
33 9 13 95179986001412855405817356241626367933092278994206918774535648173975933648270467398251400458848505022767591405409689837819626572380877449061334674241080499927325379/709660550684187789209888852296854385115488622580526096782121083686345687658138044439803620069210853311460790829755352104423876771688419002580552453018280574326918094
33 9 22 76433192580946099103435607698552013157603469369426262837391190274192285020460121611126006256314078804433372985167650454467764554247334633145968567921738789349867255/709660550684187789209888852296854385115488622580526096782121083686345687658138044439803620069210853311460790829755352104423876771688419002580552453018280574326918094
33 10 9 256429855228210620307452491406372456927453821198444946220902134082206658280709305752379824641153702600704248593974673734462897807123512849357670553276435508607146381/709660550684187789209888852296854385115488622580526096782121083686345687658138044439803620069210853311460790829755352104423876771688419002580552453018280574326918094
33 10 21 54444714415789107544577532481926380501335734047663638380375382216556790812312188812303795744337225549418542369897881964278316736651784553843958921463768315874391059/709660550684187789209888852296854385115488622580526096782121083686345687658138044439803620069210853311460790829755352104423876771688419002580552453018280574326918094
33 10 24 199392990520094030678929414204277773843349533667208756090421783693791119282558274937559999841859962580668999932941398202841331113956560799689461489139038374922690327/354830275342093894604944426148427192557744311290263048391060541843172843829069022219901810034605426655730395414877676052211938385844209501290276226509140287163459047
33 11 10 396606757650606984108297242286167680190028574069673711175206268188723133999137966241265213599297714714541855906209482248559052714526959348541785770386848747551414279/709660550684187789209888852296854385115488622580526096782121083686345687658138044439803620069210853311460790829755352104423876771688419002580552453018280574326918094
33 11 12 19478273353240842753504646850290878542261708921139766355856568212334003865514423690646381700752766756883613794936281735836105394087927189456485337130945426813122830/354830275342093894604944426148427192557744311290263048391060541843172843829069022219901810034605426655730395414877676052211938385844209501290276226509140287163459047
33 11 17 274097246327099119594582316310104947840936630668572852895201679072954545927971230817245643068407605083151707333673306384192613268985605275125796008369540973149258155/709660550684187789209888852296854385115488622580526096782121083686345687658138044439803620069210853311460790829755352104423876771688419002580552453018280574326918094
33 12 5 153167854079308421960211374361763681669248350295688013570674814943612168152938915320494354682824178525200190193221497583301953800199842819921803543136602717210709995/709660550684187789209888852296854385115488622580526096782121083686345687658138044439803620069210853311460790829755352104423876771688419002580552453018280574326918094
33 12 11 131604906308738627027681813781817737053306552453514844393224824429727479875198864396043767281703267065950455736215868213964856248249894739755598070804178847446484029/354830275342093894604944426148427192557744311290263048391060541843172843829069022219901810034605426655730395414877676052211938385844209501290276226509140287163459047
33 12 17 293282883987402113194313850371455229339627167377808394424996619883278559754801400327221730822980140654359689164102118093192210474988786703147552768273320162223240041/709660550684187789209888852296854385115488622580526096782121083686345687658138044439803620069210853311460790829755352104423876771688419002580552453018280574326918094
33 13 18 126059057800909664864954970167005736502805887315590536255758002571797194229683450001799699866266909771061457373200828958602425876448472141923560424731330581551357141/354830275342093894604944426148427192557744311290263048391060541843172843829069022219901810034605426655730395414877676052211938385844209501290276226509140287163459047
33 13 21 228771217541184229739989455981421456054938423974672512135302539271375649599385572218102110168338516884668938041676847093609512509395737359366715801777809705612101906/354830275342093894604944426148427192557744311290263048391060541843172843829069022219901810034605426655730395414877676052211938385844209501290276226509140287163459047
33 14 9 177268152588779653205936235016477537651245616429661254701822417268769265130909649268524371262341688982123811776044881009981578635712823065724507943199319071613590510/354830275342093894604944426148427192557744311290263048391060541843172843829069022219901810034605426655730395414877676052211938385844209501290276226509140287163459047
33 14 14 145920357753284624835741353792041304993170796425447101663113507464112056877185126530993559395562920723179538787123774174298860620300025276925382754640149681822170579/354830275342093894604944426148427192557744311290263048391060541843172843829069022219901810034605426655730395414877676052211938385844209501290276226509140287163459047
33 14 20 31641765000029616563266837339908349913327898435154692026124617110291521820974246420383879376700816950427044851709020867931499129831361158640385528669671533727697958/354830275342093894604944426148427192557744311290263048391060541843172843829069022219901810034605426655730395414877676052211938385844209501290276226509140287163459047
33 15 4 210017291858707712777749410058095427302867532968019742967882002013282639591716404047544442554432129844144859640469973392410588597509969405111890161941292511541041117/709660550684187789209888852296854385115488622580526096782121083686345687658138044439803620069210853311460790829755352104423876771688419002580552453018280574326918094
33 15 10 5146352361534661248646858725950478005473327818185883554506179544401714290036893808193739131216697532241014772139202784699869631482115909595659211112438441728631265/354830275342093894604944426148427192557744311290263048391060541843172843829069022219901810034605426655730395414877676052211938385844209501290276226509140287163459047
33 15 15 489350554102410753934845724786858001801674433976134586705226722584259619486347852775871699252345328402833901645006973142613548911214217778277343868852111179328614447/709660550684187789209888852296854385115488622580526096782121083686345687658138044439803620069210853311460790829755352104423876771688419002580552453018280574326918094
33 16 9 389621781278989180404988934836519940194733636199038537349368953816167502424297796063696128703128010221513451383063583604560765945299937423268381902167223628249200903/709660550684187789209888852296854385115488622580526096782121083686345687658138044439803620069210853311460790829755352104423876771688419002580552453018280574326918094
33 16 12 71800220404534956789105389392856059611108709221948155664060668333929791159548117954320873113484246115765009147428140260985681876872884774282773051224878460289813884/354830275342093894604944426148427192557744311290263048391060541843172843829069022219901810034605426655730395414877676052211938385844209501290276226509140287163459047
33 16 13 136982386287674778545619154801779305873855358260054896044239844799147250141566504930592191917245765440658565433724209868351132740354245298988451219441975455977735465/709660550684187789209888852296854385115488622580526096782121083686345687658138044439803620069210853311460790829755352104423876771688419002580552453018280574326918094
33 16 15 19727971154226958340534991936421509912341104838768176030195474201585676386588753768436776610934292708879377859055639054770307166144233365879086614479662284760176979/354830275342093894604944426148427192557744311290263048391060541843172843829069022219901810034605426655730395414877676052211938385844209501290276226509140287163459047
33 17 6 2681593230747278893272808572763062062243419026626776863173349449559451443735600842488530172563380319914049752375371807854012994899627768801073065858452200224428998/8251866868420788246626614561591330059482425843959605776536291670771461484396954005113995582200126201296055707322736652377021822926609523285820377360677681096824629
33 17 8 153261777651331207361323713310035904111317509970525224394046603753026289874204230472796080443533533833570694838610319440210118330990439455502644171193150082334688488/354830275342093894604944426148427192557744311290263048391060541843172843829069022219901810034605426655730395414877676052211938385844209501290276226509140287163459047
33 17 15 2331351047800802563051079573231881615404318464183416726501619236732165996600917716759430599212068623401501654706118077683223277680264215874094330362230962031846585/9590007441678213367701200706714248447506603007844947253812447076842509292677541141078427298232579098803524200402099352762484821239032689224061519635382169923336731
33 18 2 396436156007133828199423436919587463338709860772633042595509248841642628815516645157983232488734683319535650381909073825275143759912631385613152948253459772633104819/709660550684187789209888852296854385115488622580526096782121083686345687658138044439803620069210853311460790829755352104423876771688419002580552453018280574326918094
33 18 6 23754997378596854948313502860439504035948700557720441364693516003003777897548561018299878982327353142049430030289079465089332076766099646466315023860535767532809319/709660550684187789209888852296854385115488622580526096782121083686345687658138044439803620069210853311460790829755352104423876771688419002580552453018280574326918094
33 18 13 7621177781495800881591646153854320777268266891955378433660172392503579855429371942371529750707112242233483468620191663791567264570793095327289576228146405366506983/19180014883356426735402401413428496895013206015689894507624894153685018585355082282156854596465158197607048400804198705524969642478065378448123039270764339846673462
33 18 16 7485819383112473443261004824217548981904186247823610776491940319066826294186076395773907821985663887236822078610107253771412145890343443391370160462868035600245585/709660550684187789209888852296854385115488622580526096782121083686345687658138044439803620069210853311460790829755352104423876771688419002580552453018280574326918094
33 19 8 579512797469327647776644719240570336784058400915197051775639504278495941527544919505070291995265066249050775730519790607742865561786203453544325518032684684443213933/709660550684187789209888852296854385115488622580526096782121083686345687658138044439803620069210853311460790829755352104423876771688419002580552453018280574326918094
33 19 15 130147753214860141433244133056284048331430221665329045006481579407849746130593124934733328073945787062410015099235561496681011209902215549036226934985595889883704161/709660550684187789209888852296854385115488622580526096782121083686345687658138044439803620069210853311460790829755352104423876771688419002580552453018280574326918094
33 20 0 183168858854080411170361844677710516549244198051656409762536395120518598612307142718616098295740495025810979823755624180153470235923686390164314209748958100108600883/709660550684187789209888852296854385115488622580526096782121083686345687658138044439803620069210853311460790829755352104423876771688419002580552453018280574326918094
33 20 3 83751234774013055454222449542835769967573455897830341322404526677441955610637113382698531071704188886499728919890321441249501843244282456934513431366229164989927479/709660550684187789209888852296854385115488622580526096782121083686345687658138044439803620069210853311460790829755352104423876771688419002580552453018280574326918094
33 20 6 47904373005273643588748899005837673050046324025887132121528130927395291086068827378744329429080004962151283402930882286070494101480771055490922019248743108723179427/709660550684187789209888852296854385115488622580526096782121083686345687658138044439803620069210853311460790829755352104423876771688419002580552453018280574326918094
33 20 12 187451293037822666768923900063180213114139860755542665725668330278698051384634734571090213701055256703982217575657776545410561691044093923429340217839661319745835059/709660550684187789209888852296854385115488622580526096782121083686345687658138044439803620069210853311460790829755352104423876771688419002580552453018280574326918094
33 20 16 103692395506499006113815879503645106217242391924804773924991850341145895482245113194327223785815453866508290553760373825769924449997792588280731287407344440379687623/354830275342093894604944426148427192557744311290263048391060541843172843829069022219901810034605426655730395414877676052211938385844209501290276226509140287163459047
33 21 1 349127714932077428136957845883837007740639266806644562887074863539798937630706540102213932569844534509985143716744109057113456587012256506245537065939888910998894479/709660550684187789209888852296854385115488622580526096782121083686345687658138044439803620069210853311460790829755352104423876771688419002580552453018280574326918094
33 21 3 43200019001455636895360084243367401383126858314546213939380522340220446826470062488090921979980189462789561129402723604919389456178085853141231646035081650947500417/709660550684187789209888852296854385115488622580526096782121083686345687658138044439803620069210853311460790829755352104423876771688419002580552453018280574326918094
33 21 6 919586629477194966471752134740648307617540744506438345198701610524876039064291943214012531802766273758024208949145804921826921406536916207891062376130553505979901/354830275342093894604944426148427192557744311290263048391060541843172843829069022219901810034605426655730395414877676052211938385844209501290276226509140287163459047
33 21 8 23429519853587863180156109255505988178245055465785814140302066895998008401689766525567764603796060022784243146210468511044837443294873873603599781660784659115138571/709660550684187789209888852296854385115488622580526096782121083686345687658138044439803620069210853311460790829755352104423876771688419002580552453018280574326918094
33 21 10 175571819192813670082019862083940116352315248070717585058612254338535878296700239116768825543379294042686586671558313742432945322410524593039898256429641281306127677/709660550684187789209888852296854385115488622580526096782121083686345687658138044439803620069210853311460790829755352104423876771688419002580552453018280574326918094
33 21 11 58246152222649400491225723280361287422963556216909522033176986675371332212221426160367075154302621362849603873970722789534797059989802172067251789100311482473648574/354830275342093894604944426148427192557744311290263048391060541843172843829069022219901810034605426655730395414877676052211938385844209501290276226509140287163459047
33 22 5 229417576312761823945131701182063855859058264871902787177868426483325917461260200101297516377171783682627013695715326002110460437089450274452318376155758669617582303/709660550684187789209888852296854385115488622580526096782121083686345687658138044439803620069210853311460790829755352104423876771688419002580552453018280574326918094
33 22 11 138433707704337525692353647541092947006370306260149334078601498583491458480681577317663309366488262057251635883684645673048240019989967706727615035642440701042036573/354830275342093894604944426148427192557744311290263048391060541843172843829069022219901810034605426655730395414877676052211938385844209501290276226509140287163459047
33 22 14 203375558962750913880049856032604635243689745188324641447049660036036853235514689703179484959062545514330505366670734756216936294619033314673004005577640502625262645/709660550684187789209888852296854385115488622580526096782121083686345687658138044439803620069210853311460790829755352104423876771688419002580552453018280574326918094
33 23 3 444515052415243540638168442143071404556388599430111874129315638315586543949076119577284210386477717061785097628789345478838249687136618803668258906375194259007586933/709660550684187789209888852296854385115488622580526096782121083686345687658138044439803620069210853311460790829755352104423876771688419002580552453018280574326918094
33 23 5 265145498268944248571720410153782980559100023150414222652805445370759143709061924862519409682733136249675693200966006625585627084551800198912293546643086315319331161/709660550684187789209888852296854385115488622580526096782121083686345687658138044439803620069210853311460790829755352104423876771688419002580552453018280574326918094
33 24 2 193107822295315950335609883419808317820809436331708440434916147073197291513018866199851137307688785990433364759897843950951158328941849566759391640451722632842100590/354830275342093894604944426148427192557744311290263048391060541843172843829069022219901810034605426655730395414877676052211938385844209501290276226509140287163459047
33 24 3 453161053412027958035140546899720115496088803752235777620195391615901748606234877775776550693404335783571418432632212689946687111900417640844114916464207197664224/8251866868420788246626614561591330059482425843959605776536291670771461484396954005113995582200126201296055707322736652377021822926609523285820377360677681096824629
33 24 9 142236527750060742073823499211930909770603056397208469518475992930491777125982056275692281047100254226603459662376646955593072511090641975974587644649456744821796825/354830275342093894604944426148427192557744311290263048391060541843172843829069022219901810034605426655730395414877676052211938385844209501290276226509140287163459047
33 25 5 198786288760969894666131503724750785507715540007506520963708798129384133518183531594461030668777422061467823455661360384952392606271322936595679934588837576460139886/354830275342093894604944426148427192557744311290263048391060541843172843829069022219901810034605426655730395414877676052211938385844209501290276226509140287163459047
33 25 8 156043986581123999938812922423676407050028771282756527427351743713788710310885490625440779365828004594262571959216315667259545779572886564694596291920302710703319161/354830275342093894604944426148427192557744311290263048391060541843172843829069022219901810034605426655730395414877676052211938385844209501290276226509140287163459047
33 26 1 217659799775201162613109441487108936387434709326208969745812885317528541885860304961498320583745221941545631512270767379570285556359108439249611864692292244827621326/354830275342093894604944426148427192557744311290263048391060541843172843829069022219901810034605426655730395414877676052211938385844209501290276226509140287163459047
33 26 4 137170475566892731991834984661318256170309601964054078645247656525644301943208717258403489450860204714184763902606908672641652829485101062040664361816848042335837721/354830275342093894604944426148427192557744311290263048391060541843172843829069022219901810034605426655730395414877676052211938385844209501290276226509140287163459047
33 27 2 502409196587114862401317690940505192985556069615173008545526365308859033377236135346823750859053343939269862952176551542995505628234049836892307401984305731409815955/709660550684187789209888852296854385115488622580526096782121083686345687658138044439803620069210853311460790829755352104423876771688419002580552453018280574326918094
33 27 3 123796914426744584021182193140713206808160085131967146087728276402579754809658162422908518471545017285533166492337802012371326263303314580474211169477728352806552293/709660550684187789209888852296854385115488622580526096782121083686345687658138044439803620069210853311460790829755352104423876771688419002580552453018280574326918094
33 27 6 41727219835164171393694484107817992660886233916692971074433220987453449735621873335035675369306246043328880692620499274528522440075527292607016940778123245055274923/354830275342093894604944426148427192557744311290263048391060541843172843829069022219901810034605426655730395414877676052211938385844209501290276226509140287163459047
33 28 1 213564712006274328397179128738904997543168686753608142694595824742153278369732620583358326942839203735150544227515742154408197195410648145050670674007679323126521441/709660550684187789209888852296854385115488622580526096782121083686345687658138044439803620069210853311460790829755352104423876771688419002580552453018280574326918094
33 28 4 496095838677913460812709723557949387572319935826917954087525258944192409288405423856445293126371649576310246602239609950015679576277770857529881779010601251200396653/709660550684187789209888852296854385115488622580526096782121083686345687658138044439803620069210853311460790829755352104423876771688419002580552453018280574326918094
33 29 0 115392298462826645553374960591558578045432465578792676161207186667460115173764085190945492817251085447449337930152223100181082563747776498341661785773145437874670481/709660550684187789209888852296854385115488622580526096782121083686345687658138044439803620069210853311460790829755352104423876771688419002580552453018280574326918094
33 29 6 402771115702713101024222480522684495008738040964239252465255328247893906680534017539789229105427912633049444707000844849689049626830997548868908790113805832132193755/709660550684187789209888852296854385115488622580526096782121083686345687658138044439803620069210853311460790829755352104423876771688419002580552453018280574326918094
33 29 7 95748568259324021316145705591305656030659058018747084077829284385495832901919970854534449073265927615481004096301142077276872290554822477684990938565664652160026929/354830275342093894604944426148427192557744311290263048391060541843172843829069022219901810034605426655730395414877676052211938385844209501290276226509140287163459047
33 30 5 239757491001926307462634401552597202863047084718204866682101625240430748859162409431275915882881656659233698852655762289270139511646641189546468296028087914659218723/709660550684187789209888852296854385115488622580526096782121083686345687658138044439803620069210853311460790829755352104423876771688419002580552453018280574326918094
33 30 6 469903059682261481747254450744257182252441537862321230100019458445914938798975635008527704186329196652227091977099589815153737260041777813034084156990192659667699371/709660550684187789209888852296854385115488622580526096782121083686345687658138044439803620069210853311460790829755352104423876771688419002580552453018280574326918094
33 31 0 202526817584856917756028530267913210182705246126174509558577874699106547602943396978045538344284721460306591011898719760980242279207990516639704743231329826006454676/354830275342093894604944426148427192557744311290263048391060541843172843829069022219901810034605426655730395414877676052211938385844209501290276226509140287163459047
33 31 4 152303457757236976848915895880513982375039065164088538832482667144066296226125625241856271690320705195423804402978956291231696106636218984650571483277810461157004371/354830275342093894604944426148427192557744311290263048391060541843172843829069022219901810034605426655730395414877676052211938385844209501290276226509140287163459047
33 32 0 156250791743293136521047968049348938446789163842685215185100261102541418186419795558020868242720186050984724239894871723559304055194679628123768804642617021738472902/354830275342093894604944426148427192557744311290263048391060541843172843829069022219901810034605426655730395414877676052211938385844209501290276226509140287163459047
33 32 1 29616746115917143540260347667378439438944373927276965606687470480411927029227808937015156994777930826474925930849407554277441983509378049012645632644675215114135778/354830275342093894604944426148427192557744311290263048391060541843172843829069022219901810034605426655730395414877676052211938385844209501290276226509140287163459047
33 32 3 168962737482883614543636110431699814672010773520300867599272810260219498613421417724865784797107309778270745244133396774375192347140151824153861789221848050310850367/354830275342093894604944426148427192557744311290263048391060541843172843829069022219901810034605426655730395414877676052211938385844209501290276226509140287163459047
33 33 0 134472310605836712997035546397957950056109659741527198299884027452810799926996449961407426838082101871914647298193141510379660288776788588995660269935606768126997717/354830275342093894604944426148427192557744311290263048391060541843172843829069022219901810034605426655730395414877676052211938385844209501290276226509140287163459047
33 33 1 113907739232146111215542170883996267514659341491999177862098254209531545694087562210955021646717777729247720011690556095477928591935251364101760448259853807859095913/354830275342093894604944426148427192557744311290263048391060541843172843829069022219901810034605426655730395414877676052211938385844209501290276226509140287163459047
33 33 3 106450225504111070392366708866472974986975310056736672229078260180830498207985010047539361549805547054568028104993978446354349505132169548192855508313679711177365417/354830275342093894604944426148427192557744311290263048391060541843172843829069022219901810034605426655730395414877676052211938385844209501290276226509140287163459047
34 0 7 220797047618243706126295779996701924229132993926023291997770602559277253438912149239863856049037809424063773305310906830473493351899292120906947408554725289809125304/354830275342093894604944426148427192557744311290263048391060541843172843829069022219901810034605426655730395414877676052211938385844209501290276226509140287163459047
34 0 17 134033227723850188478648646151725268328611317364239756393289939283895590390156872980037953985567617231666622109566769221738445033944917380383328817954414997354333743/354830275342093894604944426148427192557744311290263048391060541843172843829069022219901810034605426655730395414877676052211938385844209501290276226509140287163459047
34 1 13 133763585249528443377989421293238891746127831244503934945115051535112862025306065659616808664350569846494678938639829780309340831014996689117469779558207450002478239/709660550684187789209888852296854385115488622580526096782121083686345687658138044439803620069210853311460790829755352104423876771688419002580552453018280574326918094
34 1 17 102062230391096490819962844305072660461978652469403687258907385063933340300941651149133713997475247031696374655809277217721535316943752820272973512888162613394596577/709660550684187789209888852296854385115488622580526096782121083686345687658138044439803620069210853311460790829755352104423876771688419002580552453018280574326918094
34 1 18 445789209940350934837037720309521331675415529029509896186251318026319455010148562698256995579534102819666941919574818821281900852775132772114418808289789006767811559/709660550684187789209888852296854385115488622580526096782121083686345687658138044439803620069210853311460790829755352104423876771688419002580552453018280574326918094
34 1 21 878867786263244597386183882646105522441638561045913680437900875944419443619866641572075998672013154468621410716203967723228446671176694040488668289334398948734919/354830275342093894604944426148427192557744311290263048391060541843172843829069022219901810034605426655730395414877676052211938385844209501290276226509140287163459047
34 1 27 26287789530685430980126498623729290187083332715016751030971527309091191434502031649651949830506907304665552494299018349664642877612183332994713015703452706264561881/709660550684187789209888852296854385115488622580526096782121083686345687658138044439803620069210853311460790829755352104423876771688419002580552453018280574326918094
34 2 12 39761482858286322085069309392518964197214601586449006434986470686445685420046207412278323863812758930625234868582032704788839689108083865393478698120460322509963471/709660550684187789209888852296854385115488622580526096782121083686345687658138044439803620069210853311460790829755352104423876771688419002580552453018280574326918094
34 2 15 3335004280547167212818354256758707318089072649330853675895811374489239211931499771742305104037812376910999457670136264304898506838692191822404965118165593650905170/354830275342093894604944426148427192557744311290263048391060541843172843829069022219901810034605426655730395414877676052211938385844209501290276226509140287163459047
34 2 16 20051826168995546423565355120959006026084447081694148662399389906892670246718253829979288356553745244156617983096034885997444015885671189158224305546863472675529743/354830275342093894604944426148427192557744311290263048391060541843172843829069022219901810034605426655730395414877676052211938385844209501290276226509140287163459047
34 2 22 200879920153705002961953275435714372501625011274694193416712538353989685704401345945120068663023060750243367898048590499404924347772004847187763403345658112232437895/709660550684187789209888852296854385115488622580526096782121083686345687658138044439803620069210853311460790829755352104423876771688419002580552453018280574326918094
34 2 27 211122743386555518445049424356592810864150985128666446126915836041573248808195491939481020310595959194228476590796193299812713844679801764019025905111052003465823451/354830275342093894604944426148427192557744311290263048391060541843172843829069022219901810034605426655730395414877676052211938385844209501290276226509140287163459047
34 3 11 456147758530032396602286667464820925561976773159063804445705036200649551888289484796072634026373109657662729024470512296121138316515661023601752517784258124917790821/709660550684187789209888852296854385115488622580526096782121083686345687658138044439803620069210853311460790829755352104423876771688419002580552453018280574326918094
34 3 15 253512792154155392607602184832033459553511849421462292336416047485696135769848559643730986042837743653798061805284839808302738455172757978978799935234022449409127273/709660550684187789209888852296854385115488622580526096782121083686345687658138044439803620069210853311460790829755352104423876771688419002580552453018280574326918094
34 4 13 466949144478535061758811589103528538427716305092667286455727361743569487483233238082520310478854899514623751747164756839323895474971992174802577764564385584193677703/709660550684187789209888852296854385115488622580526096782121083686345687658138044439803620069210853311460790829755352104423876771688419002580552453018280574326918094
34 4 14 242711406205652727451077263193325846687772317487858810326393721942776200174904806357283309590355953796837039082590595265099981296716426827777974688453894990133240391/709660550684187789209888852296854385115488622580526096782121083686345687658138044439803620069210853311460790829755352104423876771688419002580552453018280574326918094
34 5 14 30265563674257862948417203135339893621255032262877777806721656041652451436348146527122534200681771824033349336148284364862206362293648227084924930496393625311806569/354830275342093894604944426148427192557744311290263048391060541843172843829069022219901810034605426655730395414877676052211938385844209501290276226509140287163459047
34 5 15 324564711667836031656527223013087298936489279027385270584338885801520392392720875692779275833923654831697046078729391687349732023550561274205351296012746661851652478/354830275342093894604944426148427192557744311290263048391060541843172843829069022219901810034605426655730395414877676052211938385844209501290276226509140287163459047
34 6 13 26099563871899679933114438119234113412418743546655145196810979568012144679066537999818190869461595568027339002350665708481318046684140854736698928613313458841745223/709660550684187789209888852296854385115488622580526096782121083686345687658138044439803620069210853311460790829755352104423876771688419002580552453018280574326918094
34 6 15 116220017588892394555708166324514991696962593682612839786440696326973787474775385317212201425273337711910538526911333323242570608221894083893371809131292318088632455/354830275342093894604944426148427192557744311290263048391060541843172843829069022219901810034605426655730395414877676052211938385844209501290276226509140287163459047
34 6 22 451120951634503320165358081528590288309144691668645272012428711464385968029520735805561026349202582319612374773582019749457417508560489980057109906142382479307907961/709660550684187789209888852296854385115488622580526096782121083686345687658138044439803620069210853311460790829755352104423876771688419002580552453018280574326918094
34 7 9 247045008940460979240121160913757410373743185654626139622029122050374004926712659529846997394631123667152674201581553631064555455360562601730273696058151117109308319/354830275342093894604944426148427192557744311290263048391060541843172843829069022219901810034605426655730395414877676052211938385844209501290276226509140287163459047
34 7 17 57494033760621769087825783560129451965174548874270883202906049014257102990098470750055699140850655737294995043012784208048661988561983024667841081160210124498906759/354830275342093894604944426148427192557744311290263048391060541843172843829069022219901810034605426655730395414877676052211938385844209501290276226509140287163459047
34 7 21 50291232641011146276997481674540330218826576761366025566125370778541735912257891939999113499123647251282726170283338213098720941921663874892161449290779045555243969/354830275342093894604944426148427192557744311290263048391060541843172843829069022219901810034605426655730395414877676052211938385844209501290276226509140287163459047
34 8 7 71837961481209696521950664322681659942304403045363376008948026200402476853371680813296431029728245661699001130604346906278559615567902525368817893102802987582754768/354830275342093894604944426148427192557744311290263048391060541843172843829069022219901810034605426655730395414877676052211938385844209501290276226509140287163459047
34 8 16 178153758720705578412907368524164280826283129874649209612445374458376195460127441906742741249400416190342482417793334665341400073038215109684936569785399228014308806/354830275342093894604944426148427192557744311290263048391060541843172843829069022219901810034605426655730395414877676052211938385844209501290276226509140287163459047
34 8 19 104838555140178619670086393301581251789156778370250462769667141184394171515569899499862637755476764803688911866479994480591978697238091866236521763620938071566395473/354830275342093894604944426148427192557744311290263048391060541843172843829069022219901810034605426655730395414877676052211938385844209501290276226509140287163459047
34 9 11 3763436803439674857131121811604874869991189583660457688103487679498287144674281381967675228591807656873187125254486119605802570624124845576458517143361699466194230/5816889759706457288605646330302085123897447726069886039197713800707751538181459380654128033354187322225088449424224197577244891571216549201479938139494103068253427
34 9 12 59966601766975340714409530431764596398854409295467700856319008252059406132501515179034616073618874625162376926120752528374690922904479754043491124207922478550372523/709660550684187789209888852296854385115488622580526096782121083686345687658138044439803620069210853311460790829755352104423876771688419002580552453018280574326918094
34 9 17 118057979310239256193331413077141009853594683880257504024608508768347426919741644745907737963308080420325399718292954252878306179307996029043439109674447363219995339/709660550684187789209888852296854385115488622580526096782121083686345687658138044439803620069210853311460790829755352104423876771688419002580552453018280574326918094
34 9 19 1312713856236646493631415501769179246208119764458919865991353183366420621856094693314345254029859016526196480524521756576728460635680984963585531282104596014293543/19180014883356426735402401413428496895013206015689894507624894153685018585355082282156854596465158197607048400804198705524969642478065378448123039270764339846673462
34 9 21 23926266906576939467788674206694412614413968913245018910888001982590259946957052262174113744978580515974915124887033737924013009812515615513018470207913345151993081/709660550684187789209888852296854385115488622580526096782121083686345687658138044439803620069210853311460790829755352104423876771688419002580552453018280574326918094
34 10 19 247254118543953370175087230906128715685740547379634877436653327791955610852170723478297791234581390739248686306385865694904174551973130799199352213425580891742725116/354830275342093894604944426148427192557744311290263048391060541843172843829069022219901810034605426655730395414877676052211938385844209501290276226509140287163459047
34 10 20 107576156798140524429857195242298476872003763910628170954407214051217232976898298741604018800024035916481709108491810357307763833871078702090924013083559395420733931/354830275342093894604944426148427192557744311290263048391060541843172843829069022219901810034605426655730395414877676052211938385844209501290276226509140287163459047
34 11 14 195252833379788914664754314955990935160154813539485804630237052077988540004128910094663411304919989877599979534455085952589596236522023126429982082386565655616691409/354830275342093894604944426148427192557744311290263048391060541843172843829069022219901810034605426655730395414877676052211938385844209501290276226509140287163459047
34 11 16 159577441962304979940190111192436257397589497750777243760823489765184303824940112125238398729685436778130415880422590099622342149322186374860294144122574631546767638/354830275342093894604944426148427192557744311290263048391060541843172843829069022219901810034605426655730395414877676052211938385844209501290276226509140287163459047
34 12 10 554566896023794186084023976681478373365794746225156128071612790781119281230988349165227471802337336101133058862294759155141611158512662963186597942133071122132813183/709660550684187789209888852296854385115488622580526096782121083686345687658138044439803620069210853311460790829755352104423876771688419002580552453018280574326918094
34 12 15 37992844760467472241154696860447510414708668851755748578454809711798354754053234635031554327332070816653107462374454510568645367455652983361797847718701877663451863/709660550684187789209888852296854385115488622580526096782121083686345687658138044439803620069210853311460790829755352104423876771688419002580552453018280574326918094
34 12 18 58550404949963065442355089377464250667492603751807110066026741596714025836548230319772296969770723196837312252543069219356810122860051528016078331583253787265326524/354830275342093894604944426148427192557744311290263048391060541843172843829069022219901810034605426655730395414877676052211938385844209501290276226509140287163459047
34 13 6 38245365741807204121069510846251486366071795195931408575291081189372652083432534107551079926515578901780893936128632077404014164997299257375109500255941754040196689/709660550684187789209888852296854385115488622580526096782121083686345687658138044439803620069210853311460790829755352104423876771688419002580552453018280574326918094
34 13 8 220838446457053178998474702304984668994547965368424621764843791635200706188676873085145480457389986322925186895049120273933748046219212625955316104811927767331525659/354830275342093894604944426148427192557744311290263048391060541843172843829069022219901810034605426655730395414877676052211938385844209501290276226509140287163459047
34 13 12 229738292028274227091869936840633560760320896647745444677142419226571623197351764161961579227915301763829523103528479479152366514252694493294810743138483285623670087/709660550684187789209888852296854385115488622580526096782121083686345687658138044439803620069210853311460790829755352104423876771688419002580552453018280574326918094
34 14 9 177562122753314241399008191131949654906498694860601793689238124574403578698159372951377438772263737673606583638832795042230359750131386435565768283309821215549868537/354830275342093894604944426148427192557744311290263048391060541843172843829069022219901810034605426655730395414877676052211938385844209501290276226509140287163459047
34 14 12 177268152588779653205936235016477537651245616429661254701822417268769265130909649268524371262341688982123811776044881009981578635712823065724507943199319071613590510/354830275342093894604944426148427192557744311290263048391060541843172843829069022219901810034605426655730395414877676052211938385844209501290276226509140287163459047
34 15 3 61070463011210337647622397944883236995039382503682758730648480539163879483562064660457395646621965725450030860475985679054120565943497639713858745278317934916990272/354830275342093894604944426148427192557744311290263048391060541843172843829069022219901810034605426655730395414877676052211938385844209501290276226509140287163459047
34 15 8 293759812330883556957322028203543955562704928786580289660412061304008964345506957559444414387983460930280364554401690373157817819900711861576417481230822352246468775/354830275342093894604944426148427192557744311290263048391060541843172843829069022219901810034605426655730395414877676052211938385844209501290276226509140287163459047
34 16 10 134994445147818714090617439694949370366402856450616955377098069014531080795901314999746717062605653057504572323323768413285791591451214456838544432118955255147678115/354830275342093894604944426148427192557744311290263048391060541843172843829069022219901810034605426655730395414877676052211938385844209501290276226509140287163459047
34 16 12 219835830194275180514326986453477822191341454839646093013962472828641763033167707220155092971999773598225823091553907638926146794392995044451731794390185032015780932/354830275342093894604944426148427192557744311290263048391060541843172843829069022219901810034605426655730395414877676052211938385844209501290276226509140287163459047
34 17 11 13051817332557529537038603286289642945840287381749742353656779928773899456243208712935962925782002605720220862420893751315525793373037608316809216071447617944350381/709660550684187789209888852296854385115488622580526096782121083686345687658138044439803620069210853311460790829755352104423876771688419002580552453018280574326918094
34 17 13 696608733351630259672850249010564742169648335198776354428464303757571788201894835726867657143428850705740569967334458353108350978315381394263743236946832956382567713/709660550684187789209888852296854385115488622580526096782121083686345687658138044439803620069210853311460790829755352104423876771688419002580552453018280574326918094
34 18 6 115854505476262751415471399766280718798329761765646146489513925315064579378027855079620748750872289472067502508563822131768779334133913037575588228451292340844141686/354830275342093894604944426148427192557744311290263048391060541843172843829069022219901810034605426655730395414877676052211938385844209501290276226509140287163459047
34 18 9 117559443123318623257674063636763349221446708825533309349679447130472432928368135107764718616366284515508246809201680740599738858575767470321994123368770884306086941/709660550684187789209888852296854385115488622580526096782121083686345687658138044439803620069210853311460790829755352104423876771688419002580552453018280574326918094
34 18 16 56882477683329638354598853011966188254255347179554618855361472121305966736251871342604057847777235937660979344851342058585710971886620281026516139328381275364319933/354830275342093894604944426148427192557744311290263048391060541843172843829069022219901810034605426655730395414877676052211938385844209501290276226509140287163459047
34 18 17 4043067889207940760853676772190118389981503210894938635126079371854625614773941909632611282877795376663861972356120376772379627886419424509087698263773155042687015/11633779519412914577211292660604170247794895452139772078395427601415503076362918761308256066708374644450176898848448395154489783142433098402959876278988206136506854
34 19 5 126838399883937299408872647305024019566598309711784160419752515833018524364193970269065089612736334097373470339158610090957184663610045402534711921866990026586574660/354830275342093894604944426148427192557744311290263048391060541843172843829069022219901810034605426655730395414877676052211938385844209501290276226509140287163459047
34 19 6 8656108895699750111444749700435768568292432055838817541404093979857098829576676888092260912364895628208233520782768190868183742494953023205405370621206697849728647/19180014883356426735402401413428496895013206015689894507624894153685018585355082282156854596465158197607048400804198705524969642478065378448123039270764339846673462
34 19 9 135707721775422436268687818770682908955472017090921526910664574765595982235413059042259787086237046873009209882475708860386708972155066338911129896299652700713808835/709660550684187789209888852296854385115488622580526096782121083686345687658138044439803620069210853311460790829755352104423876771688419002580552453018280574326918094
34 20 2 115095523567064446336657996115491040534463488792015300164487854252882508537350513269770248344188910154960295300131933341772495422798999934408041121482958937849840001/709660550684187789209888852296854385115488622580526096782121083686345687658138044439803620069210853311460790829755352104423876771688419002580552453018280574326918094
34 20 4 6863587474482944458451960577395942357002774173360999886982507082072507752325213491830159591064396010598161895581980590420761325769489514710782741081789101899570902/354830275342093894604944426148427192557744311290263048391060541843172843829069022219901810034605426655730395414877676052211938385844209501290276226509140287163459047
34 20 6 580837852168157453956326935026571459867019585441788796843668215269318163616137104186373052542893151135304171738459457581809858697350440038750945849371743432677936289/709660550684187789209888852296854385115488622580526096782121083686345687658138044439803620069210853311460790829755352104423876771688419002580552453018280574326918094
34 21 0 231535514665800617851717212257367541938542644063495599831607583568147659135691038029878247288290245806287450799280966429463832656100810592900652026110118282934914635/354830275342093894604944426148427192557744311290263048391060541843172843829069022219901810034605426655730395414877676052211938385844209501290276226509140287163459047
34 21 9 46842836620638666095563949860380856524056169439209023492805898305682858075309490641857605970564306544315954209132550574404654114977181036943018731761178852979368911/709660550684187789209888852296854385115488622580526096782121083686345687658138044439803620069210853311460790829755352104423876771688419002580552453018280574326918094
34 21 12 199746684731947887410890477921738444714347165014325873626100018244367511311446477738189519522066055154569935022060868671091557344509616779836229669036865155477719913/709660550684187789209888852296854385115488622580526096782121083686345687658138044439803620069210853311460790829755352104423876771688419002580552453018280574326918094
34 22 2 152132536165867756213754102624863086227509155008485728386204414844698776795553428529074021803224671869289747349220056808744406212987214087385005221645719693501025357/709660550684187789209888852296854385115488622580526096782121083686345687658138044439803620069210853311460790829755352104423876771688419002580552453018280574326918094
34 22 3 27008822560930346509073899208276048675238025248780937800622968564050215566792010132748276163615080493901934826677011990395610645305202012110640908184824385812166097/354830275342093894604944426148427192557744311290263048391060541843172843829069022219901810034605426655730395414877676052211938385844209501290276226509140287163459047
34 22 6 108428208327096153944543385495778218428334391739265156516540348137494680334294940285475053623015751221392613339630273273009921663136219570300276530666005737518928927/709660550684187789209888852296854385115488622580526096782121083686345687658138044439803620069210853311460790829755352104423876771688419002580552453018280574326918094
34 22 11 197541080534681593016721782879830491554584512667606668139065191788025899697352827679878996157870134616487280243775499020939163802477290660336994442168453185841315808/354830275342093894604944426148427192557744311290263048391060541843172843829069022219901810034605426655730395414877676052211938385844209501290276226509140287163459047
34 23 0 190388578391598924015052629427789532408751983894119277163408662423720598151084008223589630417800759213556221634510369925223275095461157259318059090300726156913897127/354830275342093894604944426148427192557744311290263048391060541843172843829069022219901810034605426655730395414877676052211938385844209501290276226509140287163459047
34 23 2 164441696950494970589891796720637660148992327396143771227651879419452245677985013996312179616804667442174173780367306126988663290383052241972217136208414130249561920/354830275342093894604944426148427192557744311290263048391060541843172843829069022219901810034605426655730395414877676052211938385844209501290276226509140287163459047
34 24 3 190503468559043682153158580704405495830877982190908606752198978470600854975166268947210630790374331445963824214217001320335808844862747316010301097182684568028395069/709660550684187789209888852296854385115488622580526096782121083686345687658138044439803620069210853311460790829755352104423876771688419002580552453018280574326918094
34 24 5 391330446115600325738734143407572384999365123476210279077637473142839862262369629855946321553965763640914390965453615430641627163812840266972998801266983210718365847/709660550684187789209888852296854385115488622580526096782121083686345687658138044439803620069210853311460790829755352104423876771688419002580552453018280574326918094
34 24 9 63913318004771890658998064092438252142622758456703605476142316036452485210301072818323333862435379112291287825042367676723220381506415709798626277284306397790078589/354830275342093894604944426148427192557744311290263048391060541843172843829069022219901810034605426655730395414877676052211938385844209501290276226509140287163459047
34 25 7 107954759798023065574604508083662016148948729390872162299847914922813928839873378592595517806160107535879493938431226674503326720743297866861736391471540675496641764/354830275342093894604944426148427192557744311290263048391060541843172843829069022219901810034605426655730395414877676052211938385844209501290276226509140287163459047
34 25 8 147112254687859986415586118254754518320702713386296449087802995362923470660566508089821588732674510564237618378294044693519886799373331068928511268798619605132240005/354830275342093894604944426148427192557744311290263048391060541843172843829069022219901810034605426655730395414877676052211938385844209501290276226509140287163459047
34 25 10 99763260856210842614753799810010658088092868513094437003409631557435444328629135537484703495770808555613283098152404684188724865727580565500028566238980006534577278/354830275342093894604944426148427192557744311290263048391060541843172843829069022219901810034605426655730395414877676052211938385844209501290276226509140287163459047
34 26 5 182025852864664073718652288739618996712578280933713252445241463963538432634311417566412825203968700103995691727873204483748041651145197062484398118617951609940539942/354830275342093894604944426148427192557744311290263048391060541843172843829069022219901810034605426655730395414877676052211938385844209501290276226509140287163459047
34 26 9 46270126035119496524585032982448536209207041783075783698148651080054871480063782077845315424267796795951837423766337805795532211281766772555010444948579550522693301/709660550684187789209888852296854385115488622580526096782121083686345687658138044439803620069210853311460790829755352104423876771688419002580552453018280574326918094
34 26 10 299338718919740145247999241835167855481125018930023808193489504679213950909451427229132654237005656307517569950242605331132261258116258105056745770833797803923144909/709660550684187789209888852296854385115488622580526096782121083686345687658138044439803620069210853311460790829755352104423876771688419002580552453018280574326918094
34 27 4 490418218698093495465984383720315733856306639170087312027978671780628513305768632762572331148735756240592332135493059911712815371988390606962695406899325253983462861/709660550684187789209888852296854385115488622580526096782121083686345687658138044439803620069210853311460790829755352104423876771688419002580552453018280574326918094
34 27 5 175317771364977917977477140867258404788176050302149967674503687782478203447126067806462659116049379882299443339081011769372307734778564082874874386617139297288291571/709660550684187789209888852296854385115488622580526096782121083686345687658138044439803620069210853311460790829755352104423876771688419002580552453018280574326918094
34 27 6 21962280310558187883213663854640123235502966554144408539819362061619485452621671935384314902212858594284507677590640211669376832460732156371491329750908011527581831/354830275342093894604944426148427192557744311290263048391060541843172843829069022219901810034605426655730395414877676052211938385844209501290276226509140287163459047
34 28 1 15336856974975341763758243593550847656763026589789794821341895794368700806398616777319022511775452127017622895671977261147501373867805719510734671342490448285005897/709660550684187789209888852296854385115488622580526096782121083686345687658138044439803620069210853311460790829755352104423876771688419002580552453018280574326918094
34 28 2 223790066576540399762138255209400819368800006206501762153091581262558858538446240715170958757534659642216857632065908862456739314419172605986704581433187929534418263/709660550684187789209888852296854385115488622580526096782121083686345687658138044439803620069210853311460790829755352104423876771688419002580552453018280574326918094
34 28 3 9096487631300182045541487587526166613459944894552107874577785132558716263324160771067825419202079663965793547670512754829309152362093671866814403741818580487287113/19180014883356426735402401413428496895013206015689894507624894153685018585355082282156854596465158197607048400804198705524969642478065378448123039270764339846673462
34 28 7 133963584774565311998957312755434553391907628685806548448309556724745626570299238417804098289423793975491949038208494052135197446003974818010980261795314718477870753/709660550684187789209888852296854385115488622580526096782121083686345687658138044439803620069210853311460790829755352104423876771688419002580552453018280574326918094
34 29 3 1667957367759405542784108746127913766823276402990351047676124414836216815249517379202250746826632229475128218694464147048486725200065117945867769334264346080161495/9590007441678213367701200706714248447506603007844947253812447076842509292677541141078427298232579098803524200402099352762484821239032689224061519635382169923336731
34 29 4 197953801087916582745758325118348234647334835086961607289412824473932305774786736619329805707220271914191448777776749416258910598322049005951831460653432139229413011/709660550684187789209888852296854385115488622580526096782121083686345687658138044439803620069210853311460790829755352104423876771688419002580552453018280574326918094
34 29 7 388277904382075196298106479965040531723231333672278511964675052514533337554887021759507259096819796416109853868588255806576948508561551268634506061629286825165554453/709660550684187789209888852296854385115488622580526096782121083686345687658138044439803620069210853311460790829755352104423876771688419002580552453018280574326918094
34 30 1 66190530083032533077220847794272196888215026473330456374139023495944201036057630521957722544472905809784131400220634936664784009655130260958432563550111748763151476/354830275342093894604944426148427192557744311290263048391060541843172843829069022219901810034605426655730395414877676052211938385844209501290276226509140287163459047
34 30 2 38024970910717958805442995403797691815157200078948455985789808943873956840667123170804674516044462818382909274307853079896988253099135193659116845465760557278293347/354830275342093894604944426148427192557744311290263048391060541843172843829069022219901810034605426655730395414877676052211938385844209501290276226509140287163459047
34 30 4 250614774348343402722280582950357303854372084737984136031131709403354685952344268527139412974088058027563354740349188035650166123089944046672726817493267981122014224/354830275342093894604944426148427192557744311290263048391060541843172843829069022219901810034605426655730395414877676052211938385844209501290276226509140287163459047
34 31 1 225261981595222331134413204751004548437975869782207459182817370110830154537768748127681889023352585099373542071253166835758017252923296396153606143604839507901456542/354830275342093894604944426148427192557744311290263048391060541843172843829069022219901810034605426655730395414877676052211938385844209501290276226509140287163459047
34 31 4 60046141759965336084778950816197912414760011501431764936248883689425537949803172024490842584917489701889762735178782050554662231478602188619471862489933945082211377/354830275342093894604944426148427192557744311290263048391060541843172843829069022219901810034605426655730395414877676052211938385844209501290276226509140287163459047
34 31 5 69522151986906227385752270581224731705008430006623824271994288042917151341497102067729078426335351854467090608445727165899258901442310916517198220414366834179791128/354830275342093894604944426148427192557744311290263048391060541843172843829069022219901810034605426655730395414877676052211938385844209501290276226509140287163459047
34 32 0 282190985764492805570343092968913749418649112455110620886670614168871954177291823819229590083761439864155517565033858849945915477871669388702481631245757060847443371/709660550684187789209888852296854385115488622580526096782121083686345687658138044439803620069210853311460790829755352104423876771688419002580552453018280574326918094
34 32 2 427469564919694983639545759327940635696839510125415475895450469517473733480846220620574029985449413447305273264721493254477961293816749613878070821772523513479474723/709660550684187789209888852296854385115488622580526096782121083686345687658138044439803620069210853311460790829755352104423876771688419002580552453018280574326918094
34 33 0 32331337027992829318538818161576417943701656425906488812472561693961891630791651032243587308211911395761783803123494694084570878259653068130590971993933877065451744/354830275342093894604944426148427192557744311290263048391060541843172843829069022219901810034605426655730395414877676052211938385844209501290276226509140287163459047
34 33 1 74118888476118241073827890704896557043273653630830183416605698486868606577193359015295774241593635658806244301870483752269778626872516480062264536319745834111913673/354830275342093894604944426148427192557744311290263048391060541843172843829069022219901810034605426655730395414877676052211938385844209501290276226509140287163459047
34 33 3 248380049837982824212577717281954217570769001233526376161982281662342345621084012172362448484799879601162367309883697605857588880712039953097420718195460575986093630/354830275342093894604944426148427192557744311290263048391060541843172843829069022219901810034605426655730395414877676052211938385844209501290276226509140287163459047
34 34 0 132719181016315896801805284864185551755269533860449368524469467063734030377075459078170447043728642939519909616626189733733632593471599883519403901627425754744498495/709660550684187789209888852296854385115488622580526096782121083686345687658138044439803620069210853311460790829755352104423876771688419002580552453018280574326918094
34 34 1 576941369667871892408083567432668833360219088720076728257651616622611657281062585361633173025482210371940881213129162370690244178216819119061148551390854819582419599/709660550684187789209888852296854385115488622580526096782121083686345687658138044439803620069210853311460790829755352104423876771688419002580552453018280574326918094
35 0 16 123715059441784936741873990619081900258901671168230057476107551632392156569680019866285662320640338381568882264225222050605848145319881000674203952597760520479753804/354830275342093894604944426148427192557744311290263048391060541843172843829069022219901810034605426655730395414877676052211938385844209501290276226509140287163459047
35 0 18 103814567951454459314848958998965879333432630150962615863066954827119856034423275804987667248715142015126614938227799526122296392858648875127807098130463553833510915/354830275342093894604944426148427192557744311290263048391060541843172843829069022219901810034605426655730395414877676052211938385844209501290276226509140287163459047
35 0 19 127300647948854498548221476530379412965410009971070375051886035383660831224965726548628480465249946259034898212424654475483793847665679625488265175780916212850194328/354830275342093894604944426148427192557744311290263048391060541843172843829069022219901810034605426655730395414877676052211938385844209501290276226509140287163459047
35 1 15 399253105332302413986406849291399028271642871202562763519560247346251110084667057514522725073481119259598789835519223939475690242402064919107250333732125967932665617/709660550684187789209888852296854385115488622580526096782121083686345687658138044439803620069210853311460790829755352104423876771688419002580552453018280574326918094
35 1 23 310407445351885375223482003005455356843845751377963333262560836340094577573470986925280894995729734051862000994236128164948186529286354083473302119286154606394252477/709660550684187789209888852296854385115488622580526096782121083686345687658138044439803620069210853311460790829755352104423876771688419002580552453018280574326918094
35 2 13 186318848391422994917514609478622464254535131947569760233126938591776116811622479271921151656775661845455153665507908970430552034665439522733296953117353173990656337/354830275342093894604944426148427192557744311290263048391060541843172843829069022219901810034605426655730395414877676052211938385844209501290276226509140287163459047
35 2 14 168511426950670899687429816669804728303209179342693288157933603251396727017446542947980658377829764810275241749369767081781386351178769978556979273391787113172802710/354830275342093894604944426148427192557744311290263048391060541843172843829069022219901810034605426655730395414877676052211938385844209501290276226509140287163459047
35 3 9 49477450097087562197768817544793692745830032356923309442538966150037691331524581696596840344409020742708043470847167069841171714446901687847657825523812608293685912/354830275342093894604944426148427192557744311290263048391060541843172843829069022219901810034605426655730395414877676052211938385844209501290276226509140287163459047
35 3 18 66209137084575573741659224501048184957829224015908816172251248354751260634493156547777428303061200701470707682971917033447586908953345394253582916110174811515598925/354830275342093894604944426148427192557744311290263048391060541843172843829069022219901810034605426655730395414877676052211938385844209501290276226509140287163459047
35 3 20 223849659491139896576675318368878499591168658873483648016420295896655085768812101835909046050725094421976018520659836156609898158615384594269460855678127570732744684/354830275342093894604944426148427192557744311290263048391060541843172843829069022219901810034605426655730395414877676052211938385844209501290276226509140287163459047
35 3 21 15294028669290862088841065733706815262916396043947274759850031441728806094239182139618495336410110789575625740398755792313281603828577824919574629197025296621429526/354830275342093894604944426148427192557744311290263048391060541843172843829069022219901810034605426655730395414877676052211938385844209501290276226509140287163459047
35 4 15 176031869501380315211675299078941710386784002917158791836182881344008189566195794306064875276869752288902100036137266261870842305460834524854441713116065099895558929/354830275342093894604944426148427192557744311290263048391060541843172843829069022219901810034605426655730395414877676052211938385844209501290276226509140287163459047
35 4 16 137359965348290284834327650780349406863684318901222576673528591248881534681837724209310888205111371680426456697001777466186365910027676891739686379865729078578013026/354830275342093894604944426148427192557744311290263048391060541843172843829069022219901810034605426655730395414877676052211938385844209501290276226509140287163459047
35 4 22 41438440492423294558941476289136075307275989471881679881349069250283119581035503704526046552624302686401838681738632324154730170355698084696148133527346108689887092/354830275342093894604944426148427192557744311290263048391060541843172843829069022219901810034605426655730395414877676052211938385844209501290276226509140287163459047
35 5 17 148118016182289690657022687745294456058744213501724264189837573649864082709298978927712573098426355457330734931882046610395764781650821265354632277525378018945027875/709660550684187789209888852296854385115488622580526096782121083686345687658138044439803620069210853311460790829755352104423876771688419002580552453018280574326918094
35 5 18 9766463099942005696985500908876809845392925948116650673709659515764173763264648477562913318597751501934528974989264545650113313702474568720986350444086078060971381/709660550684187789209888852296854385115488622580526096782121083686345687658138044439803620069210853311460790829755352104423876771688419002580552453018280574326918094
35 5 21 275888035700978046427940331821341559605675741565342590959286925260358715592787208517264066826093373176097763461442020474188999338167561584252466912524408238660459419/354830275342093894604944426148427192557744311290263048391060541843172843829069022219901810034605426655730395414877676052211938385844209501290276226509140287163459047
35 6 15 53817255816225690677445921491225679661021475178264213158435609632984191862530753552472671165455777992525781688355160750495331982843901719923186069287729735556813757/354830275342093894604944426148427192557744311290263048391060541843172843829069022219901810034605426655730395414877676052211938385844209501290276226509140287163459047
35 6 17 362215873278843726338220339992656393687860897805940535479148326291790425695639404693919982406968608924608349036486737804786370314121715926501578134582473512623560777/709660550684187789209888852296854385115488622580526096782121083686345687658138044439803620069210853311460790829755352104423876771688419002580552453018280574326918094
35 6 19 160952993882360138401322798894652079183453475233682199105661973878906773667707113014640586908916011181049966447037779345709844714899907118647251205791280741765360215/709660550684187789209888852296854385115488622580526096782121083686345687658138044439803620069210853311460790829755352104423876771688419002580552453018280574326918094
35 6 21 39428585945266271557726935213547276461065649592187467940219782124840052284865009813148854211207338610375455984760256726468498888489496258792675487034533424412184794/354830275342093894604944426148427192557744311290263048391060541843172843829069022219901810034605426655730395414877676052211938385844209501290276226509140287163459047
35 7 13 86652134441760878939076461543611232838647810335306461114598542737961112037824442979576832636887179915368948140076601958171228829872179230363754556095352683810014596/354830275342093894604944426148427192557744311290263048391060541843172843829069022219901810034605426655730395414877676052211938385844209501290276226509140287163459047
35 7 14 224816331560955374593971108746725148398588679032643945374555308533157330946665534282139561518175856706852871377125971934894542503372612246656053292223364196942084391/354830275342093894604944426148427192557744311290263048391060541843172843829069022219901810034605426655730395414877676052211938385844209501290276226509140287163459047
35 7 15 43361809339377641071896855858090811320507821922312641901906690572054400844579044958185415879542390033508575897675102159146167052599418024270468378190423406411360060/354830275342093894604944426148427192557744311290263048391060541843172843829069022219901810034605426655730395414877676052211938385844209501290276226509140287163459047
35 8 12 233028769077962088756705819483872500479468025446978569216136312572320427291631151991771571281789469997278794870810838465168929409456080218535466102472924731436135595/354830275342093894604944426148427192557744311290263048391060541843172843829069022219901810034605426655730395414877676052211938385844209501290276226509140287163459047
35 8 14 121801506264131805848238606664554692078276285843284479174924229270852416537437870228130238752815956658451600544066837587043008976388129282754810124036215555727323452/354830275342093894604944426148427192557744311290263048391060541843172843829069022219901810034605426655730395414877676052211938385844209501290276226509140287163459047
35 9 5 3863989962612970311277041945323431893359338860379236988414707944156565569582546003101396201338980745038212523681798411448195352163278899715805189416782590712412153/16503733736841576493253229123182660118964851687919211553072583341542922968793908010227991164400252402592111414645473304754043645853219046571640754721355362193649258
35 9 8 87197749244773473744542043784347275699296670493390812911551597234258039986476640030428093829831819523491244795296074662321483260761539903184722786609010446381429367/354830275342093894604944426148427192557744311290263048391060541843172843829069022219901810034605426655730395414877676052211938385844209501290276226509140287163459047
35 9 9 319240047776561960683948030593631123188498439393689505955030092525960420476031174393005915471504168143821609440009112727516090473000432894426538119257981096604633685/709660550684187789209888852296854385115488622580526096782121083686345687658138044439803620069210853311460790829755352104423876771688419002580552453018280574326918094
35 9 10 24936718012860578825971965242810569556972635601873887251077677546568433858552055926290740140233437042006776640418379179996209817071956807002472807810313592162851548/354830275342093894604944426148427192557744311290263048391060541843172843829069022219901810034605426655730395414877676052211938385844209501290276226509140287163459047
35 10 17 393097232792524071983828825799264283935179779182578618189275054800995083613791655902801786922758999555543224331961147879464554146102049029291223267946814031215617737/709660550684187789209888852296854385115488622580526096782121083686345687658138044439803620069210853311460790829755352104423876771688419002580552453018280574326918094
35 10 18 316563317891663717226060026497590101180308843397947478592846028885350604044346388537001833146451853755917566497794204224959322625586369973289329185071466543111300357/709660550684187789209888852296854385115488622580526096782121083686345687658138044439803620069210853311460790829755352104423876771688419002580552453018280574326918094
35 11 8 544289591909755374640510219754507814544150854900094202657412322484254636593076575456527897675403949669162920232099728911861307960645792836479125189018397577531245977/709660550684187789209888852296854385115488622580526096782121083686345687658138044439803620069210853311460790829755352104423876771688419002580552453018280574326918094
35 11 14 165370958774432414569378632542346570571337767680431894124708761202091051065061468983275722393806903642297870597655623192562568811042626166101427263999882996795672117/709660550684187789209888852296854385115488622580526096782121083686345687658138044439803620069210853311460790829755352104423876771688419002580552453018280574326918094
35 12 6 261545434419881326564177298586780282707585665689574129881320337017360983460495999233700867214570770488375405791116749145198410545172640482003955912606725096242822431/709660550684187789209888852296854385115488622580526096782121083686345687658138044439803620069210853311460790829755352104423876771688419002580552453018280574326918094
35 12 13 2691205119884043746695496395850319173503654857926491399694246899171562716277383863426353710236598118148062264274937295990476988563813293312739643633885690630530340/5816889759706457288605646330302085123897447726069886039197713800707751538181459380654128033354187322225088449424224197577244891571216549201479938139494103068253427
35 12 15 43468385289190600470098279248262920028597891980808932262502997283739411305687640341325723318257948449718424046228007868911367622401389367146699227068999329472372019/709660550684187789209888852296854385115488622580526096782121083686345687658138044439803620069210853311460790829755352104423876771688419002580552453018280574326918094
35 12 17 38159853174631262539381357084036121605929586121555541937799813843157320753056786763380938443758581979651682375434122489737952999664583684637830395004250945843511082/354830275342093894604944426148427192557744311290263048391060541843172843829069022219901810034605426655730395414877676052211938385844209501290276226509140287163459047
35 13 9 110294550316296795806661849857599885161429007445906262093007842074077667105238673922287215083868597506209657550352174677357562530449529725936104432511836412685887518/354830275342093894604944426148427192557744311290263048391060541843172843829069022219901810034605426655730395414877676052211938385844209501290276226509140287163459047
35 13 10 114677309747960314528739393552099682200249663248004082152053912117473399520033814953919747229025935665119751181830917057538931036587673300704398379890094433410869201/354830275342093894604944426148427192557744311290263048391060541843172843829069022219901810034605426655730395414877676052211938385844209501290276226509140287163459047
35 13 13 871532988441857612547269682810252518094400272458742980845629447326320652374473378145603004843697271707389172367077747096076810864476553521139418886625566718568472/2381411243906670433590231047976021426562042357652772136852755314383710361268919612214106107614801521179398626945487758739677438831169191283827357224893558974251403
35 14 4 57309191729098610964691638383258417020814022175455940433912480301728952239119883343167478047174501353428340255394672164904570527428367706306573096181366292197934134/354830275342093894604944426148427192557744311290263048391060541843172843829069022219901810034605426655730395414877676052211938385844209501290276226509140287163459047
35 14 11 287454063181702330535747511950645887250141061626340309130116703166593483850971091230710522590858879116666659603686403138807014270953443176497432589993759312802628155/709660550684187789209888852296854385115488622580526096782121083686345687658138044439803620069210853311460790829755352104423876771688419002580552453018280574326918094
35 14 16 103355047904511641699900734923552180422704417087127901906667745300044372937615210471459533468382163025960485200385350955649953560487921208767746242781588736720011105/709660550684187789209888852296854385115488622580526096782121083686345687658138044439803620069210853311460790829755352104423876771688419002580552453018280574326918094
35 14 17 102116528069888297522428664328069741700507549758073002438755837308124963195655988025649303957810404230988482757447126840078883942695159602351113713940099970204205283/354830275342093894604944426148427192557744311290263048391060541843172843829069022219901810034605426655730395414877676052211938385844209501290276226509140287163459047
35 15 9 8971782569695876273748167276606303927924576100269163188181123043074492499951306554787840596945035547011864856154872540838939178253806056913621223794645494841987415/19180014883356426735402401413428496895013206015689894507624894153685018585355082282156854596465158197607048400804198705524969642478065378448123039270764339846673462
35 15 12 149909359735028722216755230524659443982284738182074350528198705842601809092056602407917658312830746946435127913027500603782926531829425266607717754366013990719015939/709660550684187789209888852296854385115488622580526096782121083686345687658138044439803620069210853311460790829755352104423876771688419002580552453018280574326918094
35 15 13 113897617935205822432225716268880847899997284344246354145610412624993828033941549752367929834706895562793331619498783744800100322234084815084424709125191637227183900/354830275342093894604944426148427192557744311290263048391060541843172843829069022219901810034605426655730395414877676052211938385844209501290276226509140287163459047
35 16 6 579870427711557532985070235269365895752215204245488119749154248927237028714329677479166270712897382803626356177550567986474142374706270369147041374167247143139871683/709660550684187789209888852296854385115488622580526096782121083686345687658138044439803620069210853311460790829755352104423876771688419002580552453018280574326918094
35 16 12 63194224743283757301512050302093310755294147228668799713037400680601289636353197045425843949121406941739563175895628152300109714578329682555771380894076794857864231/354830275342093894604944426148427192557744311290263048391060541843172843829069022219901810034605426655730395414877676052211938385844209501290276226509140287163459047
35 16 17 3401673486062741621794516423301867852685123877700377606892033397906079671101972869785661458070656624355308300413527813349514967825489268321968317062879841471317949/709660550684187789209888852296854385115488622580526096782121083686345687658138044439803620069210853311460790829755352104423876771688419002580552453018280574326918094
35 17 4 5437153581861330019200662669116975425871648128696946656084837107997802364524576164147260814109458038152012293494971334328181082315825906110828587734898360848337089/354830275342093894604944426148427192557744311290263048391060541843172843829069022219901810034605426655730395414877676052211938385844209501290276226509140287163459047
35 17 6 2337336509434768744053232604478355586001407738986530289000246735730171950143968356715299068228077377504018046404471148590516068425981501173150712775109923747803397/709660550684187789209888852296854385115488622580526096782121083686345687658138044439803620069210853311460790829755352104423876771688419002580552453018280574326918094
35 17 10 696448907011030360427434294354142078677743918584145673180951162734619910978944923754793799372763859857652748196360938287176998538630785689185744564773373928882440519/709660550684187789209888852296854385115488622580526096782121083686345687658138044439803620069210853311460790829755352104423876771688419002580552453018280574326918094
35 18 6 454196542353065431430632549903853443482880398491513362438399717053212751004533773262262243585138921225276355782338628375796986026654493280963060972255160125105825403/709660550684187789209888852296854385115488622580526096782121083686345687658138044439803620069210853311460790829755352104423876771688419002580552453018280574326918094
35 18 11 255464008331122357779256302393000941632608224089012734343721366633132936653604271177541376484071932086184435047416723728626890745033925721617491480763120449221092691/709660550684187789209888852296854385115488622580526096782121083686345687658138044439803620069210853311460790829755352104423876771688419002580552453018280574326918094
35 19 11 1
35 20 5 159309748823979794908904953288141314952888415087925636864789430171328363972841615282295536067605170581228182766397662122552670356964948480280932290262587446465208596/354830275342093894604944426148427192557744311290263048391060541843172843829069022219901810034605426655730395414877676052211938385844209501290276226509140287163459047
35 20 9 195520526518114099696039472860285877604855896202337411526271111671844479856227406937606273967000256074502212648480013929659268028879261021009343936246552840698250451/354830275342093894604944426148427192557744311290263048391060541843172843829069022219901810034605426655730395414877676052211938385844209501290276226509140287163459047
35 21 3 3846443550754530250050682405610944317379825728633643063245988787559264857303760246544367950956902294006095549540910753374759987818914995897331773080115073692087615/11633779519412914577211292660604170247794895452139772078395427601415503076362918761308256066708374644450176898848448395154489783142433098402959876278988206136506854
35 21 5 55721594345697867634959287733766687520925828113268950516355380948923786906873923600015542804415829705350793305419475155251686695380007631861853850576599349824280751/709660550684187789209888852296854385115488622580526096782121083686345687658138044439803620069210853311460790829755352104423876771688419002580552453018280574326918094
35 21 8 209652949871231788160918968910410047117196712510302459703880193348153372227867372900290816128211991835869084501170160496655915409677298310490730222277330864642646414/354830275342093894604944426148427192557744311290263048391060541843172843829069022219901810034605426655730395414877676052211938385844209501290276226509140287163459047
35 22 4 323556456498553638133175363887393687761739511750445198727967940837412945834043867921881717831467226553266158213516774774398312401695823037363303604968202425242984309/709660550684187789209888852296854385115488622580526096782121083686345687658138044439803620069210853311460790829755352104423876771688419002580552453018280574326918094
35 22 10 386104094185634151076713488409460697353749110830080898054153142848932741824094176517921902237743626758194632616238577330025564369992595965217248848050078149083933785/709660550684187789209888852296854385115488622580526096782121083686345687658138044439803620069210853311460790829755352104423876771688419002580552453018280574326918094
35 23 2 101056518605998487792461090095757173467782599730644883188603064622457631644947106901903619671369126513565978034380628059249883500331546663854523624580115927895036643/709660550684187789209888852296854385115488622580526096782121083686345687658138044439803620069210853311460790829755352104423876771688419002580552453018280574326918094
35 23 3 44066611465789270966292933516926192022618771991557205411887299400386181032027279690134746756143018538841153643205691965652248432103139456697400706180769388606226532/354830275342093894604944426148427192557744311290263048391060541843172843829069022219901810034605426655730395414877676052211938385844209501290276226509140287163459047
35 23 12 520470809146610759484841895167244827602468478866766802769743420263115693949136378157630506885555689720212505508963340113869496407150593425331227416076625869219428387/709660550684187789209888852296854385115488622580526096782121083686345687658138044439803620069210853311460790829755352104423876771688419002580552453018280574326918094
35 24 7 300229058081446984260605509291966159783894451881211363498356376130390738130320304627361231432163142897836119926757861492004406971710782516729646594284586390781870616/354830275342093894604944426148427192557744311290263048391060541843172843829069022219901810034605426655730395414877676052211938385844209501290276226509140287163459047
35 24 11 54601217260646910344338916856461032773849859409051684892704165712782105698748717592540578602442283757894275488119814560207531414133426984560629632224553896381588431/354830275342093894604944426148427192557744311290263048391060541843172843829069022219901810034605426655730395414877676052211938385844209501290276226509140287163459047
35 25 3 374516455829366370596146438584314262978208557504493093474350618991548110353694994746861788098518040089305042036727837132831252275406074816350700289556561582702361513/709660550684187789209888852296854385115488622580526096782121083686345687658138044439803620069210853311460790829755352104423876771688419002580552453018280574326918094
35 25 6 31915657862183619244818591994472651008627475474210183841746467589047692215353711850645997884095540067659150329843845718106394800491628118264763408210012920438746444/354830275342093894604944426148427192557744311290263048391060541843172843829069022219901810034605426655730395414877676052211938385844209501290276226509140287163459047
35 25 7 271312779130454180124105229723594820120025114127612635624277529516702192873735625991649836202501733086837448133339823535379834895299087949700325347041693150747063693/709660550684187789209888852296854385115488622580526096782121083686345687658138044439803620069210853311460790829755352104423876771688419002580552453018280574326918094
35 26 3 219650389259229639641634600250958245257365013356578949361743880552193037232303437653039242787012640163870042359512790531539680994466430115923435200404878377523907217/709660550684187789209888852296854385115488622580526096782121083686345687658138044439803620069210853311460790829755352104423876771688419002580552453018280574326918094
35 26 7 490010161424958149568254252045896139858123609223947147420377203134152650425834606786764377282198213147590748470242561572884195777221988886657117252613402196803010877/709660550684187789209888852296854385115488622580526096782121083686345687658138044439803620069210853311460790829755352104423876771688419002580552453018280574326918094
35 27 1 158258798820148525461944251064785299038418681532855815128437605211773684910789982576842753768199866587906019165893621470140924820662684042448157066778851569565028835/354830275342093894604944426148427192557744311290263048391060541843172843829069022219901810034605426655730395414877676052211938385844209501290276226509140287163459047
35 27 3 31447487010979738928015158022781574130527985536152088361774576750729714922382891698620430749878511011717613614633980895115938413248527630937294610419653086637193386/354830275342093894604944426148427192557744311290263048391060541843172843829069022219901810034605426655730395414877676052211938385844209501290276226509140287163459047
35 27 4 109310066686913966131985192012054316594150256597240645645108500713180545217163065296755423175220531149012088498944761239345305005971335034388403669719354675261998233/354830275342093894604944426148427192557744311290263048391060541843172843829069022219901810034605426655730395414877676052211938385844209501290276226509140287163459047
35 27 5 55813922824051664082999825048806002794647387624014499255739859167488898778733082647683202341306517907094674135405312447609770145961662793516420879591280955699238593/354830275342093894604944426148427192557744311290263048391060541843172843829069022219901810034605426655730395414877676052211938385844209501290276226509140287163459047
35 28 2 485870484107647389447750597087453565746688616374024334629029502423786829119691803724632661311676193669243933197689443241967137457269246396593847871585092644792499831/709660550684187789209888852296854385115488622580526096782121083686345687658138044439803620069210853311460790829755352104423876771688419002580552453018280574326918094
35 28 8 223790066576540399762138255209400819368800006206501762153091581262558858538446240715170958757534659642216857632065908862456739314419172605986704581433187929534418263/709660550684187789209888852296854385115488622580526096782121083686345687658138044439803620069210853311460790829755352104423876771688419002580552453018280574326918094
35 29 5 1
35 30 2 327707592604041866275807200600386749471587450829686443982177166661797463888275352623284774626129400570024801806572773353918698373275430990044580945843316851143555373/709660550684187789209888852296854385115488622580526096782121083686345687658138044439803620069210853311460790829755352104423876771688419002580552453018280574326918094
35 30 3 381952958080145922934081651696467635643901171750839652799943917024548223769862691816518845443081452741435989023182578750505178398412988012535971507174963723183362721/709660550684187789209888852296854385115488622580526096782121083686345687658138044439803620069210853311460790829755352104423876771688419002580552453018280574326918094
35 31 0 137319217658720281946947292550148770685789079846256059596716560715074221021612351216156381725223497669554376715555458756601431587102415663174440507958080107870087325/354830275342093894604944426148427192557744311290263048391060541843172843829069022219901810034605426655730395414877676052211938385844209501290276226509140287163459047
35 31 1 75030381858482030986747554146563124104009996819264244172014990118417613154316446050190732550014697227759190422602279585184926751012405510095602837809664298369128423/354830275342093894604944426148427192557744311290263048391060541843172843829069022219901810034605426655730395414877676052211938385844209501290276226509140287163459047
35 31 4 142480675824891581671249579451715297767945234624742744622328991009681009653140224953554695759367231758416828276719937710425580047729388328020232880741395880924243299/354830275342093894604944426148427192557744311290263048391060541843172843829069022219901810034605426655730395414877676052211938385844209501290276226509140287163459047
35 32 0 114967981433108710597449823229242758803261182440045045525249947312390897108006629504532293500009041345335824784931749807359353183427390357630533212487289470002528919/709660550684187789209888852296854385115488622580526096782121083686345687658138044439803620069210853311460790829755352104423876771688419002580552453018280574326918094
35 32 1 110363008310610779510699957009971987075361732015836609656746425962229061150849728107566200389053082740610462036137360260038541034866640013973628742213823083714105083/709660550684187789209888852296854385115488622580526096782121083686345687658138044439803620069210853311460790829755352104423876771688419002580552453018280574326918094
35 32 2 75179136366246616595598080623900061070229915813379685001594784602678974621010212231699883254333168346698764414213593617158723666037403748175034783815132735204478109/709660550684187789209888852296854385115488622580526096782121083686345687658138044439803620069210853311460790829755352104423876771688419002580552453018280574326918094
35 32 4 409150424574221682506140991433739578166635792311264756598529925809046754778271474596005242925815560878815739594472648419867258887356984882801355714502035285405805983/709660550684187789209888852296854385115488622580526096782121083686345687658138044439803620069210853311460790829755352104423876771688419002580552453018280574326918094
35 33 0 188026627708264352289370061588892824557932995122829361278703952696400152271280921226250795888311413388053964313561039847747707218807767844164024984579599641971009586/354830275342093894604944426148427192557744311290263048391060541843172843829069022219901810034605426655730395414877676052211938385844209501290276226509140287163459047
35 33 2 166803647633829542315574364559534367999811316167433687112356589146772691557788100993651014146294013267676431101316636204464231167036441657126251241929540645192449461/354830275342093894604944426148427192557744311290263048391060541843172843829069022219901810034605426655730395414877676052211938385844209501290276226509140287163459047
35 34 0 576941369667871892408083567432668833360219088720076728257651616622611657281062585361633173025482210371940881213129162370690244178216819119061148551390854819582419599/709660550684187789209888852296854385115488622580526096782121083686345687658138044439803620069210853311460790829755352104423876771688419002580552453018280574326918094
35 34 1 94359151249603043331000482037328557965243121829069579509219678756363993206365294513856737850798326544305812815017792322683693308515469126623157823085897075051151571/709660550684187789209888852296854385115488622580526096782121083686345687658138044439803620069210853311460790829755352104423876771688419002580552453018280574326918094
35 34 2 2/37
35 35 0 1/37
35 35 1 36/37
36 0 20 36/37
36 0 22 1/37
36 1 16 434471312999561017766656657745541693571423740454130360069359435816045487155315945390111856626748612821814265169352716504923016709188394463472443396215976439874944721/709660550684187789209888852296854385115488622580526096782121083686345687658138044439803620069210853311460790829755352104423876771688419002580552453018280574326918094
36 1 19 275189237684626771443232194551312691544064882126395736712761647870300200502822099049691763442462240489646525660402635599500860062500024539108109056802304134451973373/709660550684187789209888852296854385115488622580526096782121083686345687658138044439803620069210853311460790829755352104423876771688419002580552453018280574326918094
36 2 19 1
36 3 13 59659930144652534868064383371945018835126087311059918233410239979420535278711562928850962517349953852973175717147603430086287220844632398937855761356975011854637697/709660550684187789209888852296854385115488622580526096782121083686345687658138044439803620069210853311460790829755352104423876771688419002580552453018280574326918094
36 3 14 25872632137452874977551434109267962097969534441615120595357034948063812370796160088348827316580531476203488361969616670859440649531594942101139305267728084902340154/354830275342093894604944426148427192557744311290263048391060541843172843829069022219901810034605426655730395414877676052211938385844209501290276226509140287163459047
36 3 15 17984592679037386546934601034525262759877434335389074235928445389293709041421251264957113425108096313818194963712169799726355213971252556858030490127999915357939417/354830275342093894604944426148427192557744311290263048391060541843172843829069022219901810034605426655730395414877676052211938385844209501290276226509140287163459047
36 3 16 251158433964007581631380488948521373582960960144815680589161592944588036268184048511567605321523551041389658119578870260731280207708829378366287381567658575221195293/709660550684187789209888852296854385115488622580526096782121083686345687658138044439803620069210853311460790829755352104423876771688419002580552453018280574326918094
36 3 18 155563868471273574830735954844400771490853818785321054148489145043811036643403805146386585373480046418527295170832652736217358808064631113679034859651095493365262981/354830275342093894604944426148427192557744311290263048391060541843172843829069022219901810034605426655730395414877676052211938385844209501290276226509140287163459047
36 4 13 242711406205652727451077263193325846687772317487858810326393721942776200174904806357283309590355953796837039082590595265099981296716426827777974688453894990133240391/709660550684187789209888852296854385115488622580526096782121083686345687658138044439803620069210853311460790829755352104423876771688419002580552453018280574326918094
36 4 14 104731562493711452258094997717726539536681317185667285971789294252207787292291039204499171553818507408692837936205556662312868921475619950001294461451224728970273531/709660550684187789209888852296854385115488622580526096782121083686345687658138044439803620069210853311460790829755352104423876771688419002580552453018280574326918094
36 4 17 99042358916313300050421412001105087898792706806687607755682559386794633944582692140816871108138244261556677580994776319172129847247436259071625163867803665208164103/354830275342093894604944426148427192557744311290263048391060541843172843829069022219901810034605426655730395414877676052211938385844209501290276226509140287163459047
36 4 19 82066432076098504699936883691795911546724787146812392486286474358886216150888407298193698354379951791408779324484823769333383429500749853329016487688776762403537983/354830275342093894604944426148427192557744311290263048391060541843172843829069022219901810034605426655730395414877676052211938385844209501290276226509140287163459047
36 5 12 96372811243819633841210947607849441284409898229194762166683448278590930451840323806690898593354637195912641142878798206502417267162005553370974782529207864875160284/354830275342093894604944426148427192557744311290263048391060541843172843829069022219901810034605426655730395414877676052211938385844209501290276226509140287163459047
36 5 13 258457464098274260763733478540577751273334413061068286224377093564581913377228698413210911441250789459817754271998877845709521118682203947919301443979932422288298763/354830275342093894604944426148427192557744311290263048391060541843172843829069022219901810034605426655730395414877676052211938385844209501290276226509140287163459047
36 6 16 654851409376798017418273773114272187346453251235356340164686004478952298028709449766919961076334430709137434252627315307582199763156916385936395327625186781856385015/709660550684187789209888852296854385115488622580526096782121083686345687658138044439803620069210853311460790829755352104423876771688419002580552453018280574326918094
36 6 18 54809141307389771791615079182582197769035371345169756617435079207393389629428594672883658992876422602323356577128036796841677008531502616644157125393093792470533079/709660550684187789209888852296854385115488622580526096782121083686345687658138044439803620069210853311460790829755352104423876771688419002580552453018280574326918094
36 7 10 188345726758121512545515509916382330534427369039271528091376590611551740588376399506390646669571807450519211864657655857585443693108876599150204601398946554129080473/709660550684187789209888852296854385115488622580526096782121083686345687658138044439803620069210853311460790829755352104423876771688419002580552453018280574326918094
36 7 11 5089034218739830856106177803256269797055621868256330097970317996811241374122890041499436952913293973377997972057912314606240103911560470583172928275721927369504781/9590007441678213367701200706714248447506603007844947253812447076842509292677541141078427298232579098803524200402099352762484821239032689224061519635382169923336731
36 7 14 72307520095222541518906876939215092739030137665099068174634223230376733733137888333579461627739865275842978373086046406495105399570992683372770821995555620849497962/354830275342093894604944426148427192557744311290263048391060541843172843829069022219901810034605426655730395414877676052211938385844209501290276226509140287163459047
36 7 17 111251548873710274702431061077904120884959960088005091672514850008617918392005195295715628575561279283772286640092152986454589982082213530009515224800153155487903/709660550684187789209888852296854385115488622580526096782121083686345687658138044439803620069210853311460790829755352104423876771688419002580552453018280574326918094
36 8 14 45693547328957435113610157484756402064675703530148032518914459049865946763819199400944294157333637285454988182997391457265912208729323035705642426252809211555334636/354830275342093894604944426148427192557744311290263048391060541843172843829069022219901810034605426655730395414877676052211938385844209501290276226509140287163459047
36 8 15 263173835824317176537306341749917032563512921135605708650961620407444118385503073780629684381992895765518091889990752930116070135104426958737198219184981354836584333/354830275342093894604944426148427192557744311290263048391060541843172843829069022219901810034605426655730395414877676052211938385844209501290276226509140287163459047
36 8 17 45962892188819282954027926913753757929555686624509307221184462385862778679746749038327831495278893604757315341889531664829956042010459506847435581071349720771540078/354830275342093894604944426148427192557744311290263048391060541843172843829069022219901810034605426655730395414877676052211938385844209501290276226509140287163459047
36 9 14 1
36 10 12 6230620425166416405866207193435196677023941449870024572618523165989997574478488925811704949470084162010243957739858469142670989878905117005589190836021854956093622/354830275342093894604944426148427192557744311290263048391060541843172843829069022219901810034605426655730395414877676052211938385844209501290276226509140287163459047
36 10 14 134564318040171702325495214849901000616322293603809051066808543599135191134930809131595183684978361210444869023377610722001461651683219712154958680008706730448588997/709660550684187789209888852296854385115488622580526096782121083686345687658138044439803620069210853311460790829755352104423876771688419002580552453018280574326918094
36 10 15 562634991793683254072661223060082991145118446076976996570075493755230501374250257456585026485292323776995433890898024444137073140247389056414415391337530133966141853/709660550684187789209888852296854385115488622580526096782121083686345687658138044439803620069210853311460790829755352104423876771688419002580552453018280574326918094
36 11 10 495311362638007157761594098837621404907055270954334352930869381225619735547759336703796341270667340567565407826002736150401608370868020430886050307008198319383710/9590007441678213367701200706714248447506603007844947253812447076842509292677541141078427298232579098803524200402099352762484821239032689224061519635382169923336731
36 11 11 46076343955404945848882094724508247942984862152799178308588812654002016352378306519414200131716204126796070367830299256288342303135439993268218100652305968224918221/354830275342093894604944426148427192557744311290263048391060541843172843829069022219901810034605426655730395414877676052211938385844209501290276226509140287163459047
36 11 13 290427410969082683918883349766926952633198404112153499024029562083822897261423620242447145275874530927934404957485275558358736572986652752079274264497530981121343556/354830275342093894604944426148427192557744311290263048391060541843172843829069022219901810034605426655730395414877676052211938385844209501290276226509140287163459047
36 12 12 273111647270252642269564775523767475425683784039445337062017083230820491374041713131998188019285047445873832598246737579540108365650363181481740643881440816939940747/354830275342093894604944426148427192557744311290263048391060541843172843829069022219901810034605426655730395414877676052211938385844209501290276226509140287163459047
36 12 14 81718628071841252335379650624659717132060527250817711329043458612352352455027309087903622015320379209856562816630938472671830020193846319808535582627699470223518300/354830275342093894604944426148427192557744311290263048391060541843172843829069022219901810034605426655730395414877676052211938385844209501290276226509140287163459047
36 13 7 434471312999561017766656657745541693571423740454130360069359435816045487155315945390111856626748612821814265169352716504923016709188394463472443396215976439874944721/709660550684187789209888852296854385115488622580526096782121083686345687658138044439803620069210853311460790829755352104423876771688419002580552453018280574326918094
36 13 15 275189237684626771443232194551312691544064882126395736712761647870300200502822099049691763442462240489646525660402635599500860062500024539108109056802304134451973373/709660550684187789209888852296854385115488622580526096782121083686345687658138044439803620069210853311460790829755352104423876771688419002580552453018280574326918094
36 14 8 216904939332596993221008527648312009361589435946618698878446912443615053463900091160416009036611495177162692367524256454978963068726106622547949531129912466184842043/354830275342093894604944426148427192557744311290263048391060541843172843829069022219901810034605426655730395414877676052211938385844209501290276226509140287163459047
36 14 11 137925336009496901383935898500115183196154875343644349512613629399557790365168931059485800997993931478567703047353419597232975317118102878742326695379227820978617004/354830275342093894604944426148427192557744311290263048391060541843172843829069022219901810034605426655730395414877676052211938385844209501290276226509140287163459047
36 15 7 96298760140613126351965154550555877001949695735444195827168959959423011807704302535201153318894118015722060853091380214863837354324241325273665002127746685261727205/709660550684187789209888852296854385115488622580526096782121083686345687658138044439803620069210853311460790829755352104423876771688419002580552453018280574326918094
36 15 10 382622953276100133654726793190386864899894025212857885349483195614989607466570977594955629572341108145323168492069397080264894990889935769864221017887859501826483481/709660550684187789209888852296854385115488622580526096782121083686345687658138044439803620069210853311460790829755352104423876771688419002580552453018280574326918094
36 15 12 115369418633737264601598452277955821606822450816112007802734464055966534191931382154823418588987813575207780742297287404647572213237120953721333216501337193619353704/354830275342093894604944426148427192557744311290263048391060541843172843829069022219901810034605426655730395414877676052211938385844209501290276226509140287163459047
36 16 8 39553149772467677043330777706408399959053589899599147058581480473208353299176591022765069065344105509515346197289176099687065624582585829406968694134759285469296768/354830275342093894604944426148427192557744311290263048391060541843172843829069022219901810034605426655730395414877676052211938385844209501290276226509140287163459047
36 16 11 315277125569626217561613648442018792598690721390663901332479061369964490529892431197136740969261321146215049217588499952524872761261623671883307532374381001694162279/354830275342093894604944426148427192557744311290263048391060541843172843829069022219901810034605426655730395414877676052211938385844209501290276226509140287163459047
36 17 9 437300866628697490500881276842426680834723026298145161168713899500389854786959126733886461773613935042623789091335908695154568860628662377882220019276838603246176683/709660550684187789209888852296854385115488622580526096782121083686345687658138044439803620069210853311460790829755352104423876771688419002580552453018280574326918094
36 17 12 272359684055490298709007575454427704280765596282380935613407184185955832871178917705917158295596918268837001738419443409269307911059756624698332433741441971080741411/709660550684187789209888852296854385115488622580526096782121083686345687658138044439803620069210853311460790829755352104423876771688419002580552453018280574326918094
36 18 7 43553342509301697640529818051036267519765221959610051834731200138972554900134205675141232248888733168172947048626590727397476525752161514627410452319626044757111614/354830275342093894604944426148427192557744311290263048391060541843172843829069022219901810034605426655730395414877676052211938385844209501290276226509140287163459047
36 18 8 76174424887701944361871384200764470610329017738659209869110519685068534503737390049383373063202960390134573899017858016606357640556090151295862148575388614743909275/354830275342093894604944426148427192557744311290263048391060541843172843829069022219901810034605426655730395414877676052211938385844209501290276226509140287163459047
36 18 9 324592608606603566466199485273416209787981849390250473139334592467948892175236580137869602500863000796377214296504755842028270121089689279878633485699911878379551715/709660550684187789209888852296854385115488622580526096782121083686345687658138044439803620069210853311460790829755352104423876771688419002580552453018280574326918094
36 18 12 145612407283576938738886962519836699067318293793737100235103051570314616675158272852884806944164465398468534637961698774387938317982226390855373765528339376945324601/709660550684187789209888852296854385115488622580526096782121083686345687658138044439803620069210853311460790829755352104423876771688419002580552453018280574326918094
36 19 7 194510468275114211916318818952526867282281550560862465913727161963858420831708321199432644866292157040199802880272724670459824465072426757313841315437641379716472496/354830275342093894604944426148427192557744311290263048391060541843172843829069022219901810034605426655730395414877676052211938385844209501290276226509140287163459047
36 19 9 65933765231294974184448574629325414325641886481842968460769609282823625950270044525806982717077782404429644713434217965336609497253042560305634324226277838704735331/354830275342093894604944426148427192557744311290263048391060541843172843829069022219901810034605426655730395414877676052211938385844209501290276226509140287163459047
36 19 10 94386041835684708504177032566574910949820874247557614016563770596490797047090656494662182451235487211100947821170733416415504423518740183670800586845221068742251220/354830275342093894604944426148427192557744311290263048391060541843172843829069022219901810034605426655730395414877676052211938385844209501290276226509140287163459047
36 20 6 40459162755378345832406509132222626099211356556425083908462368744816116477966056437343119048618848607002667844182506118271761986428603954169342292198897016462901189/354830275342093894604944426148427192557744311290263048391060541843172843829069022219901810034605426655730395414877676052211938385844209501290276226509140287163459047
36 20 10 301873640972107779400710485813188636019439403173748457732872805794393777075629062795349407571771637602635208540256891628755858675209123189235693675534970969866350896/354830275342093894604944426148427192557744311290263048391060541843172843829069022219901810034605426655730395414877676052211938385844209501290276226509140287163459047
36 20 11 12497471614607769371827431203015930439093551560089506749725367303962950275473902987209283414214940446092519030438278305184317724206482357885240258775272300834206962/354830275342093894604944426148427192557744311290263048391060541843172843829069022219901810034605426655730395414877676052211938385844209501290276226509140287163459047
36 21 3 4471959564977960829004772092513514793849858133899519991444883986765674178885748803255022514518835566615367865518387356321369524262764558447889341111733965671390605/709660550684187789209888852296854385115488622580526096782121083686345687658138044439803620069210853311460790829755352104423876771688419002580552453018280574326918094
36 21 7 173593002516783548810421616626098187901132044558263758301428272685682869071912267269950378578939397007162665018950987456281646861270530178160934732502660457199415363/709660550684187789209888852296854385115488622580526096782121083686345687658138044439803620069210853311460790829755352104423876771688419002580552453018280574326918094
36 21 8 206684490289328960836598948954558429168289585205590907067363642039973660157006702397687402806791581641217356567939116855361757880990068996974333328421274603968430/5816889759706457288605646330302085123897447726069886039197713800707751538181459380654128033354187322225088449424224197577244891571216549201479938139494103068253427
36 21 9 253190040393564073174198695902893277030987695246640363913514781342510178934092605337040177916662023888727120221998702517733362962337167924170429856668245324885981833/354830275342093894604944426148427192557744311290263048391060541843172843829069022219901810034605426655730395414877676052211938385844209501290276226509140287163459047
36 22 4 177114851876250152291541300517506230253476108633688195847216355706425653407083726315438405781473922888303529287162542252148666815768175883655599169809705243267383523/709660550684187789209888852296854385115488622580526096782121083686345687658138044439803620069210853311460790829755352104423876771688419002580552453018280574326918094
36 22 6 532545698807937636918347551779348154862012513946837900934904727979920034251054318124365214287736930423157261542592809852275209955920243118924953283208575331059534571/709660550684187789209888852296854385115488622580526096782121083686345687658138044439803620069210853311460790829755352104423876771688419002580552453018280574326918094
36 23 4 214255389471688620891751616466914835136955845341560007646855629899195415112036799755660463924595278186091659042430174946949623830811594095625066883314448539800579045/709660550684187789209888852296854385115488622580526096782121083686345687658138044439803620069210853311460790829755352104423876771688419002580552453018280574326918094
36 23 6 495405161212499168318137235829939549978532777238966089135265453787150272546101244684143156144615575125369131787325177157474252940876824906955485569703832034526339049/709660550684187789209888852296854385115488622580526096782121083686345687658138044439803620069210853311460790829755352104423876771688419002580552453018280574326918094
36 24 8 1
36 25 4 209194324865181067213405677495153534409246293866908977806299364862020935340152356762773921528422253824338993294665922923697039870221961155043347011781342582015715683/354830275342093894604944426148427192557744311290263048391060541843172843829069022219901810034605426655730395414877676052211938385844209501290276226509140287163459047
36 25 6 145635950476912827391538748653273658148498017423354070584761176981151908488916665457127888506183172831391402120211753128514898515622248346246929214727797705147743364/354830275342093894604944426148427192557744311290263048391060541843172843829069022219901810034605426655730395414877676052211938385844209501290276226509140287163459047
36 26 4 144401316470098507795669977228279748167791548510847555528739047374883828036319397479786407620924760044121341096233618435956402307823964009045361036831024842357172667/709660550684187789209888852296854385115488622580526096782121083686345687658138044439803620069210853311460790829755352104423876771688419002580552453018280574326918094
36 26 5 172804422477429820886292137408808195845166030356549795945819077879634411194757604653488984830636726551734703687004471568463896734699012438805878107891188677222919105/354830275342093894604944426148427192557744311290263048391060541843172843829069022219901810034605426655730395414877676052211938385844209501290276226509140287163459047
36 26 7 219650389259229639641634600250958245257365013356578949361743880552193037232303437653039242787012640163870042359512790531539680994466430115923435200404878377523907217/709660550684187789209888852296854385115488622580526096782121083686345687658138044439803620069210853311460790829755352104423876771688419002580552453018280574326918094
36 27 1 286945617013081246143476790964870410377470825550178966185983406117456001004592233101829063798662415696488791609891636664591848026701889669907716145799701208686768757/709660550684187789209888852296854385115488622580526096782121083686345687658138044439803620069210853311460790829755352104423876771688419002580552453018280574326918094
36 27 5 422714933671106543066412061331983974738017797030347130596137677568889686653545811337974556270548437614971999219863715439832028744986529332672836307218579365640149337/709660550684187789209888852296854385115488622580526096782121083686345687658138044439803620069210853311460790829755352104423876771688419002580552453018280574326918094
36 28 3 10083527252056244689860913825902330281553261121137786633047109021126302322030921511089029177263078533641254853133685950695660490115971706581308635528945759359386349/19180014883356426735402401413428496895013206015689894507624894153685018585355082282156854596465158197607048400804198705524969642478065378448123039270764339846673462
36 28 5 9096487631300182045541487587526166613459944894552107874577785132558716263324160771067825419202079663965793547670512754829309152362093671866814403741818580487287113/19180014883356426735402401413428496895013206015689894507624894153685018585355082282156854596465158197607048400804198705524969642478065378448123039270764339846673462
36 29 2 72887730376384661195903059093741772273108320854413166423631121440518711072324836340964588029812456607751578726308602940833120082358341526086589337849610652294303561/354830275342093894604944426148427192557744311290263048391060541843172843829069022219901810034605426655730395414877676052211938385844209501290276226509140287163459047
36 29 3 267765602129724819408074389551441913482457619534489071678358511963770982419237150819672209202197257498881743209087437959066878384223824291459593106528936868840095295/709660550684187789209888852296854385115488622580526096782121083686345687658138044439803620069210853311460790829755352104423876771688419002580552453018280574326918094
36 29 4 296119487801693647410008344557928927086814361337210692256500328841537283094251220938202234807388682597075890168050708263690758222747911658947780670790122400898215677/709660550684187789209888852296854385115488622580526096782121083686345687658138044439803620069210853311460790829755352104423876771688419002580552453018280574326918094
36 30 1 219399428268267940468398738904214939506761537274451114226000752226797208752830891809574816421528049806647696564833913441590879652835650145155288513707065041511521829/709660550684187789209888852296854385115488622580526096782121083686345687658138044439803620069210853311460790829755352104423876771688419002580552453018280574326918094
36 30 3 45152465780047528712553477681084239526697277414349505181949759800450826559515966624425454197295696303630201788398947907771221086432811630716527451535852303671463819/709660550684187789209888852296854385115488622580526096782121083686345687658138044439803620069210853311460790829755352104423876771688419002580552453018280574326918094
36 30 4 74930695567463044434296354709671731936216793794118946082353590836461153200462574291407515175364698530522063537748807878591626491651602334676240041228905309226190224/354830275342093894604944426148427192557744311290263048391060541843172843829069022219901810034605426655730395414877676052211938385844209501290276226509140287163459047
36 30 5 147623632750473115580171963146105871104798110151743792604731694993087672972433018711494159549828855070069382700512437498939261524558376278678128202658776305345775999/354830275342093894604944426148427192557744311290263048391060541843172843829069022219901810034605426655730395414877676052211938385844209501290276226509140287163459047
36 31 3 1
36 32 1 251324350642970800117571919975920348383534712969397580448522627060076354050928216426136956619891290897002018839467543435818342479927076681026552802793828124341976416/354830275342093894604944426148427192557744311290263048391060541843172843829069022219901810034605426655730395414877676052211938385844209501290276226509140287163459047
36 32 2 103505924699123094487372506172506844174209598320865467942537914783096489778140805793764853414714135758728376575410132616393595905917132820263723423715312162821482631/354830275342093894604944426148427192557744311290263048391060541843172843829069022219901810034605426655730395414877676052211938385844209501290276226509140287163459047
36 33 1 166803647633829542315574364559534367999811316167433687112356589146772691557788100993651014146294013267676431101316636204464231167036441657126251241929540645192449461/354830275342093894604944426148427192557744311290263048391060541843172843829069022219901810034605426655730395414877676052211938385844209501290276226509140287163459047
36 33 2 188026627708264352289370061588892824557932995122829361278703952696400152271280921226250795888311413388053964313561039847747707218807767844164024984579599641971009586/354830275342093894604944426148427192557744311290263048391060541843172843829069022219901810034605426655730395414877676052211938385844209501290276226509140287163459047
36 34 1 2/37
36 34 2 35/37
36 35 0 36/37
36 35 1 1/37
36 36 0 1
