# exact hook decomposition of the 29-box: a s i value
0 0 0 1/29
0 0 1 1/29
0 0 2 1/29
0 0 3 1/29
0 0 4 1/29
0 0 5 1/29
0 0 6 1/29
0 0 7 1/29
0 0 8 1/29
0 0 9 1/29
0 0 10 1/29
0 0 11 1/29
0 0 12 1/29
0 0 13 1/29
0 0 14 1/29
0 0 15 1/29
0 0 16 1/29
0 0 17 1/29
0 0 18 1/29
0 0 19 1/29
0 0 20 1/29
0 0 21 1/29
0 0 22 1/29
0 0 23 1/29
0 0 24 1/29
0 0 25 1/29
0 0 26 1/29
0 0 27 1/29
0 0 28 1/29
1 0 0 3/29
1 0 1 3/29
1 0 2 1534738473850970220989897664491770831610642008723809202220238591912494068305930664430738623/71661296417555837809075704441728338077448733103519925061733519278542790599069976173906174811
1 0 4 202706865054684158167086897806092342586965019093423672200729653591160575286965445009782526/2471079186812270269278472566956149588877542520811031898680466182018716917209309523238143959
1 0 9 6019533936076662731109783105420896591961634184858822314464193204251945052347903066586607164/71661296417555837809075704441728338077448733103519925061733519278542790599069976173906174811
1 0 11 1393703624360148076725634595447552174670993377574273381577205341804205699280025503127824713/71661296417555837809075704441728338077448733103519925061733519278542790599069976173906174811
1 0 12 13645204854723510673857807411066499744278411371317748424832347542888856360659922598287469795/573290371340446702472605635533826704619589864828159400493868154228342324792559809391249398488
1 0 16 45660695628770975788825534195881090388782609128147017143498840825560349652363505959427985221/573290371340446702472605635533826704619589864828159400493868154228342324792559809391249398488
1 0 19 3/29
1 0 20 3/29
1 0 21 3/29
1 0 22 3/29
1 0 23 1/29
1 0 24 1/29
1 1 2 202706865054684158167086897806092342586965019093423672200729653591160575286965445009782526/2471079186812270269278472566956149588877542520811031898680466182018716917209309523238143959
1 1 3 1534738473850970220989897664491770831610642008723809202220238591912494068305930664430738623/71661296417555837809075704441728338077448733103519925061733519278542790599069976173906174811
1 1 5 3/29
1 1 7 3/29
1 1 9 1393703624360148076725634595447552174670993377574273381577205341804205699280025503127824713/71661296417555837809075704441728338077448733103519925061733519278542790599069976173906174811
1 1 10 6019533936076662731109783105420896591961634184858822314464193204251945052347903066586607164/71661296417555837809075704441728338077448733103519925061733519278542790599069976173906174811
1 1 12 45660695628770975788825534195881090388782609128147017143498840825560349652363505959427985221/573290371340446702472605635533826704619589864828159400493868154228342324792559809391249398488
1 1 13 13645204854723510673857807411066499744278411371317748424832347542888856360659922598287469795/573290371340446702472605635533826704619589864828159400493868154228342324792559809391249398488
1 1 14 45660695628770975788825534195881090388782609128147017143498840825560349652363505959427985221/573290371340446702472605635533826704619589864828159400493868154228342324792559809391249398488
1 1 15 13645204854723510673857807411066499744278411371317748424832347542888856360659922598287469795/573290371340446702472605635533826704619589864828159400493868154228342324792559809391249398488
1 1 17 3/29
1 1 23 2/29
1 1 25 3/29
1 1 27 3/29
2 0 4 4/29
2 0 6 5/29
2 0 10 5/29
2 0 11 5/29
2 0 12 5/29
2 0 16 5/29
2 1 0 5/29
2 1 2 5/29
2 1 4 1/29
2 1 7 1/58
2 1 8 9/58
2 1 13 5/29
2 1 18 13/116
2 1 23 7/116
2 1 24 3/58
2 1 26 3/116
2 1 27 3/116
2 2 5 4/29
2 2 7 1/58
2 2 15 5/29
2 2 18 7/116
2 2 19 7/116
2 2 20 13/116
2 2 21 13/116
2 2 22 7/116
2 2 25 7/58
2 2 26 17/116
3 0 4 20487136978879908727391360684493721842310862411187245631790546651485882535190462555879161323/286645185670223351236302817766913352309794932414079700246934077114171162396279904695624699244
3 0 5 7/29
3 0 8 48703080251863658812405871190278466646260328171521647531262506445038191146670204094788869529/286645185670223351236302817766913352309794932414079700246934077114171162396279904695624699244
3 0 13 1215827455881887125232803174446955430345682752981793237432265141258306649727155654943973091/9884316747249081077113890267824598355510170083244127594721864728074867668837238092952575836
3 0 18 4278270768421597676704269012336685942015880496504506493351769815808577833261438378435083705/286645185670223351236302817766913352309794932414079700246934077114171162396279904695624699244
3 0 20 45143312967823807708865182326786305835534969919716131480257553824565760510924752086327795475/286645185670223351236302817766913352309794932414079700246934077114171162396279904695624699244
3 0 23 53699854504667003062273720351459677719566730912725144466961093456182916177447628843197962885/286645185670223351236302817766913352309794932414079700246934077114171162396279904695624699244
3 0 26 1/29
3 1 1 7/29
3 1 14 5256737602621746937289518584444983323060971767685873261092103508162743922523096250848407225/71661296417555837809075704441728338077448733103519925061733519278542790599069976173906174811
3 1 16 24396212639125496294052152219028811743469538482046509523073490676061859083988618028009320283/143322592835111675618151408883456676154897466207039850123467038557085581198139952347812349622
3 1 18 4627579144627334139824371683379615032449198315558254333629761219912123746314141842104168611/143322592835111675618151408883456676154897466207039850123467038557085581198139952347812349622
3 1 24 1/29
3 1 25 6/29
3 1 27 7/29
3 2 4 48703080251863658812405871190278466646260328171521647531262506445038191146670204094788869529/286645185670223351236302817766913352309794932414079700246934077114171162396279904695624699244
3 2 6 20487136978879908727391360684493721842310862411187245631790546651485882535190462555879161323/286645185670223351236302817766913352309794932414079700246934077114171162396279904695624699244
3 2 7 7/29
3 2 10 7/29
3 2 11 33931221010168840908045939815810481008546390746236889277517364000033180839773152657292811213/286645185670223351236302817766913352309794932414079700246934077114171162396279904695624699244
3 2 14 12904270599681853158887865478030547716302503675493396233148949967382205149680767653899182313/286645185670223351236302817766913352309794932414079700246934077114171162396279904695624699244
3 2 16 7493521352810721792805061958684017285329609943122477883757121777018150364202662940750207973/286645185670223351236302817766913352309794932414079700246934077114171162396279904695624699244
3 2 20 3649112310427184879239122111271317651404107044376887565889427527557957657052483969690845091/286645185670223351236302817766913352309794932414079700246934077114171162396279904695624699244
3 2 21 15490362726076564477523511523312510769004459669983748696091959640341157504413037807470067967/286645185670223351236302817766913352309794932414079700246934077114171162396279904695624699244
3 2 22 5606045978827483400409621255487912413494289586739621101370094912266289835575799714517492131/286645185670223351236302817766913352309794932414079700246934077114171162396279904695624699244
3 3 0 7/29
3 3 11 1215827455881887125232803174446955430345682752981793237432265141258306649727155654943973091/9884316747249081077113890267824598355510170083244127594721864728074867668837238092952575836
3 3 15 12040816705064144947659789384248063799081825877991350029671159765968274497942070411818600488/71661296417555837809075704441728338077448733103519925061733519278542790599069976173906174811
3 3 17 10198895976246287475846463718357282500816056809307937058453035872200177756941715297324695143/143322592835111675618151408883456676154897466207039850123467038557085581198139952347812349622
3 3 19 29967529470744449630074244254006479211836396975796192247896765328349913094616191483229846815/143322592835111675618151408883456676154897466207039850123467038557085581198139952347812349622
3 3 21 53699854504667003062273720351459677719566730912725144466961093456182916177447628843197962885/286645185670223351236302817766913352309794932414079700246934077114171162396279904695624699244
4 0 0 155054038071948590577122707576963929897412858639252357477673293616528411548810227799366718637/573290371340446702472605635533826704619589864828159400493868154228342324792559809391249398488
4 0 8 137125300724642711582528185401463641678017751193718797112263717834397810389052841986399088869/573290371340446702472605635533826704619589864828159400493868154228342324792559809391249398488
4 0 9 10358441778551224353436400270631368162272823964886163984181934573378540896630165071334378125/71661296417555837809075704441728338077448733103519925061733519278542790599069976173906174811
4 0 13 11340180570795039601744427193718727529098364121635502666694957980645470038626190626269859385/71661296417555837809075704441728338077448733103519925061733519278542790599069976173906174811
4 0 20 653776887456063779048035395553022092506844037925333077478131384223417761411726833906009551/22049629666940257787407909058993334793061148647236900018994929008782397107406146515048053788
4 0 23 21793057554941089630353975899007415190325381211218524254924177489071814407782089250008895181/286645185670223351236302817766913352309794932414079700246934077114171162396279904695624699244
4 0 28 23468869782672725577775625379102481363680521447259602086318115688635762380188408921537826107/286645185670223351236302817766913352309794932414079700246934077114171162396279904695624699244
4 1 0 22863663378534868810927317243878840501770202859141939227320271488819206490260057873779646411/573290371340446702472605635533826704619589864828159400493868154228342324792559809391249398488
4 1 2 155054038071948590577122707576963929897412858639252357477673293616528411548810227799366718637/573290371340446702472605635533826704619589864828159400493868154228342324792559809391249398488
4 1 3 22863663378534868810927317243878840501770202859141939227320271488819206490260057873779646411/573290371340446702472605635533826704619589864828159400493868154228342324792559809391249398488
4 1 7 40792400725840747805521839419379128721165310304675499592729847270949807650017443686747276179/573290371340446702472605635533826704619589864828159400493868154228342324792559809391249398488
4 1 11 24732038882693316612061484851117948283499874351601747455472097619628196326354108726308136475/286645185670223351236302817766913352309794932414079700246934077114171162396279904695624699244
4 1 14 46326553852208698728869914630893347986800987723566953935732781607704867191600608776888384441/286645185670223351236302817766913352309794932414079700246934077114171162396279904695624699244
4 1 17 16615569209811072869842972496653617743044423422315538731343902807266313612353278783543130319/143322592835111675618151408883456676154897466207039850123467038557085581198139952347812349622
4 1 26 42518720760471188865605753964323466053013228805216827858418833014191458972066572465021549989/286645185670223351236302817766913352309794932414079700246934077114171162396279904695624699244
4 1 27 9524925488899231643915064292610492344666353678978612886050358662777848295939081771741861941/143322592835111675618151408883456676154897466207039850123467038557085581198139952347812349622
4 2 5 137125300724642711582528185401463641678017751193718797112263717834397810389052841986399088869/573290371340446702472605635533826704619589864828159400493868154228342324792559809391249398488
4 2 9 29652516897424256601927246021960805561617861155131657500652965719251326820245960573640481925/573290371340446702472605635533826704619589864828159400493868154228342324792559809391249398488
4 2 15 6064791931779006333645881890783837315152304820955466602046013154024626464899102468996588451/143322592835111675618151408883456676154897466207039850123467038557085581198139952347812349622
4 2 18 27863856152809791977169533708557074856751341952283035444904488469070590897414292634743460943/143322592835111675618151408883456676154897466207039850123467038557085581198139952347812349622
4 2 23 64367182454285146108553459530479210375806042850576338864046077701674575087848894797534780607/286645185670223351236302817766913352309794932414079700246934077114171162396279904695624699244
4 2 25 847988561067468399499019064825592235302947858573131361670713960379283928678836139277186273/9884316747249081077113890267824598355510170083244127594721864728074867668837238092952575836
4 2 26 46440129964770540828419258446097919146578301943980320494077949538482350047468570371551632535/286645185670223351236302817766913352309794932414079700246934077114171162396279904695624699244
4 3 1 155054038071948590577122707576963929897412858639252357477673293616528411548810227799366718637/573290371340446702472605635533826704619589864828159400493868154228342324792559809391249398488
4 3 6 3075656199851082519138717151806486352277162289937228467269409441014769549470695105260447743/71661296417555837809075704441728338077448733103519925061733519278542790599069976173906174811
4 3 11 37795680768722532966273141100725343105593584872620621868052454873000520769843449403506367811/573290371340446702472605635533826704619589864828159400493868154228342324792559809391249398488
4 3 19 9/29
4 3 21 9/29
4 4 2 22863663378534868810927317243878840501770202859141939227320271488819206490260057873779646411/573290371340446702472605635533826704619589864828159400493868154228342324792559809391249398488
4 4 5 40792400725840747805521839419379128721165310304675499592729847270949807650017443686747276179/573290371340446702472605635533826704619589864828159400493868154228342324792559809391249398488
4 4 6 130448788473139930424012970362512039079195560319754529739518018088410255153044666957283136693/573290371340446702472605635533826704619589864828159400493868154228342324792559809391249398488
4 4 10 47468912977343528964037054458330731319987501178639766965475547016937362886025618715863228355/573290371340446702472605635533826704619589864828159400493868154228342324792559809391249398488
4 4 11 30502713009475018297863333997960362582485933383719261212671974636919688898136329121691621181/286645185670223351236302817766913352309794932414079700246934077114171162396279904695624699244
4 4 12 64226811842548413081963527559303436916091656397595400897024684933045612693181034110265046049/286645185670223351236302817766913352309794932414079700246934077114171162396279904695624699244
4 4 13 10899532110515392821761825908886618770799518565663784421429237657522982216257595082873436246/71661296417555837809075704441728338077448733103519925061733519278542790599069976173906174811
4 4 16 24732038882693316612061484851117948283499874351601747455472097619628196326354108726308136475/286645185670223351236302817766913352309794932414079700246934077114171162396279904695624699244
4 4 23 699652679003873488779394245233689908365026671850571308381631840481854880976039697257376684/71661296417555837809075704441728338077448733103519925061733519278542790599069976173906174811
5 0 6 9444208090853695736757281857301897072427951759580508925964225059357827986780207336951824597/286645185670223351236302817766913352309794932414079700246934077114171162396279904695624699244
5 0 20 212878419784006012181066695023720571026120346981663297650894555319152225376229835960504661201/573290371340446702472605635533826704619589864828159400493868154228342324792559809391249398488
5 0 22 41971096706686286419114756565739045560702958787913010125376337092730952999644354998060212047/286645185670223351236302817766913352309794932414079700246934077114171162396279904695624699244
5 0 25 11915287277665966006035754424258046661305494280391540824644691241376544903989516860189968556/71661296417555837809075704441728338077448733103519925061733519278542790599069976173906174811
5 0 28 162259043740032997931508828269959875036763742508376738143134944674000178211564713879200915551/573290371340446702472605635533826704619589864828159400493868154228342324792559809391249398488
5 1 1 39097158332600938968098952660775692138958462009312891710129819243582430993291921615809552105/573290371340446702472605635533826704619589864828159400493868154228342324792559809391249398488
5 1 6 99283276128886196111495511088768684838183919156104894615976286949465716370429411685526509599/286645185670223351236302817766913352309794932414079700246934077114171162396279904695624699244
5 1 16 103345217189719965969339239401635581449774567550399721075821939976069070840733969220001295039/286645185670223351236302817766913352309794932414079700246934077114171162396279904695624699244
5 1 23 15499870212982042364903597254086744539598660285148216463541116597675625099323136741675767501/286645185670223351236302817766913352309794932414079700246934077114171162396279904695624699244
5 1 24 97936485944669354613029987384068990825517108835540844473059647938339069178294852481032702105/573290371340446702472605635533826704619589864828159400493868154228342324792559809391249398488
5 2 0 69630325887138952880153840285294889771653408906372511831810692765241113363917697406668782091/573290371340446702472605635533826704619589864828159400493868154228342324792559809391249398488
5 2 2 69630325887138952880153840285294889771653408906372511831810692765241113363917697406668782091/573290371340446702472605635533826704619589864828159400493868154228342324792559809391249398488
5 2 10 99283276128886196111495511088768684838183919156104894615976286949465716370429411685526509599/286645185670223351236302817766913352309794932414079700246934077114171162396279904695624699244
5 2 11 99283276128886196111495511088768684838183919156104894615976286949465716370429411685526509599/286645185670223351236302817766913352309794932414079700246934077114171162396279904695624699244
5 2 16 1320325969186156021069825231568103849246654970990856006272919006151119046171092268002253717/573290371340446702472605635533826704619589864828159400493868154228342324792559809391249398488
5 2 20 4576548655473771515438890868420592795103394849707509432986468698494863338189402084452007191/573290371340446702472605635533826704619589864828159400493868154228342324792559809391249398488
5 2 26 15499870212982042364903597254086744539598660285148216463541116597675625099323136741675767501/286645185670223351236302817766913352309794932414079700246934077114171162396279904695624699244
5 3 2 39097158332600938968098952660775692138958462009312891710129819243582430993291921615809552105/573290371340446702472605635533826704619589864828159400493868154228342324792559809391249398488
5 3 10 9444208090853695736757281857301897072427951759580508925964225059357827986780207336951824597/286645185670223351236302817766913352309794932414079700246934077114171162396279904695624699244
5 3 18 216134642470293627675435760660573059971977086860379951077608105011495969668248145776954414675/573290371340446702472605635533826704619589864828159400493868154228342324792559809391249398488
5 3 23 93227614006757849483349195691983837371013210630537187078399395411147919257886482280802566695/286645185670223351236302817766913352309794932414079700246934077114171162396279904695624699244
5 3 24 88518742068846344353668403999898683916509312425533529683739142883956769337478112080572431285/573290371340446702472605635533826704619589864828159400493868154228342324792559809391249398488
5 3 25 24196184273482701035189563114007799705262678752697636013663846148295660304208250682404217839/573290371340446702472605635533826704619589864828159400493868154228342324792559809391249398488
5 4 0 147824642552340830816351745606846274049570332924998295252070331252405975350501540638287886301/573290371340446702472605635533826704619589864828159400493868154228342324792559809391249398488
5 4 1 178357810106878844728406633231365471682265279822057915373751204774064657721127316429147116287/573290371340446702472605635533826704619589864828159400493868154228342324792559809391249398488
5 4 7 9444208090853695736757281857301897072427951759580508925964225059357827986780207336951824597/286645185670223351236302817766913352309794932414079700246934077114171162396279904695624699244
5 4 12 9444208090853695736757281857301897072427951759580508925964225059357827986780207336951824597/573290371340446702472605635533826704619589864828159400493868154228342324792559809391249398488
5 4 15 11/29
5 4 17 1320325969186156021069825231568103849246654970990856006272919006151119046171092268002253717/573290371340446702472605635533826704619589864828159400493868154228342324792559809391249398488
5 5 3 11/29
5 5 9 11/29
5 5 12 9444208090853695736757281857301897072427951759580508925964225059357827986780207336951824597/573290371340446702472605635533826704619589864828159400493868154228342324792559809391249398488
5 5 22 128936226370633439342837181892242479904714429405837277400141881133690319376941125964384237107/573290371340446702472605635533826704619589864828159400493868154228342324792559809391249398488
6 0 4 2054406098541203754145176702690661162751202759006725773929618114321074321532381200186552069/44099259333880515574815818117986669586122297294473800037989858017564794214812293030096107576
6 0 6 65861285705808696759394329616533819851623920235161472531707187537407172976590582678450261979/286645185670223351236302817766913352309794932414079700246934077114171162396279904695624699244
6 0 12 119478797493264724547218733980719499285785262986726410538701668568597652458870519469029263835/573290371340446702472605635533826704619589864828159400493868154228342324792559809391249398488
6 0 15 19194743863026413798874899110810706635763351669837646183949296084404900405409489273063731031/573290371340446702472605635533826704619589864828159400493868154228342324792559809391249398488
6 0 22 13/29
6 0 23 19194743863026413798874899110810706635763351669837646183949296084404900405409489273063731031/573290371340446702472605635533826704619589864828159400493868154228342324792559809391249398488
6 1 0 52262028650647701759876778029536943611751939719204032643547113577855130747430550209229695639/286645185670223351236302817766913352309794932414079700246934077114171162396279904695624699244
6 1 1 1055428823687697637488619759520223657573744949849579898398517440578849037968573603314100174/71661296417555837809075704441728338077448733103519925061733519278542790599069976173906174811
6 1 5 5062862314304786645403043188648570225750188034537420894826960788977369590252635290905578937/44099259333880515574815818117986669586122297294473800037989858017564794214812293030096107576
6 1 9 13/29
6 1 11 137513437935211383457742412982720057957479159177620906924066814361348906930897670947737707901/573290371340446702472605635533826704619589864828159400493868154228342324792559809391249398488
6 2 0 55639786443909142046626501842620985634836040874596073641483767068676531503888345248063017183/573290371340446702472605635533826704619589864828159400493868154228342324792559809391249398488
6 2 1 2781866141862691012222914665304432143709379553788776065275761236344707820520964961762676821/44099259333880515574815818117986669586122297294473800037989858017564794214812293030096107576
6 2 2 97292304619953913603594870117758659874352350246662615018908062665731625152055945561182432891/573290371340446702472605635533826704619589864828159400493868154228342324792559809391249398488
6 2 16 13/29
6 2 17 19194743863026413798874899110810706635763351669837646183949296084404900405409489273063731031/573290371340446702472605635533826704619589864828159400493868154228342324792559809391249398488
6 2 24 54003520570433070929825163425119588681575882836730829669086824703550753337332647194629223487/286645185670223351236302817766913352309794932414079700246934077114171162396279904695624699244
6 3 1 107860487693464140226400742179246262890948648927888524139901220177124303924385956668879980393/573290371340446702472605635533826704619589864828159400493868154228342324792559809391249398488
6 3 3 59452453930896488095932926277940504605264137245037900766603617598426408763302766278093921597/573290371340446702472605635533826704619589864828159400493868154228342324792559809391249398488
6 3 14 74492597143804983072655410056600189940056328245442829062297416761422526357551448013754262381/286645185670223351236302817766913352309794932414079700246934077114171162396279904695624699244
6 3 23 74492597143804983072655410056600189940056328245442829062297416761422526357551448013754262381/286645185670223351236302817766913352309794932414079700246934077114171162396279904695624699244
6 3 25 54003520570433070929825163425119588681575882836730829669086824703550753337332647194629223487/286645185670223351236302817766913352309794932414079700246934077114171162396279904695624699244
6 4 0 25132163834022405371078237531456039362197787122708743242874164600916664133405332584279381555/573290371340446702472605635533826704619589864828159400493868154228342324792559809391249398488
6 4 3 80687760826682318375065165018270717384889175360027663923789984629519474479846439817879125733/286645185670223351236302817766913352309794932414079700246934077114171162396279904695624699244
6 4 15 237797491565449694206086247852628850607501070494509671278819186845541658984358701143703240705/573290371340446702472605635533826704619589864828159400493868154228342324792559809391249398488
6 4 24 74492597143804983072655410056600189940056328245442829062297416761422526357551448013754262381/286645185670223351236302817766913352309794932414079700246934077114171162396279904695624699244
6 5 0 8962028481156144633437856441286080627840839341079304411414540513080387782201676520745647715/71661296417555837809075704441728338077448733103519925061733519278542790599069976173906174811
6 5 2 47808356887555735627415408463449061236743035722145994807594256835453805215037655390504360135/286645185670223351236302817766913352309794932414079700246934077114171162396279904695624699244
6 5 8 13/29
6 5 20 74492597143804983072655410056600189940056328245442829062297416761422526357551448013754262381/286645185670223351236302817766913352309794932414079700246934077114171162396279904695624699244
6 6 5 119478797493264724547218733980719499285785262986726410538701668568597652458870519469029263835/573290371340446702472605635533826704619589864828159400493868154228342324792559809391249398488
6 6 14 54003520570433070929825163425119588681575882836730829669086824703550753337332647194629223487/286645185670223351236302817766913352309794932414079700246934077114171162396279904695624699244
6 6 17 88812297277839728060775427739428470727388414003624013154224353322696606269255805116194715943/573290371340446702472605635533826704619589864828159400493868154228342324792559809391249398488
6 6 21 13/29
7 0 8 74205268178911821972573815110352980741410456126281758489556601176106027781239729298985729343/286645185670223351236302817766913352309794932414079700246934077114171162396279904695624699244
7 0 15 31838434464490720332499110900234440635543166006169773337167741422713954398193586202414716883/143322592835111675618151408883456676154897466207039850123467038557085581198139952347812349622
7 0 27 9981211205249537217112733644255592438436895229936377998342885547631660842196335855983380073/286645185670223351236302817766913352309794932414079700246934077114171162396279904695624699244
7 0 28 69390918678540275690809023605917948929430624522761008542349553772502782488228333567913078031/143322592835111675618151408883456676154897466207039850123467038557085581198139952347812349622
7 1 3 17853686513124873905034114845807810400310200960481636873505795860935368711794692183708119507/286645185670223351236302817766913352309794932414079700246934077114171162396279904695624699244
7 1 5 27975089385096765882758058401126824729690693642847945428728901981606620728354851640393757739/143322592835111675618151408883456676154897466207039850123467038557085581198139952347812349622
7 1 21 64576569178168729409044232101482917117450792919240258595142506368899537195216937836840426719/286645185670223351236302817766913352309794932414079700246934077114171162396279904695624699244
7 1 25 15/29
7 2 1 88774185271397195453101435447347567517849416487596175338554413722602277625644605084103410429/286645185670223351236302817766913352309794932414079700246934077114171162396279904695624699244
7 2 2 235125806559950874587151916591691750556005213233789947419488531390949431426109992490833545121/573290371340446702472605635533826704619589864828159400493868154228342324792559809391249398488
7 2 3 8152136011401903578959265398259647704287158312759558905526796765620747588228102022676533023/573290371340446702472605635533826704619589864828159400493868154228342324792559809391249398488
7 2 13 76232029113149766700145791324590085661799330153208771745871999313283795263466252354766249743/286645185670223351236302817766913352309794932414079700246934077114171162396279904695624699244
7 3 2 61403695857521557726264791443046200109299889263533880422167410451296598639007150297743729959/573290371340446702472605635533826704619589864828159400493868154228342324792559809391249398488
7 3 7 137402891455657961167231108603075890061588811620577887582829385016738757782118976965840913427/573290371340446702472605635533826704619589864828159400493868154228342324792559809391249398488
7 3 9 238055441937847364238006188696902649303670892661337804869471666073889952558608473168584400621/573290371340446702472605635533826704619589864828159400493868154228342324792559809391249398488
7 3 13 25696322831271809916196561751430579308679487342570606675155818729425861215417765930327490945/573290371340446702472605635533826704619589864828159400493868154228342324792559809391249398488
7 3 17 13841502407268501178113373129921423229543847992517402618030484244623894324675930378594107942/71661296417555837809075704441728338077448733103519925061733519278542790599069976173906174811
7 4 1 57536656504080953738580208794462401966477640174819303399523063349451100462231241953290990571/286645185670223351236302817766913352309794932414079700246934077114171162396279904695624699244
7 4 3 43318434554911273685099946276036749988302527132861288178409961200941515480213310547372857617/573290371340446702472605635533826704619589864828159400493868154228342324792559809391249398488
7 4 9 2016346913090519588807259287511562115918421028827104240420147440288140603672712745516995671/19768633494498162154227780535649196711020340166488255189443729456149735337674476185905151672
7 4 19 15/29
7 4 20 29947530440138010460759022148145949335696372506174827351285924358948250408129101264362205095/286645185670223351236302817766913352309794932414079700246934077114171162396279904695624699244
7 5 11 270833179586200622397220146283307371356625615154753221166500123112820168849699376858249784135/573290371340446702472605635533826704619589864828159400493868154228342324792559809391249398488
7 5 12 2016346913090519588807259287511562115918421028827104240420147440288140603672712745516995671/19768633494498162154227780535649196711020340166488255189443729456149735337674476185905151672
7 5 13 29947530440138010460759022148145949335696372506174827351285924358948250408129101264362205095/286645185670223351236302817766913352309794932414079700246934077114171162396279904695624699244
7 5 15 8355853166605008791564340892310008399766889083113595500620488762411310972705146634692954031/286645185670223351236302817766913352309794932414079700246934077114171162396279904695624699244
7 5 22 83688182030567486747664121915886058215201758329421655325685464552223477837341633557448210821/286645185670223351236302817766913352309794932414079700246934077114171162396279904695624699244
7 6 0 46157286219271342195596118607557662936635581981483011531685083478954886787924434056750561031/143322592835111675618151408883456676154897466207039850123467038557085581198139952347812349622
7 6 1 488477358314516741256677443889751462081373646561608795687623462267409236170681089223559135/71661296417555837809075704441728338077448733103519925061733519278542790599069976173906174811
7 6 8 74059483029824394184134538907015994591242095122380155431271369745016987251318842095302908197/286645185670223351236302817766913352309794932414079700246934077114171162396279904695624699244
7 6 18 118317220768598205695949331869223025996956178742487086569542046562174764624429470129926432445/286645185670223351236302817766913352309794932414079700246934077114171162396279904695624699244
7 7 0 27975089385096765882758058401126824729690693642847945428728901981606620728354851640393757739/143322592835111675618151408883456676154897466207039850123467038557085581198139952347812349622
7 7 3 305799887328029964741215343982026895542270982264878426284603506813543022324972458489469467/5512407416735064446851977264748333698265287161809225004748732252195599276851536628762013447
7 7 4 25696322831271809916196561751430579308679487342570606675155818729425861215417765930327490945/573290371340446702472605635533826704619589864828159400493868154228342324792559809391249398488
7 7 10 127323422679699354813099203657531263467320108721198583925227792116898797961201030139831537085/573290371340446702472605635533826704619589864828159400493868154228342324792559809391249398488
7 7 14 74205268178911821972573815110352980741410456126281758489556601176106027781239729298985729343/286645185670223351236302817766913352309794932414079700246934077114171162396279904695624699244
7 7 20 27297678986459596095965749228613662339506948844651940298399810410633938176510300990428523323/143322592835111675618151408883456676154897466207039850123467038557085581198139952347812349622
7 7 21 4741456925827832387545153402766538736895651101569948418064431688058725028050952129231240739/143322592835111675618151408883456676154897466207039850123467038557085581198139952347812349622
8 0 1 18240585116025851221072330562777263524044500181639613914561396579032781969463539952655280599/143322592835111675618151408883456676154897466207039850123467038557085581198139952347812349622
8 0 6 28753788882788617927509069574925467950156310252827204907075167982930891174159961682029101847/71661296417555837809075704441728338077448733103519925061733519278542790599069976173906174811
8 0 14 12313815024435453557889898197999737284164805609744377100406074686882313228150835245525428103/71661296417555837809075704441728338077448733103519925061733519278542790599069976173906174811
8 0 17 42946799904637681426281142774829002162210734300257072193943156638426390424054818540048009123/143322592835111675618151408883456676154897466207039850123467038557085581198139952347812349622
8 1 2 13522162335003834287918531017682837620976726206653868072439067146072054826020488527979180657/573290371340446702472605635533826704619589864828159400493868154228342324792559809391249398488
8 1 4 3070433623406689519893966802896861505069894236201339015291493110899131197882621821921682381/143322592835111675618151408883456676154897466207039850123467038557085581198139952347812349622
8 1 14 60645045808012394643870929888341181316200341071269535178694915578093871759950092473546305561/286645185670223351236302817766913352309794932414079700246934077114171162396279904695624699244
8 1 17 62340043081609019813890260763897524153580909561181006445812820980585912949807324826867510003/286645185670223351236302817766913352309794932414079700246934077114171162396279904695624699244
8 1 22 103137819853573132976503172034155756605671104967768815055392461722420031396786172641754410041/286645185670223351236302817766913352309794932414079700246934077114171162396279904695624699244
8 1 25 95240657025427015236582511931767496827428850476261463000462718076474112961921653691247037097/573290371340446702472605635533826704619589864828159400493868154228342324792559809391249398488
8 2 0 17111672442030176064240118619800810519375415849193108661879614722564844693079806702846391591/143322592835111675618151408883456676154897466207039850123467038557085581198139952347812349622
8 2 10 216611341604180346989747951127610873524145917072488131915493756618958244459518046416557484267/573290371340446702472605635533826704619589864828159400493868154228342324792559809391249398488
8 2 11 325290689075015785952592864497802333532628820640375125346530054338511165210409128408350331/11024814833470128893703954529496667396530574323618450009497464504391198553703073257524026894
8 2 19 141572886478138556670803515961567389567567717251285136122541848937940687924827071414614116457/573290371340446702472605635533826704619589864828159400493868154228342324792559809391249398488
8 2 23 64409130038497527291723725376628103616476881810686638701416497538202104880029061932978805555/573290371340446702472605635533826704619589864828159400493868154228342324792559809391249398488
8 2 24 65335207619608746393835139634931374490200986623627552588878029417379328164925128138479208633/573290371340446702472605635533826704619589864828159400493868154228342324792559809391249398488
8 3 0 66905019909587013091227948656708275502461029858381975893256235466071530492036717087250503015/143322592835111675618151408883456676154897466207039850123467038557085581198139952347812349622
8 3 5 181614196457710274293145947123255352636627897759297540426644172180487268823375214103576133029/573290371340446702472605635533826704619589864828159400493868154228342324792559809391249398488
8 3 12 18964975734730918509829679461504071754450912101722522448696779384266687724728123214490002093/573290371340446702472605635533826704619589864828159400493868154228342324792559809391249398488
8 3 13 21160171738486866896318841851727137180821639527094968645095072271758392469468477793266998983/573290371340446702472605635533826704619589864828159400493868154228342324792559809391249398488
8 3 16 18076900585785985857502721346828210876338015035662965579337366676735529917123644209611726195/573290371340446702472605635533826704619589864828159400493868154228342324792559809391249398488
8 3 18 8973944620454430500659282509725955752617004494381750674428776383170403806808033043997806431/143322592835111675618151408883456676154897466207039850123467038557085581198139952347812349622
8 3 20 7489567175891720637064880271193751787759815748331624280838679079531677165621337386327825101/143322592835111675618151408883456676154897466207039850123467038557085581198139952347812349622
8 4 1 142170838455131724249150454771193545430438308126197441732733256130461707125560393769124715871/573290371340446702472605635533826704619589864828159400493868154228342324792559809391249398488
8 4 11 80193985549227483997709025645764094796003380247644586564734763380357222545729224300108156413/286645185670223351236302817766913352309794932414079700246934077114171162396279904695624699244
8 4 24 270731561786860010228037129471104969597144796206672785631665371337166172575540967021908369791/573290371340446702472605635533826704619589864828159400493868154228342324792559809391249398488
8 5 2 254097917303344218076993263609150264388867393226874035500585874718214067142126379821022831403/573290371340446702472605635533826704619589864828159400493868154228342324792559809391249398488
8 5 8 13748271423599589638667485037113100672281719277349607671691147841219340341816278205795856445/71661296417555837809075704441728338077448733103519925061733519278542790599069976173906174811
8 5 16 79415152948983276617406566590046803976465144487725795509994619470668096969009454046980957183/573290371340446702472605635533826704619589864828159400493868154228342324792559809391249398488
8 5 17 2338014401889945731402868828150829898638638014663943172062475810565119934640326311291196723/44099259333880515574815818117986669586122297294473800037989858017564794214812293030096107576
8 5 22 99396942474753196160628630271764042193701278704131446872946291772358878796569507830093200943/573290371340446702472605635533826704619589864828159400493868154228342324792559809391249398488
8 6 4 119455427802288409632124317978425470563199865757812206305049644135587256280948048743830094157/573290371340446702472605635533826704619589864828159400493868154228342324792559809391249398488
8 6 7 81968852103124538544879005496886079698478389603426302719957526036331433598339715339364747021/573290371340446702472605635533826704619589864828159400493868154228342324792559809391249398488
8 6 8 4122467493231696290181524709722511887040090451108306251112449906648913600850345072498446439/71661296417555837809075704441728338077448733103519925061733519278542790599069976173906174811
8 6 14 3203323755734875713444577925675999541742535853882300040423283571157997791867556448811691191/22049629666940257787407909058993334793061148647236900018994929008782397107406146515048053788
8 6 19 44104245585636053523391507949410185910860012635838059129666046284967320724628844884040433943/143322592835111675618151408883456676154897466207039850123467038557085581198139952347812349622
8 6 21 19795737874382300332756264128879581883211225778440600972572956703313775154849359380700319765/143322592835111675618151408883456676154897466207039850123467038557085581198139952347812349622
8 7 4 103839155042996097787877445399102028695117386471593091997974919424041151111767633599530662679/573290371340446702472605635533826704619589864828159400493868154228342324792559809391249398488
8 7 6 13254557293019976650224964063329075060761912600960337370492757111387296418398300213019345456/71661296417555837809075704441728338077448733103519925061733519278542790599069976173906174811
8 7 9 3960151586905854468321344140564194251491876471855329270666267225851370788636665851539824495/11024814833470128893703954529496667396530574323618450009497464504391198553703073257524026894
8 7 20 157486875434186359130218582318753974360799601012406487457305282168931521324499149807493098421/573290371340446702472605635533826704619589864828159400493868154228342324792559809391249398488
8 8 1 120933590487233627488432492083733744560729473977544440829564558307952665737051541580641740157/573290371340446702472605635533826704619589864828159400493868154228342324792559809391249398488
8 8 3 54924527433116869969041943461520404456524937190118566575079391744187323946298738283406385707/573290371340446702472605635533826704619589864828159400493868154228342324792559809391249398488
8 8 4 12561306508444686390286829814615174851093619207011210482044108093915071069527490691167511508/71661296417555837809075704441728338077448733103519925061733519278542790599069976173906174811
8 8 8 883589354931399607533403385238160844318723634103037416266957430085553875058299602342847871/44099259333880515574815818117986669586122297294473800037989858017564794214812293030096107576
8 8 9 9205296400130696780729881712964498449038732316278775316332946702321553994307929299674964527/573290371340446702472605635533826704619589864828159400493868154228342324792559809391249398488
8 8 15 35423730957258080828882678576321720108487428090749572284987263453376624404379338398588652383/573290371340446702472605635533826704619589864828159400493868154228342324792559809391249398488
8 8 18 87745452380716497495727308769668736384857972865205661315601326630346029806809656665330666347/286645185670223351236302817766913352309794932414079700246934077114171162396279904695624699244
8 8 20 65335207619608746393835139634931374490200986623627552588878029417379328164925128138479208633/573290371340446702472605635533826704619589864828159400493868154228342324792559809391249398488
9 0 7 93358895309156925289617238973215252114681524455030165463307673809073780183011615780472909681/573290371340446702472605635533826704619589864828159400493868154228342324792559809391249398488
9 0 24 78404208349187895299728085967244692537476513391369619253969005144959314442463141440880515417/286645185670223351236302817766913352309794932414079700246934077114171162396279904695624699244
9 0 27 323123059332913986583532224626122067429955313590389996522622470129349915724621910729015457973/573290371340446702472605635533826704619589864828159400493868154228342324792559809391249398488
9 1 1 8821198274631878063424915091249553908621512175024772692339869706232638073535432953358870175/19768633494498162154227780535649196711020340166488255189443729456149735337674476185905151672
9 1 3 85555194161828788753239942751998693932004642731144442502397513704130061350199569361760185613/286645185670223351236302817766913352309794932414079700246934077114171162396279904695624699244
9 1 12 33750161331118878634338407054155366518098106904278992496794286110220866949995781018677180251/573290371340446702472605635533826704619589864828159400493868154228342324792559809391249398488
9 1 21 5780342038177526831520346564536466523609957712060111440327323823064532342392269024748672941/44099259333880515574815818117986669586122297294473800037989858017564794214812293030096107576
9 1 26 37470625225037933682700299990462822080529169129091666190167409529275910558537836679911863703/573290371340446702472605635533826704619589864828159400493868154228342324792559809391249398488
9 2 0 16202587276229076262836843802762745577463352666499459254351477254830380068112577583808714095/573290371340446702472605635533826704619589864828159400493868154228342324792559809391249398488
9 2 3 18601895415597994197874283757944062006386906735887126499949363043788396627362150533883092909/286645185670223351236302817766913352309794932414079700246934077114171162396279904695624699244
9 2 7 132990068893962451267958981413398705083495317307626327446919234629926078529794638745440740167/573290371340446702472605635533826704619589864828159400493868154228342324792559809391249398488
9 2 15 33750161331118878634338407054155366518098106904278992496794286110220866949995781018677180251/573290371340446702472605635533826704619589864828159400493868154228342324792559809391249398488
9 2 24 101521609668156585238656379565575226948385798174377744153916272662851709016368932026757503387/573290371340446702472605635533826704619589864828159400493868154228342324792559809391249398488
9 2 25 288660612259868474309525106937497076901961162380676651666172692465752791012601925447510771/11024814833470128893703954529496667396530574323618450009497464504391198553703073257524026894
9 2 26 118305900751135281004485575310648344240235747929903719127673588737358675920454139412764257339/286645185670223351236302817766913352309794932414079700246934077114171162396279904695624699244
9 3 0 41822464310152878757024844289362306408150841057303427648684276542752013865172901935227831181/143322592835111675618151408883456676154897466207039850123467038557085581198139952347812349622
9 3 1 18426263971230168506752882435116030365165004745497476952348346848673560159524216176913250979/286645185670223351236302817766913352309794932414079700246934077114171162396279904695624699244
9 3 5 39886692477962721870083369469352635551806771713727678853758862793312179885611641575845485459/286645185670223351236302817766913352309794932414079700246934077114171162396279904695624699244
9 3 6 129226710726800869917767688155608265841636369030098879224179600328398933891242136714105957395/573290371340446702472605635533826704619589864828159400493868154228342324792559809391249398488
9 3 10 57427986403088089197225209446983546532233133046899737713324041872692760603937160394426657171/573290371340446702472605635533826704619589864828159400493868154228342324792559809391249398488
9 3 20 51359952035780223787920428482424167389586722801748380674706493286135547373208594518143993161/286645185670223351236302817766913352309794932414079700246934077114171162396279904695624699244
9 4 6 4694163655746812210255712809046745903527160708528153910195342139264049162999676508530064769/573290371340446702472605635533826704619589864828159400493868154228342324792559809391249398488
9 4 11 12967608898274487629888751095686051043000662386215115982472940270827469087282585128275125233/71661296417555837809075704441728338077448733103519925061733519278542790599069976173906174811
9 4 18 258330026366532375838112551500064612023338824957116982661854282952770337901295214908518534221/573290371340446702472605635533826704619589864828159400493868154228342324792559809391249398488
9 4 21 103262655065985806692563681229613469174359290036396668031017503484844092515002118473999898817/286645185670223351236302817766913352309794932414079700246934077114171162396279904695624699244
9 5 5 72704565338392951951437912337326380731901920005785121330203256382150958067875032415095258117/573290371340446702472605635533826704619589864828159400493868154228342324792559809391249398488
9 5 8 2885439084338369936069310115927355432210551413079507784823664647339366798121061905796037225/143322592835111675618151408883456676154897466207039850123467038557085581198139952347812349622
9 5 11 25163751619892202920997576695934771408880301778483699395485675261158944277447414717363261089/286645185670223351236302817766913352309794932414079700246934077114171162396279904695624699244
9 5 12 341853875064346202295989423123179370991288356258997856102636573556624104465819266513520701517/573290371340446702472605635533826704619589864828159400493868154228342324792559809391249398488
9 5 23 12107833920071207829863238277217748543724597419261374141345289397236488313935804175590345972/71661296417555837809075704441728338077448733103519925061733519278542790599069976173906174811
9 6 4 20955140016168395801292772475388161114380896026249126211242392320154716049545934556856376073/71661296417555837809075704441728338077448733103519925061733519278542790599069976173906174811
9 6 8 92177303223561667806492241557797278377610967815939781002276199249856608565096654549844919001/573290371340446702472605635533826704619589864828159400493868154228342324792559809391249398488
9 6 18 117274010028932705092215278677270125486047638206159865937576576714074633514519832623679347547/573290371340446702472605635533826704619589864828159400493868154228342324792559809391249398488
9 6 19 77034187212990153440552581078678975580882951323344163325377436344468820626577755230463762021/286645185670223351236302817766913352309794932414079700246934077114171162396279904695624699244
9 6 22 21064781766312428141225386669148030339559093974689208606660683507117856531710167650973299657/286645185670223351236302817766913352309794932414079700246934077114171162396279904695624699244
9 7 2 30450498286021479667101632947462153155222176228988155311454080219768612030539212541687039471/573290371340446702472605635533826704619589864828159400493868154228342324792559809391249398488
9 7 13 136442066161952316677243486606243201365106508779890043625008936547286938334698929247954947723/286645185670223351236302817766913352309794932414079700246934077114171162396279904695624699244
9 7 14 93934279767185618735435962379133734353738432833702063813140642997317865934711313262465335901/573290371340446702472605635533826704619589864828159400493868154228342324792559809391249398488
9 7 16 88010730481667485357790533497372207190208119102844547059627778958340985078955712545593563835/286645185670223351236302817766913352309794932414079700246934077114171162396279904695624699244
9 8 0 192111591878624489639391609217122766299319746267563678750342276241006535887010862207477842949/573290371340446702472605635533826704619589864828159400493868154228342324792559809391249398488
9 8 1 82936758488680280077499527660865613429032600596563486616877944488751346964239059530964144735/573290371340446702472605635533826704619589864828159400493868154228342324792559809391249398488
9 8 2 73136200868890061161066815780872775426677081192070825955769080711499475184635701759294893127/573290371340446702472605635533826704619589864828159400493868154228342324792559809391249398488
9 8 6 3570158134767097545425014854988763116939876255372887222202865809177636594014648822242159951/573290371340446702472605635533826704619589864828159400493868154228342324792559809391249398488
9 8 11 110767830984742387024611334009988393173810280258294260974337993488953665081329768535635178863/286645185670223351236302817766913352309794932414079700246934077114171162396279904695624699244
9 9 5 185922295269950696842974611385414961661097186258262116561811151610492860321992430897645466915/573290371340446702472605635533826704619589864828159400493868154228342324792559809391249398488
9 9 6 238113003878150301256879414357690962647283057169276928242853051390004351767558585487319699653/573290371340446702472605635533826704619589864828159400493868154228342324792559809391249398488
9 9 7 18656884024043213046593951223840097538901202675077544461150493903480639087876099125785528990/71661296417555837809075704441728338077448733103519925061733519278542790599069976173906174811
10 0 3 5894036860437624470949486314228353262358859122929112808917163265642449922994428900898455585/19768633494498162154227780535649196711020340166488255189443729456149735337674476185905151672
10 0 14 35372809485528837663538265865092924536700944685005188807724777736705017341915932655404604083/71661296417555837809075704441728338077448733103519925061733519278542790599069976173906174811
10 0 19 119380826503524891506764405500461063717575392783173618573472197631071138290393910021957353859/573290371340446702472605635533826704619589864828159400493868154228342324792559809391249398488
10 1 17 138430573637424738403158623439751904988689388762969592723442890221830875326576261984726307793/286645185670223351236302817766913352309794932414079700246934077114171162396279904695624699244
10 1 20 73627389510100280891560710017082724061271064068859261060909996518559333377714955952875865963/573290371340446702472605635533826704619589864828159400493868154228342324792559809391249398488
10 1 27 17138602658115149598055975279787705429303078710258534922005567482009326212437871497609301303/44099259333880515574815818117986669586122297294473800037989858017564794214812293030096107576
10 2 1 62665246064277378967460784993451056154870186590275017872167239664388961298388105622944272535/286645185670223351236302817766913352309794932414079700246934077114171162396279904695624699244
10 2 19 1558301913380851474443104003939542295445425791269185046735276395267557648134256315143629621/44099259333880515574815818117986669586122297294473800037989858017564794214812293030096107576
10 2 21 18497792553677098192064231212395724048221006910906118173924742805506190838909089151115312639/143322592835111675618151408883456676154897466207039850123467038557085581198139952347812349622
10 2 24 225488638204820199727988579999482572962788347224556874445713576387224512391512722289186442719/573290371340446702472605635533826704619589864828159400493868154228342324792559809391249398488
10 2 25 64111072959206141436839104323322536656693290746464306000281267075918438511444593577422987535/286645185670223351236302817766913352309794932414079700246934077114171162396279904695624699244
10 3 5 46850792750580985444345108408694159179565659058890736603205558720652807944607123795884717717/573290371340446702472605635533826704619589864828159400493868154228342324792559809391249398488
10 3 7 249543537047512538254297382407358139088903829479389121297707525110984742497417729513244424991/573290371340446702472605635533826704619589864828159400493868154228342324792559809391249398488
10 3 19 68875638001746361141064658424239504343265303856645083699321881952398763593756189446295911545/143322592835111675618151408883456676154897466207039850123467038557085581198139952347812349622
10 3 22 174186191920966776213063877602048622257395107912400974458442823388714996938774787117076200/71661296417555837809075704441728338077448733103519925061733519278542790599069976173906174811
10 4 0 40009915620035313772857435827270640663343716089475936020995098804954176855003281693520262853/573290371340446702472605635533826704619589864828159400493868154228342324792559809391249398488
10 4 6 165597766336948866984486008841274991842523314016864237680610793468159699593746270390763760121/573290371340446702472605635533826704619589864828159400493868154228342324792559809391249398488
10 4 7 134390556413029322718241939733771798913626277669960420445596529876542391770314805598004866749/573290371340446702472605635533826704619589864828159400493868154228342324792559809391249398488
10 4 16 84587405029940510703321373583380693081498009140947506677491162458749866133456484214359607831/286645185670223351236302817766913352309794932414079700246934077114171162396279904695624699244
10 4 23 64117322910552177590377503964747887037100538769963792991683407161186324306582483280241293103/573290371340446702472605635533826704619589864828159400493868154228342324792559809391249398488
10 5 1 47928058437670347679521207068667719013761479997897748391899139918027402171793057616734339809/286645185670223351236302817766913352309794932414079700246934077114171162396279904695624699244
10 5 6 86796052590866130575722044390465751423637055506385112082536229288290335170047520881352357939/573290371340446702472605635533826704619589864828159400493868154228342324792559809391249398488
10 5 17 21240065256264436601953066131201780823105830212861270905808539309679164814334643499915185527/143322592835111675618151408883456676154897466207039850123467038557085581198139952347812349622
10 5 20 172339103814480102940579934064789020707160061145499084562425997143085376446536075522413103487/573290371340446702472605635533826704619589864828159400493868154228342324792559809391249398488
10 5 21 16667354629337753398681122302053671396105808416129327930234186340274393696881440469294314417/71661296417555837809075704441728338077448733103519925061733519278542790599069976173906174811
10 6 0 2572744906973296627674343226136805755297838999123404324283577537947677037837849746093207209/22049629666940257787407909058993334793061148647236900018994929008782397107406146515048053788
10 6 2 368290510633880419794438282839938971751861484437362622375112759858491634146556876108123467395/573290371340446702472605635533826704619589864828159400493868154228342324792559809391249398488
10 6 9 138108493125260570358634428814330783229984566413588265687382378383211087662218839884702543659/573290371340446702472605635533826704619589864828159400493868154228342324792559809391249398488
10 7 0 600138652383068158966232098221215248632635314363534946827197376761871304296758938322286411/11024814833470128893703954529496667396530574323618450009497464504391198553703073257524026894
10 7 5 368290510633880419794438282839938971751861484437362622375112759858491634146556876108123467395/573290371340446702472605635533826704619589864828159400493868154228342324792559809391249398488
10 7 18 59866669031647103190166857672060450271196294875657364711463863800346436465555636994917669537/573290371340446702472605635533826704619589864828159400493868154228342324792559809391249398488
10 7 21 14240747718874954402719553239290511208454381146029449521534658372235868294626978936931171023/71661296417555837809075704441728338077448733103519925061733519278542790599069976173906174811
10 8 14 6660625102131310007125997750756450160985430794366091595266136367965376060411308727778398403/71661296417555837809075704441728338077448733103519925061733519278542790599069976173906174811
10 8 15 277032810259200834880148962434302347701442577082665093290935940195933354428945160019305641453/573290371340446702472605635533826704619589864828159400493868154228342324792559809391249398488
10 8 16 189652665179641205510794811249150557968638796271696484532604742191919929699651277614821742393/573290371340446702472605635533826704619589864828159400493868154228342324792559809391249398488
10 8 17 26659947542277091012326939922161098830812522559434544954099190448383016090336450967447413709/286645185670223351236302817766913352309794932414079700246934077114171162396279904695624699244
10 9 0 277032810259200834880148962434302347701442577082665093290935940195933354428945160019305641453/573290371340446702472605635533826704619589864828159400493868154228342324792559809391249398488
10 9 4 296257561081245867592456673099524356918147287745494307202932214032408970363614649371943757035/573290371340446702472605635533826704619589864828159400493868154228342324792559809391249398488
10 10 1 24244336797570743993102425890549447574270476289988478306273194926788964393850209178081370053/71661296417555837809075704441728338077448733103519925061733519278542790599069976173906174811
10 10 2 46850792750580985444345108408694159179565659058890736603205558720652807944607123795884717717/573290371340446702472605635533826704619589864828159400493868154228342324792559809391249398488
10 10 3 118883742303215537646326718149108774013279855750759051775386104546735471727549350532064428077/573290371340446702472605635533826704619589864828159400493868154228342324792559809391249398488
10 10 4 9859228335397527984183660290229766668742017457660389469298875717722661859068258604818020653/71661296417555837809075704441728338077448733103519925061733519278542790599069976173906174811
10 10 16 56313828144939178321345832832721186799792328942661861090731251469724780124599753860467227057/573290371340446702472605635533826704619589864828159400493868154228342324792559809391249398488
10 10 18 78413487077964825242299286697068870682852071094656808819968674335136254972455838939637899989/573290371340446702472605635533826704619589864828159400493868154228342324792559809391249398488
11 0 14 21503592720779276318369067811679526667705440287959327254922200672936743111793898749737998666/71661296417555837809075704441728338077448733103519925061733519278542790599069976173906174811
11 0 23 12158470960568952180479595256175782577675092406020565423723931909362077332962022627833672425/286645185670223351236302817766913352309794932414079700246934077114171162396279904695624699244
11 0 24 188472343826537293782346951264019463061298078856221825803521342513062112616142287068839032155/286645185670223351236302817766913352309794932414079700246934077114171162396279904695624699244
11 1 1 32888649498133145871420180850276945723218802244728418798146966946583612499817602500045937053/143322592835111675618151408883456676154897466207039850123467038557085581198139952347812349622
11 1 7 4344445326499172519191383780875308646455307733070445234921208194889848072057565379292791473/573290371340446702472605635533826704619589864828159400493868154228342324792559809391249398488
11 1 16 19669739880759927238729622375581906640606845830724344788864391886389428286323773059198484742/71661296417555837809075704441728338077448733103519925061733519278542790599069976173906174811
11 1 22 280033408975335528557896549347188359955404581470380521755443943156002600430641649538184980867/573290371340446702472605635533826704619589864828159400493868154228342324792559809391249398488
11 2 0 248282779196703579146852023102844131578180168671164573043076157479806277433715932509259627207/573290371340446702472605635533826704619589864828159400493868154228342324792559809391249398488
11 2 8 325007592143743123325753612430982573041409696156994827450791996748536047358843876881989771281/573290371340446702472605635533826704619589864828159400493868154228342324792559809391249398488
11 3 4 390246717330227695407478979828037668186269716631897466272957641055151087512161731197500934495/573290371340446702472605635533826704619589864828159400493868154228342324792559809391249398488
11 3 9 3225904870088605463069833705736898865143629994440172018609076578410542644667769613204979931/71661296417555837809075704441728338077448733103519925061733519278542790599069976173906174811
11 3 10 786137338276462320936455860855935317546005726915750671632907095638409608206558204242054807/573290371340446702472605635533826704619589864828159400493868154228342324792559809391249398488
11 3 12 58307144288616831349703920062389871192361989362609897750675772229878249331930074955167190547/286645185670223351236302817766913352309794932414079700246934077114171162396279904695624699244
11 3 14 9958997283500009585055922518564541952475280947151252974763362247627996962747303293383047161/143322592835111675618151408883456676154897466207039850123467038557085581198139952347812349622
11 4 3 258997447054874403536933572030252360003201721828715335557443656212943867165058860771658459/2471079186812270269278472566956149588877542520811031898680466182018716917209309523238143959
11 4 14 4057483682733428445221178359659983991793585643206496913252535156189286950841124765821564157/19768633494498162154227780535649196711020340166488255189443729456149735337674476185905151672
11 4 17 21067357970049080335153724924551620926362696586340457011558018807446284627742170317753388504/71661296417555837809075704441728338077448733103519925061733519278542790599069976173906174811
11 4 19 902619166653992625345701241784698095308073563126483249413650373490317873759739141443769997/9884316747249081077113890267824598355510170083244127594721864728074867668837238092952575836
11 4 22 174645161398122200989342402972743164398063242358849347601761834335441312335871302737633507589/573290371340446702472605635533826704619589864828159400493868154228342324792559809391249398488
11 5 6 213293113817046712295672573822632310232604590516937867232615793881810698733031883876322463273/573290371340446702472605635533826704619589864828159400493868154228342324792559809391249398488
11 5 18 97976307811052724358332540436879109714844790885472188288322248854278720991882387278227502913/573290371340446702472605635533826704619589864828159400493868154228342324792559809391249398488
11 5 20 40315916691521755733095029310106213942577638222795035555230915386387725566688106015090475151/286645185670223351236302817766913352309794932414079700246934077114171162396279904695624699244
11 5 21 22673639541162969294051307831762857098373150872519909232808535089934681741783665775814810250/71661296417555837809075704441728338077448733103519925061733519278542790599069976173906174811
11 6 3 287521087225740233810387264518716788166855245409126716103284572484306890963731731345224015225/573290371340446702472605635533826704619589864828159400493868154228342324792559809391249398488
11 6 6 99683638906124568828907746628080014475180335227981990814713940130936815327892289457137810659/573290371340446702472605635533826704619589864828159400493868154228342324792559809391249398488
11 6 9 72457954853848790715652282734451435926641341857404085527657717949329125505854507724720018851/573290371340446702472605635533826704619589864828159400493868154228342324792559809391249398488
11 6 18 53049366071515366950776031456103064834745829984985288415132261410716708325116704620423302363/573290371340446702472605635533826704619589864828159400493868154228342324792559809391249398488
11 6 21 30289162141608871083441155098237700608083556174330659816539831126526392334982288121872125695/286645185670223351236302817766913352309794932414079700246934077114171162396279904695624699244
11 7 1 62663266451607716851146978054036821332801409969582298335746286274009008667805755007267962851/286645185670223351236302817766913352309794932414079700246934077114171162396279904695624699244
11 7 3 15911864849944113702001922948437488634876796037155092893342115433710106280592594878711184649/143322592835111675618151408883456676154897466207039850123467038557085581198139952347812349622
11 7 11 17494832689828433425589724640105910672787789077113352905230181798997789350342024316468581967/286645185670223351236302817766913352309794932414079700246934077114171162396279904695624699244
11 7 14 22086133000271795173358190036470149469706965904842809884596842029671698570170843641764323517/286645185670223351236302817766913352309794932414079700246934077114171162396279904695624699244
11 7 20 11736709525279013721708006087648114889595782722171619487282810472620957942059699382515497047/22049629666940257787407909058993334793061148647236900018994929008782397107406146515048053788
11 8 2 1254565028685801713318099850660443489519325726859594608873315613700558282251771878360421611/11024814833470128893703954529496667396530574323618450009497464504391198553703073257524026894
11 8 4 14775964451680941955100423110426477777424675009355109399142343116374812185787323741607642713/573290371340446702472605635533826704619589864828159400493868154228342324792559809391249398488
11 8 5 49329091593884037152434741686996457777342609691485515442542217095376666929163503080404166642/71661296417555837809075704441728338077448733103519925061733519278542790599069976173906174811
11 8 18 98644292646031774205486086693085503168419374490221247892975662436525146496372323331666498867/573290371340446702472605635533826704619589864828159400493868154228342324792559809391249398488
11 9 4 6206986073943636523082443672683422298721679023497161710638224164989751633570487167088738906/71661296417555837809075704441728338077448733103519925061733519278542790599069976173906174811
11 9 5 989801076410193158606749355147810844462063948865727384538528726392974046093029567506631459/44099259333880515574815818117986669586122297294473800037989858017564794214812293030096107576
11 9 16 108440410048038941948870064239018750426210044137033809918547431636310173036338445604873449643/573290371340446702472605635533826704619589864828159400493868154228342324792559809391249398488
11 9 19 201163329353763078638594140148209517412799778583946920445607027914502738044224041036039914315/286645185670223351236302817766913352309794932414079700246934077114171162396279904695624699244
11 10 6 35425454412571612105664657967304799911420724521077502827469010869674099676397194735589553631/143322592835111675618151408883456676154897466207039850123467038557085581198139952347812349622
11 10 14 24684516648867775031769018335789533396125836131800929335030831054602979209111673517717121783/573290371340446702472605635533826704619589864828159400493868154228342324792559809391249398488
11 10 15 265606326942375276132178829460700346042102503246605988328196515082358288596798294640764088511/573290371340446702472605635533826704619589864828159400493868154228342324792559809391249398488
11 10 17 22236449608246407653987120961151284001952590176026610763693260737561555400749048021667828461/143322592835111675618151408883456676154897466207039850123467038557085581198139952347812349622
11 10 18 902619166653992625345701241784698095308073563126483249413650373490317873759739141443769997/9884316747249081077113890267824598355510170083244127594721864728074867668837238092952575836
11 11 0 206395791176754150400386929217087392775287655158065296314129620011637635332797019766558861249/573290371340446702472605635533826704619589864828159400493868154228342324792559809391249398488
11 11 1 7607593826065758167664010492721157645961145958121215288197128352195824824293501240811492867/22049629666940257787407909058993334793061148647236900018994929008782397107406146515048053788
11 11 2 331165920433099235247069433849536152669224426981127636556184148719798436428774899711489285/19768633494498162154227780535649196711020340166488255189443729456149735337674476185905151672
11 11 3 43422616031210179308275407296446234126362594807220823831225815030893619498117185716724972147/573290371340446702472605635533826704619589864828159400493868154228342324792559809391249398488
11 11 5 1626842194105273147099078524380631764024831550416941028202316113286962577034329077758584357/19768633494498162154227780535649196711020340166488255189443729456149735337674476185905151672
11 11 9 17223072333289965329160183855217027334705549151794422894347718607630888784896139075058653733/143322592835111675618151408883456676154897466207039850123467038557085581198139952347812349622
12 0 7 171467742259117463760483647635360810634475446474398748239310834925070788573790637209520833423/286645185670223351236302817766913352309794932414079700246934077114171162396279904695624699244
12 0 9 4991895811785383663441158412122436344220655587902867777601997889169940514795840386565486411/286645185670223351236302817766913352309794932414079700246934077114171162396279904695624699244
12 0 21 55092773799660251906189005859715052665549415175889042115010622149965216653846713549769189705/143322592835111675618151408883456676154897466207039850123467038557085581198139952347812349622
12 1 3 46776867387950320259423409391570538438741469932082281198090375027410423889361739818068352541/143322592835111675618151408883456676154897466207039850123467038557085581198139952347812349622
12 1 4 203091858638093468386969529038939196919633123053730699408996659351013426233439863931515615/476947064343133695900670245868408240116131335131580200078093306346374646250049758228992844
12 1 17 11495240144910102024113158883241446307452638497782820415412483056498571944339023019043446651/143322592835111675618151408883456676154897466207039850123467038557085581198139952347812349622
12 1 19 3695597197154487089896999558837455805285169892235180513470874513568777043275463138350785865/22049629666940257787407909058993334793061148647236900018994929008782397107406146515048053788
12 2 1 46928659985982528922756123016757777991074399856363054466236702723455539767339071160814586021/286645185670223351236302817766913352309794932414079700246934077114171162396279904695624699244
12 2 3 58910658613573492063413054077108377603685473391722502548550873753643114318520328496215159891/286645185670223351236302817766913352309794932414079700246934077114171162396279904695624699244
12 2 22 45201466767666832562533410168261799178758764791498535808036625159268127077605126259648738333/71661296417555837809075704441728338077448733103519925061733519278542790599069976173906174811
12 3 4 31495976863832211908431750960071424661571805261646477127058875877091774775910114464836806203/286645185670223351236302817766913352309794932414079700246934077114171162396279904695624699244
12 3 11 49359243540927023455715630804941935419827539215402223198393181713074933742444840729285280235/286645185670223351236302817766913352309794932414079700246934077114171162396279904695624699244
12 3 15 10281469567621950257071803980501452528475500741911134589672318508802276843286263907607650035/143322592835111675618151408883456676154897466207039850123467038557085581198139952347812349622
12 3 22 16575512902639924169428404005641940543179798228777261658975029391199795852627611821304860642/71661296417555837809075704441728338077448733103519925061733519278542790599069976173906174811
12 3 23 29731243629915129670074553004582331249681348384524921026559316235400179195210493600266967542/71661296417555837809075704441728338077448733103519925061733519278542790599069976173906174811
12 4 1 55767024269242173592077442783777272068990857812371360242458573849243835666572689620675206291/286645185670223351236302817766913352309794932414079700246934077114171162396279904695624699244
12 4 10 153604475582022652213199767790490299876219712520643002167976529089087629607255910945072359391/286645185670223351236302817766913352309794932414079700246934077114171162396279904695624699244
12 4 12 31663591153166046693558477137042338608066212052768766236980568763849508985954296591987757585/143322592835111675618151408883456676154897466207039850123467038557085581198139952347812349622
12 4 16 1487434652113801645298330874241542478293384404785757080969490018550082719300927050621963699/143322592835111675618151408883456676154897466207039850123467038557085581198139952347812349622
12 4 23 5485817104199414376655995585039009095932584582978145600299428305520256855970428422328845497/143322592835111675618151408883456676154897466207039850123467038557085581198139952347812349622
12 5 1 138242448710077216970031477848656881749886213609102244150735813411035107657208456943354842455/286645185670223351236302817766913352309794932414079700246934077114171162396279904695624699244
12 5 8 48692552046455099403506841952443230067307370698174297629568957494820893868944286426232856573/143322592835111675618151408883456676154897466207039850123467038557085581198139952347812349622
12 5 23 51017632867235935459257656013370010425293977408628860837060348713494267001182874899804143643/286645185670223351236302817766913352309794932414079700246934077114171162396279904695624699244
12 6 13 74861407294158414060416786395364249376569755342377297304454351606114951991521189735674341377/143322592835111675618151408883456676154897466207039850123467038557085581198139952347812349622
12 6 15 48653941016294697630600684046988144242998708128630925884161282785897318356522722620307568339/286645185670223351236302817766913352309794932414079700246934077114171162396279904695624699244
12 6 21 88268430065611825484868560929196709313656713600694179753864091116043940056714802603968448151/286645185670223351236302817766913352309794932414079700246934077114171162396279904695624699244
12 7 2 6258569405419995177042932794514214696854706736260167294642859184392890872084994601968065771/11024814833470128893703954529496667396530574323618450009497464504391198553703073257524026894
12 7 3 9118328958897222389916484866879282242002662622121347492737809705127533066953948706097350655/286645185670223351236302817766913352309794932414079700246934077114171162396279904695624699244
12 7 5 481441034369117343080414525045744701801345969159008458910508365140590592275456236762366708/71661296417555837809075704441728338077448733103519925061733519278542790599069976173906174811
12 7 7 22072099779138675629465929050091361795853500172528982250838453699854564185615100324728378137/143322592835111675618151408883456676154897466207039850123467038557085581198139952347812349622
12 7 8 4847936986187641743415968600574812721187494407552189043036610360327322434869129671986479634/71661296417555837809075704441728338077448733103519925061733519278542790599069976173906174811
12 7 19 49342340529901866638352689639999534665907532797291248584016546313247686175307552053905496901/286645185670223351236302817766913352309794932414079700246934077114171162396279904695624699244
12 8 1 6169785715925107442982213046423027077802780803266531008615528218137208629810734598969761133/286645185670223351236302817766913352309794932414079700246934077114171162396279904695624699244
12 8 2 3245581313088736627874269386086360644981995266859186161820472284909866501796965102794026379/11024814833470128893703954529496667396530574323618450009497464504391198553703073257524026894
12 8 20 196090285813991091468589600682244948462460274672474329030986269488377424719748077424010252257/286645185670223351236302817766913352309794932414079700246934077114171162396279904695624699244
12 9 6 16307942993479679883930772257083121123625716350458057796836411588374637091872440984960153801/143322592835111675618151408883456676154897466207039850123467038557085581198139952347812349622
12 9 9 36611716306298330609153816289849956673754220273584720710557376650174689951057258843554719155/143322592835111675618151408883456676154897466207039850123467038557085581198139952347812349622
12 9 16 45201466767666832562533410168261799178758764791498535808036625159268127077605126259648738333/71661296417555837809075704441728338077448733103519925061733519278542790599069976173906174811
12 10 5 291250504118645427567807406280823208937001036037280789537522236843562420704784518518402699/9884316747249081077113890267824598355510170083244127594721864728074867668837238092952575836
12 10 8 65165533321783130573584849194214623934194766527272919218381130885460307121782930391701382109/143322592835111675618151408883456676154897466207039850123467038557085581198139952347812349622
12 10 17 147867854407216372689666704596340231382232369314452718913583670474787237952275292875188256755/286645185670223351236302817766913352309794932414079700246934077114171162396279904695624699244
12 11 0 65777499027184129718576114198417709098028500448641306472751644276530281875760432708122212285/143322592835111675618151408883456676154897466207039850123467038557085581198139952347812349622
12 11 6 76249583984190450189954234332791834890616605771084830123637981614087309879977613410539245843/286645185670223351236302817766913352309794932414079700246934077114171162396279904695624699244
12 11 15 78840603631664641609196355037286099223121325745712257177792806947023288764781425868841028831/286645185670223351236302817766913352309794932414079700246934077114171162396279904695624699244
12 12 0 57776460313429383745347514149389770345848625591910288461271664824405563984705043453784985665/143322592835111675618151408883456676154897466207039850123467038557085581198139952347812349622
12 12 3 2968964334374857156378059688594495705654521257440901766487729381909588983799548024965430327/22049629666940257787407909058993334793061148647236900018994929008782397107406146515048053788
12 12 11 66193677085931744034979397493837605271869711968418353724150147935736194226965246178284691095/286645185670223351236302817766913352309794932414079700246934077114171162396279904695624699244
12 12 12 16575512902639924169428404005641940543179798228777261658975029391199795852627611821304860642/71661296417555837809075704441728338077448733103519925061733519278542790599069976173906174811
13 0 3 2/29
13 0 26 27/29
13 1 0 157909236449735631053544729749201301182921422346064302344783102164050334905570863135290017447/286645185670223351236302817766913352309794932414079700246934077114171162396279904695624699244
13 1 4 128735949220487720182758088017712051126873510068015397902150974950120827490709041560334681797/286645185670223351236302817766913352309794932414079700246934077114171162396279904695624699244
13 2 4 181287533263495721631528781122124252022721699733230903320897989522818579273028264305768136037/573290371340446702472605635533826704619589864828159400493868154228342324792559809391249398488
13 2 12 49105624320372854919283574735984364184604781394574843769454856828124447110919849087162275695/573290371340446702472605635533826704619589864828159400493868154228342324792559809391249398488
13 2 18 59262032144682681328526572048643362254094827225212606895581349394572388076399447215648484313/573290371340446702472605635533826704619589864828159400493868154228342324792559809391249398488
13 2 22 15783775184103750031101571330890854390750692740098315522637555411577489442130635781026258902/71661296417555837809075704441728338077448733103519925061733519278542790599069976173906174811
13 2 25 157364980139065444344454136979947891032163014554354522326833515190206994795167162534460431227/573290371340446702472605635533826704619589864828159400493868154228342324792559809391249398488
13 3 9 192937064155412437785377722094772469490480487382824400646371787945852616379628882130286134711/573290371340446702472605635533826704619589864828159400493868154228342324792559809391249398488
13 3 11 1991331880653604928586016202378959368113393990621203954194085047818961324859593052985019271/11024814833470128893703954529496667396530574323618450009497464504391198553703073257524026894
13 3 16 181609112491511139847877917844165834034380776801038469737690401744406362360921013428446677/143322592835111675618151408883456676154897466207039850123467038557085581198139952347812349622
13 3 18 180787736127513691867080697779974897366065353399774940936799002125114831871023433482813149083/573290371340446702472605635533826704619589864828159400493868154228342324792559809391249398488
13 3 21 47644938406783535987141430731998393642505006713026649706827090031905631099882485484607662947/286645185670223351236302817766913352309794932414079700246934077114171162396279904695624699244
13 4 0 94993672646979216167105117304979956921080464625921190989780755892982619862764509593001595513/573290371340446702472605635533826704619589864828159400493868154228342324792559809391249398488
13 4 2 272565587699650732270762371721506090356573885871430399647186048947023643438026639448594555283/573290371340446702472605635533826704619589864828159400493868154228342324792559809391249398488
13 4 7 1852563084790431330778372331034185257111254136151357511712936738604210974840067897449965611/44099259333880515574815818117986669586122297294473800037989858017564794214812293030096107576
13 4 21 82684788133130928851153132848670368587997166070633025505546836329480225152255718164001202169/573290371340446702472605635533826704619589864828159400493868154228342324792559809391249398488
13 4 23 24740750689602554470866543338806470102873011122551784174771583864250273416648014879700623145/143322592835111675618151408883456676154897466207039850123467038557085581198139952347812349622
13 5 3 117044211879107659162727765501454678110994052390371664449341416524789714687304453848251408925/286645185670223351236302817766913352309794932414079700246934077114171162396279904695624699244
13 5 5 32839089913859018090428388266425255279425782544722042827901213040131960347526617082396131725/143322592835111675618151408883456676154897466207039850123467038557085581198139952347812349622
13 5 23 103922793963397655892718275732608163639949314934263950141790234509117527013922216682581026869/286645185670223351236302817766913352309794932414079700246934077114171162396279904695624699244
13 6 5 72462423127519432718460172680701593913049517090131961499536946627636678872843152784592602325/286645185670223351236302817766913352309794932414079700246934077114171162396279904695624699244
13 6 15 42994193836030573417684064577654310848298067088280046978315400142205452297202663764007119545/573290371340446702472605635533826704619589864828159400493868154228342324792559809391249398488
13 6 16 265622460096207342736428135682834932262570244144774365373160586253273662496118410448885371129/573290371340446702472605635533826704619589864828159400493868154228342324792559809391249398488
13 6 22 29937217788292480220393272477983568420655629853710266285829568644397463063388107402292925791/143322592835111675618151408883456676154897466207039850123467038557085581198139952347812349622
13 7 2 1786799246093597125298480966484579817586460671377736699036914092947457294861039844591407775/11024814833470128893703954529496667396530574323618450009497464504391198553703073257524026894
13 7 6 77792948270152018772373927440671464738539788284546596135276662276341955998795720429047670867/573290371340446702472605635533826704619589864828159400493868154228342324792559809391249398488
13 7 13 43384477282465256959415807490707383831407119373497109154335112064908765730353555004649555969/286645185670223351236302817766913352309794932414079700246934077114171162396279904695624699244
13 7 15 22111571629243114297336278220632270126350879014780935417401391192559423830494930713171949635/573290371340446702472605635533826704619589864828159400493868154228342324792559809391249398488
13 7 18 73425834019813501242135701158477512894347250967548835570650085949088908542446994080244365437/143322592835111675618151408883456676154897466207039850123467038557085581198139952347812349622
13 8 0 12273639046560751246587843120834231629719598185297528904926420006516731317164404826652268643/143322592835111675618151408883456676154897466207039850123467038557085581198139952347812349622
13 8 9 190226159982638368627050060208285342457587305430265527783811377921530108490888236697573505347/573290371340446702472605635533826704619589864828159400493868154228342324792559809391249398488
13 8 12 1741147808020320834528059353879073177008151570226398101807636376080294900310774851272970001/4942158373624540538556945133912299177755085041622063797360932364037433834418619046476287918
13 8 13 131996509441208112053949317792231947110178584510441577280665276655431082596964070639402298453/573290371340446702472605635533826704619589864828159400493868154228342324792559809391249398488
13 9 7 61245562533791845371189994022939005363813382031390446174787395735573618335834768471734599065/573290371340446702472605635533826704619589864828159400493868154228342324792559809391249398488
13 9 10 87726115514884728653594585877370593286843772089923432835530976157354153152165012277190009709/286645185670223351236302817766913352309794932414079700246934077114171162396279904695624699244
13 9 11 128072652494947444875335720480225344012709099606263231766165305550946376230134750774000727991/573290371340446702472605635533826704619589864828159400493868154228342324792559809391249398488
13 9 15 104259962640968977459445374637960584334689919505329428440926750313557011961130132795567026007/286645185670223351236302817766913352309794932414079700246934077114171162396279904695624699244
13 10 1 2465333871282139373131283122737052304657461658298708067998966539830588502220324763356401839/11024814833470128893703954529496667396530574323618450009497464504391198553703073257524026894
13 10 7 42677488656332513005951877509502058082531008557367796414943665353081758777370298435729607105/71661296417555837809075704441728338077448733103519925061733519278542790599069976173906174811
13 10 14 25918275195778837755540973268870880029288447534421052409593142833124413114535133552719911505/143322592835111675618151408883456676154897466207039850123467038557085581198139952347812349622
13 11 0 615708299816219607809450426427845504026281649356582817929329543773973307539148944956213980/71661296417555837809075704441728338077448733103519925061733519278542790599069976173906174811
13 11 1 44868635072653934327116946290899494494759166785760732944734115458375791095306121527163082311/286645185670223351236302817766913352309794932414079700246934077114171162396279904695624699244
13 11 2 168273955854932595377866692483824070326479343712110182117875113535751431346410145652091335561/573290371340446702472605635533826704619589864828159400493868154228342324792559809391249398488
13 11 6 2107035118151905489484994178226504079713810605974991011619994569858675407360232836028732957/573290371340446702472605635533826704619589864828159400493868154228342324792559809391249398488
13 11 8 9637312477192002109705506576010847248333949498971132522945853163092173056690166539089507797/22049629666940257787407909058993334793061148647236900018994929008782397107406146515048053788
13 11 9 28838159708266260618100640951136174367492718385225326667438998307696174956959833136413125393/286645185670223351236302817766913352309794932414079700246934077114171162396279904695624699244
13 12 3 130063706802119367765119491194160280776760199690731525418705201677081977033626498475562986975/286645185670223351236302817766913352309794932414079700246934077114171162396279904695624699244
13 12 7 13375539058090352680653277507516054103880178779360303121046974894245052861186602299377260787/71661296417555837809075704441728338077448733103519925061733519278542790599069976173906174811
13 12 16 103079322635742572748570216542688855117514017605906962344040975860108973917906997022552669121/286645185670223351236302817766913352309794932414079700246934077114171162396279904695624699244
13 13 0 68920736220227138041128521764386061359537229241090316272493418718700852714333810289598678325/573290371340446702472605635533826704619589864828159400493868154228342324792559809391249398488
13 13 10 113472256833122424247623674821043051753079255068223926566156945420403353211387182067737274413/286645185670223351236302817766913352309794932414079700246934077114171162396279904695624699244
13 13 14 277425121453974715936229764127354539753894125450621231089060844668834765655451634966176171337/573290371340446702472605635533826704619589864828159400493868154228342324792559809391249398488
14 0 5 21/29
14 0 7 21768041180593434602277827883874349362436132272728865604818007428235400616871743916827397747/286645185670223351236302817766913352309794932414079700246934077114171162396279904695624699244
14 0 10 57306492797399214014633294258722437481645228393224155152956910396363540733826160826793208941/286645185670223351236302817766913352309794932414079700246934077114171162396279904695624699244
14 1 18 13605533299710858640092569804246325371665505874990912760309034679453309181609011482594139769/19768633494498162154227780535649196711020340166488255189443729456149735337674476185905151672
14 1 23 8485298263563153527800430577373855381748430440525115078756179176407834151830598621551929649/71661296417555837809075704441728338077448733103519925061733519278542790599069976173906174811
14 1 26 110847519540326573687517666591692425787302750929222009814856715112933685311253687423603907995/573290371340446702472605635533826704619589864828159400493868154228342324792559809391249398488
14 2 3 103057205505214822878199700229094602938325176545397305275838636252127670672637907654308224709/573290371340446702472605635533826704619589864828159400493868154228342324792559809391249398488
14 2 20 87792545024419939217559749989147810905962068942837545981280476641531429446822068571340429821/143322592835111675618151408883456676154897466207039850123467038557085581198139952347812349622
14 2 21 119062985737552122724166935348140858057416412511411911292907611410088936332633627451579454495/573290371340446702472605635533826704619589864828159400493868154228342324792559809391249398488
14 3 3 82147011457031653673860734722670008784188815051190471708044380029628223697885906980449886343/286645185670223351236302817766913352309794932414079700246934077114171162396279904695624699244
14 3 24 204498174213191697562442083044243343525606117362889228538889697084542938698393997715174812901/286645185670223351236302817766913352309794932414079700246934077114171162396279904695624699244
14 4 4 161317277154582157967951911514676287642557031276026442307196534062820057285505087320183279837/573290371340446702472605635533826704619589864828159400493868154228342324792559809391249398488
14 4 5 55091862450770474355622544056098970749837544786508736239711199397070212028757901832932988667/573290371340446702472605635533826704619589864828159400493868154228342324792559809391249398488
14 4 7 251883609544262859929545325404496450990862632253111100916350630212223992662197391318371591565/573290371340446702472605635533826704619589864828159400493868154228342324792559809391249398488
14 4 21 4504708548038718306431240447825391917974922801678289580711440138096221662550102443033954355/573290371340446702472605635533826704619589864828159400493868154228342324792559809391249398488
14 4 23 4625844611709781683045105083085176207329497555662081029273116890652168822718995029271591193/71661296417555837809075704441728338077448733103519925061733519278542790599069976173906174811
14 4 24 7935769593639279806086721680756024207465219158192272901964176911614311321474670780319356815/71661296417555837809075704441728338077448733103519925061733519278542790599069976173906174811
14 5 2 96089466120546678497399361916048708003302198742242248512826260236238518813512823663145547571/573290371340446702472605635533826704619589864828159400493868154228342324792559809391249398488
14 5 11 32403660009861820713898446005471170105149869759596296410917963181297008715660486644506246971/143322592835111675618151408883456676154897466207039850123467038557085581198139952347812349622
14 5 16 100819829934207977919824845445095173271121733464890784630620497711463312720289300475692498511/286645185670223351236302817766913352309794932414079700246934077114171162396279904695624699244
14 5 23 145946605312036785279962798705702969653444720117750397076129045843989145675826438198693866011/573290371340446702472605635533826704619589864828159400493868154228342324792559809391249398488
14 6 0 23414018620048177921691258270646282361520090141207222848332630792500471611122179983324732983/71661296417555837809075704441728338077448733103519925061733519278542790599069976173906174811
14 6 2 84364008266199388420178195595821970240221212361429182341787156108370941548804112432218716535/286645185670223351236302817766913352309794932414079700246934077114171162396279904695624699244
14 6 9 27480023339444590272320514577647709264067711625041303972886878484252860891420917283658945757/286645185670223351236302817766913352309794932414079700246934077114171162396279904695624699244
14 6 13 20286269896096665214259768627714635839856411965695080634732379837886368377891538761612026255/71661296417555837809075704441728338077448733103519925061733519278542790599069976173906174811
14 7 4 191792121756736559687466526107445573208127753536663113933845671290930297267720471494852819039/573290371340446702472605635533826704619589864828159400493868154228342324792559809391249398488
14 7 16 2877714263422231855349083550900285216004414766669700219695589689285357651410550905434673671/286645185670223351236302817766913352309794932414079700246934077114171162396279904695624699244
14 7 17 567680690628342080631452610005189325080490229528307578798722609570332476022925150791887603/9884316747249081077113890267824598355510170083244127594721864728074867668837238092952575836
14 7 18 94734323813981932795458922096609472022829785860227416191297284946531487255891098794346758517/573290371340446702472605635533826704619589864828159400493868154228342324792559809391249398488
14 7 21 31010377148304988200294721105958763512744382823160953794876013407153817669599684818156374077/71661296417555837809075704441728338077448733103519925061733519278542790599069976173906174811
14 8 1 13733863497410868462334968834476203556700854947981477347315176730590919031986451503142461205/22049629666940257787407909058993334793061148647236900018994929008782397107406146515048053788
14 8 10 41997790917424934557231094557036898409230204296597757126804431788832435635003688800836293335/286645185670223351236302817766913352309794932414079700246934077114171162396279904695624699244
14 8 19 16439746480058480195842962188966182122438898727862285367047109821105411502766166303123135147/573290371340446702472605635533826704619589864828159400493868154228342324792559809391249398488
14 8 20 115774592092855773141591294534405433204468328859583189843017585834208147188138526404749685341/573290371340446702472605635533826704619589864828159400493868154228342324792559809391249398488
14 9 1 8315766169529389325072940224517131236360293699255422671679752278191478075419695011905592583/22049629666940257787407909058993334793061148647236900018994929008782397107406146515048053788
14 9 4 55045243107281996204296799477926210942226270003867461063206487218647992559833562644053324903/143322592835111675618151408883456676154897466207039850123467038557085581198139952347812349622
14 9 8 68449739251777297601760995892338224352658574316024283388684323060385962296156744252745345859/286645185670223351236302817766913352309794932414079700246934077114171162396279904695624699244
14 10 3 15631994370002746222671674401471267347124493980481735830610612510596095083844694332176374339/143322592835111675618151408883456676154897466207039850123467038557085581198139952347812349622
14 10 7 90890606657225147420552646222766423450276384643674159927527624461704506041553053288038731929/286645185670223351236302817766913352309794932414079700246934077114171162396279904695624699244
14 10 12 31824153869866331362693111756186420151635112894467315049037168518622332455641747639721346213/286645185670223351236302817766913352309794932414079700246934077114171162396279904695624699244
14 10 15 33166609100781595001928427746254493503408611728743688402287014778163033432848928775877968106/71661296417555837809075704441728338077448733103519925061733519278542790599069976173906174811
14 11 3 548501733493737483794905748735069807665460994753920256148783167147452092481011568951218269/44099259333880515574815818117986669586122297294473800037989858017564794214812293030096107576
14 11 6 110842099732998985875677049961658214079525756798060337145559173914541052253905277781875880969/286645185670223351236302817766913352309794932414079700246934077114171162396279904695624699244
14 11 12 7036784421825029347644659728343002376669370042470036734078257399370077502736119908786464379/44099259333880515574815818117986669586122297294473800037989858017564794214812293030096107576
14 11 15 126498725927652380956268592204247669032092773874063642664899139517266167773463272308453881063/286645185670223351236302817766913352309794932414079700246934077114171162396279904695624699244
14 12 2 308472888687501247134849882426134056135845241363058787297467581775361922881438760863666417847/573290371340446702472605635533826704619589864828159400493868154228342324792559809391249398488
14 12 8 3667089625859005946923287622166552682457698627490552645714781442345119304039069265556482547/19768633494498162154227780535649196711020340166488255189443729456149735337674476185905151672
14 12 10 79235941751517141438490206032431310346235681633937293235335955312485971046994019913222493389/286645185670223351236302817766913352309794932414079700246934077114171162396279904695624699244
14 13 0 16036407782816801381331698874314963092916939145650245980092589576034378399339308924179298935/71661296417555837809075704441728338077448733103519925061733519278542790599069976173906174811
14 13 3 29535080363217375008332999189993888403092261165831655643695515837707118648314770006371258280/71661296417555837809075704441728338077448733103519925061733519278542790599069976173906174811
14 13 12 26089808271521661419411006377419486581439532792038023437945413864801293551415897243355617596/71661296417555837809075704441728338077448733103519925061733519278542790599069976173906174811
14 14 0 32210870014690858506052747296767092623011703816662456233308298910007940588608487266402142893/71661296417555837809075704441728338077448733103519925061733519278542790599069976173906174811
14 14 9 3660621078555326467297685262967276650599816142898263630282365616117327453424563238251535413/19768633494498162154227780535649196711020340166488255189443729456149735337674476185905151672
14 14 12 209445399944815366872550784533638940768101566150810105349213160080876303934379577350737728367/573290371340446702472605635533826704619589864828159400493868154228342324792559809391249398488
15 0 2 294181487685838404270501043502183484123703252801014471750151176880178976959646161502496677065/573290371340446702472605635533826704619589864828159400493868154228342324792559809391249398488
15 0 9 3753925453643458158262776070063190939631505366901888786078699980116747195522886724209720761/44099259333880515574815818117986669586122297294473800037989858017564794214812293030096107576
15 0 16 2055661864608044470705815366786090190895545938307578624055766632881291141838165784939640323/71661296417555837809075704441728338077448733103519925061733519278542790599069976173906174811
15 0 20 174052592568942768001648533429558160673140272355052159110252157445650775247077666832912291323/573290371340446702472605635533826704619589864828159400493868154228342324792559809391249398488
15 0 21 39809965271436218377393446756974856080372402395907586421995587097944529909333127361596937623/573290371340446702472605635533826704619589864828159400493868154228342324792559809391249398488
15 1 6 121334479637668833863023160348102731557044886352937363230214621605223370048110252998532592101/573290371340446702472605635533826704619589864828159400493868154228342324792559809391249398488
15 1 24 262964289322860963560489564559137214958956547848696978845161859452339955085250480124852618471/573290371340446702472605635533826704619589864828159400493868154228342324792559809391249398488
15 1 26 47247900594979226262273227656646689525897107656631264604622918292694749914799769066966046979/143322592835111675618151408883456676154897466207039850123467038557085581198139952347812349622
15 2 4 148684449233963522785436298627511229320061089194190577574982975639364696488443089520267505185/573290371340446702472605635533826704619589864828159400493868154228342324792559809391249398488
15 2 7 12912106127905888329337037008836109238698555762352759164066671407087368904644965195601187807/286645185670223351236302817766913352309794932414079700246934077114171162396279904695624699244
15 2 19 94216112843246323216035787895914792741736504249755103045560296400915337650264268138608520383/143322592835111675618151408883456676154897466207039850123467038557085581198139952347812349622
15 2 26 21917258477686110164352111304984085855185647110242892408510650171141539893769716925345436157/573290371340446702472605635533826704619589864828159400493868154228342324792559809391249398488
15 3 8 6611810908629311290851665988848300763935463774724802067547413051409593540824164270693394027/19768633494498162154227780535649196711020340166488255189443729456149735337674476185905151672
15 3 16 15600980121690193511587103276978999967592497814574222003912307935322859792376956665902888399/44099259333880515574815818117986669586122297294473800037989858017564794214812293030096107576
15 3 20 89367556704112079693637489628249491443379471885837627242066586289133467403879304442201711259/286645185670223351236302817766913352309794932414079700246934077114171162396279904695624699244
15 4 1 13077180615894939416866622187394169717974640452761358051710209463213043844132118022522586303/286645185670223351236302817766913352309794932414079700246934077114171162396279904695624699244
15 4 21 77143802413040528333094814784979881475253078839724046904443964000809317698131916056495475207/286645185670223351236302817766913352309794932414079700246934077114171162396279904695624699244
15 4 22 302760946765713279322118849085605440750523767378125817059665273224880992777913161133935626053/573290371340446702472605635533826704619589864828159400493868154228342324792559809391249398488
15 4 24 90087458516862487650563912503473161482610658865062773521894534075416608930118580099277649415/573290371340446702472605635533826704619589864828159400493868154228342324792559809391249398488
15 5 0 24957979573659731954550723031650947228793914056708650324680021674649590894466268101156322039/573290371340446702472605635533826704619589864828159400493868154228342324792559809391249398488
15 5 1 67730189368709273690681751167189956404255253776534598741151577786338601397521246426421007641/573290371340446702472605635533826704619589864828159400493868154228342324792559809391249398488
15 5 4 464143189095479503995624897977613868721569455966945333297772637501277098979465672242792196647/573290371340446702472605635533826704619589864828159400493868154228342324792559809391249398488
15 5 12 16459013302598192831748263357371932264971241027970818130263917266077033521106622620879872161/573290371340446702472605635533826704619589864828159400493868154228342324792559809391249398488
15 6 6 155985775224532725742845116845370610355544519811651807169576470114454797036951976628473653585/573290371340446702472605635533826704619589864828159400493868154228342324792559809391249398488
15 6 12 87134569595238987455565340300037970338391647117381715877457948785692188787744572988125162285/286645185670223351236302817766913352309794932414079700246934077114171162396279904695624699244
15 6 13 33150445374485218266285702420738927495982056572650612639654424377783267565951252551888071113/573290371340446702472605635533826704619589864828159400493868154228342324792559809391249398488
15 6 17 52471252887737695888086033916910306522819998552273387232430340541179970653541858558659337305/143322592835111675618151408883456676154897466207039850123467038557085581198139952347812349622
15 7 0 112652015893831485510274436876453773874905413869735683449624040630406304693292942356596840535/573290371340446702472605635533826704619589864828159400493868154228342324792559809391249398488
15 7 3 17677040990029257175064560701237976479218506664605729907747127245178398431326322953127120539/22049629666940257787407909058993334793061148647236900018994929008782397107406146515048053788
15 7 5 1035289705854530410652620425185542285003277678674739442818805223297660884782470253347423939/573290371340446702472605635533826704619589864828159400493868154228342324792559809391249398488
15 8 0 17479938395021294272806406245067483161594880213959732872134907885794446401922554382740098939/44099259333880515574815818117986669586122297294473800037989858017564794214812293030096107576
15 8 7 4946748852503712505275362019815196455961930896519117875338317736208846894969707098031298849/19768633494498162154227780535649196711020340166488255189443729456149735337674476185905151672
15 8 9 37029603040393395034673067849508764313727203949880252513913266541836122568677815857169379839/286645185670223351236302817766913352309794932414079700246934077114171162396279904695624699244
15 8 14 64268124700887712101895360037145598834253009073933974871738302139642858238044732429190842991/286645185670223351236302817766913352309794932414079700246934077114171162396279904695624699244
15 9 6 14886593108071083837384358702118821300590599503227695519603745999407541312110274523670617915/71661296417555837809075704441728338077448733103519925061733519278542790599069976173906174811
15 9 14 7590397631587977510390619984584448569205738566931745970693561565804799621741981926672235313/143322592835111675618151408883456676154897466207039850123467038557085581198139952347812349622
15 9 18 105959008987381530432992071494634584984510528633652713113565984992465698952177421373798878479/143322592835111675618151408883456676154897466207039850123467038557085581198139952347812349622
15 10 1 62784578913302375781239876506776101045809512069179688626934083685710001881575312068016385609/143322592835111675618151408883456676154897466207039850123467038557085581198139952347812349622
15 10 2 154336954363882043605438939245363771208658800144088723725623070662036152356352352718337318687/573290371340446702472605635533826704619589864828159400493868154228342324792559809391249398488
15 10 12 55370733271048779639622788065878650625334706131993195324778726151695887046613096782885554445/286645185670223351236302817766913352309794932414079700246934077114171162396279904695624699244
15 10 15 42351171591818666324999384103090410550218467751603904947375520920679768732970084543461565129/573290371340446702472605635533826704619589864828159400493868154228342324792559809391249398488
15 10 18 7361231594719465068981115013255408713402568195880813331787887799697311041854965145806931673/286645185670223351236302817766913352309794932414079700246934077114171162396279904695624699244
15 11 2 6512066298687982726635134950728631365924648492343662275869335933117024699199472081589277203/71661296417555837809075704441728338077448733103519925061733519278542790599069976173906174811
15 11 5 190628974841366501113610785072011773720197991070878190361157963817437583625744388994634466011/573290371340446702472605635533826704619589864828159400493868154228342324792559809391249398488
15 11 11 70788975619856763975906051313471158371931347371155753420056283333083312120679942204971280907/573290371340446702472605635533826704619589864828159400493868154228342324792559809391249398488
15 11 13 129887945244859787785003859771257360800031669223688079252849609806442615726269850769464716973/286645185670223351236302817766913352309794932414079700246934077114171162396279904695624699244
15 12 1 267804772075734371131686695036042398018187962202359841520447281685037098855822031019527979149/573290371340446702472605635533826704619589864828159400493868154228342324792559809391249398488
15 12 3 27778901679633237041773742621639396845865980882913332590771270857834895573319465608806595395/573290371340446702472605635533826704619589864828159400493868154228342324792559809391249398488
15 12 5 34713337198134886787393149734518113719441990217860778297831200210683791295427289095364352993/71661296417555837809075704441728338077448733103519925061733519278542790599069976173906174811
15 13 3 125445670909049103187608875751298312736083390998473600680559033908168540680104899372947972423/573290371340446702472605635533826704619589864828159400493868154228342324792559809391249398488
15 13 7 83847798480291404611384529046862184432790584663971554510170740651681771700919700219891247349/286645185670223351236302817766913352309794932414079700246934077114171162396279904695624699244
15 13 15 280149103470814790062227701688804023017925304501742690792967639016810240710615509578518931367/573290371340446702472605635533826704619589864828159400493868154228342324792559809391249398488
15 14 0 247978443726674983769752755511143095837197774453215049760697748320258096655156344329685253051/573290371340446702472605635533826704619589864828159400493868154228342324792559809391249398488
15 14 2 5961150467706965466427897711292253113806332615066046522133267630214474209727208496863276279/44099259333880515574815818117986669586122297294473800037989858017564794214812293030096107576
15 14 7 41865616858940458873334968694531308043805968086759818459630912437417279561254729734037732263/573290371340446702472605635533826704619589864828159400493868154228342324792559809391249398488
15 14 14 205951354674640708765955241081353010259103798292325927485807014277878783849695024868303821547/573290371340446702472605635533826704619589864828159400493868154228342324792559809391249398488
15 15 2 34717709810028166028477464004949501302388980281424812402294198940702303831860760430288896829/573290371340446702472605635533826704619589864828159400493868154228342324792559809391249398488
15 15 5 3184287427299768626529952614667020193660350334705703043380303510805535931421830538136603217/19768633494498162154227780535649196711020340166488255189443729456149735337674476185905151672
15 15 8 96922961421958086899939800871323547393384326456320061788063416067217889779507395468664994421/286645185670223351236302817766913352309794932414079700246934077114171162396279904695624699244
15 15 10 5893252791872397701130100706651450368536514303130266664281934798692439855900937114682867993/22049629666940257787407909058993334793061148647236900018994929008782397107406146515048053788
15 15 11 3813762719466412778672974061074954358935873078701620884080308329763087043731800285996709681/22049629666940257787407909058993334793061148647236900018994929008782397107406146515048053788
16 0 21 234034776892376827853545043195394851032938441062742624854055160705937986917141923086955095357/573290371340446702472605635533826704619589864828159400493868154228342324792559809391249398488
16 0 23 339255594448069874619060592338431853586651423765416775639812993522404337875417886304294303131/573290371340446702472605635533826704619589864828159400493868154228342324792559809391249398488
16 1 10 188868002805942814787039257059235862718393278094737351459549200657274258063987026320262148553/286645185670223351236302817766913352309794932414079700246934077114171162396279904695624699244
16 1 24 8231883659128070882089380794934392341012082244449891871100213363954263317605689535019336096/71661296417555837809075704441728338077448733103519925061733519278542790599069976173906174811
16 1 26 64849648227768252920906037527939920227353325341542781302984023001079851061870120235285206307/286645185670223351236302817766913352309794932414079700246934077114171162396279904695624699244
16 2 0 28772050692086311969793988005275177494988807578188587018906900192382160912651507458015922887/143322592835111675618151408883456676154897466207039850123467038557085581198139952347812349622
16 2 2 171241934273402961401705008539081404417578892441334326223660867406420154850476173932564638385/573290371340446702472605635533826704619589864828159400493868154228342324792559809391249398488
16 2 6 23235208319843846094209092683570759872100170473309220777250888602880149590468149347010259131/573290371340446702472605635533826704619589864828159400493868154228342324792559809391249398488
16 2 12 5425481861214663578802777849529092968279360168873971663878063435534684676164323350294776645/71661296417555837809075704441728338077448733103519925061733519278542790599069976173906174811
16 2 13 36553336656694536188842096859231285346631239520421878299942663956934721209519545723131008097/573290371340446702472605635533826704619589864828159400493868154228342324792559809391249398488
16 2 21 9612901972384390940135333462992785545918387379633867805840660235846258812874181016287229399/71661296417555837809075704441728338077448733103519925061733519278542790599069976173906174811
16 2 26 106864618653367674757168594930667516889742351692276911359636344121531107579181875623823752975/573290371340446702472605635533826704619589864828159400493868154228342324792559809391249398488
16 3 9 26720295680817719624344160307953990256130436199235500678383006216724444919696635741132884075/573290371340446702472605635533826704619589864828159400493868154228342324792559809391249398488
16 3 16 175837146361361078202539529957447415414205927547913697492360011392715996062546022235593168199/286645185670223351236302817766913352309794932414079700246934077114171162396279904695624699244
16 3 17 2212698869844661457457106764910092038784245454834989389466903079368275548941834116438396239/573290371340446702472605635533826704619589864828159400493868154228342324792559809391249398488
16 3 21 24085385508382770623215663568258473937032916009782689430162277768352201524853661882811472722/71661296417555837809075704441728338077448733103519925061733519278542790599069976173906174811
16 4 3 282225971276662470243265165673947414311691112982783886392272089721139763909818551733363092723/573290371340446702472605635533826704619589864828159400493868154228342324792559809391249398488
16 4 6 207603690044220399857528467264074288515618253148695989372692944943229971621917600559025524781/573290371340446702472605635533826704619589864828159400493868154228342324792559809391249398488
16 4 16 6893303842076434380187278640832757800397683223823688789092512932368911318999865714652589711/573290371340446702472605635533826704619589864828159400493868154228342324792559809391249398488
16 4 18 76567406177487397991624723954972243991882815472855835939810606631603677941823791384208191273/573290371340446702472605635533826704619589864828159400493868154228342324792559809391249398488
16 5 0 476636163917537813450552060971887112368069236042816314877871808449049631640480129124127894729/573290371340446702472605635533826704619589864828159400493868154228342324792559809391249398488
16 5 1 1139576836945214129390146087233158259240546639592359871390177691697304413796677666607743095/22049629666940257787407909058993334793061148647236900018994929008782397107406146515048053788
16 5 10 67025209662333321657909776293877477511266416155941728959851725795162778393366060935320183289/573290371340446702472605635533826704619589864828159400493868154228342324792559809391249398488
16 6 1 174248942265560219764526204293697454375902345163240608294294586815624451112276729770985580095/573290371340446702472605635533826704619589864828159400493868154228342324792559809391249398488
16 6 2 36271844174167505837810961502243792387285955667938413435181082153108807548394708418688498023/573290371340446702472605635533826704619589864828159400493868154228342324792559809391249398488
16 6 16 1860390163481099891071114406878608710496696237749890528051938975450191362120776326792988673/286645185670223351236302817766913352309794932414079700246934077114171162396279904695624699244
16 6 19 121402507285961090748967220789414004907191955819059418662224548199767700320444459697080069337/286645185670223351236302817766913352309794932414079700246934077114171162396279904695624699244
16 6 20 58121895000917297795095899672650115310512129941680880191919755454586641383378949576914602175/286645185670223351236302817766913352309794932414079700246934077114171162396279904695624699244
16 7 0 60640538632556289759788744683435669115646759138541758298143662834362990852171555178678418899/573290371340446702472605635533826704619589864828159400493868154228342324792559809391249398488
16 7 1 120146817669004192088966407833815134210673901148062907310013388121788034071144808545250226977/286645185670223351236302817766913352309794932414079700246934077114171162396279904695624699244
16 7 8 4670652845977834936909796157948166781229710098841530731070468224511605543614333886990193829/9884316747249081077113890267824598355510170083244127594721864728074867668837238092952575836
16 7 20 1458332303167602194115898021767093771272117660683045173610558128730144268467271676639283553/573290371340446702472605635533826704619589864828159400493868154228342324792559809391249398488
16 8 6 8384592434961183001533505559644750474778490756092017790896214179630539091305699897996814067/19768633494498162154227780535649196711020340166488255189443729456149735337674476185905151672
16 8 17 4929064900422295533454458645072193200772617945163597282826817107003351337613045318534112315/9884316747249081077113890267824598355510170083244127594721864728074867668837238092952575836
16 8 19 1525911258692388085785357685860059834696613520069042832893881062512493571142685650840112975/19768633494498162154227780535649196711020340166488255189443729456149735337674476185905151672
16 9 2 50681670112850127536853275103646073719400370036563473048784140538981050894595198708217547221/143322592835111675618151408883456676154897466207039850123467038557085581198139952347812349622
16 9 5 81047284939592889470118406705888731740464161386566079792609930774390037344319359307790928309/286645185670223351236302817766913352309794932414079700246934077114171162396279904695624699244
16 9 14 33266896679421163837877411593455967433311817979619008756439496731584161192417007887545868367/286645185670223351236302817766913352309794932414079700246934077114171162396279904695624699244
16 9 18 35483831912754521427300224630138252848609106487383832800158184265117431035176570041926404063/143322592835111675618151408883456676154897466207039850123467038557085581198139952347812349622
16 10 3 22344331035533344334164110289492432870423403099440606304823102994342671971194374576807935539/143322592835111675618151408883456676154897466207039850123467038557085581198139952347812349622
16 10 8 40833176209852594319397855330992498735807055661965095008548584015851559666236936916619775993/286645185670223351236302817766913352309794932414079700246934077114171162396279904695624699244
16 10 12 247697944130504387177672493321452641941765827462996818657845846129545952524419986010054899401/573290371340446702472605635533826704619589864828159400493868154228342324792559809391249398488
16 10 14 26834198622791073277925127653414449603216683389913704529217471021107170573154770245447507931/143322592835111675618151408883456676154897466207039850123467038557085581198139952347812349622
16 10 18 47211956156939456207780479778761535311649580083815148482762844005293882758269370258933173221/573290371340446702472605635533826704619589864828159400493868154228342324792559809391249398488
16 11 9 209023929116345153780904586036500510839514725608370611035647377460963711779800557847796303821/573290371340446702472605635533826704619589864828159400493868154228342324792559809391249398488
16 11 17 364266442224101548691701049497326193780075139219788789458220776767378613012759251543453094667/573290371340446702472605635533826704619589864828159400493868154228342324792559809391249398488
16 12 4 164590119859865486001151660270229280653414139389739768547995995104184170832491254576791139289/573290371340446702472605635533826704619589864828159400493868154228342324792559809391249398488
16 12 12 71622489371797081483843973039305690706611126475149238181168314727515216277740955452608375727/143322592835111675618151408883456676154897466207039850123467038557085581198139952347812349622
16 12 15 12442234508007152850751686794179148569590617325502815837280506316570111075093626125943185006/71661296417555837809075704441728338077448733103519925061733519278542790599069976173906174811
16 12 16 1744032148410435979235737596380113275615867764138473270996526898579723096027363384344559711/44099259333880515574815818117986669586122297294473800037989858017564794214812293030096107576
16 13 1 29842712085655335686930726438145787188441419924427136789659614263001075719986014918140558997/573290371340446702472605635533826704619589864828159400493868154228342324792559809391249398488
16 13 3 7908768510575185137760918560289840936726759567340125796213524122963031453390559440167283553/44099259333880515574815818117986669586122297294473800037989858017564794214812293030096107576
16 13 9 14548409349217307293549282196992187265276783221016447486996154512236707129521654356552155669/44099259333880515574815818117986669586122297294473800037989858017564794214812293030096107576
16 13 13 251504347077488965178642299251014550805102388655096811022482717707744647494715015115756129605/573290371340446702472605635533826704619589864828159400493868154228342324792559809391249398488
16 14 1 44587654467159961023995803252221966684431361370229376222879368686652439102497933255860522915/143322592835111675618151408883456676154897466207039850123467038557085581198139952347812349622
16 14 5 13634171521715758698727883292758915614673666678163946788551402055111559814138866395160253829/573290371340446702472605635533826704619589864828159400493868154228342324792559809391249398488
16 14 9 169672301732452021273618674447137418643049066732386685652225803180598535380012363925186130119/573290371340446702472605635533826704619589864828159400493868154228342324792559809391249398488
16 14 12 6006606641276451215212748636695169086636946822536421984964556664041565772357835471361313204/71661296417555837809075704441728338077448733103519925061733519278542790599069976173906174811
16 14 13 20447553385928433585321734461435143866380763919549985910232127616711243376194270284571302156/71661296417555837809075704441728338077448733103519925061733519278542790599069976173906174811
16 15 3 44486904815541524179675802390184603373209656434536118572325689188977851363646097843025121027/143322592835111675618151408883456676154897466207039850123467038557085581198139952347812349622
16 15 6 148743828579925230729163738231018564567122357316037338509564407313415596524293047855125292851/573290371340446702472605635533826704619589864828159400493868154228342324792559809391249398488
16 15 7 135249453143660371321936643025342953660431008209546168266932732681814060268990877451842913459/573290371340446702472605635533826704619589864828159400493868154228342324792559809391249398488
16 15 13 55674735177347501851401022358363386449598936782215709714034128738600631272345746356090354035/286645185670223351236302817766913352309794932414079700246934077114171162396279904695624699244
16 16 2 15879530456390390727926466899926661225156208365728930165254619945994932064425000889835373542/71661296417555837809075704441728338077448733103519925061733519278542790599069976173906174811
16 16 4 158266425592585451843330044433556403196339096831519163239993104771168470230145142812757113751/286645185670223351236302817766913352309794932414079700246934077114171162396279904695624699244
16 16 9 7227382156124932699313583540491642159547351885113225819304609566947172672495831248197082933/71661296417555837809075704441728338077448733103519925061733519278542790599069976173906174811
16 16 11 35951109627576605684012571571683735574641594579191913068704054291234273218451433330737759593/286645185670223351236302817766913352309794932414079700246934077114171162396279904695624699244
17 0 2 143057117249030102665066650882881405039902197635568938760828186841430410972397105965852833111/573290371340446702472605635533826704619589864828159400493868154228342324792559809391249398488
17 0 3 128007251682736201973885494730255793921522156907783540090692315672720516488209953605419927563/286645185670223351236302817766913352309794932414079700246934077114171162396279904695624699244
17 0 22 76640704260302686506251926648156134705419082211016521011286039644167459026402502117370697985/286645185670223351236302817766913352309794932414079700246934077114171162396279904695624699244
17 0 28 20937342205338822847264141894121442325805188954990339529083256753135962790937791979815314281/573290371340446702472605635533826704619589864828159400493868154228342324792559809391249398488
17 1 2 129421505384158371070830666984960265032961347360068803522983933275921964131390364446054097401/286645185670223351236302817766913352309794932414079700246934077114171162396279904695624699244
17 1 7 154763251043390618504737679562923182494734246796451402107164021478778492691429813048500971653/573290371340446702472605635533826704619589864828159400493868154228342324792559809391249398488
17 1 8 7150410585572896229632315987797254755024529697117330544388110982323115181293427865892605963/286645185670223351236302817766913352309794932414079700246934077114171162396279904695624699244
17 1 20 145383288357593549366941990025388482548883863917335730251960044233073673475762411718855020107/573290371340446702472605635533826704619589864828159400493868154228342324792559809391249398488
17 2 4 18239028542407517553853601675454286248035802444711828066932772022010333342218505921954502276/71661296417555837809075704441728338077448733103519925061733519278542790599069976173906174811
17 2 17 43276189459956896559098732286675649135859697557919636283547476030705786637345171414597163991/286645185670223351236302817766913352309794932414079700246934077114171162396279904695624699244
17 2 23 5876306277263323602130678578566226144199725002665956955022603896393932496208989985972742281/9884316747249081077113890267824598355510170083244127594721864728074867668837238092952575836
17 3 1 203155377439752467243110165173516481308010583982355418071777491823402146827048782872560133421/573290371340446702472605635533826704619589864828159400493868154228342324792559809391249398488
17 3 6 279134786300676904903252846316333593970155618921548441099653493839191801533094447072927665231/573290371340446702472605635533826704619589864828159400493868154228342324792559809391249398488
17 3 8 22750051900004332581560656010994157335355915481063885330609292141437094108104144861440399959/143322592835111675618151408883456676154897466207039850123467038557085581198139952347812349622
17 4 0 98332343268664152935826833246929615482122136987055353997846858275723588129538284178708566645/286645185670223351236302817766913352309794932414079700246934077114171162396279904695624699244
17 4 20 188312842401559198300475984519983736827672795427024346249087218838447574266741620516916132599/286645185670223351236302817766913352309794932414079700246934077114171162396279904695624699244
17 5 7 265387286116361603030991764282208153023735525347806762496642155739589293499889243729592573437/573290371340446702472605635533826704619589864828159400493868154228342324792559809391249398488
17 5 11 11505575847297988301041640066907210112797108592521977848535082466341192897213188576971574061/286645185670223351236302817766913352309794932414079700246934077114171162396279904695624699244
17 5 21 207600760761586341800051654576610183868763923748130272392100191261025952180747607969850871281/573290371340446702472605635533826704619589864828159400493868154228342324792559809391249398488
17 5 22 9661396595987847629934867067649243437687024818397301238506955286880586664687072567232850706/71661296417555837809075704441728338077448733103519925061733519278542790599069976173906174811
17 6 6 224343752578526491687382022033143769594661587619089425485389929529732617447972076620307908755/573290371340446702472605635533826704619589864828159400493868154228342324792559809391249398488
17 6 9 124335133722645198864054472733170058915839063785244832026801461411407826910323805184859038879/573290371340446702472605635533826704619589864828159400493868154228342324792559809391249398488
17 6 13 8592756165571156945798026412235855236007641515235739075127648081866373568174748458831632085/71661296417555837809075704441728338077448733103519925061733519278542790599069976173906174811
17 6 14 38638095608028397997878093598119597269130626589015983461112919471106736963566617298862591939/143322592835111675618151408883456676154897466207039850123467038557085581198139952347812349622
17 6 17 658526641296082181636277538573822572252787472937648268101950373921972017299735359989513209/286645185670223351236302817766913352309794932414079700246934077114171162396279904695624699244
17 7 0 2029213269663463726327707617716745679554044847435613204449615689960276695991457696770642785/9884316747249081077113890267824598355510170083244127594721864728074867668837238092952575836
17 7 1 80761484266719027633334421974346795017377082039683898872933613981674985293688170960371268883/573290371340446702472605635533826704619589864828159400493868154228342324792559809391249398488
17 7 4 25075162489676036601143765618175536810455900910621804059841226002422583127481315417898618271/573290371340446702472605635533826704619589864828159400493868154228342324792559809391249398488
17 7 16 6726141441222514271367700117571790834185043860126694840442607773587475153920880319236196727/11024814833470128893703954529496667396530574323618450009497464504391198553703073257524026894
17 8 10 8242377240835751897587021371939326739855553181251910744601723654167494778012468877155584623/11024814833470128893703954529496667396530574323618450009497464504391198553703073257524026894
17 8 14 2782437592634376996116933157557340656675021142366539264895740850223703775690604380368442271/11024814833470128893703954529496667396530574323618450009497464504391198553703073257524026894
17 9 1 5063433765076472629297061680901478738715829623115184094446940402856365545422274709511344387/11024814833470128893703954529496667396530574323618450009497464504391198553703073257524026894
17 9 11 15340816714610137438565985289887539604959944699640575035944371170844966955094544558542655459/573290371340446702472605635533826704619589864828159400493868154228342324792559809391249398488
17 9 17 294650998841859988310592442837062270601406779726529252546682882108966349475506979938116834905/573290371340446702472605635533826704619589864828159400493868154228342324792559809391249398488
17 10 2 25271391701568447584949816554046245283414349107524092956062305711989853233843168269597478291/71661296417555837809075704441728338077448733103519925061733519278542790599069976173906174811
17 10 11 40728441653291323377326037202853203362849000490447617470229892411430424229589331091193566908/71661296417555837809075704441728338077448733103519925061733519278542790599069976173906174811
17 10 17 5661463062696066846799850684828889431185383505548214635441321155122513135637476813115129612/71661296417555837809075704441728338077448733103519925061733519278542790599069976173906174811
17 11 3 22130582271705816163567499414661220872093112161423030550397254133494471947425753800466532324/71661296417555837809075704441728338077448733103519925061733519278542790599069976173906174811
17 11 13 80609610998557360530892258316367555638629391220737518981854724779584343012670181078479280711/286645185670223351236302817766913352309794932414079700246934077114171162396279904695624699244
17 11 15 26002562053340298321376537547301315526071459486929507091333294140254151408012858982762274653/573290371340446702472605635533826704619589864828159400493868154228342324792559809391249398488
17 11 17 209023929116345153780904586036500510839514725608370611035647377460963711779800557847796303821/573290371340446702472605635533826704619589864828159400493868154228342324792559809391249398488
17 12 2 3997732787233761794914441619863376907374896916236985539069856334325471791898732270183719723/44099259333880515574815818117986669586122297294473800037989858017564794214812293030096107576
17 12 14 163647850650649046965951683786748114889469742865499899600414163454994283754339219615950327681/573290371340446702472605635533826704619589864828159400493868154228342324792559809391249398488
17 12 15 44708999306969844021595776336106836241780807756447336110693232303389613467942133782863839301/71661296417555837809075704441728338077448733103519925061733519278542790599069976173906174811
17 13 2 4482548055437793322219757550540760964587320087513603770915987441227054802249995747443887235/71661296417555837809075704441728338077448733103519925061733519278542790599069976173906174811
17 13 5 5063433765076472629297061680901478738715829623115184094446940402856365545422274709511344387/11024814833470128893703954529496667396530574323618450009497464504391198553703073257524026894
17 13 9 68532857778241944792850091930655930622417040931515249353824838437498719503150389629277098121/143322592835111675618151408883456676154897466207039850123467038557085581198139952347812349622
17 14 1 2782437592634376996116933157557340656675021142366539264895740850223703775690604380368442271/11024814833470128893703954529496667396530574323618450009497464504391198553703073257524026894
17 14 5 8242377240835751897587021371939326739855553181251910744601723654167494778012468877155584623/11024814833470128893703954529496667396530574323618450009497464504391198553703073257524026894
17 15 0 32166757838475727537851088279692486978415965386221458509072050432815538488668637667674852/5512407416735064446851977264748333698265287161809225004748732252195599276851536628762013447
17 15 4 54002063769746764019432765767819377126721306582132193871562382116094223270934977197371261731/286645185670223351236302817766913352309794932414079700246934077114171162396279904695624699244
17 15 13 230970450492875849384901795408549965860195995631863990532899948375570531123934158339534345209/286645185670223351236302817766913352309794932414079700246934077114171162396279904695624699244
17 16 0 159565832834634478342384316250087170641247703957728422115222380903004821510147256376227465297/286645185670223351236302817766913352309794932414079700246934077114171162396279904695624699244
17 16 6 732955260154692040974286844734659160976004822909593801896981576210925018961932679962219247/9884316747249081077113890267824598355510170083244127594721864728074867668837238092952575836
17 16 11 26455912572775700926416045754880266500060772147993264469174807625262378834059150150123218946/71661296417555837809075704441728338077448733103519925061733519278542790599069976173906174811
17 17 0 27533053822578020525303232372514522289541181193044390930685424672537526584454750333336389249/286645185670223351236302817766913352309794932414079700246934077114171162396279904695624699244
17 17 4 3272647490481299303092594130724397891318028559510497306157789044924429331345499522106470467/143322592835111675618151408883456676154897466207039850123467038557085581198139952347812349622
17 17 7 38514316376800639433808958268754824988276883132891300292161660932294225564945765828972370475/143322592835111675618151408883456676154897466207039850123467038557085581198139952347812349622
17 17 8 175538204113081453237196480595440384261063927836231714119609752487196326019242623660130628111/286645185670223351236302817766913352309794932414079700246934077114171162396279904695624699244
18 0 1 105313374224587662242851297785030215919832625858911981019461912521903063891001936209251917351/143322592835111675618151408883456676154897466207039850123467038557085581198139952347812349622
18 0 2 13000653140034033951861372412147306511509867269412157646960394039410406122049327552693603457/71661296417555837809075704441728338077448733103519925061733519278542790599069976173906174811
18 0 19 12007912330455945471577366274131847212045105809303553810084337956361705063039361033173225357/143322592835111675618151408883456676154897466207039850123467038557085581198139952347812349622
18 1 5 3734613447385904630855080285659452393710821496924597203790962381349527539633077561021048911/286645185670223351236302817766913352309794932414079700246934077114171162396279904695624699244
18 1 19 232844069519146907049651808834501093025054954355368668104885139274618694664085624255047245153/573290371340446702472605635533826704619589864828159400493868154228342324792559809391249398488
18 1 21 71808369336463859097145446384679139416482916574718254224926877877893970878876068317457556795/286645185670223351236302817766913352309794932414079700246934077114171162396279904695624699244
18 1 23 108432962720107439207221626626469378723382238322032829594561185478777229300211743029062304161/573290371340446702472605635533826704619589864828159400493868154228342324792559809391249398488
18 1 25 3602510447063795534556390746478486727672850356179812946755929204274563726450727238278721263/573290371340446702472605635533826704619589864828159400493868154228342324792559809391249398488
18 1 27 77324863086429033225174755985700562523092345651292386990230219752184840264793423111903916499/573290371340446702472605635533826704619589864828159400493868154228342324792559809391249398488
18 2 5 167790454874820870542481089356538240965714942627441261508312213762938405312901778662621125441/286645185670223351236302817766913352309794932414079700246934077114171162396279904695624699244
18 2 6 83390121918005881508005810108922868549163857616146309337367064622908747870141255216079550193/573290371340446702472605635533826704619589864828159400493868154228342324792559809391249398488
18 2 25 154319339672799079879637646711827354138996121957130568139876662079556766296614996849927597413/573290371340446702472605635533826704619589864828159400493868154228342324792559809391249398488
18 3 2 59329417701577970312569000064587260233428314145872096316029447797000903510403216853375719395/143322592835111675618151408883456676154897466207039850123467038557085581198139952347812349622
18 3 5 1953853706441354476733384961557931686552391133819859087547005774861383197835984903670496815/71661296417555837809075704441728338077448733103519925061733519278542790599069976173906174811
18 3 11 15704482195615585336716477971272482916400776831705691190645736671341230582081415631417691485/286645185670223351236302817766913352309794932414079700246934077114171162396279904695624699244
18 3 12 10872164432739753785503542995185704045970645141659353989283295122224898068236110962635892063/286645185670223351236302817766913352309794932414079700246934077114171162396279904695624699244
18 3 18 70236107130410830463726023527187462135539703295238752890872970779524954013028048977745304503/286645185670223351236302817766913352309794932414079700246934077114171162396279904695624699244
18 3 24 75775280845216962994053065445441333651868317676847413732349617175299678058293701880327341401/573290371340446702472605635533826704619589864828159400493868154228342324792559809391249398488
18 3 25 50941082519854683242517401150281578345766910960057132655420694519965801783274209724457428885/573290371340446702472605635533826704619589864828159400493868154228342324792559809391249398488
18 4 2 33209241009371853370331768028333622724581377621626625998125282870580103767905199503673249803/143322592835111675618151408883456676154897466207039850123467038557085581198139952347812349622
18 4 9 26740253102957126966530210242881867802834060450828853407905771988750670898109273036922548743/71661296417555837809075704441728338077448733103519925061733519278542790599069976173906174811
18 4 17 4356372739986582178058401566873793678819074437211962869963862439154164279539708213099538641/11024814833470128893703954529496667396530574323618450009497464504391198553703073257524026894
18 5 4 80077647722467862991270827295352257299145197443567885310392460051873795134614722057501833027/573290371340446702472605635533826704619589864828159400493868154228342324792559809391249398488
18 5 18 8450756796147399662636751089149833781127786568584037264531918891892989722805283639092581999/22049629666940257787407909058993334793061148647236900018994929008782397107406146515048053788
18 5 19 27816423712911483640260592504236809527015993728821414438527451432700878470314545157101862952/71661296417555837809075704441728338077448733103519925061733519278542790599069976173906174811
18 5 21 50961657214854579130694539886684292794994266770835230797426191525643769102491351460525529871/573290371340446702472605635533826704619589864828159400493868154228342324792559809391249398488
18 6 3 285769284114706468662218371015109916452734619419032684390583581744035433828828078046025383263/573290371340446702472605635533826704619589864828159400493868154228342324792559809391249398488
18 6 14 28430566264795025008985488527941643761826207574711750782529681760838240959383947267179576599/71661296417555837809075704441728338077448733103519925061733519278542790599069976173906174811
18 6 15 23656213543659904411025809316284656735516132542897300283892383872237302102081426921573708443/573290371340446702472605635533826704619589864828159400493868154228342324792559809391249398488
18 6 22 18210171781860064663738773489449490668364726134267704779577367262681830593289363143106846995/286645185670223351236302817766913352309794932414079700246934077114171162396279904695624699244
18 7 4 113443804609883099239960668328836493298604668283355391913525259390761216035086311474319903777/286645185670223351236302817766913352309794932414079700246934077114171162396279904695624699244
18 7 15 173201381060340251996342149438076859011190264130724308333408817723409946361193593221304795467/286645185670223351236302817766913352309794932414079700246934077114171162396279904695624699244
18 8 4 183702782117474520891135602624652691993499550536570544659326611063806582089041905978791489737/286645185670223351236302817766913352309794932414079700246934077114171162396279904695624699244
18 8 8 158397294744032048734582049504636213463175822040242688232787202574722453913878201042310158017/573290371340446702472605635533826704619589864828159400493868154228342324792559809391249398488
18 8 18 47487512361465611955752380779885107169414941714775622942427729526006706700597796391356260997/573290371340446702472605635533826704619589864828159400493868154228342324792559809391249398488
18 9 0 67534331299844792644254412829105133923008912239470185936422978144796560603510278940353784225/286645185670223351236302817766913352309794932414079700246934077114171162396279904695624699244
18 9 14 64934747091983519239310750900868353423117602086235063044849155585350637509570920115755997965/143322592835111675618151408883456676154897466207039850123467038557085581198139952347812349622
18 9 18 939875967487811878929556379341919160888915543001652104871434649751225605392980466043533540/71661296417555837809075704441728338077448733103519925061733519278542790599069976173906174811
18 9 19 85481856316460272597708677618703834896995153830132779801327049199668424352055863659584784929/286645185670223351236302817766913352309794932414079700246934077114171162396279904695624699244
18 10 6 30148045614165381838395510455993376065042768219538864826904994557610751836605150828609093805/71661296417555837809075704441728338077448733103519925061733519278542790599069976173906174811
18 10 10 30932854764264514431749667238875134714599732613072307591503626867112366369480645082712607903/71661296417555837809075704441728338077448733103519925061733519278542790599069976173906174811
18 10 17 813876618394303195302348211296909792138940943916057895640376757986128645614167712506497931/5512407416735064446851977264748333698265287161809225004748732252195599276851536628762013447
18 11 2 1708947035132841590617916003872674834452458360798211168793210568660910030303454000521203199/22049629666940257787407909058993334793061148647236900018994929008782397107406146515048053788
18 11 6 196999968787915924851858072766700102599591329083894074943853848601226925117433794170390411907/573290371340446702472605635533826704619589864828159400493868154228342324792559809391249398488
18 11 16 331857779639076896264681746666437056324234618363511835161390830841931738887236211207307703407/573290371340446702472605635533826704619589864828159400493868154228342324792559809391249398488
18 12 1 132183162693573905631416165377959948768899961418188468426992514131970415554932226311356998989/286645185670223351236302817766913352309794932414079700246934077114171162396279904695624699244
18 12 2 106423478209453276001934006024734374343935481777009900594246220053374634308218764507597312121/286645185670223351236302817766913352309794932414079700246934077114171162396279904695624699244
18 12 8 23688001544808777130894824849984957471290110302424306912266381579316654198953255824305890695/573290371340446702472605635533826704619589864828159400493868154228342324792559809391249398488
18 12 11 72389087989583562075010467878453100922628868135338355539124304278335570867304571929034885573/573290371340446702472605635533826704619589864828159400493868154228342324792559809391249398488
18 13 0 26089808271521661419411006377419486581439532792038023437945413864801293551415897243355617596/71661296417555837809075704441728338077448733103519925061733519278542790599069976173906174811
18 13 8 73100616562432931891963854657440427187302538185698413729189435164402371984754889412404820811/286645185670223351236302817766913352309794932414079700246934077114171162396279904695624699244
18 13 12 109185336021703773666694937599794978796734263060229192765962986490563616205861426309797408049/286645185670223351236302817766913352309794932414079700246934077114171162396279904695624699244
18 14 1 22909808505466769736095178961489758545311079944020290538792655762993560410041710709384472241/286645185670223351236302817766913352309794932414079700246934077114171162396279904695624699244
18 14 3 7698790335041595492554783158620837449211018212892388851063590055508253817123570880215462269/19768633494498162154227780535649196711020340166488255189443729456149735337674476185905151672
18 14 11 304205834613306893716326566010842901501848176766239542735438731092615843275892832446232048205/573290371340446702472605635533826704619589864828159400493868154228342324792559809391249398488
18 15 0 293816517755678544259520327713230978367292475184360236002556068788046095712931362170266583879/573290371340446702472605635533826704619589864828159400493868154228342324792559809391249398488
18 15 3 27800654433189907720015099650488259478487304820894185117248787065470676621067998163277102850/71661296417555837809075704441728338077448733103519925061733519278542790599069976173906174811
18 15 4 57068618119248896452964510616689650424398951076645683553321788916530816111084461914765991809/573290371340446702472605635533826704619589864828159400493868154228342324792559809391249398488
18 16 6 34779396372463957948181340305398451476454050111679220356437031973749524831326204863206401145/286645185670223351236302817766913352309794932414079700246934077114171162396279904695624699244
18 16 7 14800067287640293310814736562547567940921094129486072341619381570259385294346557579235087/119236766085783423975167561467102060029032833782895050019523326586593661562512439557248211
18 16 10 38581747615493544164760748518818445796423684418385583097776987395835766983376552305979158217/71661296417555837809075704441728338077448733103519925061733519278542790599069976173906174811
18 16 12 61959437076297951509879856689876764317671834341573629590136102262175007383838366188020516083/286645185670223351236302817766913352309794932414079700246934077114171162396279904695624699244
18 17 5 1167593122363583899100107418825968941058350622907641953626877587948876397970561722313270785/4942158373624540538556945133912299177755085041622063797360932364037433834418619046476287918
18 17 7 12488454077992912630118017219739041912168233858869764737472599067763702783574377412011002411/22049629666940257787407909058993334793061148647236900018994929008782397107406146515048053788
18 17 9 4150455008977766758047043476823223571795615302973418293087453970508122534654519149718859295/143322592835111675618151408883456676154897466207039850123467038557085581198139952347812349622
18 17 11 48273971541272087380868276664753161726632325514182688763256481191191950058211380145874243781/286645185670223351236302817766913352309794932414079700246934077114171162396279904695624699244
18 18 0 93835792768890578803110675428223139442926024160460646630452653881490642162676520880671518767/573290371340446702472605635533826704619589864828159400493868154228342324792559809391249398488
18 18 8 304131958313188592735150406348131930957098590759296437368242424572896541958785248741621396817/573290371340446702472605635533826704619589864828159400493868154228342324792559809391249398488
18 18 10 21915327532295941366793069219683954277445656238550289561896634471744392583887254971119560363/71661296417555837809075704441728338077448733103519925061733519278542790599069976173906174811
19 0 0 261520579264130704409513514818145445417647628021583267313563612388361486052961670485454296657/573290371340446702472605635533826704619589864828159400493868154228342324792559809391249398488
19 0 16 311769792076315998063092120715681259201942236806576133180304541839980838739598138905795101831/573290371340446702472605635533826704619589864828159400493868154228342324792559809391249398488
19 1 0 31241010288654357263696400054225390973371237006039515342668803974963510307924543898904567545/573290371340446702472605635533826704619589864828159400493868154228342324792559809391249398488
19 1 3 144223569269395465539517384212118535045338958787645704104617854764450610074416823838813822689/573290371340446702472605635533826704619589864828159400493868154228342324792559809391249398488
19 1 20 172449743967523203018930078044954251856086673451013254917107319454011816216944141892610325027/573290371340446702472605635533826704619589864828159400493868154228342324792559809391249398488
19 1 21 225376047814873676650461773222528526744792995583460926129474176034916388193274299760920683227/573290371340446702472605635533826704619589864828159400493868154228342324792559809391249398488
19 2 7 132521002559415854596224616299877901367643092901658882070815238941091094286095007380180379801/286645185670223351236302817766913352309794932414079700246934077114171162396279904695624699244
19 2 16 252996650888403850168117805849078793301609415522016465658846523344589262015444914412713416327/573290371340446702472605635533826704619589864828159400493868154228342324792559809391249398488
19 2 22 4950154394156911394100990636530444624030003763818862633025999161097847015323972538935052615/71661296417555837809075704441728338077448733103519925061733519278542790599069976173906174811
19 2 23 15650480179955851959230671992748551590454233392274269629183159712788098082333099906694801639/573290371340446702472605635533826704619589864828159400493868154228342324792559809391249398488
19 3 4 43283920990638065517143348153066398205896107702669981649796674028050497692133184123908613431/286645185670223351236302817766913352309794932414079700246934077114171162396279904695624699244
19 3 17 24144116488231848775767648702098939750597284995219116176916210504815493344470346637075716709/143322592835111675618151408883456676154897466207039850123467038557085581198139952347812349622
19 3 25 195073031703121588167624172209649074602704254720971486243304982076489678015206027297564652395/286645185670223351236302817766913352309794932414079700246934077114171162396279904695624699244
19 4 5 238703054081917740155730626029174302574293504868487582330713553780161152556892231935784566821/286645185670223351236302817766913352309794932414079700246934077114171162396279904695624699244
19 4 22 47942131588305611080572191737739049735501427545592117916220523334010009839387672759840132423/286645185670223351236302817766913352309794932414079700246934077114171162396279904695624699244
19 5 5 128754926552599720950869795477473185509079775277138392618766530380464589405534778946528001275/573290371340446702472605635533826704619589864828159400493868154228342324792559809391249398488
19 5 6 68300301233133464900302754330182160740837054701209105294679032764560322722370101158393644319/143322592835111675618151408883456676154897466207039850123467038557085581198139952347812349622
19 5 20 171334239855313121920524822735624876147161870746184586696385492789636444497544625811146819937/573290371340446702472605635533826704619589864828159400493868154228342324792559809391249398488
19 6 7 39411207980488381308313709532666862153677309040857770660925506659030860570671745015425335703/71661296417555837809075704441728338077448733103519925061733519278542790599069976173906174811
19 6 15 32250088437067456500761994909061475923771424062662154400808012619511930028398231158480839108/71661296417555837809075704441728338077448733103519925061733519278542790599069976173906174811
19 7 15 204776037590523084182585058437040716470858457551929848409649127588963008239677692235467857919/573290371340446702472605635533826704619589864828159400493868154228342324792559809391249398488
19 7 16 5219265863337065741900749415443574553692814545317846779025726588317616415992688236113836709/71661296417555837809075704441728338077448733103519925061733519278542790599069976173906174811
19 7 17 326760206843227092354814581773237391719188890913686777852013213932838385224940611266870846897/573290371340446702472605635533826704619589864828159400493868154228342324792559809391249398488
19 8 10 30345586491068867341809167539453958664320345404932263760484830316983862532952025088743205711/286645185670223351236302817766913352309794932414079700246934077114171162396279904695624699244
19 8 19 256299599179154483894493650227459393645474587009147436486449246797187299863327879606881493533/286645185670223351236302817766913352309794932414079700246934077114171162396279904695624699244
19 9 2 92640922722261548081298133779810602435497096170476377074682898018104530303544753639594802401/143322592835111675618151408883456676154897466207039850123467038557085581198139952347812349622
19 9 4 7195949238523757878302215141130125542764064879217955353004198001423371121047012106382430593/573290371340446702472605635533826704619589864828159400493868154228342324792559809391249398488
19 9 7 68318920749028480180630996823106550310380752260735913931274638495320566391688630668140629963/573290371340446702472605635533826704619589864828159400493868154228342324792559809391249398488
19 9 11 15901476307981034011059986056293452378057082875787502863857215707397533258205644007293391041/71661296417555837809075704441728338077448733103519925061733519278542790599069976173906174811
19 10 2 42482872653359023185805763861849702991012653191246799129135269787433634655213746680061883939/143322592835111675618151408883456676154897466207039850123467038557085581198139952347812349622
19 10 3 218009568420051476723603699164176198933856460240812584174864419948482404148613029048841629143/573290371340446702472605635533826704619589864828159400493868154228342324792559809391249398488
19 10 4 185349312306959133005778880922251693721682791822359619802462655130125382023091793622160233589/573290371340446702472605635533826704619589864828159400493868154228342324792559809391249398488
19 11 1 239042267003020790806286902438340713371213339398336556898830000159986927982421436842468248469/573290371340446702472605635533826704619589864828159400493868154228342324792559809391249398488
19 11 2 28810190597868254868308481290459681252969283630768655946629097195960877291783821246459271231/71661296417555837809075704441728338077448733103519925061733519278542790599069976173906174811
19 11 15 103766579554479872719850882771808541224622256383673596022005376500668378475867802577106980171/573290371340446702472605635533826704619589864828159400493868154228342324792559809391249398488
19 12 6 163647850650649046965951683786748114889469742865499899600414163454994283754339219615950327681/573290371340446702472605635533826704619589864828159400493868154228342324792559809391249398488
19 12 14 409642520689797655506653951747078589730120121962659500893453990773348041038220589775299070807/573290371340446702472605635533826704619589864828159400493868154228342324792559809391249398488
19 13 1 43996218322167883875612652055247097069497588177005707923097200721591563776998046963210402703/143322592835111675618151408883456676154897466207039850123467038557085581198139952347812349622
19 13 4 347640033489273836556998264308685521008215235598478709828627392837739319566482573435127201475/573290371340446702472605635533826704619589864828159400493868154228342324792559809391249398488
19 13 5 49665464562501330413156763004152795333384276521657858972851958504236750118085048103280586201/573290371340446702472605635533826704619589864828159400493868154228342324792559809391249398488
19 14 1 102216690821942857553175770204488803322070580028070636375093421872056425613286613584939682127/286645185670223351236302817766913352309794932414079700246934077114171162396279904695624699244
19 14 10 184428494848280493683127047562424548987724352386009063871840655242114736782993291110685017117/286645185670223351236302817766913352309794932414079700246934077114171162396279904695624699244
19 15 8 189722224248265264336363016895589804916410605957759638458870661046953272616772509226959704823/286645185670223351236302817766913352309794932414079700246934077114171162396279904695624699244
19 15 10 96922961421958086899939800871323547393384326456320061788063416067217889779507395468664994421/286645185670223351236302817766913352309794932414079700246934077114171162396279904695624699244
19 16 0 96137215664983469667836522178903472486318345541170665385673932403408079694631381374741073415/573290371340446702472605635533826704619589864828159400493868154228342324792559809391249398488
19 16 5 57575103503245896169697815175172042869371102478635268067629926172408016765950140164461597045/286645185670223351236302817766913352309794932414079700246934077114171162396279904695624699244
19 16 12 362002948668971440465373483004579146394529314329718198972934369480118211566028147687585130983/573290371340446702472605635533826704619589864828159400493868154228342324792559809391249398488
19 17 3 25425555755727041485484757106374520712462364913583452894536258608468647251411158117486721885/71661296417555837809075704441728338077448733103519925061733519278542790599069976173906174811
19 17 6 334127650702245417447720739782841913876975304822705631609175154276604103525484947000776010251/573290371340446702472605635533826704619589864828159400493868154228342324792559809391249398488
19 17 7 35758274592384953141006838899988625042915640696786145728402931083989043255785597450579613157/573290371340446702472605635533826704619589864828159400493868154228342324792559809391249398488
19 18 0 243975567201736361784038853171431050876689140774003200635223142852051657215531338940870173577/573290371340446702472605635533826704619589864828159400493868154228342324792559809391249398488
19 18 1 15034396757649490667012248720973321557884647165562721963028874753051266693049146935775890516/71661296417555837809075704441728338077448733103519925061733519278542790599069976173906174811
19 18 8 20210417858067446703404277861994180163006004131940577455050629355975404872055104172276824923/71661296417555837809075704441728338077448733103519925061733519278542790599069976173906174811
19 18 9 7132148250690283627743239058053565961480017738187255896311965836833796120832523154592755491/143322592835111675618151408883456676154897466207039850123467038557085581198139952347812349622
19 18 10 18827694210213707214261613466441376129855442721380780928761115156742110572864368967586479435/573290371340446702472605635533826704619589864828159400493868154228342324792559809391249398488
19 19 0 69051166932961715444899075333806655987883457575122651855587978585527472449127818275165402007/286645185670223351236302817766913352309794932414079700246934077114171162396279904695624699244
19 19 3 25667390318770631233485537582878471506362366019489505119066638151144685741873181677843961037/71661296417555837809075704441728338077448733103519925061733519278542790599069976173906174811
19 19 8 114924457462179110857461592101592810296462010760999027915079545924064946979659359709083453089/286645185670223351236302817766913352309794932414079700246934077114171162396279904695624699244
20 0 12 160777284012734747163081205464072762661702074735592855196835880689978701973491255104250877413/286645185670223351236302817766913352309794932414079700246934077114171162396279904695624699244
20 0 25 125867901657488604073221612302840589648092857678486845050098196424192460422788649591373821831/286645185670223351236302817766913352309794932414079700246934077114171162396279904695624699244
20 1 7 304200057013972596103357500895876896268663809411253160396000024187200102697194320626040328331/573290371340446702472605635533826704619589864828159400493868154228342324792559809391249398488
20 1 9 91054495834254599203772696259811488449041490997332495735114421206821280263509837097826736309/286645185670223351236302817766913352309794932414079700246934077114171162396279904695624699244
20 1 22 86981322657964907961702742118326831452843073422241248627639287627499661568345814569555597539/573290371340446702472605635533826704619589864828159400493868154228342324792559809391249398488
20 2 11 146250922224292992390109414460140253024395722363764980587732475002148267996908705380040383439/573290371340446702472605635533826704619589864828159400493868154228342324792559809391249398488
20 2 20 11230566085332290563631477980416334122077990352097007895252984859701476038887316729066326069/44099259333880515574815818117986669586122297294473800037989858017564794214812293030096107576
20 2 21 208104215299838903502811797844675755153117300754997747300660249696289599745028253985778979377/573290371340446702472605635533826704619589864828159400493868154228342324792559809391249398488
20 2 24 72937874706995029252475209483598352855062967132135569967186626353785268545087732547567796775/573290371340446702472605635533826704619589864828159400493868154228342324792559809391249398488
20 3 3 269986942169023661997602311131046404140801832016320744964509355744668862959576651332880039359/573290371340446702472605635533826704619589864828159400493868154228342324792559809391249398488
20 3 6 70161812357080133749237681923716476994790289278507126215939892266316716486228832381066096959/286645185670223351236302817766913352309794932414079700246934077114171162396279904695624699244
20 3 17 162979804457262772976527960555347346489207454254824403097479013951040028860525493296237165211/573290371340446702472605635533826704619589864828159400493868154228342324792559809391249398488
20 4 8 53896591445199147440038955162569327524823225946485275192299364047100105918680060390283311671/286645185670223351236302817766913352309794932414079700246934077114171162396279904695624699244
20 4 13 119834389521070999474985743961542077708232663519214180408606717595140423189256413520024287345/573290371340446702472605635533826704619589864828159400493868154228342324792559809391249398488
20 4 23 345662798928977408117541981247145971861710749415974669700662708539001689765943275090658487801/573290371340446702472605635533826704619589864828159400493868154228342324792559809391249398488
20 5 5 33409311125130639657984581678950108408678506992248532580497071728736595852219930697850139889/573290371340446702472605635533826704619589864828159400493868154228342324792559809391249398488
20 5 9 189122078578161229464100158354944367807449442838322782927722539732870431910296430558964763727/573290371340446702472605635533826704619589864828159400493868154228342324792559809391249398488
20 5 19 43844872704644354168815111937491528550432739374698510623206067845841912128755431016804311859/71661296417555837809075704441728338077448733103519925061733519278542790599069976173906174811
20 6 15 75665687215813588688299217136709820579803428219211483128436851843004746726522212098603360479/286645185670223351236302817766913352309794932414079700246934077114171162396279904695624699244
20 6 20 210979498454409762548003600630203531729991504194868217118497225271166415669757692597021338765/286645185670223351236302817766913352309794932414079700246934077114171162396279904695624699244
20 7 0 34798969927317855819564777358588880091810819937580198484523217306958297535684973522235733299/143322592835111675618151408883456676154897466207039850123467038557085581198139952347812349622
20 7 5 46482559993404106633481936088394511987243620714942834349431117576001846268276822594731241411/573290371340446702472605635533826704619589864828159400493868154228342324792559809391249398488
20 7 6 31346494718125265010289841950559001645043814353019845612130769490710897897877987755478585253/286645185670223351236302817766913352309794932414079700246934077114171162396279904695624699244
20 7 11 324918942201520642540284906109958668975015335656856080982082628443085492585787117196618053375/573290371340446702472605635533826704619589864828159400493868154228342324792559809391249398488
20 8 4 7870727524255134444647163916808067740555440126250770218418661307886361194312983584350196797/286645185670223351236302817766913352309794932414079700246934077114171162396279904695624699244
20 8 5 58814640760646188236508614588182650771515626422272811620042389759675923061890945975150788639/286645185670223351236302817766913352309794932414079700246934077114171162396279904695624699244
20 8 7 89965226263157020912981606882645637698724583228446035748876742133778867244393139395645886665/286645185670223351236302817766913352309794932414079700246934077114171162396279904695624699244
20 8 12 39788906399511286461797313200225155807814804802098261397215320016323550069538763826984568457/286645185670223351236302817766913352309794932414079700246934077114171162396279904695624699244
20 8 13 45102842361326860590184059589525920145592238917505910631190481948253230413072035956746629343/143322592835111675618151408883456676154897466207039850123467038557085581198139952347812349622
20 9 0 161188898481556282303947847441314089072129463266553935330086257742815849156594091491236188585/573290371340446702472605635533826704619589864828159400493868154228342324792559809391249398488
20 9 5 1802224816792222813567123661645241561420482283806971153949478217178556304685703369147369514/5512407416735064446851977264748333698265287161809225004748732252195599276851536628762013447
20 9 17 224670091912499247557676927281407493159730244045680465153036161898956619948652567508686780447/573290371340446702472605635533826704619589864828159400493868154228342324792559809391249398488
20 10 0 449027301023515058519855413597236010839472732181227449259547707778273445116238467386705662463/573290371340446702472605635533826704619589864828159400493868154228342324792559809391249398488
20 10 7 25044624387668151791942661506138696529394513540934354659631791240139621245245657664667538895/286645185670223351236302817766913352309794932414079700246934077114171162396279904695624699244
20 10 13 74173821541595340368864898924313300721328105565063241915056863969789637185830026675208658235/573290371340446702472605635533826704619589864828159400493868154228342324792559809391249398488
20 11 2 22679683589870837916763654986130649608351338981413952502404761459519185037784827920950001/190083014370174636098344043612011506836734040062387069129266629386055147477639194095241843
20 11 4 317131153642717994302365825868205068401774791250879259278005681870274829840129979169377063805/573290371340446702472605635533826704619589864828159400493868154228342324792559809391249398488
20 11 8 187757291990678261013280626227451596999027435209335660468609711796157632878470789212287131667/573290371340446702472605635533826704619589864828159400493868154228342324792559809391249398488
20 12 1 41119273877564520078086609741864409063601979789422622119435844279364394826873325749007421361/573290371340446702472605635533826704619589864828159400493868154228342324792559809391249398488
20 12 12 86494225437402229970336073140502761496802312074414028975639269793696779937272505989991833025/573290371340446702472605635533826704619589864828159400493868154228342324792559809391249398488
20 12 15 101217563885854063178782338955952012257630024281777426115961687328693173320023886302585360099/573290371340446702472605635533826704619589864828159400493868154228342324792559809391249398488
20 12 16 344459308139625889245400613695507521801555548682545323282831352826587976708390091349664784003/573290371340446702472605635533826704619589864828159400493868154228342324792559809391249398488
20 13 1 367462785966119831283224300874692529153158092195709432011819737078974993964581606620267228679/573290371340446702472605635533826704619589864828159400493868154228342324792559809391249398488
20 13 4 84954787669350716847895909948291189267967659106306295449360455404360010833131251060787955997/573290371340446702472605635533826704619589864828159400493868154228342324792559809391249398488
20 13 5 78711251968306972709611512940167619410798834623538937222044828338951213358832865366764456847/573290371340446702472605635533826704619589864828159400493868154228342324792559809391249398488
20 13 15 42161545736669181631873911770675366787665278902604735810643133406056106636014086343429756965/573290371340446702472605635533826704619589864828159400493868154228342324792559809391249398488
20 14 2 105923663531489766216104258526367949906249439002749714763212674766470579703459307608860135909/143322592835111675618151408883456676154897466207039850123467038557085581198139952347812349622
20 14 7 41548994715367611321577459753739929595547927270549646812056279429368069348130121452128029081/286645185670223351236302817766913352309794932414079700246934077114171162396279904695624699244
20 14 14 33248863891876207482516840960437522901748127138030623908452448151861933641231168025776398345/286645185670223351236302817766913352309794932414079700246934077114171162396279904695624699244
20 15 0 18741883051242190007755277328073701147707829495442003807955217143547811106654868818220543395/573290371340446702472605635533826704619589864828159400493868154228342324792559809391249398488
20 15 3 43234379153190335998445407192295553824713200130715361316643775237166376592357858178233022895/143322592835111675618151408883456676154897466207039850123467038557085581198139952347812349622
20 15 7 1862080890303277961679963287804693823054924468433945999723116851052853114799361099387760267/19768633494498162154227780535649196711020340166488255189443729456149735337674476185905151672
20 15 9 17221297479004708831158779974787834673073935021182812575909435410022109284785707826765574963/71661296417555837809075704441728338077448733103519925061733519278542790599069976173906174811
20 15 10 18485038472696378116343918523281412860924011120000870693753947982778154190974152069038440313/286645185670223351236302817766913352309794932414079700246934077114171162396279904695624699244
20 15 12 19108771135027210087548964655671145524749615351975909429073008526232885540882258653206279430/71661296417555837809075704441728338077448733103519925061733519278542790599069976173906174811
20 16 0 42360011008839694213521354160637743725280642132474280431510855809668853322426201837005890913/573290371340446702472605635533826704619589864828159400493868154228342324792559809391249398488
20 16 1 6460986574573254149321812969336598671842573031466323436132576014321647058561403188732305837/22049629666940257787407909058993334793061148647236900018994929008782397107406146515048053788
20 16 3 271997699646591553959537480234233239749344596619094717312934653139246218936139286275389592013/573290371340446702472605635533826704619589864828159400493868154228342324792559809391249398488
20 16 10 11368376218263855802147457992025519459632215907308249176246958613383053626424729796476745475/71661296417555837809075704441728338077448733103519925061733519278542790599069976173906174811
20 17 1 116973131245917844539830477071154280733583488011380999648245174985718468265301054172898308375/286645185670223351236302817766913352309794932414079700246934077114171162396279904695624699244
20 17 11 169672054424305506696472340695759071576211444402698700598688902128452694130978850522726390869/286645185670223351236302817766913352309794932414079700246934077114171162396279904695624699244
20 18 4 98171644228461417070945734577876168000245154054082841900747361952932896445691581555811451289/143322592835111675618151408883456676154897466207039850123467038557085581198139952347812349622
20 18 6 20319063957604360637592073004910130626489409056552284778930373188468116131745521791999061772/71661296417555837809075704441728338077448733103519925061733519278542790599069976173906174811
20 18 10 347140053187810559386271407366172838590268772296341435758379248247419422227486708307905753/11024814833470128893703954529496667396530574323618450009497464504391198553703073257524026894
20 19 2 187569024666915902440037611977938129065644979421474813060784467668090995298032458707882942683/573290371340446702472605635533826704619589864828159400493868154228342324792559809391249398488
20 19 6 174957905294155303705945059042738658719448635094225495915099242935670128062899057680149320593/573290371340446702472605635533826704619589864828159400493868154228342324792559809391249398488
20 19 8 52690860344843874081655741128287479208624062578114772879496110906145300357907073250804283803/143322592835111675618151408883456676154897466207039850123467038557085581198139952347812349622
20 20 2 10065259136499941066301936341541315172492582540430793069715767723558151742986522574554040709/44099259333880515574815818117986669586122297294473800037989858017564794214812293030096107576
20 20 3 11948976855756011046552197728394400745354339708467694402896724733694820072438269162613686950/71661296417555837809075704441728338077448733103519925061733519278542790599069976173906174811
20 20 5 346850187719899380238262881266634401414351574134817535364389375952527791554228862621137373671/573290371340446702472605635533826704619589864828159400493868154228342324792559809391249398488
21 0 3 87042898538788702404616201353745282035077615948183283285554599810821038036278035496638876381/573290371340446702472605635533826704619589864828159400493868154228342324792559809391249398488
21 0 4 12598258288012170803105221690416540655097161225058275808477875384671358699806641752963854981/573290371340446702472605635533826704619589864828159400493868154228342324792559809391249398488
21 0 8 66717885127005072963971860668344755221454323250258079311100398617866848388348444432234062549/573290371340446702472605635533826704619589864828159400493868154228342324792559809391249398488
21 0 19 24561884160513159625036523592221983888277542974156421162952387108425465952781992118131321985/71661296417555837809075704441728338077448733103519925061733519278542790599069976173906174811
21 0 27 210436256102535479300620163083544255601740420611408392785116183547579352045870750764362028697/573290371340446702472605635533826704619589864828159400493868154228342324792559809391249398488
21 1 4 9912922707089498218037109461590261234285978417562673187335629472109067837335511587826596117/143322592835111675618151408883456676154897466207039850123467038557085581198139952347812349622
21 1 8 455813983718702962554799497270642117250965848860120845854384534944519740277454690421960773925/573290371340446702472605635533826704619589864828159400493868154228342324792559809391249398488
21 1 24 55273535116317192306563397434608404938056677859944997203297070490071117463445961893005503283/573290371340446702472605635533826704619589864828159400493868154228342324792559809391249398488
21 1 27 5637790419267138684773575745553784373355856109460716171711007726328798925579277681244184203/143322592835111675618151408883456676154897466207039850123467038557085581198139952347812349622
21 2 3 76763980441371750873217998559091893689208192428695819553875561903932721159982210413517033789/143322592835111675618151408883456676154897466207039850123467038557085581198139952347812349622
21 2 6 38873984357818240729609029753497802146247338903225082639495195005526779569229915008714000085/286645185670223351236302817766913352309794932414079700246934077114171162396279904695624699244
21 2 12 94243240429661608760257790895231762785131208653462978499687758300778940507085568859876631581/286645185670223351236302817766913352309794932414079700246934077114171162396279904695624699244
21 3 1 70367940192821167412466255733867969792887763787668146899819454913940342173266409696616064079/573290371340446702472605635533826704619589864828159400493868154228342324792559809391249398488
21 3 2 4528304737384852394768574830224149450723428018688927751874098718181916944589382116619100747/11024814833470128893703954529496667396530574323618450009497464504391198553703073257524026894
21 3 9 8954336248890756457065100148245075733682840869299841078743881797338997817355129773616887567/573290371340446702472605635533826704619589864828159400493868154228342324792559809391249398488
21 3 10 174573728567804171178906868541297002502807328740421519994699665630662649585895147845274358465/573290371340446702472605635533826704619589864828159400493868154228342324792559809391249398488
21 3 20 83922519986918282896201519938760885152593674458945649423152018540940654097395252011548849533/573290371340446702472605635533826704619589864828159400493868154228342324792559809391249398488
21 4 0 8583161268717578809194929096176820332394161261368065874056760890704464041476072065592892372/71661296417555837809075704441728338077448733103519925061733519278542790599069976173906174811
21 4 3 13141518069388730086770802418141279014537537264098470113139602902909559630270705887865217097/286645185670223351236302817766913352309794932414079700246934077114171162396279904695624699244
21 4 14 187990254015515491066027662912237096376313666905035626739367201358116775755872527677086496153/573290371340446702472605635533826704619589864828159400493868154228342324792559809391249398488
21 4 19 112204478628521348944569127737788132213208247834749772093110245361828929024688898199466731791/286645185670223351236302817766913352309794932414079700246934077114171162396279904695624699244
21 4 21 65942833779370422870338679540316223128631337634482762349547169215112859394959497014755865583/573290371340446702472605635533826704619589864828159400493868154228342324792559809391249398488
21 5 4 14534767261249667742854955130430289299437605708823090942851528337595715339239707545477684407/286645185670223351236302817766913352309794932414079700246934077114171162396279904695624699244
21 5 7 87735783904909211647723104129733453234838142508266208389070647403879943592033913146925327221/573290371340446702472605635533826704619589864828159400493868154228342324792559809391249398488
21 5 10 54485601488308135436173444253100909287501841278964327736227352923504158243376215816288284847/71661296417555837809075704441728338077448733103519925061733519278542790599069976173906174811
21 5 23 1584633923582543988445005162955799883527829282348645256098125135479821890387442663312494129/44099259333880515574815818117986669586122297294473800037989858017564794214812293030096107576
21 6 5 22266922856099793030284456453523588006777156734883959429287801197425219874705357268850030625/573290371340446702472605635533826704619589864828159400493868154228342324792559809391249398488
21 6 7 176031855393415113461216953775605727691693002897870932486506574919764006628846133928481965843/573290371340446702472605635533826704619589864828159400493868154228342324792559809391249398488
21 6 22 93747898272732948995276056326174347230279926298851127144518444527788274572252079548479350505/143322592835111675618151408883456676154897466207039850123467038557085581198139952347812349622
21 7 7 95243706660187717593573702093265088179293179039950755050885775246838096956504279639406330939/143322592835111675618151408883456676154897466207039850123467038557085581198139952347812349622
21 7 21 48078886174923958024577706790191587975604287167089095072581263310247484241635672708406018683/143322592835111675618151408883456676154897466207039850123467038557085581198139952347812349622
21 8 3 98065268739956335266362670093376625217840305423268982927048058175878194893887926732755364425/573290371340446702472605635533826704619589864828159400493868154228342324792559809391249398488
21 8 13 223557441028974045886330414918931457889709956512139210539557987047345717916701506320928728133/573290371340446702472605635533826704619589864828159400493868154228342324792559809391249398488
21 8 18 125833830785758160659956275260759310756019801446375603513631054502559205990985188168782652965/286645185670223351236302817766913352309794932414079700246934077114171162396279904695624699244
21 9 5 6243677812896635754131402077151904027956841736396417084272633259847717873851531277277359133/143322592835111675618151408883456676154897466207039850123467038557085581198139952347812349622
21 9 7 80306986879278311878896851018599991794242769705935884433735246269836017291473786772838573301/573290371340446702472605635533826704619589864828159400493868154228342324792559809391249398488
21 9 15 182385223029254373776857443128952767975105012908750271806007326800614150435149771900057673237/286645185670223351236302817766913352309794932414079700246934077114171162396279904695624699244
21 9 16 103238227151073100023468289948713560763309702359137304111027721317887135135380353709186042181/573290371340446702472605635533826704619589864828159400493868154228342324792559809391249398488
21 10 8 115480942816804495769735264047491605705598343697568766801623231327398988486477106995602159033/286645185670223351236302817766913352309794932414079700246934077114171162396279904695624699244
21 10 13 39307348156165599043444661434785236786114622083968468256581422552071105541202422383351423543/573290371340446702472605635533826704619589864828159400493868154228342324792559809391249398488
21 10 16 23309318273128623991514649692619865878636811949927184510310789924728710944492551770514896683/44099259333880515574815818117986669586122297294473800037989858017564794214812293030096107576
21 11 9 7036784421825029347644659728343002376669370042470036734078257399370077502736119908786464379/44099259333880515574815818117986669586122297294473800037989858017564794214812293030096107576
21 11 12 37062474912055486227171158389643667209452927252003763303911600618194716712076173121309643197/44099259333880515574815818117986669586122297294473800037989858017564794214812293030096107576
21 12 0 83062465393576466053265717899105730312203172198454043728039512775130479839452044776600682385/573290371340446702472605635533826704619589864828159400493868154228342324792559809391249398488
21 12 4 254734821794216256412298151082734297112723089617257466654307949985244798782885685250046575899/573290371340446702472605635533826704619589864828159400493868154228342324792559809391249398488
21 12 5 220630147217877315691998175016399863323675163121667131317404133527995691041972235546394296271/573290371340446702472605635533826704619589864828159400493868154228342324792559809391249398488
21 12 15 14862936934776664315043591535586813870988439890780758794116557939971355128249843818207843933/573290371340446702472605635533826704619589864828159400493868154228342324792559809391249398488
21 13 2 34533045363670477273648531214615834452661431218999048850130331685205697574443361845292052713/573290371340446702472605635533826704619589864828159400493868154228342324792559809391249398488
21 13 3 2091347440157330623604631249592487547717702117838671525249407308076873577535759177791474493/11024814833470128893703954529496667396530574323618450009497464504391198553703073257524026894
21 13 11 430007259088595032771516279340401517685607923481549432330768642523139201186256970300800672139/573290371340446702472605635533826704619589864828159400493868154228342324792559809391249398488
21 14 0 67624967496244850654430901648546867798298459841644700866704014628020703428535566930347002293/573290371340446702472605635533826704619589864828159400493868154228342324792559809391249398488
21 14 11 269084536727139808756279069522983803117741688061919857758429423135726481516666976945017350283/573290371340446702472605635533826704619589864828159400493868154228342324792559809391249398488
21 14 13 29572608389632755382736958045287004212943714615574355233591839558074392480919658189485630739/71661296417555837809075704441728338077448733103519925061733519278542790599069976173906174811
21 15 4 374963704487773419172507153649260464817994197350169682155975424641318705504413701327290134679/573290371340446702472605635533826704619589864828159400493868154228342324792559809391249398488
21 15 6 167699414001043280492746394261936315255688114020616977637346288004754097239660863317461159385/573290371340446702472605635533826704619589864828159400493868154228342324792559809391249398488
21 15 11 3828406606453750350919010952828740568238444182171592587568305197783690256060655593312263053/71661296417555837809075704441728338077448733103519925061733519278542790599069976173906174811
21 16 1 169837713531583477598182424429673658561010802258007208608699103124939270819699705040268324493/286645185670223351236302817766913352309794932414079700246934077114171162396279904695624699244
21 16 2 13802418387906166823567986269552040713409589997390046598169584122800419600708104460620415519/44099259333880515574815818117986669586122297294473800037989858017564794214812293030096107576
21 16 3 54183505234499578569856965170302858223243590346074377500265354382058328343955041322647347755/573290371340446702472605635533826704619589864828159400493868154228342324792559809391249398488
21 17 0 289745665982376701743431539157168278128177859521313424611278026836564386838630830366990576639/573290371340446702472605635533826704619589864828159400493868154228342324792559809391249398488
21 17 8 9404758534233732057167308745974885198881544923514174549179290193100247371392648565547183593/286645185670223351236302817766913352309794932414079700246934077114171162396279904695624699244
21 17 9 264735188289602536614839478884708656093648915459817626784231547005577443211143681893164454663/573290371340446702472605635533826704619589864828159400493868154228342324792559809391249398488
21 18 2 333697671551294984509105495067015522848537296641300569232306276632599620805462207772908513833/573290371340446702472605635533826704619589864828159400493868154228342324792559809391249398488
21 18 10 239592699789151717963500140466811181771052568186858831261561877595742703987097601618340884655/573290371340446702472605635533826704619589864828159400493868154228342324792559809391249398488
21 19 2 66917237961663017614690824075451800560732972360800506189986031354768165212243678323462314759/573290371340446702472605635533826704619589864828159400493868154228342324792559809391249398488
21 19 3 168670542957730700297104302364031207830484761070877191678461720804133628313551741766924690349/573290371340446702472605635533826704619589864828159400493868154228342324792559809391249398488
21 19 6 84425647605263246140202627273585924057093032849120425656355100517360132816691097325215598345/143322592835111675618151408883456676154897466207039850123467038557085581198139952347812349622
21 20 0 340952851241482323707106971558680019676041845506638276947604725249087337081575457395240121603/573290371340446702472605635533826704619589864828159400493868154228342324792559809391249398488
21 20 1 16702346099084296708672177884439163729586887245324892017414729718933480348736780022961172413/71661296417555837809075704441728338077448733103519925061733519278542790599069976173906174811
21 20 7 98718751306290005096121240899633375106852921358921987406945591227787144921090111812319897581/573290371340446702472605635533826704619589864828159400493868154228342324792559809391249398488
21 21 1 306389104214758476353586035364186861822270160892713272889544867699151892917442416033079429527/573290371340446702472605635533826704619589864828159400493868154228342324792559809391249398488
21 21 6 266901267125688226119019600169639842797319703935446127604323286529190431875117393358169968961/573290371340446702472605635533826704619589864828159400493868154228342324792559809391249398488
22 0 0 38820610013187379434529145498060271230224008750685377472428165199426742920045003181403888253/286645185670223351236302817766913352309794932414079700246934077114171162396279904695624699244
22 0 10 56957306543337064495147030319422331449707629933072894510180012805500905596901871991644705829/286645185670223351236302817766913352309794932414079700246934077114171162396279904695624699244
22 0 17 95433634556849453653313320974715374814931646865160714132162949554621756939666514761288052581/143322592835111675618151408883456676154897466207039850123467038557085581198139952347812349622
22 1 6 26724757971183533421994712910295444100361403982433471413239778055133162944865564584897369267/573290371340446702472605635533826704619589864828159400493868154228342324792559809391249398488
22 1 8 14216715725356217764516493877168692658983425824606745198210614766502545132983120400930230113/573290371340446702472605635533826704619589864828159400493868154228342324792559809391249398488
22 1 13 234220500373924778746708355101686479326254686747901841430031531144963266135174545200342322347/573290371340446702472605635533826704619589864828159400493868154228342324792559809391249398488
22 1 19 244360774695283131085631838169551760657120493274676039038740277600935427003312143539081720845/573290371340446702472605635533826704619589864828159400493868154228342324792559809391249398488
22 1 23 11837552869221564147288473884075824830674676068401511764545526342027278970946117296542673347/143322592835111675618151408883456676154897466207039850123467038557085581198139952347812349622
22 1 26 802176387226598108075042492352628569271393840616907044432980911587350961554995809978382816/71661296417555837809075704441728338077448733103519925061733519278542790599069976173906174811
22 2 1 140389928852917512627071057969756283423779924760436816291366545934967565743043701152610061845/573290371340446702472605635533826704619589864828159400493868154228342324792559809391249398488
22 2 17 432900442487529189845534577564070421195809940067722584202501608293374759049516108238639336643/573290371340446702472605635533826704619589864828159400493868154228342324792559809391249398488
22 3 10 182382545130119069740133348386106469306593550940914083082524628061640120570153697388823415761/573290371340446702472605635533826704619589864828159400493868154228342324792559809391249398488
22 3 11 67797927840474024409496502793344658960893684564512911373211079740382927257160594471674909439/286645185670223351236302817766913352309794932414079700246934077114171162396279904695624699244
22 3 22 255311970529379583913479281561030917391208944758219494664921366685936349708084923059076163849/573290371340446702472605635533826704619589864828159400493868154228342324792559809391249398488
22 4 2 74697424913742291799483570388793982245652920722671909636553515307709736743260762215663853021/573290371340446702472605635533826704619589864828159400493868154228342324792559809391249398488
22 4 4 411973094185864544504653724019150416977032833552132958186671620165522267507054722071066118651/573290371340446702472605635533826704619589864828159400493868154228342324792559809391249398488
22 4 18 10827481530104983271058542640735288174613013819169316583830377344388790067780540638064928352/71661296417555837809075704441728338077448733103519925061733519278542790599069976173906174811
22 5 5 207065208668887317550599792974376008852226532374099182652796443576462340076823599002191472307/573290371340446702472605635533826704619589864828159400493868154228342324792559809391249398488
22 5 15 265935497005537072487673199562596577178088890941891262179718300729078507088866882445045193033/573290371340446702472605635533826704619589864828159400493868154228342324792559809391249398488
22 5 22 25072416416505578108583160749213529647318610378042238915338352480700369406717331986003183287/143322592835111675618151408883456676154897466207039850123467038557085581198139952347812349622
22 6 0 5171450381602699922967621963802647859351653915206194582657452230226130837234636149970227041/22049629666940257787407909058993334793061148647236900018994929008782397107406146515048053788
22 6 5 143309902368021659729091049869090214750464205463142553763402395603523047356648813542092449689/286645185670223351236302817766913352309794932414079700246934077114171162396279904695624699244
22 6 13 9662088295985250684190427212026851010416359038553040957516100068077313691993500133114695147/573290371340446702472605635533826704619589864828159400493868154228342324792559809391249398488
22 6 16 142550768386747934333074937524750579765102093067960192860453504967339514619168142274723900897/573290371340446702472605635533826704619589864828159400493868154228342324792559809391249398488
22 7 1 126908718832503856959044441783775998515262160553185090329415191455073254020970511325841749949/573290371340446702472605635533826704619589864828159400493868154228342324792559809391249398488
22 7 6 17311160438742667274909239878878632756268168060343416461762838134345648857618425268558091493/286645185670223351236302817766913352309794932414079700246934077114171162396279904695624699244
22 7 14 286773289214893849445305662861046709843616587932208199932420624819469006155027350247283956867/573290371340446702472605635533826704619589864828159400493868154228342324792559809391249398488
22 7 18 62493021207781830759218525565623365374087390111039638654253330842554383450662548640503754343/286645185670223351236302817766913352309794932414079700246934077114171162396279904695624699244
22 8 0 13105628017537797787547421580936216337582285379741134848258299430742632551487265112692649345/71661296417555837809075704441728338077448733103519925061733519278542790599069976173906174811
22 8 2 84807641039338823210415438601660827267980513233767405746538346745978869287753156713280547633/573290371340446702472605635533826704619589864828159400493868154228342324792559809391249398488
22 8 16 383637706160805496961810824284676146650951068556462915961263412036422395092908531776427656095/573290371340446702472605635533826704619589864828159400493868154228342324792559809391249398488
22 9 3 1
22 10 5 11310938881024889907882824229896220247484295390671452995862339554205319065907909077137808161/286645185670223351236302817766913352309794932414079700246934077114171162396279904695624699244
22 10 6 121967441003494059437440473427397477284506899402900809370773585136565594577951156130638573167/573290371340446702472605635533826704619589864828159400493868154228342324792559809391249398488
22 10 13 428701052574902863219399513646636786840114374643915685131369889983366092082792835106335208999/573290371340446702472605635533826704619589864828159400493868154228342324792559809391249398488
22 11 0 98858917656426276335438646111645711419977954680676215745297320760391775496407867232551976259/573290371340446702472605635533826704619589864828159400493868154228342324792559809391249398488
22 11 14 2008610879160781206286578453058546076760833307610651891518047500702930718886451241161687303/4942158373624540538556945133912299177755085041622063797360932364037433834418619046476287918
22 11 16 241432591701369806207923888867389648295355246464647565332477323386410585905323598183941695081/573290371340446702472605635533826704619589864828159400493868154228342324792559809391249398488
22 12 5 74953526537490292481462262641281931540378779963606042793814419014876303387169261081940278273/573290371340446702472605635533826704619589864828159400493868154228342324792559809391249398488
22 12 6 2238326131447530304543224141807696205620508829458086555062244502326407860932169020752827405/9884316747249081077113890267824598355510170083244127594721864728074867668837238092952575836
22 12 11 368513929178999652327636372667698393153221572755984337506443554078534365471324745105645130725/573290371340446702472605635533826704619589864828159400493868154228342324792559809391249398488
22 13 2 463260752652792773987541036283522156938266345599274814746249362409072070696383065152286416181/573290371340446702472605635533826704619589864828159400493868154228342324792559809391249398488
22 13 9 110029618687653928485064599250304547681323519228884585747618791819270254096176744238962982307/573290371340446702472605635533826704619589864828159400493868154228342324792559809391249398488
22 14 5 98987466196978093301446541641925158389019964125369068580094730888110085760944797095424974545/573290371340446702472605635533826704619589864828159400493868154228342324792559809391249398488
22 14 6 146954715452632714601446422396918829217157903953883058760245818217469168392188050385595634477/573290371340446702472605635533826704619589864828159400493868154228342324792559809391249398488
22 14 8 2090935112951310068130308826955576424078309731252431403127474096707018336090233261670153741/573290371340446702472605635533826704619589864828159400493868154228342324792559809391249398488
22 14 10 2366284078116214655807375190350182357735240730149230621365397547730639406004795094734367809/143322592835111675618151408883456676154897466207039850123467038557085581198139952347812349622
22 14 12 315792118265419725878352861906626411158392724097057919264938540835133494679317548269621164489/573290371340446702472605635533826704619589864828159400493868154228342324792559809391249398488
22 15 0 17221297479004708831158779974787834673073935021182812575909435410022109284785707826765574963/71661296417555837809075704441728338077448733103519925061733519278542790599069976173906174811
22 15 9 54439998938551128977916924466940503404374798082337112485824083868520681314284268347140599848/71661296417555837809075704441728338077448733103519925061733519278542790599069976173906174811
22 16 2 266822688646543407942810078830236885544015527936257353395626601063977413467954444284501008405/573290371340446702472605635533826704619589864828159400493868154228342324792559809391249398488
22 16 5 85954159736988041947264059083856258523711356149749739905209350094753547299000702901335381863/573290371340446702472605635533826704619589864828159400493868154228342324792559809391249398488
22 16 6 96347848314411180768850006409217903374011944320065645258425129639786577633358866241383232241/286645185670223351236302817766913352309794932414079700246934077114171162396279904695624699244
22 16 7 27311808681542022455539858137537017585906373535266852910020813326775938035412859017785281475/573290371340446702472605635533826704619589864828159400493868154228342324792559809391249398488
22 16 12 506017646550868589291626663760736217932718566754163766161130463262270723474070704861262263/573290371340446702472605635533826704619589864828159400493868154228342324792559809391249398488
22 17 1 21641308332731815665155973291692426952371644359362407688967797145200764103827827576310760911/44099259333880515574815818117986669586122297294473800037989858017564794214812293030096107576
22 17 10 22457951001148699909659844826294242633750652935111392349022060872364030110984465453785346665/44099259333880515574815818117986669586122297294473800037989858017564794214812293030096107576
22 18 3 175908207059053081840573430600630863952545517903375266739733125363428199659747917821872364907/573290371340446702472605635533826704619589864828159400493868154228342324792559809391249398488
22 18 6 13615461793851652942720507786309649356326187082608698133468046983118571080365100247071205737/573290371340446702472605635533826704619589864828159400493868154228342324792559809391249398488
22 18 7 276291632324823431579090690857144858952274918828837092135446287074153010195113064050892425557/573290371340446702472605635533826704619589864828159400493868154228342324792559809391249398488
22 18 8 8267313089439887393093923560749333258341787770256795652709284215972503373641055943954877099/44099259333880515574815818117986669586122297294473800037989858017564794214812293030096107576
22 19 0 25919433894160408005861684879159915185887137746412687686528777169060126172396219839867774515/143322592835111675618151408883456676154897466207039850123467038557085581198139952347812349622
22 19 4 17711505340086502348520484116038355093974282283198560918951462769952578722036519949795510653/573290371340446702472605635533826704619589864828159400493868154228342324792559809391249398488
22 19 8 122078949092720449233304776659932104361457053779526836136255834789349400929020993133268975739/573290371340446702472605635533826704619589864828159400493868154228342324792559809391249398488
22 19 9 82455545332749529716833408810304146105152494444945813173136436998199960112979354237178453509/143322592835111675618151408883456676154897466207039850123467038557085581198139952347812349622
22 20 0 232337520098964378765498663975146684943548019321521123546263428979254987710984351996009276885/573290371340446702472605635533826704619589864828159400493868154228342324792559809391249398488
22 20 1 340952851241482323707106971558680019676041845506638276947604725249087337081575457395240121603/573290371340446702472605635533826704619589864828159400493868154228342324792559809391249398488
22 21 6 14030063065578392988980773334590173262217253682725333427607207157666345772599868679092649547/573290371340446702472605635533826704619589864828159400493868154228342324792559809391249398488
22 21 7 559260308274868309483624862199236531357372611145434067066260947070675979019959940712156748941/573290371340446702472605635533826704619589864828159400493868154228342324792559809391249398488
22 22 4 57487988465808281260884489496128134990613523957079995552418092823907905495782523293108774492/71661296417555837809075704441728338077448733103519925061733519278542790599069976173906174811
22 22 5 14173307951747556548191214945600203086835209146439929509315426454634885103287452880797400319/71661296417555837809075704441728338077448733103519925061733519278542790599069976173906174811
23 0 6 22856048343241321813613427106266889154530748328815499504557169673349945221147162923003090723/286645185670223351236302817766913352309794932414079700246934077114171162396279904695624699244
23 0 15 97243956485871944585618936098280542826046425254088176773277637124110467996967464020744015435/286645185670223351236302817766913352309794932414079700246934077114171162396279904695624699244
23 0 16 20200696937876599982418693618520113308894652597011522510239065440713098809961495282769569705/143322592835111675618151408883456676154897466207039850123467038557085581198139952347812349622
23 0 25 103231818154821802061824297499215977660969927530782564303535250996397654688695949570538427353/286645185670223351236302817766913352309794932414079700246934077114171162396279904695624699244
23 0 28 22911968810535082810408769826109716050458526106370414645085888438886896869546337615800026323/286645185670223351236302817766913352309794932414079700246934077114171162396279904695624699244
23 1 5 328797676335831116826940338298621497845591982314467187170288942914061776113566560368144288513/573290371340446702472605635533826704619589864828159400493868154228342324792559809391249398488
23 1 23 244492695004615585645665297235205206773997882513692213323579211314280548678993249023105109975/573290371340446702472605635533826704619589864828159400493868154228342324792559809391249398488
23 2 10 19732043017006828180272198479134084441933728278043693020315717517404500228461606302302833319/573290371340446702472605635533826704619589864828159400493868154228342324792559809391249398488
23 2 14 23197565294285850603353890542640458935431507755956937779551264037714036034815668097206688774/71661296417555837809075704441728338077448733103519925061733519278542790599069976173906174811
23 2 18 367977805969153069465502312713568948694204074502460205237142324409225536285572858311293054977/573290371340446702472605635533826704619589864828159400493868154228342324792559809391249398488
23 3 5 49514992076572023843688907131260530848068924005296977389688036272664875006147623577549777381/143322592835111675618151408883456676154897466207039850123467038557085581198139952347812349622
23 3 7 93171971418638101525538572261696337734548611864096195806665622050309412256511551456082030035/286645185670223351236302817766913352309794932414079700246934077114171162396279904695624699244
23 3 9 9868271585025862292216009532027084978467455093421318647309641321622432085012344522366628626/71661296417555837809075704441728338077448733103519925061733519278542790599069976173906174811
23 3 10 14236154334121512156544941576821321112671112784358036431155732037908697292378664408937372897/573290371340446702472605635533826704619589864828159400493868154228342324792559809391249398488
23 3 11 95704133182553993552499844652353904817806191547050513712151902426175846282468791581015826989/573290371340446702472605635533826704619589864828159400493868154228342324792559809391249398488
23 4 2 70326731311031396110105304066313300617267344888408647990307187002469323049391551838518344561/573290371340446702472605635533826704619589864828159400493868154228342324792559809391249398488
23 4 11 4772232750708573016199055913094026567665498816840591866909060692830168253972461952335554643/11024814833470128893703954529496667396530574323618450009497464504391198553703073257524026894
23 4 15 118037911335517224570013801789056690190865052502278922131167943365153577093781870202589489391/573290371340446702472605635533826704619589864828159400493868154228342324792559809391249398488
23 4 20 34192406414263071237533905549391833073212882240440263323280466958387668860704591457173180775/143322592835111675618151408883456676154897466207039850123467038557085581198139952347812349622
23 5 3 60873489571375800225322259319388092288189009108022632255652148580557903351765831824894956123/286645185670223351236302817766913352309794932414079700246934077114171162396279904695624699244
23 5 9 37932597472211898534400531360699143011736988625953087827122532707974104752381848976935011477/573290371340446702472605635533826704619589864828159400493868154228342324792559809391249398488
23 5 10 70380349771648297325308305215141952808308718440503049644197605045146280452184021925622936423/573290371340446702472605635533826704619589864828159400493868154228342324792559809391249398488
23 5 16 292235558523047470015549378053589554100881253410652035722632539334747602382971754392883444283/573290371340446702472605635533826704619589864828159400493868154228342324792559809391249398488
23 5 18 50994886430787436146702902265619870122284886135005962788611179979358530501490520446018094059/573290371340446702472605635533826704619589864828159400493868154228342324792559809391249398488
23 6 1 395133610208370348778026011689011238547036530492425921834072579714578599790917630906475345313/573290371340446702472605635533826704619589864828159400493868154228342324792559809391249398488
23 6 9 15666187182742401246218146494263927711406618676518616578334819949566257989517407179565671633/143322592835111675618151408883456676154897466207039850123467038557085581198139952347812349622
23 6 10 80404427971314166923300402939640344688344263074597806473422101938662482357286024723133850035/573290371340446702472605635533826704619589864828159400493868154228342324792559809391249398488
23 6 20 4385948053724072723300829366014926317322824569382650734129274097104526335785815630422189576/71661296417555837809075704441728338077448733103519925061733519278542790599069976173906174811
23 7 6 292145654412399005928033831927647370592330810909203581246862219810788903935584861209973610481/573290371340446702472605635533826704619589864828159400493868154228342324792559809391249398488
23 7 8 33770016243635963551702500612945500990763256658562518087738452738564382449342704401413358695/286645185670223351236302817766913352309794932414079700246934077114171162396279904695624699244
23 7 17 213604684440775769441166802380288332045732540601830783071529028940424655958289539378449070617/573290371340446702472605635533826704619589864828159400493868154228342324792559809391249398488
23 8 5 30514178534041014390055236430744870428908867225864826856722818972988571617734946398857244037/286645185670223351236302817766913352309794932414079700246934077114171162396279904695624699244
23 8 11 55130650365324440237184759647233264822689364324682262222667705427996041334914379400979792239/143322592835111675618151408883456676154897466207039850123467038557085581198139952347812349622
23 8 12 145869706405533456371878062041701952235507336538850348944875847285190508108716199494807870729/286645185670223351236302817766913352309794932414079700246934077114171162396279904695624699244
23 9 1 3606995967257923203740845472673246079269195701751109158421295924878187941141902084119772431/22049629666940257787407909058993334793061148647236900018994929008782397107406146515048053788
23 9 6 11922494551617911289676360365988060693812370355912273073567621151858152666444166704299158869/71661296417555837809075704441728338077448733103519925061733519278542790599069976173906174811
23 9 8 40793599864794788724063104868664159190240867960048016320967624925576383366068703320613081675/573290371340446702472605635533826704619589864828159400493868154228342324792559809391249398488
23 9 12 343334919914002620133869665447753661817850945775284361465405866041067833625248318249128962655/573290371340446702472605635533826704619589864828159400493868154228342324792559809391249398488
23 10 4 309067232350307345593357472289736877547970933344516664937014493356435647896921946930544999675/573290371340446702472605635533826704619589864828159400493868154228342324792559809391249398488
23 10 13 31108149067782899840896561528091380272032762535212005190859977723115489982734525226354107711/573290371340446702472605635533826704619589864828159400493868154228342324792559809391249398488
23 10 16 1677317294652924977373758448778529565232733939085951432540342931651990806315995791209091747/5512407416735064446851977264748333698265287161809225004748732252195599276851536628762013447
23 10 17 29336995639226129695740361521515686007690919641745890690899009128492071528019887474302374707/286645185670223351236302817766913352309794932414079700246934077114171162396279904695624699244
23 11 1 46713394714408330652820567702936903463868396947149780212444585994512369187895097233356170855/573290371340446702472605635533826704619589864828159400493868154228342324792559809391249398488
23 11 7 218421177427326090714389956806254736885061439843998081714634900347110754482773207348782653899/573290371340446702472605635533826704619589864828159400493868154228342324792559809391249398488
23 11 11 137656614292359897402473395146492876456096039159503520435821538613939159644850876666160124929/286645185670223351236302817766913352309794932414079700246934077114171162396279904695624699244
23 11 15 8210642653498121575112080182912327839616987429501124423786397664710220458047437869197580969/143322592835111675618151408883456676154897466207039850123467038557085581198139952347812349622
23 12 0 40478872954992638994396307507550677722321970988234293307852449673853036004130808381910106935/286645185670223351236302817766913352309794932414079700246934077114171162396279904695624699244
23 12 6 96763659082726168438988473742491812503205390207939393898741626150152445998309747840506432631/573290371340446702472605635533826704619589864828159400493868154228342324792559809391249398488
23 12 8 15708408891080151568606881811975787029728533611635004802127751477085454601682368033568548903/143322592835111675618151408883456676154897466207039850123467038557085581198139952347812349622
23 12 12 67702085194736753211466438190965655950904661022930325521755390394986312923302587020385177419/573290371340446702472605635533826704619589864828159400493868154228342324792559809391249398488
23 12 13 66258311397169474139732645334341183150480434293570268812288808106788918863989096408065844739/143322592835111675618151408883456676154897466207039850123467038557085581198139952347812349622
23 13 2 19818094440240552316829003815681312755981763654888353365080280302124059051866708207059915857/286645185670223351236302817766913352309794932414079700246934077114171162396279904695624699244
23 13 10 44662565178404761188647306949504058061962546340942109585303195521043018741986511203998088741/143322592835111675618151408883456676154897466207039850123467038557085581198139952347812349622
23 13 11 89429707975996275100169104160350146878594322184450613350118327045830480752304296698838041345/573290371340446702472605635533826704619589864828159400493868154228342324792559809391249398488
23 13 13 265574213770350277984189295944097699981181829970163642072376484494091650968576051462299170465/573290371340446702472605635533826704619589864828159400493868154228342324792559809391249398488
23 14 3 77480837126972267247866883354651178849399855432842825037986657028412357529603314128914725219/573290371340446702472605635533826704619589864828159400493868154228342324792559809391249398488
23 14 4 97484122665710428241561019823788438606600098567772175132362626776595146801277023395470946509/286645185670223351236302817766913352309794932414079700246934077114171162396279904695624699244
23 14 14 300841288882053578741616712531598648556989812259772225191156243646739673660402448471392780251/573290371340446702472605635533826704619589864828159400493868154228342324792559809391249398488
23 15 2 538572661530418536444128171528877203317200884546734588091573955287640020960699048960960501659/573290371340446702472605635533826704619589864828159400493868154228342324792559809391249398488
23 15 5 34717709810028166028477464004949501302388980281424812402294198940702303831860760430288896829/573290371340446702472605635533826704619589864828159400493868154228342324792559809391249398488
23 16 0 57830739498677290953239563347055573562747734619528805223119302104627874377603856713523751783/286645185670223351236302817766913352309794932414079700246934077114171162396279904695624699244
23 16 9 228814446171546060283063254419857778747047197794550895023814775009543288018676047982100947461/286645185670223351236302817766913352309794932414079700246934077114171162396279904695624699244
23 17 9 22457951001148699909659844826294242633750652935111392349022060872364030110984465453785346665/44099259333880515574815818117986669586122297294473800037989858017564794214812293030096107576
23 17 10 21641308332731815665155973291692426952371644359362407688967797145200764103827827576310760911/44099259333880515574815818117986669586122297294473800037989858017564794214812293030096107576
23 18 1 275475383413875209459995164297797988912445784950903363473366230384438318690109798325484931015/573290371340446702472605635533826704619589864828159400493868154228342324792559809391249398488
23 18 3 146777647902181765549643320837084514749611894319505798357908439531611062431240154047764860823/286645185670223351236302817766913352309794932414079700246934077114171162396279904695624699244
23 18 10 4259692122207961913323829561859686207920291238244440304685044780681881239969702970234745827/573290371340446702472605635533826704619589864828159400493868154228342324792559809391249398488
23 19 0 157544939015361713134978840249862253511943846536518329704325144488730749873575597302774269611/286645185670223351236302817766913352309794932414079700246934077114171162396279904695624699244
23 19 3 118374383597289762299680672719689540248228838780615725333932521007869614488830371378984408605/573290371340446702472605635533826704619589864828159400493868154228342324792559809391249398488
23 19 7 64613521884220489352606286078426797258380396880165799370908280138364691041993219785060034651/286645185670223351236302817766913352309794932414079700246934077114171162396279904695624699244
23 19 8 365485032551466730957058970950312511403880662557773000326509791940752705951441511606771771/19768633494498162154227780535649196711020340166488255189443729456149735337674476185905151672
23 20 3 143289590505126070800037494399620440030266040197241323167778551793430817982659677702129011225/573290371340446702472605635533826704619589864828159400493868154228342324792559809391249398488
23 20 4 84423720804364260307342986983782733152262275210060214024657949137174062461975758823367465/19768633494498162154227780535649196711020340166488255189443729456149735337674476185905151672
23 20 8 213776246465997034061827597255838282663954109324913165559687260954966729499251417341621365389/286645185670223351236302817766913352309794932414079700246934077114171162396279904695624699244
23 21 1 118021490756053729060601959196261716433606187188940090265018194298675386732088400085111598195/573290371340446702472605635533826704619589864828159400493868154228342324792559809391249398488
23 21 2 140295096259741292030407100974479557985762115540014025545906790772340049378438181761971725325/286645185670223351236302817766913352309794932414079700246934077114171162396279904695624699244
23 21 3 174678688064910389351189474388605872214459446559191259137036378384986839303595045782194349643/573290371340446702472605635533826704619589864828159400493868154228342324792559809391249398488
23 22 0 208708335651675167541738131483287617911964441768192568716630745952307120180039927970562935963/286645185670223351236302817766913352309794932414079700246934077114171162396279904695624699244
23 22 5 77936850018548183694564686283625734397830490645887131530303331161864042216239976725061763281/286645185670223351236302817766913352309794932414079700246934077114171162396279904695624699244
23 23 4 211321004328179427811656613307834395697684625681897616247700228502216785779913545005088789703/286645185670223351236302817766913352309794932414079700246934077114171162396279904695624699244
23 23 5 75324181342043923424646204459078956612110306732182083999233848611954376616366359690535909541/286645185670223351236302817766913352309794932414079700246934077114171162396279904695624699244
24 0 7 73691275657369818303237664986491935800064842712385752152859066256506430890548955172174874795/573290371340446702472605635533826704619589864828159400493868154228342324792559809391249398488
24 0 8 51930927566374897100959218163553108116877940811043728419711046538819746410832089999580948827/286645185670223351236302817766913352309794932414079700246934077114171162396279904695624699244
24 0 13 132714476148663493252560540081881479241118398072559507441461202407187351901646030335992332703/286645185670223351236302817766913352309794932414079700246934077114171162396279904695624699244
24 0 19 130308288253000103462328454056465594103532344348567176618664590079821697277054613547927960633/573290371340446702472605635533826704619589864828159400493868154228342324792559809391249398488
24 1 9 61519757624290105723147009643591876540437256824276452254126593075159779640765870376903178215/286645185670223351236302817766913352309794932414079700246934077114171162396279904695624699244
24 1 13 113290749319653801140450285171413870996977532938249267345892814129870762804176480331546923993/286645185670223351236302817766913352309794932414079700246934077114171162396279904695624699244
24 1 20 181829949505229669195172857446401246153348263390951154263890794022697501722138299826908187391/573290371340446702472605635533826704619589864828159400493868154228342324792559809391249398488
24 1 24 41839407947329219550238188457413963391412021912156807029938545795583738180536808147441006681/573290371340446702472605635533826704619589864828159400493868154228342324792559809391249398488
24 2 6 86985699607300168989097487966337507055302358527469803459169679422132025780777412424743316587/143322592835111675618151408883456676154897466207039850123467038557085581198139952347812349622
24 2 13 1500459023852643714962759432878116241586737884021772074619229374045686373508168387699059497/4942158373624540538556945133912299177755085041622063797360932364037433834418619046476287918
24 2 16 13811847006094546749785313953982340038428111201167157478746756783679857734062093974549026353/286645185670223351236302817766913352309794932414079700246934077114171162396279904695624699244
24 2 23 910408928159625464652498521025019703748562068054627347840973676275187956706863029618737607/22049629666940257787407909058993334793061148647236900018994929008782397107406146515048053788
24 3 5 12840299804602766951581283211416586203771984872692245874343126612756830661518953700133623195/143322592835111675618151408883456676154897466207039850123467038557085581198139952347812349622
24 3 17 79996899448639356803628566746186495624797006980126287060600688866440090690018395606109663047/286645185670223351236302817766913352309794932414079700246934077114171162396279904695624699244
24 3 20 177954565170176930065028758288943494650024538000715238113815260218736932478503409913697839711/573290371340446702472605635533826704619589864828159400493868154228342324792559809391249398488
24 3 22 183980808054579990993994610906843873904883373376422604761479009825697888287943793464797739903/573290371340446702472605635533826704619589864828159400493868154228342324792559809391249398488
24 4 7 3141546131935343863244832461975546672752307848205276728228165846784699756924594986239487795/19768633494498162154227780535649196711020340166488255189443729456149735337674476185905151672
24 4 8 232748594225024203796263862604344024784971706467594425054634713067071056477599844305341387573/286645185670223351236302817766913352309794932414079700246934077114171162396279904695624699244
24 4 18 16688345064273322845977768927847801539829524295017525265981918537443918886546866179621477287/573290371340446702472605635533826704619589864828159400493868154228342324792559809391249398488
24 5 1 103590169915666732118674716263925431947785011208223460011302049799748788978321914512848705849/573290371340446702472605635533826704619589864828159400493868154228342324792559809391249398488
24 5 2 31871568535361083660845548270432402438483550353687781716316876400745532101711323781518074811/143322592835111675618151408883456676154897466207039850123467038557085581198139952347812349622
24 5 17 342213927283335635710548726188171662917870652205184813617298598825611407407392599752328393395/573290371340446702472605635533826704619589864828159400493868154228342324792559809391249398488
24 6 10 6436388329974374645085173543795982752929579547419185275382856257277806311228720981098087727/286645185670223351236302817766913352309794932414079700246934077114171162396279904695624699244
24 6 12 199510616074984363780737477466875381971403285296697984369476128328478973608535331707499536959/286645185670223351236302817766913352309794932414079700246934077114171162396279904695624699244
24 6 16 40349090632632306405240083378120993792731033784981265301037546264207191238257926003513537279/143322592835111675618151408883456676154897466207039850123467038557085581198139952347812349622
24 7 10 346856741125332990241145471679181221784417799442516859813070684966325127759655763796686131563/573290371340446702472605635533826704619589864828159400493868154228342324792559809391249398488
24 7 19 226433630215113712231460163854645482835172065385642540680797469262017197032904045594563266925/573290371340446702472605635533826704619589864828159400493868154228342324792559809391249398488
24 8 3 137565744895750906768720988273032224386298818518929847713520120458378688103359204906981219653/286645185670223351236302817766913352309794932414079700246934077114171162396279904695624699244
24 8 13 18662525712478551085794832232279809518666184067777485074441481366276301313303044301965927265/286645185670223351236302817766913352309794932414079700246934077114171162396279904695624699244
24 8 15 65208457530996946690893498630800659202414964913686183729486237644758086489808827743338776163/143322592835111675618151408883456676154897466207039850123467038557085581198139952347812349622
24 9 11 151332545833520424035112020656683100988732078757977785390450375923685357770842681000179443355/286645185670223351236302817766913352309794932414079700246934077114171162396279904695624699244
24 9 14 108327999543659193899022664402551780891836433128127073459409146080276126941237092723222364321/286645185670223351236302817766913352309794932414079700246934077114171162396279904695624699244
24 9 17 6746160073260933325542033176919617607306605131993710349268638777552419421050032743055722892/71661296417555837809075704441728338077448733103519925061733519278542790599069976173906174811
24 10 5 66721995542439435982238394688718314750784401744581776088620898172875633282483311145363303203/71661296417555837809075704441728338077448733103519925061733519278542790599069976173906174811
24 10 16 4939300875116401826837309753010023326664331358938148973112621105667157316586665028542871608/71661296417555837809075704441728338077448733103519925061733519278542790599069976173906174811
24 11 3 229560293617311968941839475692407170196672996647633653267331513371535692918114012574740628149/573290371340446702472605635533826704619589864828159400493868154228342324792559809391249398488
24 11 7 22250135867963886478684317497870243275630792760218885962593928136281990968026477602978358163/143322592835111675618151408883456676154897466207039850123467038557085581198139952347812349622
24 11 9 73109817995341892309739227852863352404782847645024983501467279764825850211842735078084096011/286645185670223351236302817766913352309794932414079700246934077114171162396279904695624699244
24 11 11 108509898260595402996550434144211856510828001849600236373226368782026967578654416248427145665/573290371340446702472605635533826704619589864828159400493868154228342324792559809391249398488
24 12 0 332347879962775384711110646512279460681971565015382824231165592300483531507656201171319419/11024814833470128893703954529496667396530574323618450009497464504391198553703073257524026894
24 12 4 38491357421591240014788956045215781713363158955290541322891052284728338794295717391102920825/143322592835111675618151408883456676154897466207039850123467038557085581198139952347812349622
24 12 7 360340276972225160079911732766805710206770370460432780715041854143897368597581219743243429379/573290371340446702472605635533826704619589864828159400493868154228342324792559809391249398488
24 12 13 41702574923792262328560324967519335603904337165764547627241480145906457379397597622685676021/573290371340446702472605635533826704619589864828159400493868154228342324792559809391249398488
24 13 0 167359906685511862025535471755565045865200860085562928877070707982956096472184349761371387915/573290371340446702472605635533826704619589864828159400493868154228342324792559809391249398488
24 13 11 13463351068963848650230063008268760013846904790539838703245296164843160713499635597902671251/143322592835111675618151408883456676154897466207039850123467038557085581198139952347812349622
24 13 13 28105905246303729654887020169357226916652823101449473699504476013253013164634371406597049209/286645185670223351236302817766913352309794932414079700246934077114171162396279904695624699244
24 13 14 295865249886471986536375871406472164865695739377538169404807309559507559137108174425073227151/573290371340446702472605635533826704619589864828159400493868154228342324792559809391249398488
24 14 4 189161063004512922994741797943124913703194833846307525114571450337576015595002881300153752735/286645185670223351236302817766913352309794932414079700246934077114171162396279904695624699244
24 14 10 97484122665710428241561019823788438606600098567772175132362626776595146801277023395470946509/286645185670223351236302817766913352309794932414079700246934077114171162396279904695624699244
24 15 1 1
24 16 1 16407323334593784848468412367931955507415340373505143484255742901525239907640979100918199435/143322592835111675618151408883456676154897466207039850123467038557085581198139952347812349622
24 16 3 30888645807419446242901398766161325830875209732873788210083518338379722189058185224151557340/71661296417555837809075704441728338077448733103519925061733519278542790599069976173906174811
24 16 10 21711172583798437842167497930884372821392832777826092787709573269323969989268694071450271119/71661296417555837809075704441728338077448733103519925061733519278542790599069976173906174811
24 16 12 21715632718082122599545203121433323342946040812134944643625112440152956933845214655690493269/143322592835111675618151408883456676154897466207039850123467038557085581198139952347812349622
24 17 1 58007100523097409745917028599516592771591512133686101240796441369295454912195942553412889895/573290371340446702472605635533826704619589864828159400493868154228342324792559809391249398488
24 17 4 79947205556813030170584794524919393184288856425428738175870321664935505295052320480820750423/573290371340446702472605635533826704619589864828159400493868154228342324792559809391249398488
24 17 6 239162720638201285024884895750984790742614560005453768884692999951738221267074862390473388237/573290371340446702472605635533826704619589864828159400493868154228342324792559809391249398488
24 17 7 58775025213043463213294515845603689907192611269194170422531003653320106904057335912494240745/573290371340446702472605635533826704619589864828159400493868154228342324792559809391249398488
24 17 11 34349579852322878579481100203200559503475581248599155442494346897263259103544837013512032297/143322592835111675618151408883456676154897466207039850123467038557085581198139952347812349622
24 18 6 4078936689989697496533774977062247741757104943125471702904923453943411264458358630599757/19768633494498162154227780535649196711020340166488255189443729456149735337674476185905151672
24 18 9 56991962497712170735764596370161257593822071521368185621279073929477910937523716219605287378/71661296417555837809075704441728338077448733103519925061733519278542790599069976173906174811
24 18 10 117236382194739635359089385098201838684502336613863276844251320012354678365700787234119706511/573290371340446702472605635533826704619589864828159400493868154228342324792559809391249398488
24 19 0 4471679330715399840249705439603245047520210100291700587570683158562991126043972430405316271/573290371340446702472605635533826704619589864828159400493868154228342324792559809391249398488
24 19 5 157085694051936067658586201624205472813395224017159446946924273241490109401776082375799488707/573290371340446702472605635533826704619589864828159400493868154228342324792559809391249398488
24 19 7 6471723382628717360326835699131071790757482448551234813771184292028720766311437005481115733/22049629666940257787407909058993334793061148647236900018994929008782397107406146515048053788
24 19 9 60867047502362145901318000073152530049744971762094036950330601558885621085160598110633896113/143322592835111675618151408883456676154897466207039850123467038557085581198139952347812349622
24 20 1 12033807925370430193401036784637959480679664422228780150028813837851137138711601850805280137/71661296417555837809075704441728338077448733103519925061733519278542790599069976173906174811
24 20 5 226440183620547322234342754267192303205238290693341865129478778275814533238330946770112024817/573290371340446702472605635533826704619589864828159400493868154228342324792559809391249398488
24 20 6 250579724316935938691054586989530725568914258756987294164158865249718694444536047814695132575/573290371340446702472605635533826704619589864828159400493868154228342324792559809391249398488
24 21 0 1
24 22 0 77936850018548183694564686283625734397830490645887131530303331161864042216239976725061763281/286645185670223351236302817766913352309794932414079700246934077114171162396279904695624699244
24 22 2 48768416567119340318089830882986297331120804437794376090841953002896921944217786206131415745/71661296417555837809075704441728338077448733103519925061733519278542790599069976173906174811
24 22 6 13634669383197806269378807951342428587481224017015064353262933940719432403168783146037272983/286645185670223351236302817766913352309794932414079700246934077114171162396279904695624699244
24 23 0 6298161759821911728082913416490705319570278808917038050450740607265298885547890701911774113/71661296417555837809075704441728338077448733103519925061733519278542790599069976173906174811
24 23 1 17968910677465130069720480525177602906482900779001181849880653911260101530678733860431599715/143322592835111675618151408883456676154897466207039850123467038557085581198139952347812349622
24 23 2 112757358638002722092265101525297662609274007810204592172684903431294881896365437083557201681/143322592835111675618151408883456676154897466207039850123467038557085581198139952347812349622
24 24 3 216862091362240593134668603879048413223724356609440849907702842356006184908751428927436905753/573290371340446702472605635533826704619589864828159400493868154228342324792559809391249398488
24 24 4 356428279978206109337937031654778291395865508218718550586165311872336139883808380463812492735/573290371340446702472605635533826704619589864828159400493868154228342324792559809391249398488
25 0 4 86784849912115382486231833092546179532206939412880907615734055785156826171875730688076684893/143322592835111675618151408883456676154897466207039850123467038557085581198139952347812349622
25 0 10 56537742922996293131919575790910496622690526794158942507732982771928755026264221659735664729/143322592835111675618151408883456676154897466207039850123467038557085581198139952347812349622
25 1 6 300616155800824858043231750792959097196042090425170791271168674627393049149502875910830793/760332057480698544393376174448046027346936160249548276517066517544220589910556776380967372
25 1 14 9366640536905502222068353918066092725528166343753531690785416929858018822652073480143612947/19768633494498162154227780535649196711020340166488255189443729456149735337674476185905151672
25 1 16 2585972906771213623035401096966167458395079471680282925607926985979497237135327932079938107/19768633494498162154227780535649196711020340166488255189443729456149735337674476185905151672
25 2 9 429595032334303887298727145223184306061553040841748054892739339726748643008255108742913242275/573290371340446702472605635533826704619589864828159400493868154228342324792559809391249398488
25 2 11 143695339006142815173878490310642398558036823986411345601128814501593681784304700648336156213/573290371340446702472605635533826704619589864828159400493868154228342324792559809391249398488
25 3 4 33483858301278452213976457479513390698384322267629016667199413362906692344311481016257624725/573290371340446702472605635533826704619589864828159400493868154228342324792559809391249398488
25 3 9 934910838281341162762859191920324543368263506284963946774034497136257639914887746528111529/286645185670223351236302817766913352309794932414079700246934077114171162396279904695624699244
25 3 12 37664297314098770176601744960051794345755613899734023017274480873139027734204464969839732679/286645185670223351236302817766913352309794932414079700246934077114171162396279904695624699244
25 3 13 462608096734408027579899969750369076142957787748492409898571710124885061700009622942256085347/573290371340446702472605635533826704619589864828159400493868154228342324792559809391249398488
25 4 16 6481643197827444414768671450722890824480353804377167079802271975526764239377824215052648899/11024814833470128893703954529496667396530574323618450009497464504391198553703073257524026894
25 4 17 13607676856274279270097625340646797081603828187032524550539249071277260476029732884618771339/44099259333880515574815818117986669586122297294473800037989858017564794214812293030096107576
25 4 21 4565009686296458645643506974448309206597053889932607168241521044180476781271263285266740641/44099259333880515574815818117986669586122297294473800037989858017564794214812293030096107576
25 5 9 2476552439434495976492295383193115961138070991009860051060424187881744219528120996353710671/11024814833470128893703954529496667396530574323618450009497464504391198553703073257524026894
25 5 13 153866476488153299293202521421174563998442977575605730525817220484050429618814883904038146203/573290371340446702472605635533826704619589864828159400493868154228342324792559809391249398488
25 5 15 290643168001699612401803754186610110641967195720040947312908875974441195758282633676818297393/573290371340446702472605635533826704619589864828159400493868154228342324792559809391249398488
25 6 8 300014362111382675976392118484217341963173983158592858620149616235260432918022710070811091581/573290371340446702472605635533826704619589864828159400493868154228342324792559809391249398488
25 6 17 273276009229064026496213517049609362656415881669566541873718537993081891874537099320438306907/573290371340446702472605635533826704619589864828159400493868154228342324792559809391249398488
25 7 2 124480703175718423083750487014427236713426983402000237511065863586875608080826805628469734625/573290371340446702472605635533826704619589864828159400493868154228342324792559809391249398488
25 7 10 12388775941926794677295120024639277420981494583055494594446209643139799883962876931841466230/71661296417555837809075704441728338077448733103519925061733519278542790599069976173906174811
25 7 12 349699460629313921970494188322285248538310924761715206227232613496348317640029988308047934023/573290371340446702472605635533826704619589864828159400493868154228342324792559809391249398488
25 8 2 22667364957492728044890022605057410866357947341118071089435469505390236443704578487330332781/71661296417555837809075704441728338077448733103519925061733519278542790599069976173906174811
25 8 3 72584542687935841849879522716432613086313492588456077782350231695759714872827367280562604525/286645185670223351236302817766913352309794932414079700246934077114171162396279904695624699244
25 8 14 123391183152316597206863204630251095758049650461151338106841967396850501748634223465740763595/286645185670223351236302817766913352309794932414079700246934077114171162396279904695624699244
25 9 7 65116803128262797744376843728867757783585936651430050572731897665759963380638625636470841717/573290371340446702472605635533826704619589864828159400493868154228342324792559809391249398488
25 9 9 292128179455419229331511166706332081130995947037732464686513376716883591348839990853184339647/573290371340446702472605635533826704619589864828159400493868154228342324792559809391249398488
25 9 13 54011347189191168849179406274656716426251995284749221308655719961424692515770298225398554281/143322592835111675618151408883456676154897466207039850123467038557085581198139952347812349622
25 10 0 124263070316931643952750221936590693780117132646931951234320446450068879676321342004543736025/573290371340446702472605635533826704619589864828159400493868154228342324792559809391249398488
25 10 6 68436747773343139905342446589263019169057921584637661197978569152194316816178667689379860357/573290371340446702472605635533826704619589864828159400493868154228342324792559809391249398488
25 10 18 190295276625085959307256483503986495835207405298294894030784569313039564150029899848662901053/286645185670223351236302817766913352309794932414079700246934077114171162396279904695624699244
25 11 3 30495138691268522128958328011715389881633774454320169069938751249470910266867352872156193073/286645185670223351236302817766913352309794932414079700246934077114171162396279904695624699244
25 11 8 134962954942776386606981838330093079163879742645574294428666260191788192440144690162635064099/573290371340446702472605635533826704619589864828159400493868154228342324792559809391249398488
25 11 10 377337139015133271607707141180302845692442573273944767925324391537612311818680413484301948243/573290371340446702472605635533826704619589864828159400493868154228342324792559809391249398488
25 12 0 12375556078854084880321499415647846578760440531138131495770497846789105643663680890367688445/44099259333880515574815818117986669586122297294473800037989858017564794214812293030096107576
25 12 8 190211567540703073303253971196554285619056179940984523823681052456337696184872036365765659159/286645185670223351236302817766913352309794932414079700246934077114171162396279904695624699244
25 12 13 31985007233937452421918200737296127857591778041394643401489577307408559055187885084938130385/573290371340446702472605635533826704619589864828159400493868154228342324792559809391249398488
25 13 4 1352841828671366817958764050738942253301990097340138415537310634483105715316788316301290779/5512407416735064446851977264748333698265287161809225004748732252195599276851536628762013447
25 13 5 3492598058185804281276733695819796066580454101557173680533278200704295249109300212050277833/11024814833470128893703954529496667396530574323618450009497464504391198553703073257524026894
25 13 15 4826533117941590976509692732198986823346140027380999497889565034720691873960196412871167503/11024814833470128893703954529496667396530574323618450009497464504391198553703073257524026894
25 14 3 74135191710835248931074226771764211263845843211401288623441221141507168599424563849791087101/286645185670223351236302817766913352309794932414079700246934077114171162396279904695624699244
25 14 7 14536846547822606857064335188529168518719560068420195332924120128454783419010801687826485797/22049629666940257787407909058993334793061148647236900018994929008782397107406146515048053788
25 14 8 11765494418847106581696116772134975151297404156607936147739647151375904674857459452044648391/143322592835111675618151408883456676154897466207039850123467038557085581198139952347812349622
25 15 0 59808123943143410946061638756565664537121409789363814195568945885779363845933188735599743451/286645185670223351236302817766913352309794932414079700246934077114171162396279904695624699244
25 15 4 573343468860876876004628271245479915926794883397924948990451317901799252330891237145702561/9884316747249081077113890267824598355510170083244127594721864728074867668837238092952575836
25 15 12 52552525282528627721526739786057192552699117751544015632660510752309905058187717520699895381/71661296417555837809075704441728338077448733103519925061733519278542790599069976173906174811
25 16 6 134262238438862143331017152554991881791024798117956614377059449790518234381698785872130707695/286645185670223351236302817766913352309794932414079700246934077114171162396279904695624699244
25 16 9 3756260739908633029329801018106459891929942526604178284171917500882777086494624029549963841/143322592835111675618151408883456676154897466207039850123467038557085581198139952347812349622
25 16 11 4995531922467032477469864247438225887410698249755680320742441114547840477296271405668760823/9884316747249081077113890267824598355510170083244127594721864728074867668837238092952575836
25 17 0 94955144423504413441886654010579815012363782500562519569939118336169073618052020580714050797/573290371340446702472605635533826704619589864828159400493868154228342324792559809391249398488
25 17 2 478335226916942289030718981523246889607226082327596880923929035892173251174507788810535347691/573290371340446702472605635533826704619589864828159400493868154228342324792559809391249398488
25 18 2 88558849273401289334195300800027508979395061278331551641078649128173645724719890075376813/573290371340446702472605635533826704619589864828159400493868154228342324792559809391249398488
25 18 6 15269388796990402430836502470534661733339901894222376363445110729127479451213893938765319447/22049629666940257787407909058993334793061148647236900018994929008782397107406146515048053788
25 18 7 79938451001124556525169325003634291160673815979589194803360185578212674336534015129164665321/286645185670223351236302817766913352309794932414079700246934077114171162396279904695624699244
25 18 9 16320801767173724931183725991856889722425388557920893885933825465474336742205816834946385411/573290371340446702472605635533826704619589864828159400493868154228342324792559809391249398488
25 19 0 11948744536442813449153359410245979828866495518934986040356116245022384331524126445493640921/573290371340446702472605635533826704619589864828159400493868154228342324792559809391249398488
25 19 2 16660233907465627069602231139811423336274746437484455736128675885249237163524077904860500567/573290371340446702472605635533826704619589864828159400493868154228342324792559809391249398488
25 19 3 40453161117630595003968179893539092244988668410375221264470403603590798027596121411294305619/286645185670223351236302817766913352309794932414079700246934077114171162396279904695624699244
25 19 5 416204677288510634814019433909621231806194640810999953546943880986852215390783727015449909781/573290371340446702472605635533826704619589864828159400493868154228342324792559809391249398488
25 19 6 47570393372766437131894251287069885158276645239989562641498673904036891851535635202856735981/573290371340446702472605635533826704619589864828159400493868154228342324792559809391249398488
25 20 3 296482402927166275503980566743456977903930312679391962006491512997934034900728567112485490781/573290371340446702472605635533826704619589864828159400493868154228342324792559809391249398488
25 20 7 4519658276028544573092228543731709911171651930014978245271827893517221520612905778301973793/19768633494498162154227780535649196711020340166488255189443729456149735337674476185905151672
25 20 8 72868939204226317174475220511075069645840823089166534687246816159204432897028487354003333855/286645185670223351236302817766913352309794932414079700246934077114171162396279904695624699244
25 21 1 74439888184817248529208820486689063181856758373253018669652546115257522571514496636529185383/286645185670223351236302817766913352309794932414079700246934077114171162396279904695624699244
25 21 5 410380531905233812425207221225858404993659094398928029726955854840160933876930947439098378175/573290371340446702472605635533826704619589864828159400493868154228342324792559809391249398488
25 21 7 14030063065578392988980773334590173262217253682725333427607207157666345772599868679092649547/573290371340446702472605635533826704619589864828159400493868154228342324792559809391249398488
25 22 1 368673616227326344155600528480022176660143917199212709926188913792757065702846185698867690157/573290371340446702472605635533826704619589864828159400493868154228342324792559809391249398488
25 22 3 118499630265535518470233003391687760439726722491457383199681696679945043069751566938077051745/573290371340446702472605635533826704619589864828159400493868154228342324792559809391249398488
25 22 4 3312197109522493840260465525466029519989200966826511821846059375216931385383156029011717561/22049629666940257787407909058993334793061148647236900018994929008782397107406146515048053788
25 23 0 69768279835849623709822195045020515041547236942729800855231237479863509743286433349371247427/573290371340446702472605635533826704619589864828159400493868154228342324792559809391249398488
25 23 1 194991522209145171849848309174586595389005258430119275665113442319469821099053316057814519869/573290371340446702472605635533826704619589864828159400493868154228342324792559809391249398488
25 23 3 78941103305682030031821361198030840482408377995473077987527888602550120358743670301495906055/286645185670223351236302817766913352309794932414079700246934077114171162396279904695624699244
25 23 4 75324181342043923424646204459078956612110306732182083999233848611954376616366359690535909541/286645185670223351236302817766913352309794932414079700246934077114171162396279904695624699244
25 24 1 149131614268141404304846300155414123230598945685122010362783519665247799276630115115233379407/573290371340446702472605635533826704619589864828159400493868154228342324792559809391249398488
25 24 2 25912083213758088129136341437420521020658320316699567527922724025886042575897283168572389166/71661296417555837809075704441728338077448733103519925061733519278542790599069976173906174811
25 24 4 216862091362240593134668603879048413223724356609440849907702842356006184908751428927436905753/573290371340446702472605635533826704619589864828159400493868154228342324792559809391249398488
25 25 0 426766592195287849975701606999118694001014154398218419125628919972695553792720134055060623415/573290371340446702472605635533826704619589864828159400493868154228342324792559809391249398488
25 25 1 146523779145158852496904028534708010618575710429940981368239234255646770999839675336188775073/573290371340446702472605635533826704619589864828159400493868154228342324792559809391249398488
26 0 9 363713109607989720257709982254693034971042978518180965141028307031291107291671579914119021789/573290371340446702472605635533826704619589864828159400493868154228342324792559809391249398488
26 0 11 209577261732456982214895653279133669648546886309978435352839847197051217500888229477130376699/573290371340446702472605635533826704619589864828159400493868154228342324792559809391249398488
26 1 10 54342032425334405952627107910884849795951107756070360993930732801108175282783322641639608803/573290371340446702472605635533826704619589864828159400493868154228342324792559809391249398488
26 1 11 386312855639848685790740252848870750095110956947334998658857144627737025208953920990895417637/573290371340446702472605635533826704619589864828159400493868154228342324792559809391249398488
26 1 16 36663953062060172379854937037766185327850504474650957096385293887435900607622704335303444239/573290371340446702472605635533826704619589864828159400493868154228342324792559809391249398488
26 1 18 95971530213203438349383337736304919400677295650103083744694982912061223693199861423410927809/573290371340446702472605635533826704619589864828159400493868154228342324792559809391249398488
26 2 7 1169333863104549196814993485631002990758698943847876656357127980936304848726654099956885565/573290371340446702472605635533826704619589864828159400493868154228342324792559809391249398488
26 2 13 210219729690545961947791861811553763925298370454794418046350884255540393729160225985494989253/573290371340446702472605635533826704619589864828159400493868154228342324792559809391249398488
26 2 14 180950653893398095663999390118320968851766397714758552895580070995932813107336464652898761835/286645185670223351236302817766913352309794932414079700246934077114171162396279904695624699244
26 3 3 39778476163231622515674464339749889152573132732209905673333210412995302836954288909687832423/286645185670223351236302817766913352309794932414079700246934077114171162396279904695624699244
26 3 8 290547647390179344711664697813249353124037753436884599212556007171715735676242466095379371869/573290371340446702472605635533826704619589864828159400493868154228342324792559809391249398488
26 3 15 203185771623804112729592009041077573190405845926854989934645726230635983442408765476494361773/573290371340446702472605635533826704619589864828159400493868154228342324792559809391249398488
26 4 6 16236490707597673249080619064229659819681394158579122447712763897319587315212898743911728031/143322592835111675618151408883456676154897466207039850123467038557085581198139952347812349622
26 4 12 142084683574803449052757874975716388595903235410207965989189563266045931658465579207364865189/573290371340446702472605635533826704619589864828159400493868154228342324792559809391249398488
26 4 13 366259724935252560423525284301191676744961052783634944713827535373018043873242635208237621175/573290371340446702472605635533826704619589864828159400493868154228342324792559809391249398488
26 5 11 7654145906186031905824097823303899215308457684077664553511897148871834363915175335869612013/44099259333880515574815818117986669586122297294473800037989858017564794214812293030096107576
26 5 12 73529607201511771766350073929069101464634052972812097181409581288963640656172521649952062877/286645185670223351236302817766913352309794932414079700246934077114171162396279904695624699244
26 5 14 492751073134351352243861646493741207013882644933157259982021683302012097351043544766841649/44099259333880515574815818117986669586122297294473800037989858017564794214812293030096107576
26 5 17 57860997903742012923003675027443564863496798790449121008261606313333849488752196796237352793/286645185670223351236302817766913352309794932414079700246934077114171162396279904695624699244
26 5 18 102299750199387075369507332256716023236568868512248140269552417102743670253124763525298334771/286645185670223351236302817766913352309794932414079700246934077114171162396279904695624699244
26 6 4 286193823408811126430139137752295945141342830860354184498879371531517340115244284192568295747/573290371340446702472605635533826704619589864828159400493868154228342324792559809391249398488
26 6 9 120763994228833357004750836119523297173362994815765142992913559717623530973251193311387219053/573290371340446702472605635533826704619589864828159400493868154228342324792559809391249398488
26 6 18 20791569212850277379714457707750932788110504894005009125259402872400181713008041485911735461/71661296417555837809075704441728338077448733103519925061733519278542790599069976173906174811
26 7 7 13003393197892641197555888870050113089875393497280056410871404805196460028010286191838820273/71661296417555837809075704441728338077448733103519925061733519278542790599069976173906174811
26 7 11 7453881240164760728431384834318113221421374480599491626679266442989972496982019281623307439/573290371340446702472605635533826704619589864828159400493868154228342324792559809391249398488
26 7 13 26704660556451444399910880917490691778320326065173136866897507125493864582806855110755048888/71661296417555837809075704441728338077448733103519925061733519278542790599069976173906174811
26 7 19 248172060065529256964440092399182152452602733847934362645037592339829755409040659688875137761/573290371340446702472605635533826704619589864828159400493868154228342324792559809391249398488
26 8 4 74876935537748958723645040823557308565306254837071977482882401617261057483842780994018290643/573290371340446702472605635533826704619589864828159400493868154228342324792559809391249398488
26 8 7 249904202091524997993656923193894731999244702372212910611303455610728030349652024757049958537/573290371340446702472605635533826704619589864828159400493868154228342324792559809391249398488
26 8 9 32478938129687650840740816100206757661547547474568104430409911838745940720092978951723747149/143322592835111675618151408883456676154897466207039850123467038557085581198139952347812349622
26 8 17 1140321934542520599926350068418727244315853055005789371904256246590091096910510459935443853/5512407416735064446851977264748333698265287161809225004748732252195599276851536628762013447
26 9 6 55472894210865720663517379602948201522580183383930492318298519274713872829075930140330869359/573290371340446702472605635533826704619589864828159400493868154228342324792559809391249398488
26 9 9 4645356091718418989809627712692924027364725403313381136728457617612412884120371833236075249/19768633494498162154227780535649196711020340166488255189443729456149735337674476185905151672
26 9 10 95775537617436707776152263065695926575858161187035213802611091010717119580998274021768086727/143322592835111675618151408883456676154897466207039850123467038557085581198139952347812349622
26 10 3 21122939748758831468833019864171732700565490129224599000470691928342345174060288543601525439/143322592835111675618151408883456676154897466207039850123467038557085581198139952347812349622
26 10 12 151202652928112093290301342568243921123884399312241561088390518758159933263630134535980697771/573290371340446702472605635533826704619589864828159400493868154228342324792559809391249398488
26 10 14 337595959417299283306972213508895852693443504999019443403594867756813010832688520680862598961/573290371340446702472605635533826704619589864828159400493868154228342324792559809391249398488
26 11 5 83870743217506820023280393313694152435667939698797480078710755781395706608204969285403996531/143322592835111675618151408883456676154897466207039850123467038557085581198139952347812349622
26 11 14 59451849617604855594871015569762523719229526508242370044756282775689874589934983062408353091/143322592835111675618151408883456676154897466207039850123467038557085581198139952347812349622
26 12 3 552230725100340699826958510929469119027018386923924591875346196516430136798936599952826633/1520664114961397088786752348896092054693872320499096553034133035088441179821113552761934744
26 12 7 105945781903498720947467682706892561581778064132844194810450500930484533305485771252987882813/573290371340446702472605635533826704619589864828159400493868154228342324792559809391249398488
26 12 10 129576803037059768845187297103262142582312934412497817273206068605581814956937469978022937517/286645185670223351236302817766913352309794932414079700246934077114171162396279904695624699244
26 13 8 213544569107790419344338963109472925122492394228381286517744641949768790411525015283219878433/286645185670223351236302817766913352309794932414079700246934077114171162396279904695624699244
26 13 12 73100616562432931891963854657440427187302538185698413729189435164402371984754889412404820811/286645185670223351236302817766913352309794932414079700246934077114171162396279904695624699244
26 14 2 72100761134297086544625931181555614515109784821301936653284975969671841252268868496586263225/573290371340446702472605635533826704619589864828159400493868154228342324792559809391249398488
26 14 5 30600474740302211552489520411583307010339913507969722933853013248271952341407447739100458543/573290371340446702472605635533826704619589864828159400493868154228342324792559809391249398488
26 14 9 37182507291236276705919261057579782888643266243965383695431718522542661657904388944596092674/71661296417555837809075704441728338077448733103519925061733519278542790599069976173906174811
26 14 13 21641134641994648841017011935006189998124254568395583917909552103757154741956047699849241916/71661296417555837809075704441728338077448733103519925061733519278542790599069976173906174811
26 15 5 223114163069362623137379772851766808850525362420134599916772576737139739474732981677499504183/286645185670223351236302817766913352309794932414079700246934077114171162396279904695624699244
26 15 6 63531022600860728098923044915146543459269569993945100330161500377031422921546923018125195061/286645185670223351236302817766913352309794932414079700246934077114171162396279904695624699244
26 16 7 243189581737804291698875891176614482304534377897929047701395784123659668395105068200095488607/573290371340446702472605635533826704619589864828159400493868154228342324792559809391249398488
26 16 8 330100789602642410773729744357212222315055486930230352792472370104682656397454741191153909881/573290371340446702472605635533826704619589864828159400493868154228342324792559809391249398488
26 17 0 66761726644704773118340488810524783449982930210097337225640079855266905583483728888435996277/286645185670223351236302817766913352309794932414079700246934077114171162396279904695624699244
26 17 4 204341116591689299982222928893263246489608372727516044084311523190006798452538401997119820351/573290371340446702472605635533826704619589864828159400493868154228342324792559809391249398488
26 17 5 18109677035334450481053979155347222402308894744649898612175113179061670397927226893635198891/44099259333880515574815818117986669586122297294473800037989858017564794214812293030096107576
26 18 0 29434876421227470235682013366771564287496837486711944153524044686850003176793993696213463268/71661296417555837809075704441728338077448733103519925061733519278542790599069976173906174811
26 18 1 13656908758875043667424037036018626403389761734827250870482378909191836350619756583042872565/44099259333880515574815818117986669586122297294473800037989858017564794214812293030096107576
26 18 3 103826868477030089532745563259026811167820558285772537038318149801692000270331583473847311935/573290371340446702472605635533826704619589864828159400493868154228342324792559809391249398488
26 18 4 7055584703527660422236435484048154488465963011992131113885840139044553318727430096017129633/71661296417555837809075704441728338077448733103519925061733519278542790599069976173906174811
26 19 1 193935982309032896350012887672974136878232347731111615135896225348852788642413216805966819573/286645185670223351236302817766913352309794932414079700246934077114171162396279904695624699244
26 19 2 92709203361190454886289930093939215431562584682968085111037851765318373753866687889657879671/286645185670223351236302817766913352309794932414079700246934077114171162396279904695624699244
26 20 2 114894420655558898857897934333926481265415413664678178259914300069893284509432189691538568789/286645185670223351236302817766913352309794932414079700246934077114171162396279904695624699244
26 20 7 171750765014664452378404883432986871044379518749401521987019777044277877886847715004086130455/286645185670223351236302817766913352309794932414079700246934077114171162396279904695624699244
26 21 4 398611683275536313121416161145220832405130418268968141356831775843355485488964763609055048845/573290371340446702472605635533826704619589864828159400493868154228342324792559809391249398488
26 21 6 174678688064910389351189474388605872214459446559191259137036378384986839303595045782194349643/573290371340446702472605635533826704619589864828159400493868154228342324792559809391249398488
26 22 4 13634669383197806269378807951342428587481224017015064353262933940719432403168783146037272983/286645185670223351236302817766913352309794932414079700246934077114171162396279904695624699244
26 22 6 273010516287025544966924009815570923722313708397064635893671143173451729993111121549587426261/286645185670223351236302817766913352309794932414079700246934077114171162396279904695624699244
26 23 0 302488434741933938088827724238722633797259783949729127236563294666447670732157531045512139075/573290371340446702472605635533826704619589864828159400493868154228342324792559809391249398488
26 23 1 106854136242829340527827374430645944185347498871293827921187600167619425981269822046831323043/286645185670223351236302817766913352309794932414079700246934077114171162396279904695624699244
26 23 3 57093664112854083328123162433812182451635083135842617414929659226655802097862634252074613327/573290371340446702472605635533826704619589864828159400493868154228342324792559809391249398488
26 24 2 216862091362240593134668603879048413223724356609440849907702842356006184908751428927436905753/573290371340446702472605635533826704619589864828159400493868154228342324792559809391249398488
26 24 3 356428279978206109337937031654778291395865508218718550586165311872336139883808380463812492735/573290371340446702472605635533826704619589864828159400493868154228342324792559809391249398488
26 25 0 146523779145158852496904028534708010618575710429940981368239234255646770999839675336188775073/573290371340446702472605635533826704619589864828159400493868154228342324792559809391249398488
26 25 1 268617524239302552741879362713925120312851433066312377610079084323497671091324324567819410039/573290371340446702472605635533826704619589864828159400493868154228342324792559809391249398488
26 25 3 8/29
26 26 0 114861448331040247733101765530377350034150987065158594378121307524253847291715312062346212885/286645185670223351236302817766913352309794932414079700246934077114171162396279904695624699244
26 26 2 171783737339183103503201052236536002275643945348921105868812769589917315104564592633278486359/286645185670223351236302817766913352309794932414079700246934077114171162396279904695624699244
27 0 6 14162587515670678753818159280161284297526050579748634088073634543883445502098676471387659541/286645185670223351236302817766913352309794932414079700246934077114171162396279904695624699244
27 0 18 272482598154552672482484658486752068012268881834331066158860442570287716894181228224237039703/286645185670223351236302817766913352309794932414079700246934077114171162396279904695624699244
27 1 10 93056061814613365097021748661102956651159127403743758065125474478670072963019209576392635267/573290371340446702472605635533826704619589864828159400493868154228342324792559809391249398488
27 1 15 480234309525833337375583886872723747968430737424415642428742679749672251829540599814856763221/573290371340446702472605635533826704619589864828159400493868154228342324792559809391249398488
27 2 5 21509626888169601188204149276689794166060867713605059607205091043468762427005505335987452049/573290371340446702472605635533826704619589864828159400493868154228342324792559809391249398488
27 2 8 248282779196703579146852023102844131578180168671164573043076157479806277433715932509259627207/573290371340446702472605635533826704619589864828159400493868154228342324792559809391249398488
27 2 9 491563888399648959361858811589144797398357598410688310777913141303199805879563534804722734/2471079186812270269278472566956149588877542520811031898680466182018716917209309523238143959
27 2 15 19351542134609707231949940572502113420329085954668772775348594891696729738104470302619330264/71661296417555837809075704441728338077448733103519925061733519278542790599069976173906174811
27 2 17 4330350758747163213749836785699284814537147246844987192540287223643886507867983631294000354/71661296417555837809075704441728338077448733103519925061733519278542790599069976173906174811
27 3 10 124995403385330006405344248007158635702882830069489254748602729411084031158428166475641890193/573290371340446702472605635533826704619589864828159400493868154228342324792559809391249398488
27 3 13 63825780036279998080190262180299911987130950210001415275045553102273009407663942725398823213/573290371340446702472605635533826704619589864828159400493868154228342324792559809391249398488
27 3 14 14787276458416796076425812513321852189599080174948797325777687373653280162556450007315718657/22049629666940257787407909058993334793061148647236900018994929008782397107406146515048053788
27 4 7 26469815636523274508542412490109699358990910009003094254553778431124624381376530266587295991/286645185670223351236302817766913352309794932414079700246934077114171162396279904695624699244
27 4 10 218612507199057869082169045494515373547162938608233629192439549033229702692022368785241451351/573290371340446702472605635533826704619589864828159400493868154228342324792559809391249398488
27 4 12 20831686422128568093116189379254023835851314581513132354592840122681162977141846032306448283/71661296417555837809075704441728338077448733103519925061733519278542790599069976173906174811
27 4 18 10391133960870287663724788463466133974433429965370347996582948257801082270819200908798597607/44099259333880515574815818117986669586122297294473800037989858017564794214812293030096107576
27 5 7 110083650659587943896945383560942549180508098486043214804077675542436543850318326257365748915/286645185670223351236302817766913352309794932414079700246934077114171162396279904695624699244
27 5 13 176561535010635407339357434205970803129286833928036485442856401571734618545961578438258950329/286645185670223351236302817766913352309794932414079700246934077114171162396279904695624699244
27 6 6 93277204631262916213470750027232310194203422169436177024187814453218094979743466685330025489/573290371340446702472605635533826704619589864828159400493868154228342324792559809391249398488
27 6 10 4375273757702259141482017792770333642449790424851637868975752719631419842843109126736454745/11024814833470128893703954529496667396530574323618450009497464504391198553703073257524026894
27 6 11 252498931308666310902069960282537045017997340566438054282941198354290397984974668115623726259/573290371340446702472605635533826704619589864828159400493868154228342324792559809391249398488
27 7 5 153630482732354706889389479979941720981070714243907136655221404649426458754739990540948332079/573290371340446702472605635533826704619589864828159400493868154228342324792559809391249398488
27 7 8 24508622237119901885138088542792940944655026314726008696501401105865232360661249720887450243/71661296417555837809075704441728338077448733103519925061733519278542790599069976173906174811
27 7 12 223590910711132780502111447211541456081278940066444194266635540731994007152529821083201464465/573290371340446702472605635533826704619589864828159400493868154228342324792559809391249398488
27 8 6 163283516295902648941354479724570088867036878323058998667837538604939527275339931763549815297/286645185670223351236302817766913352309794932414079700246934077114171162396279904695624699244
27 8 11 65616053954832083737321964462458429490605923506420914827260672769225414645121377358029935903/286645185670223351236302817766913352309794932414079700246934077114171162396279904695624699244
27 8 17 14436403854872154639406593394971208488038032646149946687958966435001555118954648893511237011/71661296417555837809075704441728338077448733103519925061733519278542790599069976173906174811
27 9 7 74523512928869781462379670074796309528178701389023374846067512417003523344957602417890261261/286645185670223351236302817766913352309794932414079700246934077114171162396279904695624699244
27 9 8 21086117908466040834034290770776946159932362461802875891306318309046121073713187263050296321/573290371340446702472605635533826704619589864828159400493868154228342324792559809391249398488
27 9 10 7367994920465207030403705758150905871234837950085839806180918935382770082118344374898516081/286645185670223351236302817766913352309794932414079700246934077114171162396279904695624699244
27 9 12 229955451426444082338735970086073042801738919052875039028462288187274491167311491142120435833/573290371340446702472605635533826704619589864828159400493868154228342324792559809391249398488
27 9 13 79232893153433301157134311505541142429545752317631528134801342513624562848691618700250555825/286645185670223351236302817766913352309794932414079700246934077114171162396279904695624699244
27 10 9 1
27 11 3 55142003600322393366700326470696846056890834241479377522321109086098539060934724555373315957/573290371340446702472605635533826704619589864828159400493868154228342324792559809391249398488
27 11 4 256159217697728708170239809665621636217815073577280141215862472358067494952429830221872334683/573290371340446702472605635533826704619589864828159400493868154228342324792559809391249398488
27 11 10 901222537675816866371703417368260720525139744717172104059446835480627552815496968972760719/71661296417555837809075704441728338077448733103519925061733519278542790599069976173906174811
27 11 13 19036907356701550730101674919822108967783467992413525503057435632036050914334968211920175390/71661296417555837809075704441728338077448733103519925061733519278542790599069976173906174811
27 11 14 12810513860922082520484809087498158104801886889044287612343689130505357880248941645857532372/71661296417555837809075704441728338077448733103519925061733519278542790599069976173906174811
27 12 6 54101834375709019210421494050200335155372688082304408260393104452776703171160965085409593005/573290371340446702472605635533826704619589864828159400493868154228342324792559809391249398488
27 12 9 284618993370698592098987612991979860908045164299135858017493185427693988719380903254477592357/573290371340446702472605635533826704619589864828159400493868154228342324792559809391249398488
27 12 13 117284771797019545581598264245823254278086006223359567107990932173935816451008970525681106563/286645185670223351236302817766913352309794932414079700246934077114171162396279904695624699244
27 13 6 7413755950871567410237078988972447076453710436957257140878412796681288245765613326704760705/286645185670223351236302817766913352309794932414079700246934077114171162396279904695624699244
27 13 7 202797387189931946624918288720051167877004347750108145736763336462489390695360204475733451895/286645185670223351236302817766913352309794932414079700246934077114171162396279904695624699244
27 13 10 19108510632354959300286862514472434339084218556753574342323081963750120863788521723296621661/71661296417555837809075704441728338077448733103519925061733519278542790599069976173906174811
27 14 3 62137115537798834039250793517821408607689397399317360764077471653588134683761906018252046633/286645185670223351236302817766913352309794932414079700246934077114171162396279904695624699244
27 14 7 70368754807383242672443032430057155897979480421375209754097559592364537640763992869466977341/573290371340446702472605635533826704619589864828159400493868154228342324792559809391249398488
27 14 8 378647385457465791721661016068126731506231589608149469211615651328801517784272004485278327881/573290371340446702472605635533826704619589864828159400493868154228342324792559809391249398488
27 15 6 64892541778878367526424706605289368939120126751807441843317229078054892592756026091206278065/286645185670223351236302817766913352309794932414079700246934077114171162396279904695624699244
27 15 11 221752643891344983709878111161623983370674805662272258403616848036116269803523878604418421179/286645185670223351236302817766913352309794932414079700246934077114171162396279904695624699244
27 16 4 128378760077637899392972773333356949113455835582560537006940972343002692166134761882867585493/286645185670223351236302817766913352309794932414079700246934077114171162396279904695624699244
27 16 7 30525890658646023793132943392746153806746931713374188023476367748530013035922650102147754157/573290371340446702472605635533826704619589864828159400493868154228342324792559809391249398488
27 16 8 243189581737804291698875891176614482304534377897929047701395784123659668395105068200095488607/573290371340446702472605635533826704619589864828159400493868154228342324792559809391249398488
27 16 9 21408689394360294097325627148876085140698442025867545377557028835073629514631283661635492369/286645185670223351236302817766913352309794932414079700246934077114171162396279904695624699244
27 17 2 94955144423504413441886654010579815012363782500562519569939118336169073618052020580714050797/573290371340446702472605635533826704619589864828159400493868154228342324792559809391249398488
27 17 4 137955729615009587553713767796373236690210260718586314504527576596851151859793544412441472923/286645185670223351236302817766913352309794932414079700246934077114171162396279904695624699244
27 17 5 202423767686923113923291445930500416226805560890424251914873882698470947454920699985652401845/573290371340446702472605635533826704619589864828159400493868154228342324792559809391249398488
27 18 2 119752070469939158337082972583005577131036586562790249854960399473307265170686440864132753921/286645185670223351236302817766913352309794932414079700246934077114171162396279904695624699244
27 18 5 2387675323045764438671754102883399936747722009920980461149845871235659854999500815382049159/11024814833470128893703954529496667396530574323618450009497464504391198553703073257524026894
27 18 7 137121837013374157843176294669413263345967314040143918751701495997763965924378715082027642289/573290371340446702472605635533826704619589864828159400493868154228342324792559809391249398488
27 18 9 72505276588814477144332182348465490300667833146543998052453873979709516066834170181089692089/573290371340446702472605635533826704619589864828159400493868154228342324792559809391249398488
27 19 1 92709203361190454886289930093939215431562584682968085111037851765318373753866687889657879671/286645185670223351236302817766913352309794932414079700246934077114171162396279904695624699244
27 19 2 89425319503690556281110737810324462475493252484943039091186900847245316717016686199640748701/573290371340446702472605635533826704619589864828159400493868154228342324792559809391249398488
27 19 4 298446645114375236418915037535623811280971442977280191180605549850460260567809747412292890445/573290371340446702472605635533826704619589864828159400493868154228342324792559809391249398488
27 20 2 212653161254829670894884594425936644846355464473202734067734573682299783114870636538969731693/573290371340446702472605635533826704619589864828159400493868154228342324792559809391249398488
27 20 3 18963281531053133898084996281797040361279397141892280048212145783709455664832705637862700441/286645185670223351236302817766913352309794932414079700246934077114171162396279904695624699244
27 20 6 322710647023510763781551048544295979050675606071172106329709288978623630348023761576554265913/573290371340446702472605635533826704619589864828159400493868154228342324792559809391249398488
27 21 2 146350089410482059205895716792433794324032816874065674701027286341831113017841722933652973919/286645185670223351236302817766913352309794932414079700246934077114171162396279904695624699244
27 21 5 162909839435212890047398414307968299625930770429231370766912299388181390915628861952151020313/573290371340446702472605635533826704619589864828159400493868154228342324792559809391249398488
27 21 6 9052334852636130308724291356999293565045650819292052332684714012038362141634423197830186949/44099259333880515574815818117986669586122297294473800037989858017564794214812293030096107576
27 22 2 118499630265535518470233003391687760439726722491457383199681696679945043069751566938077051745/573290371340446702472605635533826704619589864828159400493868154228342324792559809391249398488
27 22 3 454790741074911184002372632142138944179863142336702017294186457548397281722808242453172346743/573290371340446702472605635533826704619589864828159400493868154228342324792559809391249398488
27 23 0 75324181342043923424646204459078956612110306732182083999233848611954376616366359690535909541/286645185670223351236302817766913352309794932414079700246934077114171162396279904695624699244
27 23 5 211321004328179427811656613307834395697684625681897616247700228502216785779913545005088789703/286645185670223351236302817766913352309794932414079700246934077114171162396279904695624699244
27 24 0 1
27 25 1 8/29
27 25 3 21/29
27 26 1 27/29
27 26 2 2/29
27 27 0 181668054086432184580314942504360600631154115432165233463534634317992182773401830726231062195/286645185670223351236302817766913352309794932414079700246934077114171162396279904695624699244
27 27 1 104977131583791166655987875262552751678640816981914466783399442796178979622878073969393637049/286645185670223351236302817766913352309794932414079700246934077114171162396279904695624699244
28 0 11 233951679646119562718538222277217437307552990498657246951748287559959049671384518773665514053/573290371340446702472605635533826704619589864828159400493868154228342324792559809391249398488
28 0 13 2439487471944457379534591791668102196798004151356232717632134190762929608815552298777889751/11024814833470128893703954529496667396530574323618450009497464504391198553703073257524026894
28 0 15 212485343153215356018268640089867953078540658458978052225248888748710935462766571081133617383/573290371340446702472605635533826704619589864828159400493868154228342324792559809391249398488
28 1 12 61734939297569606006180211785473780964088643599466673856696878411570138523775065301643029127/71661296417555837809075704441728338077448733103519925061733519278542790599069976173906174811
28 1 15 9926357119986231802895492656254557113360089504053251205036640866972652075294910872263145684/71661296417555837809075704441728338077448733103519925061733519278542790599069976173906174811
28 2 12 292294411271033321402384256211146071118487784775666826414013273314382519258154235781975646471/573290371340446702472605635533826704619589864828159400493868154228342324792559809391249398488
28 2 15 261625537732843329876945273658273097923148150170267083438882409087700437389759475146105463961/573290371340446702472605635533826704619589864828159400493868154228342324792559809391249398488
28 2 16 2421302792071256399159513208050941947244241235278186330121558978282421018080762307896036007/71661296417555837809075704441728338077448733103519925061733519278542790599069976173906174811
28 3 12 340638183534805073339157540037067893696962455918430328530704278393591286799090384401473765817/573290371340446702472605635533826704619589864828159400493868154228342324792559809391249398488
28 3 15 232652187805641629133448095496758810922627408909729071963163875834751037993469424989775632671/573290371340446702472605635533826704619589864828159400493868154228342324792559809391249398488
28 4 9 300894286037164618664953434252936460835283171385542550258437702549980880101176955475876134085/573290371340446702472605635533826704619589864828159400493868154228342324792559809391249398488
28 4 14 133816545262830893247581900095725036240631107135067681635088716670368113731147331752668770891/286645185670223351236302817766913352309794932414079700246934077114171162396279904695624699244
28 4 16 366384213663099793268338545341551638695729167113960535788693718278862863776014646925824817/44099259333880515574815818117986669586122297294473800037989858017564794214812293030096107576
28 5 13 492751073134351352243861646493741207013882644933157259982021683302012097351043544766841649/44099259333880515574815818117986669586122297294473800037989858017564794214812293030096107576
28 5 14 43606508260746164222571956471492928379108414649540642778007836334262782117461249485329265927/44099259333880515574815818117986669586122297294473800037989858017564794214812293030096107576
28 6 10 252498931308666310902069960282537045017997340566438054282941198354290397984974668115623726259/573290371340446702472605635533826704619589864828159400493868154228342324792559809391249398488
28 6 11 320791440031780391570535675251289659601592524261721346210926955874051926807585141275625672229/573290371340446702472605635533826704619589864828159400493868154228342324792559809391249398488
28 7 9 7064663246564274425382610388932473145038697851763120738831197278539827765066407405984202399/11024814833470128893703954529496667396530574323618450009497464504391198553703073257524026894
28 7 11 3960151586905854468321344140564194251491876471855329270666267225851370788636665851539824495/11024814833470128893703954529496667396530574323618450009497464504391198553703073257524026894
28 8 8 100851603745576614710022335505273600045067658886144306462402626265626917625730928379620554537/143322592835111675618151408883456676154897466207039850123467038557085581198139952347812349622
28 8 9 42470989089535060908129073378183076109829807320895543661064412291458663572409023968191795085/143322592835111675618151408883456676154897466207039850123467038557085581198139952347812349622
28 9 8 187255587531815638855493124054854575282049742887129970752112782436473947880232215151047664387/286645185670223351236302817766913352309794932414079700246934077114171162396279904695624699244
28 9 13 99389598138407712380809693712058777027745189526949729494821294677697214516047689544577034857/286645185670223351236302817766913352309794932414079700246934077114171162396279904695624699244
28 10 10 40728441653291323377326037202853203362849000490447617470229892411430424229589331091193566908/71661296417555837809075704441728338077448733103519925061733519278542790599069976173906174811
28 10 11 30932854764264514431749667238875134714599732613072307591503626867112366369480645082712607903/71661296417555837809075704441728338077448733103519925061733519278542790599069976173906174811
28 11 7 265868650441265065843478408736090994632005253943285774928857541336103606437680691630553311937/573290371340446702472605635533826704619589864828159400493868154228342324792559809391249398488
28 11 10 188743452023906895933924867014577773162946173596477255736068188006884992551355420155165364493/573290371340446702472605635533826704619589864828159400493868154228342324792559809391249398488
28 11 11 59339134437637370347601179891578968412319218644198184914471212442676862901761848802765361029/286645185670223351236302817766913352309794932414079700246934077114171162396279904695624699244
28 12 6 9919547046723516168748998748426158626580963966449744503131467618114402764206467203516850437/44099259333880515574815818117986669586122297294473800037989858017564794214812293030096107576
28 12 9 288671377969748110373618022541846843711544700529023542476374968800648336073178906136771806131/573290371340446702472605635533826704619589864828159400493868154228342324792559809391249398488
28 12 10 38916220440823220476312657315609949690623158183822294869196026598051688196174207402189634169/143322592835111675618151408883456676154897466207039850123467038557085581198139952347812349622
28 13 6 279231429719351783826065738777940905233341221977122443106055664317489874150514291368919938539/286645185670223351236302817766913352309794932414079700246934077114171162396279904695624699244
28 13 10 7413755950871567410237078988972447076453710436957257140878412796681288245765613326704760705/286645185670223351236302817766913352309794932414079700246934077114171162396279904695624699244
28 14 5 1464642357991540245416578846714333133067555091557303472079378020138998419420316549473311175/573290371340446702472605635533826704619589864828159400493868154228342324792559809391249398488
28 14 6 426335655887813987871159213136907875402431960874276341733622336010873156400371759005653764011/573290371340446702472605635533826704619589864828159400493868154228342324792559809391249398488
28 14 8 5595772042101583629078070905777096003234244187012529049544863084512698845106451301389320127/22049629666940257787407909058993334793061148647236900018994929008782397107406146515048053788
28 15 7 192020286188995635130975028581073815045283023517014399117482516432997762097193730028580718643/286645185670223351236302817766913352309794932414079700246934077114171162396279904695624699244
28 15 10 94624899481227716105327789185839537264511908897065301129451560681173400299086174667043980601/286645185670223351236302817766913352309794932414079700246934077114171162396279904695624699244
28 16 5 372186004596966868185945946099626360357136303721139124453398951788772743961658826160990822535/573290371340446702472605635533826704619589864828159400493868154228342324792559809391249398488
28 16 7 201104366743479834286659689434200344262453561107020276040469202439569580830900983230258575953/573290371340446702472605635533826704619589864828159400493868154228342324792559809391249398488
28 17 3 46235740661828796323590947335353817364986368189936472167197260670074143347658818056419452926/71661296417555837809075704441728338077448733103519925061733519278542790599069976173906174811
28 17 8 25425555755727041485484757106374520712462364913583452894536258608468647251411158117486721885/71661296417555837809075704441728338077448733103519925061733519278542790599069976173906174811
28 18 4 2387675323045764438671754102883399936747722009920980461149845871235659854999500815382049159/11024814833470128893703954529496667396530574323618450009497464504391198553703073257524026894
28 18 5 8637139510424364455032200426613267459782852313697469548347618633155538698703572442141977735/11024814833470128893703954529496667396530574323618450009497464504391198553703073257524026894
28 19 2 6825037144582672323646092585605614579579686189380104048426593735587965723502383119021783109/143322592835111675618151408883456676154897466207039850123467038557085581198139952347812349622
28 19 4 128566110442992481852585056941082269122322069783840324197155570803964742751356771014580498695/286645185670223351236302817766913352309794932414079700246934077114171162396279904695624699244
28 19 6 6529741126235988536977908054837232256746226548731319655924917659597386805680363603690474267/286645185670223351236302817766913352309794932414079700246934077114171162396279904695624699244
28 19 7 34474814952957384049861916899945655442891815925686962074250100294858275348059500959827540016/71661296417555837809075704441728338077448733103519925061733519278542790599069976173906174811
28 20 1 84423720804364260307342986983782733152262275210060214024657949137174062461975758823367465/19768633494498162154227780535649196711020340166488255189443729456149735337674476185905151672
28 20 4 19684209773693797893920437548665413977868077891278194975419071507012561275212500427081784207/19768633494498162154227780535649196711020340166488255189443729456149735337674476185905151672
28 21 3 398611683275536313121416161145220832405130418268968141356831775843355485488964763609055048845/573290371340446702472605635533826704619589864828159400493868154228342324792559809391249398488
28 21 4 174678688064910389351189474388605872214459446559191259137036378384986839303595045782194349643/573290371340446702472605635533826704619589864828159400493868154228342324792559809391249398488
28 22 1 204616755113120358317005107053804527959445947628946690567679240435585259089713623692381708331/573290371340446702472605635533826704619589864828159400493868154228342324792559809391249398488
28 22 2 64643408537956461457653985078248565530896706834347008567450833525221906169065952804121020783/573290371340446702472605635533826704619589864828159400493868154228342324792559809391249398488
28 22 5 152015103844684941348973271700886805564623605182432850679369040133767579766890116447373334687/286645185670223351236302817766913352309794932414079700246934077114171162396279904695624699244
28 23 1 92714933935782329288220655397237809233958005539447741586856895928593245608251913798045833673/573290371340446702472605635533826704619589864828159400493868154228342324792559809391249398488
28 23 2 30565234197108953525886307358159013545623458396835257950782135125790699301774515264255147941/143322592835111675618151408883456676154897466207039850123467038557085581198139952347812349622
28 23 3 358314500616228559080839750703952841203138025701370627103882717796586281977209834536182973051/573290371340446702472605635533826704619589864828159400493868154228342324792559809391249398488
28 24 1 424158757072305298167759335378412581388990919143037390131084634563094525515929694276016019081/573290371340446702472605635533826704619589864828159400493868154228342324792559809391249398488
28 24 2 149131614268141404304846300155414123230598945685122010362783519665247799276630115115233379407/573290371340446702472605635533826704619589864828159400493868154228342324792559809391249398488
28 25 2 1
28 26 0 171783737339183103503201052236536002275643945348921105868812769589917315104564592633278486359/286645185670223351236302817766913352309794932414079700246934077114171162396279904695624699244
28 26 1 2/29
28 26 2 95092814836542085578873984994728153323130646898670339188677578068104111954040835876441061213/286645185670223351236302817766913352309794932414079700246934077114171162396279904695624699244
28 27 0 104977131583791166655987875262552751678640816981914466783399442796178979622878073969393637049/286645185670223351236302817766913352309794932414079700246934077114171162396279904695624699244
28 27 1 181668054086432184580314942504360600631154115432165233463534634317992182773401830726231062195/286645185670223351236302817766913352309794932414079700246934077114171162396279904695624699244
28 28 0 1
