# exact hook decomposition of the 35-box: a s i value
0 0 0 1/35
0 0 1 1/35
0 0 2 1/35
0 0 3 1/35
0 0 4 1/35
0 0 5 1/35
0 0 6 1/35
0 0 7 1/35
0 0 8 1/35
0 0 9 1/35
0 0 10 1/35
0 0 11 1/35
0 0 12 1/35
0 0 13 1/35
0 0 14 1/35
0 0 15 1/35
0 0 16 1/35
0 0 17 1/35
0 0 18 1/35
0 0 19 1/35
0 0 20 1/35
0 0 21 1/35
0 0 22 1/35
0 0 23 1/35
0 0 24 1/35
0 0 25 1/35
0 0 26 1/35
0 0 27 1/35
0 0 28 1/35
0 0 29 1/35
0 0 30 1/35
0 0 31 1/35
0 0 32 1/35
0 0 33 1/35
0 0 34 1/35
1 0 2 3/35
1 0 3 3/35
1 0 4 3/35
1 0 7 3/35
1 0 10 3/35
1 0 15 3/35
1 0 18 3/35
1 0 23 3/35
1 0 30 1/35
1 0 31 1/35
1 0 32 3/35
1 0 33 3/35
1 0 34 3/35
1 1 0 3/35
1 1 5 3/35
1 1 8 3/35
1 1 11 3/35
1 1 13 3/35
1 1 16 3/35
1 1 19 3/35
1 1 21 3/35
1 1 24 3/35
1 1 26 3/35
1 1 28 3/35
1 1 30 2/35
2 0 4 1/7
2 0 6 1/7
2 0 8 19729890860200011468280021191011375187409532829097670869655025985904523179415871437377194804164384839597935254291884567368085506544652626495078459/139788151555099854846287492325559180552099519353093245272893874281466899996157960497006600834552843662097642865302789850411627725506764039509567670
2 0 10 1444668669014330885186083415649921676860343822279734099960605292727918359526508912790055581698888003318251998142306052762865324303675334951161305/27957630311019970969257498465111836110419903870618649054578774856293379999231592099401320166910568732419528573060557970082325545101352807901913534
2 0 12 3731594210657239682131447395444772352167487380657160191709276973258027165976762313072727326061659278646494001445736408966808252165916598381047438/69894075777549927423143746162779590276049759676546622636446937140733449998078980248503300417276421831048821432651394925205813862753382019754783835
2 0 15 1/7
2 0 21 39450351759282339676797605336800676705995358972971283954746432439298586560512588369084398077174166765122452036062618527562301045152541421355384/1996973593644283640661249890365131150744278847901332075327055346878098571373685149957237154779326338029966326647182712148737538935810914850136681
2 0 26 39450351759282339676797605336800676705995358972971283954746432439298586560512588369084398077174166765122452036062618527562301045152541421355384/1996973593644283640661249890365131150744278847901332075327055346878098571373685149957237154779326338029966326647182712148737538935810914850136681
2 0 30 1/7
2 0 34 1/7
2 1 0 2273126055959260018398833127722735887686246360712131063010280373953188677297273268540827941319545505385823490899621041841673646251878704799624369/27957630311019970969257498465111836110419903870618649054578774856293379999231592099401320166910568732419528573060557970082325545101352807901913534
2 1 2 2273126055959260018398833127722735887686246360712131063010280373953188677297273268540827941319545505385823490899621041841673646251878704799624369/27957630311019970969257498465111836110419903870618649054578774856293379999231592099401320166910568732419528573060557970082325545101352807901913534
2 1 13 1/7
2 1 16 1/7
2 1 18 1/14
2 1 19 1/14
2 1 25 1720821131329307262923666653007526413802311335090533087643830319803008465450097031373646368239107170674109162394744382455801431619743124900648993/13978815155509985484628749232555918055209951935309324527289387428146689999615796049700660083455284366209764286530278985041162772550676403950956767
2 1 27 1/7
2 1 32 1/7
2 2 0 1720821131329307262923666653007526413802311335090533087643830319803008465450097031373646368239107170674109162394744382455801431619743124900648993/27957630311019970969257498465111836110419903870618649054578774856293379999231592099401320166910568732419528573060557970082325545101352807901913534
2 2 1 1720821131329307262923666653007526413802311335090533087643830319803008465450097031373646368239107170674109162394744382455801431619743124900648993/27957630311019970969257498465111836110419903870618649054578774856293379999231592099401320166910568732419528573060557970082325545101352807901913534
2 2 5 1/7
2 2 8 239845076242824938332477712639936320033255649915649883615527482876462534320980062195176743628878540701728012179942554119289882813456522006288351/139788151555099854846287492325559180552099519353093245272893874281466899996157960497006600834552843662097642865302789850411627725506764039509567670
2 2 9 1/7
2 2 10 6253273757564178521174802056380883401553906858849500184925999761132465690891663436713458447834972411503337631790177151776879442513137975869635967/69894075777549927423143746162779590276049759676546622636446937140733449998078980248503300417276421831048821432651394925205813862753382019754783835
2 2 18 1/14
2 2 21 1720821131329307262923666653007526413802311335090533087643830319803008465450097031373646368239107170674109162394744382455801431619743124900648993/13978815155509985484628749232555918055209951935309324527289387428146689999615796049700660083455284366209764286530278985041162772550676403950956767
2 2 22 1/7
2 2 23 39450351759282339676797605336800676705995358972971283954746432439298586560512588369084398077174166765122452036062618527562301045152541421355384/1996973593644283640661249890365131150744278847901332075327055346878098571373685149957237154779326338029966326647182712148737538935810914850136681
2 2 29 1/7
3 0 8 227062445320029941090226958569630449277452543235382275875682562932923637288673768720173420850191054764225751309387376312770556682305029054195906/9984867968221418203306249451825655753721394239506660376635276734390492856868425749786185773896631690149831633235913560743687694679054574250683405
3 0 12 1/5
3 0 16 273027147597928059195116214249524010978373141937874540384805341262140675000257889104622056301874463689767250121263810756508959877324010970081628/69894075777549927423143746162779590276049759676546622636446937140733449998078980248503300417276421831048821432651394925205813862753382019754783835
3 0 17 1101486444606531621618367664392634627208128271883979459615891286032189442144983798141347643745642956288219707022118503645023628717928835418318527/6354006888868175220285795105707235479640887243322420239676994285521222727098089113500300037934220166458983766604672265927801260250307456341343985
3 0 26 1/5
3 0 28 1/5
3 0 34 1/5
3 1 1 1/5
3 1 4 658204984821140764218236247868944566981897330354900695372486299634162393010229245968295944824731459829906504522223911716442468449405596204644857/139788151555099854846287492325559180552099519353093245272893874281466899996157960497006600834552843662097642865302789850411627725506764039509567670
3 1 10 658204984821140764218236247868944566981897330354900695372486299634162393010229245968295944824731459829906504522223911716442468449405596204644857/69894075777549927423143746162779590276049759676546622636446937140733449998078980248503300417276421831048821432651394925205813862753382019754783835
3 1 13 1186143911190083332837763342767040861568152860274231753775645071568216993782300810420703825666243494790008230171526478415291940383995163343293662/6354006888868175220285795105707235479640887243322420239676994285521222727098089113500300037934220166458983766604672265927801260250307456341343985
3 1 16 658204984821140764218236247868944566981897330354900695372486299634162393010229245968295944824731459829906504522223911716442468449405596204644857/139788151555099854846287492325559180552099519353093245272893874281466899996157960497006600834552843662097642865302789850411627725506764039509567670
3 1 20 1/5
3 1 23 1/5
3 1 31 13593637318286772779605629198936497499206427746892298372301706469774668281605824692836986194932427370069625032129318884081229263978594818716393538/69894075777549927423143746162779590276049759676546622636446937140733449998078980248503300417276421831048821432651394925205813862753382019754783835
3 2 4 2664122034137768944082102596937394697645610920990884766383380225702505521321113360746472827726110581275971556401611014664944060820254161549262382/13978815155509985484628749232555918055209951935309324527289387428146689999615796049700660083455284366209764286530278985041162772550676403950956767
3 2 5 27299425326198830205039262217242891543438006540263748359206288556659217606221362853433024222085837272589622068538334058365883076651947211697268677/139788151555099854846287492325559180552099519353093245272893874281466899996157960497006600834552843662097642865302789850411627725506764039509567670
3 2 8 353982229664850739914204586359100140293365260933189959890274556789034986817002276247412746785827056653148115067559067167193396450701177159188155/1996973593644283640661249890365131150744278847901332075327055346878098571373685149957237154779326338029966326647182712148737538935810914850136681
3 2 9 2664122034137768944082102596937394697645610920990884766383380225702505521321113360746472827726110581275971556401611014664944060820254161549262382/13978815155509985484628749232555918055209951935309324527289387428146689999615796049700660083455284366209764286530278985041162772550676403950956767
3 2 14 16931493316710342243879135674881246872004917678050458831950757107205510327463402455871236384120107700357704629881594954053662333213265584995027/1270801377773635044057159021141447095928177448664484047935398857104244545419617822700060007586844033291796753320934453185560252050061491268268797
3 2 17 3066723544855134529435173600604929744859184558816200247656680263951049879031719294323376059681692234248788514051726978175363244857512832494261083/139788151555099854846287492325559180552099519353093245272893874281466899996157960497006600834552843662097642865302789850411627725506764039509567670
3 2 27 1/5
3 2 30 385177837223212705023120033619420556003524188417026154987680958372021718009971356863673888522856996140139254400960100959933508572081585234563229/69894075777549927423143746162779590276049759676546622636446937140733449998078980248503300417276421831048821432651394925205813862753382019754783835
3 2 31 385177837223212705023120033619420556003524188417026154987680958372021718009971356863673888522856996140139254400960100959933508572081585234563229/69894075777549927423143746162779590276049759676546622636446937140733449998078980248503300417276421831048821432651394925205813862753382019754783835
3 3 0 1/5
3 3 4 658204984821140764218236247868944566981897330354900695372486299634162393010229245968295944824731459829906504522223911716442468449405596204644857/139788151555099854846287492325559180552099519353093245272893874281466899996157960497006600834552843662097642865302789850411627725506764039509567670
3 3 6 658204984821140764218236247868944566981897330354900695372486299634162393010229245968295944824731459829906504522223911716442468449405596204644857/69894075777549927423143746162779590276049759676546622636446937140733449998078980248503300417276421831048821432651394925205813862753382019754783835
3 3 10 16931493316710342243879135674881246872004917678050458831950757107205510327463402455871236384120107700357704629881594954053662333213265584995027/1270801377773635044057159021141447095928177448664484047935398857104244545419617822700060007586844033291796753320934453185560252050061491268268797
3 3 15 1/5
3 3 16 24890906766164836439822324864506906365560719311802448806922094592342330120199872805077944107228876498170740059008830991906962300243839975407652451/139788151555099854846287492325559180552099519353093245272893874281466899996157960497006600834552843662097642865302789850411627725506764039509567670
3 3 22 1/5
3 3 30 13593637318286772779605629198936497499206427746892298372301706469774668281605824692836986194932427370069625032129318884081229263978594818716393538/69894075777549927423143746162779590276049759676546622636446937140733449998078980248503300417276421831048821432651394925205813862753382019754783835
4 0 8 33701380564753589860374140437182456798584504123799617643288106530642670932159607721077852034300478808768978247221151258777727609717966350512948277/139788151555099854846287492325559180552099519353093245272893874281466899996157960497006600834552843662097642865302789850411627725506764039509567670
4 0 10 292343957012018578119238775738583671936846586572276800397346031447871361087470445085181867738420017939722312543339097385557092767710679319715963/3993947187288567281322499780730262301488557695802664150654110693756197142747370299914474309558652676059932653294365424297475077871621829700273362
4 0 11 14713633091189643858462914783247128028014205280749972693269879792696114998525371139544241267485055274269316438323991824968690307618961424963729333/69894075777549927423143746162779590276049759676546622636446937140733449998078980248503300417276421831048821432651394925205813862753382019754783835
4 0 19 2536784144751288407345125710361283344308607765267336150256426105267865340331618000255473377099137251290628079195688472598396292508507066718438586/69894075777549927423143746162779590276049759676546622636446937140733449998078980248503300417276421831048821432651394925205813862753382019754783835
4 0 23 530397524549541964047884378699203072016003527083233079960115600591775886158600389377169445759794166788347134664115549378806432087242238082474047/27957630311019970969257498465111836110419903870618649054578774856293379999231592099401320166910568732419528573060557970082325545101352807901913534
4 0 25 1333440216715296223306838287269116581481901768236462009039281079698697913464030632407262532695268678305391638551858652085355950669255681165330617/27957630311019970969257498465111836110419903870618649054578774856293379999231592099401320166910568732419528573060557970082325545101352807901913534
4 0 27 8044592315561226875723901196947756755096606434203434563881032604481313732691710555097762730968045432155203449148124881003570527018450432950370636/69894075777549927423143746162779590276049759676546622636446937140733449998078980248503300417276421831048821432651394925205813862753382019754783835
4 0 34 9/35
4 1 3 9/35
4 1 6 9/35
4 1 8 2244144120843515671528357589389903914812515138424359712598889713163103352566724978152416751727395275770415632428137559899548091126630116789511981/139788151555099854846287492325559180552099519353093245272893874281466899996157960497006600834552843662097642865302789850411627725506764039509567670
4 1 11 2244144120843515671528357589389903914812515138424359712598889713163103352566724978152416751727395275770415632428137559899548091126630116789511981/139788151555099854846287492325559180552099519353093245272893874281466899996157960497006600834552843662097642865302789850411627725506764039509567670
4 1 14 31671410303222803388454187155884159970840925699924305099138649298555333349617467257240899286697505824309048509076121209836928706364552966716970647/139788151555099854846287492325559180552099519353093245272893874281466899996157960497006600834552843662097642865302789850411627725506764039509567670
4 1 18 17205924075147311043734749129163878829151405949922373180479124727115507641998806677304025933998952017810930504268994782618124519902133573070783997/139788151555099854846287492325559180552099519353093245272893874281466899996157960497006600834552843662097642865302789850411627725506764039509567670
4 1 26 315956711943913077775893037555049912704237487200353378167069328610470761668575597678706345424063267130530931948692855093015078384689329503876389/6354006888868175220285795105707235479640887243322420239676994285521222727098089113500300037934220166458983766604672265927801260250307456341343985
4 1 27 758043190108241029616719798237551441619489418354211853662880311242794697324690805876476493901645522248636432493157828875659519083445908245258799/13978815155509985484628749232555918055209951935309324527289387428146689999615796049700660083455284366209764286530278985041162772550676403950956767
4 2 0 9/35
4 2 14 610587768910614591921187267241171534650870508899953179535478135035777276444123634569909928475766894318620767224738229834335284925720500083641373/19969735936442836406612498903651311507442788479013320753270553468780985713736851499572371547793263380299663266471827121487375389358109148501366810
4 2 16 11788552947683706777098102071197383804752388593893829855732346287259909886018862872994703252699530189856782872509051224012819456479297645146395703/139788151555099854846287492325559180552099519353093245272893874281466899996157960497006600834552843662097642865302789850411627725506764039509567670
4 2 17 9650818860118446377182727933836347648298906576000787229499191910619925825537138806264830663153275006561984697550201577329611003015381545380516239/139788151555099854846287492325559180552099519353093245272893874281466899996157960497006600834552843662097642865302789850411627725506764039509567670
4 2 23 29278323602020624415368306590226777805987510421041667310690590845312284717406179537193956122551530693012435686889995558250495947498318061475807173/139788151555099854846287492325559180552099519353093245272893874281466899996157960497006600834552843662097642865302789850411627725506764039509567670
4 2 27 2662430245313076886608925412045117353757843745933607685910301346492421544693670190669219392872968060435471076775108977933603865755035634931925219/69894075777549927423143746162779590276049759676546622636446937140733449998078980248503300417276421831048821432651394925205813862753382019754783835
4 2 29 563892852614064130737336789571319927169801672918725791202050104860775970964891919356581538317629775403855542845340083222346864831096953147184388/69894075777549927423143746162779590276049759676546622636446937140733449998078980248503300417276421831048821432651394925205813862753382019754783835
4 2 30 9/35
4 2 31 3226323097927141017346262201616437280927645418852333477112351451353197515658562110025800931190597835839326619620449061155950730586132588079109607/69894075777549927423143746162779590276049759676546622636446937140733449998078980248503300417276421831048821432651394925205813862753382019754783835
4 3 9 33701380564753589860374140437182456798584504123799617643288106530642670932159607721077852034300478808768978247221151258777727609717966350512948277/139788151555099854846287492325559180552099519353093245272893874281466899996157960497006600834552843662097642865302789850411627725506764039509567670
4 3 10 25713486190176455297729140875721932195607388732194289341979885143130276646664867121248903415183173456649112940632420410182777453974722691112401553/139788151555099854846287492325559180552099519353093245272893874281466899996157960497006600834552843662097642865302789850411627725506764039509567670
4 3 17 8031333665029004460273206470942792273654241078096751056240346616255175410563864157492036376014949225043564121541109416426583225479670572865942657/69894075777549927423143746162779590276049759676546622636446937140733449998078980248503300417276421831048821432651394925205813862753382019754783835
4 3 21 9/35
4 3 28 14182546392257347617867650022098423148601062539340929409629096565688913655739712320232751923505709431026514777358855264960340255005068692424936134/69894075777549927423143746162779590276049759676546622636446937140733449998078980248503300417276421831048821432651394925205813862753382019754783835
4 4 1 9/35
4 4 11 610587768910614591921187267241171534650870508899953179535478135035777276444123634569909928475766894318620767224738229834335284925720500083641373/19969735936442836406612498903651311507442788479013320753270553468780985713736851499572371547793263380299663266471827121487375389358109148501366810
4 4 13 292343957012018578119238775738583671936846586572276800397346031447871361087470445085181867738420017939722312543339097385557092767710679319715963/3993947187288567281322499780730262301488557695802664150654110693756197142747370299914474309558652676059932653294365424297475077871621829700273362
4 4 16 9941428677769548305678042542343388083044268553015237621703151505647711731799302192123098016998987817226132818283534992912054624942627660785287472/69894075777549927423143746162779590276049759676546622636446937140733449998078980248503300417276421831048821432651394925205813862753382019754783835
4 4 18 315956711943913077775893037555049912704237487200353378167069328610470761668575597678706345424063267130530931948692855093015078384689329503876389/6354006888868175220285795105707235479640887243322420239676994285521222727098089113500300037934220166458983766604672265927801260250307456341343985
4 4 19 401521346082877129629476954284956754732949120576614464539582739553461013652715121515046543467737255758522251943871551353274759291006721541428285/13978815155509985484628749232555918055209951935309324527289387428146689999615796049700660083455284366209764286530278985041162772550676403950956767
4 4 22 263586154753009252916662283639647842126398132216510936692831554676140159345615177729988447151804383706070121607073145514826763421649374711065270/1270801377773635044057159021141447095928177448664484047935398857104244545419617822700060007586844033291796753320934453185560252050061491268268797
4 4 29 14746439244871411748604986811669743075770864212259655200831146670549689626704604239589333461823339206430370320204195348182687119836165645572120522/69894075777549927423143746162779590276049759676546622636446937140733449998078980248503300417276421831048821432651394925205813862753382019754783835
5 0 2 20465381008817093063763487418327022594623048057079349978439397522328285704468858744619097846487149769014048158859918715781402694974718226810513394/69894075777549927423143746162779590276049759676546622636446937140733449998078980248503300417276421831048821432651394925205813862753382019754783835
5 0 15 407109528423821757389459816675477307691841458877315923787213101954708840579763137374420120003538850278444765260066297442279046421133996683397321/139788151555099854846287492325559180552099519353093245272893874281466899996157960497006600834552843662097642865302789850411627725506764039509567670
5 0 21 11/35
5 0 31 14577389075981934053598562276894149723901870168201282228491541565975479748945703572190024520843299076532516063141212211159566653832135165499402959/139788151555099854846287492325559180552099519353093245272893874281466899996157960497006600834552843662097642865302789850411627725506764039509567670
5 0 34 2/7
5 1 0 11/35
5 1 3 26826340198272176799284580472928919865815137267884913064842800755465443988316383362914242321485384255750635219044928668730334386840234728038221299/139788151555099854846287492325559180552099519353093245272893874281466899996157960497006600834552843662097642865302789850411627725506764039509567670
5 1 5 4764736631146424566452811544310015947737419745642861472905275633760769365406605510618644121862900871423894470105349286604182784040366210991248221/27957630311019970969257498465111836110419903870618649054578774856293379999231592099401320166910568732419528573060557970082325545101352807901913534
5 1 14 14207350667459701240061218893387645904942617501099715368069304373472617179219234403766591510183043603885827982897750394656847578774051408822105097/139788151555099854846287492325559180552099519353093245272893874281466899996157960497006600834552843662097642865302789850411627725506764039509567670
5 1 32 30997358473461613880130137649659649726280531202065003818260173352406823431368241878173328988424732008682448126595344686731305983102806720989993187/139788151555099854846287492325559180552099519353093245272893874281466899996157960497006600834552843662097642865302789850411627725506764039509567670
5 2 3 17107078861902063295262917115103965450558997385944392592352416875852724581904689936144975083659795180908623967193090998541891469747605398664785683/139788151555099854846287492325559180552099519353093245272893874281466899996157960497006600834552843662097642865302789850411627725506764039509567670
5 2 7 26826340198272176799284580472928919865815137267884913064842800755465443988316383362914242321485384255750635219044928668730334386840234728038221299/139788151555099854846287492325559180552099519353093245272893874281466899996157960497006600834552843662097642865302789850411627725506764039509567670
5 2 10 18881962131383641585303378880546871203091061108519192174103377717027545597561846532939508623765710404983489568701938321499709499791324195170173974/69894075777549927423143746162779590276049759676546622636446937140733449998078980248503300417276421831048821432651394925205813862753382019754783835
5 2 12 3084747398703478461970369913469571455096006218395460654494231098631538687548690116590100078806879313346140024417071512136403428502595868181329517/69894075777549927423143746162779590276049759676546622636446937140733449998078980248503300417276421831048821432651394925205813862753382019754783835
5 2 15 1332679948376850777140764494453171004715439804266012471151759097995038297746457988996282080679936226477044838094554680689686328699666123690795662/6354006888868175220285795105707235479640887243322420239676994285521222727098089113500300037934220166458983766604672265927801260250307456341343985
5 2 22 1134469359291892812871163710484029984805882640803078720715116778054435604738707284033919504604957540449478868361901427171136365916354765898552397/27957630311019970969257498465111836110419903870618649054578774856293379999231592099401320166910568732419528573060557970082325545101352807901913534
5 2 25 16930007774001193495739859719103497891582161147566965989589154972667542281600201720800362726279100104036743712937040404838394951356655235413287157/139788151555099854846287492325559180552099519353093245272893874281466899996157960497006600834552843662097642865302789850411627725506764039509567670
5 3 2 1501328521270026983510261375689420063564019269835302850158211293330798580641677904910510856085439949315581434259091117854710233319201836540990097/69894075777549927423143746162779590276049759676546622636446937140733449998078980248503300417276421831048821432651394925205813862753382019754783835
5 3 11 8942113399424058933094860157642973288605045755961637688280933585155147996105461120971414107161794751916878406348309556243444795613411576012740433/139788151555099854846287492325559180552099519353093245272893874281466899996157960497006600834552843662097642865302789850411627725506764039509567670
5 3 14 664293645267432863520485395911960146028839043635319604175296248883060273627227160960955074099390111552921488552628031459051210236144791159341019/6354006888868175220285795105707235479640887243322420239676994285521222727098089113500300037934220166458983766604672265927801260250307456341343985
5 3 16 1134469359291892812871163710484029984805882640803078720715116778054435604738707284033919504604957540449478868361901427171136365916354765898552397/27957630311019970969257498465111836110419903870618649054578774856293379999231592099401320166910568732419528573060557970082325545101352807901913534
5 3 19 38261072263714776030191679035612735392344721449813912053619633741045990546527536878889619882120391734411864844428512531416544027006066297210244997/139788151555099854846287492325559180552099519353093245272893874281466899996157960497006600834552843662097642865302789850411627725506764039509567670
5 3 24 771526036747801331394503939112268212136913528750352561931601790247160751103453473664538705110459409503500442094313693212395168720890996893991995/3993947187288567281322499780730262301488557695802664150654110693756197142747370299914474309558652676059932653294365424297475077871621829700273362
5 3 28 29356029984192306040948935311138735592472264485628023428703676065342688821275369726869192884301880360126743123096807456112659202755704961203604023/139788151555099854846287492325559180552099519353093245272893874281466899996157960497006600834552843662097642865302789850411627725506764039509567670
5 3 29 2587212117342525242883471987674647118018720690352860367787008855782269027770566284177177683344089485595362211928534996108183974697006681142602759/27957630311019970969257498465111836110419903870618649054578774856293379999231592099401320166910568732419528573060557970082325545101352807901913534
5 4 6 3084747398703478461970369913469571455096006218395460654494231098631538687548690116590100078806879313346140024417071512136403428502595868181329517/69894075777549927423143746162779590276049759676546622636446937140733449998078980248503300417276421831048821432651394925205813862753382019754783835
5 4 7 17107078861902063295262917115103965450558997385944392592352416875852724581904689936144975083659795180908623967193090998541891469747605398664785683/139788151555099854846287492325559180552099519353093245272893874281466899996157960497006600834552843662097642865302789850411627725506764039509567670
5 4 16 17158543285950909251172329379935225741314826713357356830369071917993469461203640074866294153006859341712807409304511814454079757580030240284435487/69894075777549927423143746162779590276049759676546622636446937140733449998078980248503300417276421831048821432651394925205813862753382019754783835
5 4 20 686880892019458685157345630583030988124605801936756571175505271095087831986699510666187792795104339516688883402071145597433310101984260438152572/9984867968221418203306249451825655753721394239506660376635276734390492856868425749786185773896631690149831633235913560743687694679054574250683405
5 4 24 820664244634653919590601169260457066904133358218490194778248643532067305046436075652068052061425824277852501749268615309323390173550879893194582/69894075777549927423143746162779590276049759676546622636446937140733449998078980248503300417276421831048821432651394925205813862753382019754783835
5 4 25 771526036747801331394503939112268212136913528750352561931601790247160751103453473664538705110459409503500442094313693212395168720890996893991995/3993947187288567281322499780730262301488557695802664150654110693756197142747370299914474309558652676059932653294365424297475077871621829700273362
5 4 26 11/35
5 5 4 17107078861902063295262917115103965450558997385944392592352416875852724581904689936144975083659795180908623967193090998541891469747605398664785683/139788151555099854846287492325559180552099519353093245272893874281466899996157960497006600834552843662097642865302789850411627725506764039509567670
5 5 6 13940241107035160338342700039543662667495023488824076983680377265251244368090665512785796638216916452847506786877130209978505079380817335384106843/139788151555099854846287492325559180552099519353093245272893874281466899996157960497006600834552843662097642865302789850411627725506764039509567670
5 5 8 11/35
5 5 11 3943985691812957527847020275742283909715068023099198392881489905059051624120256729157031576106673050986250025819488902508384511846005816641374023/139788151555099854846287492325559180552099519353093245272893874281466899996157960497006600834552843662097642865302789850411627725506764039509567670
5 5 18 11/35
5 5 28 2587212117342525242883471987674647118018720690352860367787008855782269027770566284177177683344089485595362211928534996108183974697006681142602759/27957630311019970969257498465111836110419903870618649054578774856293379999231592099401320166910568732419528573060557970082325545101352807901913534
5 5 29 1/35
6 0 0 9415746373504685189337336072510228922725429881207615864752674778719905063111833617270694106292340403163769263379614078301844092966009699585420569/27957630311019970969257498465111836110419903870618649054578774856293379999231592099401320166910568732419528573060557970082325545101352807901913534
6 0 6 37355310848190572625510247386874712527366154444078067387557172820907421277757770751817790857209037881866050933970964978536793665114310493685212419/139788151555099854846287492325559180552099519353093245272893874281466899996157960497006600834552843662097642865302789850411627725506764039509567670
6 0 15 13/35
6 0 18 343279540463448161689806742663991349175496545754246460306988854812939054712520775994717342161961897563362112160700396449843758323132126179369870/13978815155509985484628749232555918055209951935309324527289387428146689999615796049700660083455284366209764286530278985041162772550676403950956767
6 1 4 37355310848190572625510247386874712527366154444078067387557172820907421277757770751817790857209037881866050933970964978536793665114310493685212419/139788151555099854846287492325559180552099519353093245272893874281466899996157960497006600834552843662097642865302789850411627725506764039509567670
6 1 10 13606338229889138053751964603227509916216828324290863384360352962648928517893862509631098385607091875225830303333165850000471942038128347193438856/69894075777549927423143746162779590276049759676546622636446937140733449998078980248503300417276421831048821432651394925205813862753382019754783835
6 1 18 1658667690766456540351570191906386886691350753158444787875520469927556931552621582535444550203402193269722113240129754840706024607542172337822963/69894075777549927423143746162779590276049759676546622636446937140733449998078980248503300417276421831048821432651394925205813862753382019754783835
6 1 24 4705968345581725285058318901231676975932416885788926999980046240484363505595853523711849176145264257780910381330948038053361737313417217093598823/69894075777549927423143746162779590276049759676546622636446937140733449998078980248503300417276421831048821432651394925205813862753382019754783835
6 1 28 1253792612159737111656630383221563791374601056423173745107188268270220237670022897014042607433136556065969594037028467880014047408040907312007364/9984867968221418203306249451825655753721394239506660376635276734390492856868425749786185773896631690149831633235913560743687694679054574250683405
6 1 32 13606338229889138053751964603227509916216828324290863384360352962648928517893862509631098385607091875225830303333165850000471942038128347193438856/69894075777549927423143746162779590276049759676546622636446937140733449998078980248503300417276421831048821432651394925205813862753382019754783835
6 1 33 17725119144420046791756782974396407555374101544032548340683520433356840445147468935973232478154193592303431412338607335764614104685448675819653159/139788151555099854846287492325559180552099519353093245272893874281466899996157960497006600834552843662097642865302789850411627725506764039509567670
6 2 1 13/35
6 2 4 2080857512365828861668892823231242484569299371622366652992323742560448796851149021010053595293349558130439079836540791047197478173824756059763041/19969735936442836406612498903651311507442788479013320753270553468780985713736851499572371547793263380299663266471827121487375389358109148501366810
6 2 8 1764902641069507039263469138788456434779828099775207656413052363823764701423434919973283518074878645594818849011458486847588009161059077979762571/9984867968221418203306249451825655753721394239506660376635276734390492856868425749786185773896631690149831633235913560743687694679054574250683405
6 2 19 3375065393083697348800603905226343632568833481929677089410464743992252205115225462509031261013211681086532674043631737089924816223202803234672313/69894075777549927423143746162779590276049759676546622636446937140733449998078980248503300417276421831048821432651394925205813862753382019754783835
6 2 20 24288971202410865346930144294854102809463498555665350943339870727412902004945243088207431364098275780981341262854172956847790941545101560433548961/139788151555099854846287492325559180552099519353093245272893874281466899996157960497006600834552843662097642865302789850411627725506764039509567670
6 2 26 1253792612159737111656630383221563791374601056423173745107188268270220237670022897014042607433136556065969594037028467880014047408040907312007364/9984867968221418203306249451825655753721394239506660376635276734390492856868425749786185773896631690149831633235913560743687694679054574250683405
6 3 5 4861710509666426660588216487838216043130497480980005968103100536346052018900698667267839837126332066976397691463552706486213399857869002120945213/69894075777549927423143746162779590276049759676546622636446937140733449998078980248503300417276421831048821432651394925205813862753382019754783835
6 3 8 419665772562233202758423648184287277454094841187556246442862366119803814982845791418537888950025257346122623306245859018441186709725531283127033/139788151555099854846287492325559180552099519353093245272893874281466899996157960497006600834552843662097642865302789850411627725506764039509567670
6 3 11 24288971202410865346930144294854102809463498555665350943339870727412902004945243088207431364098275780981341262854172956847790941545101560433548961/139788151555099854846287492325559180552099519353093245272893874281466899996157960497006600834552843662097642865302789850411627725506764039509567670
6 3 16 2438512809697598511938438940370614352674080977919165512295948926640849883286211699043997029715927765593248942918997204001439413950113308408837179/19969735936442836406612498903651311507442788479013320753270553468780985713736851499572371547793263380299663266471827121487375389358109148501366810
6 3 18 4517118264858397995959128933904072265421358308157527977968250953084605844548536297387010350223606142660605914473948704168732637988467817963420908/13978815155509985484628749232555918055209951935309324527289387428146689999615796049700660083455284366209764286530278985041162772550676403950956767
6 3 26 3436821686451505509399967178439151684010683525551020152700280326304747952833549334069156952019857300385555017630835196554697934861851108373545061/13978815155509985484628749232555918055209951935309324527289387428146689999615796049700660083455284366209764286530278985041162772550676403950956767
6 3 28 8747104379811678338262457700817818415881945811760686254147984834862602981604136074975299676805749700203031674734446186328587171382216521319481307/139788151555099854846287492325559180552099519353093245272893874281466899996157960497006600834552843662097642865302789850411627725506764039509567670
6 4 8 2438512809697598511938438940370614352674080977919165512295948926640849883286211699043997029715927765593248942918997204001439413950113308408837179/19969735936442836406612498903651311507442788479013320753270553468780985713736851499572371547793263380299663266471827121487375389358109148501366810
6 4 9 13/35
6 4 12 34851723766868185073623424566899109450632683200000475372431796532344613672712332005580186816250990429626381892393770087857100114680290627241693453/139788151555099854846287492325559180552099519353093245272893874281466899996157960497006600834552843662097642865302789850411627725506764039509567670
6 4 27 664832311351772231854180101645535535982887959817167745812107646106124029587570972448398675484778815358789087927449889778136303244617912867716339/139788151555099854846287492325559180552099519353093245272893874281466899996157960497006600834552843662097642865302789850411627725506764039509567670
6 4 28 542249041957002717306301874914911406718491400502361996127485006112963922285208381933468282217402036352455855616847874398288744977171722075421686/69894075777549927423143746162779590276049759676546622636446937140733449998078980248503300417276421831048821432651394925205813862753382019754783835
6 4 30 34196194290331327865435714175097002363977148501402085617819918585473722410568344962914933546108291196475693080488143180102561907645635110283900547/139788151555099854846287492325559180552099519353093245272893874281466899996157960497006600834552843662097642865302789850411627725506764039509567670
6 5 0 4842581567227948710505816786942265305724100639396554634740065125231037540156645812534695492800782772960278175928680124357955547501035288176450861/139788151555099854846287492325559180552099519353093245272893874281466899996157960497006600834552843662097642865302789850411627725506764039509567670
6 5 2 13/35
6 5 19 3540608228452553899331296624661949773158902104260604516837118014929285057053805416498747884831108954416267473975178157713691204716971525156671843/19969735936442836406612498903651311507442788479013320753270553468780985713736851499572371547793263380299663266471827121487375389358109148501366810
6 5 22 789495492352585980293210081561123060282507185421979514718959094040504595736302023162306704576120257365650949427787930257696716308170920733428707/3993947187288567281322499780730262301488557695802664150654110693756197142747370299914474309558652676059932653294365424297475077871621829700273362
6 5 27 11812069445529546557537982096604283636740305297924091598763881540653388987678836057879516344306748482811276087463361533534827319150241823782916311/69894075777549927423143746162779590276049759676546622636446937140733449998078980248503300417276421831048821432651394925205813862753382019754783835
6 5 28 1396703566110610351586356993728396506308698370564071769819842532035173074956123988730547354978821489204806494764362296020323604713875683179404567/27957630311019970969257498465111836110419903870618649054578774856293379999231592099401320166910568732419528573060557970082325545101352807901913534
6 6 14 789495492352585980293210081561123060282507185421979514718959094040504595736302023162306704576120257365650949427787930257696716308170920733428707/3993947187288567281322499780730262301488557695802664150654110693756197142747370299914474309558652676059932653294365424297475077871621829700273362
6 6 17 13/35
6 6 24 17725119144420046791756782974396407555374101544032548340683520433356840445147468935973232478154193592303431412338607335764614104685448675819653159/139788151555099854846287492325559180552099519353093245272893874281466899996157960497006600834552843662097642865302789850411627725506764039509567670
6 6 25 4250937674358792408707585934703005596748641627385677995854334653786183584452410685146446767197195627321730373016485443976045253770424935191635606/13978815155509985484628749232555918055209951935309324527289387428146689999615796049700660083455284366209764286530278985041162772550676403950956767
7 0 15 3907792930828145479887745432695396507223595282703227945193705888038410324967150090109534952623578943721202945028650801995670296849866629662653881/12708013777736350440571590211414470959281774486644840479353988571042445454196178227000600075868440332917967533209344531855602520500614912682687970
7 0 30 10056295649599276199565029124254622343933274213272601840438469666726688189513447031725362512222114858452336127196577467072492626022012053644643692/69894075777549927423143746162779590276049759676546622636446937140733449998078980248503300417276421831048821432651394925205813862753382019754783835
7 0 31 4428666595947097392210841177120854799566436653848742988639863630133991914749369785284471686004295974442674134547010518523366064552669623451693332/13978815155509985484628749232555918055209951935309324527289387428146689999615796049700660083455284366209764286530278985041162772550676403950956767
7 0 33 6480634411464145649256764509238405257821811255665020861697506775650218178999743517901254894241257163966599374024874181816121712517502154282830855/27957630311019970969257498465111836110419903870618649054578774856293379999231592099401320166910568732419528573060557970082325545101352807901913534
7 1 5 3/14
7 1 7 15334200841244763936150870772140548853216250513688004984911465845015595518784880558290091880637357413675620900764397003513682172064813652707193427/139788151555099854846287492325559180552099519353093245272893874281466899996157960497006600834552843662097642865302789850411627725506764039509567670
7 1 10 29231016099639236035584825368148018954434275169537166178993387028233009715157807612672014142031696060134322812755529893971778745349231274271689749/139788151555099854846287492325559180552099519353093245272893874281466899996157960497006600834552843662097642865302789850411627725506764039509567670
7 1 12 5287695218845233048536771446410744370744565540542189255468337866367663717754419296029646108488621808636709958698976999904172624638270464880573562/69894075777549927423143746162779590276049759676546622636446937140733449998078980248503300417276421831048821432651394925205813862753382019754783835
7 1 13 5853609016375766944397152588661397581168065880264103535507875351944487590731252746710880397178641559815775969681004724467192604715240766864147232/69894075777549927423143746162779590276049759676546622636446937140733449998078980248503300417276421831048821432651394925205813862753382019754783835
7 1 19 3907792930828145479887745432695396507223595282703227945193705888038410324967150090109534952623578943721202945028650801995670296849866629662653881/12708013777736350440571590211414470959281774486644840479353988571042445454196178227000600075868440332917967533209344531855602520500614912682687970
7 2 25 23207685887383703792352095228170439955013488466025145804159398979027699773320021394679959940456105683655014333879773017035828983016971349009062956/69894075777549927423143746162779590276049759676546622636446937140733449998078980248503300417276421831048821432651394925205813862753382019754783835
7 2 26 20429823353457252996356258276203000488848583102986703604249694821174847159922098507257640203693828533818277325182020761756969784976137051746066317/69894075777549927423143746162779590276049759676546622636446937140733449998078980248503300417276421831048821432651394925205813862753382019754783835
7 2 29 1064352907648216831297889342566165957181305196781430860960080828357740199573172468257601510434625811441643661144720424418998660253623231750596296/69894075777549927423143746162779590276049759676546622636446937140733449998078980248503300417276421831048821432651394925205813862753382019754783835
7 2 32 25192213629060753803137503315839983875006382910753342367077762512173162865263687878308098762691861802133886112444880721994016434506650387249058266/69894075777549927423143746162779590276049759676546622636446937140733449998078980248503300417276421831048821432651394925205813862753382019754783835
7 3 1 3/7
7 3 11 30678191709689273184252671342805915567894090267502796080818273378109947426052746886045100501348094080764666986659951470490347422725096171232410681/139788151555099854846287492325559180552099519353093245272893874281466899996157960497006600834552843662097642865302789850411627725506764039509567670
7 3 18 11635790351373675892535525504893828572124251786762265607212557771552779848817484211482584056031799951329047445401345542605580278087524054334334177/69894075777549927423143746162779590276049759676546622636446937140733449998078980248503300417276421831048821432651394925205813862753382019754783835
7 3 19 4623114784896987781967602855096973480164720235397768124074959405043972662117094211991763977684986403624007603237949104111146513586838989272017021/139788151555099854846287492325559180552099519353093245272893874281466899996157960497006600834552843662097642865302789850411627725506764039509567670
7 3 21 10056295649599276199565029124254622343933274213272601840438469666726688189513447031725362512222114858452336127196577467072492626022012053644643692/69894075777549927423143746162779590276049759676546622636446937140733449998078980248503300417276421831048821432651394925205813862753382019754783835
7 3 22 119346524923918047602861215840545514959729141308298391288692621541108669011570241383672857563214341724721133079356189199186181290142921754308380/13978815155509985484628749232555918055209951935309324527289387428146689999615796049700660083455284366209764286530278985041162772550676403950956767
7 4 3 44575006968083745283686625938813385669112114923351957274900194561327361622425673940427022762742432727223368898651084360948443996009513792796907003/139788151555099854846287492325559180552099519353093245272893874281466899996157960497006600834552843662097642865302789850411627725506764039509567670
7 4 13 5287695218845233048536771446410744370744565540542189255468337866367663717754419296029646108488621808636709958698976999904172624638270464880573562/69894075777549927423143746162779590276049759676546622636446937140733449998078980248503300417276421831048821432651394925205813862753382019754783835
7 4 18 18318813553290578717383222850583138689039930931757715522693272431618698721787793037875973265658095119120447454306395139625482805949639668417716038/69894075777549927423143746162779590276049759676546622636446937140733449998078980248503300417276421831048821432651394925205813862753382019754783835
7 4 27 6746918017280550817566653127306527306150694252494835325746431224143778797285255854678597381233789386794480565827967665195234101020192373742987259/69894075777549927423143746162779590276049759676546622636446937140733449998078980248503300417276421831048821432651394925205813862753382019754783835
7 4 28 4762390275603500806781245039636983386157799807766638762828067690998315705341589371050458558998033268315608787262859960237046649530513335502991949/69894075777549927423143746162779590276049759676546622636446937140733449998078980248503300417276421831048821432651394925205813862753382019754783835
7 4 29 24981510456976382782065081458871007378801423364618530264521461293882624489394171437310227443053331769139780434459305959539311367220018561624123051/139788151555099854846287492325559180552099519353093245272893874281466899996157960497006600834552843662097642865302789850411627725506764039509567670
7 5 0 3/14
7 5 8 13525604450598021568448052873994080938506985757171499083461279118491663544365185910588384707534009893360299012628781957955525230045382026126755859/69894075777549927423143746162779590276049759676546622636446937140733449998078980248503300417276421831048821432651394925205813862753382019754783835
7 5 12 24666908685819021561381976909066222890419617177977791874437492336803814852850857953328911213201273261812784941008763682326890459398893257871476653/69894075777549927423143746162779590276049759676546622636446937140733449998078980248503300417276421831048821432651394925205813862753382019754783835
7 5 15 1538498688201718994642936086482233903897165211573132260243717785265494869688354864319293651320038341815068854918211140228159354793254047201355249/12708013777736350440571590211414470959281774486644840479353988571042445454196178227000600075868440332917967533209344531855602520500614912682687970
7 5 21 8262517903691302517818193726328516345106656718485113682254802764892010532274346006150610753435980260668111327109817672552990179927627614773072346/69894075777549927423143746162779590276049759676546622636446937140733449998078980248503300417276421831048821432651394925205813862753382019754783835
7 6 0 3/14
7 6 8 3504759613377540429358104038165044758419628681801791821595527264868806906739060423850050669534882588100554174678704089007478707183749948108679057/27957630311019970969257498465111836110419903870618649054578774856293379999231592099401320166910568732419528573060557970082325545101352807901913534
7 6 10 697454130383841329459172753212062123394447261537035958904854887867925086693993923988864028214124393958593003904343384862575693211831023569328057/6354006888868175220285795105707235479640887243322420239676994285521222727098089113500300037934220166458983766604672265927801260250307456341343985
7 6 19 878597913237280082793192435443399961621721220850477624186138302348319350318200663965747584773959668310124985775883817028471884938496823567349337/9984867968221418203306249451825655753721394239506660376635276734390492856868425749786185773896631690149831633235913560743687694679054574250683405
7 6 23 697454130383841329459172753212062123394447261537035958904854887867925086693993923988864028214124393958593003904343384862575693211831023569328057/6354006888868175220285795105707235479640887243322420239676994285521222727098089113500300037934220166458983766604672265927801260250307456341343985
7 6 24 19898308255064978410353719231222344917230908505247379289467360536444790381091830217633194809467780211997158772511163215158570458015151669107406523/69894075777549927423143746162779590276049759676546622636446937140733449998078980248503300417276421831048821432651394925205813862753382019754783835
7 6 28 4762390275603500806781245039636983386157799807766638762828067690998315705341589371050458558998033268315608787262859960237046649530513335502991949/69894075777549927423143746162779590276049759676546622636446937140733449998078980248503300417276421831048821432651394925205813862753382019754783835
7 7 2 3/7
7 7 3 15334200841244763936150870772140548853216250513688004984911465845015595518784880558290091880637357413675620900764397003513682172064813652707193427/139788151555099854846287492325559180552099519353093245272893874281466899996157960497006600834552843662097642865302789850411627725506764039509567670
7 7 16 289384525590155843972309715196679011737990426514449163401979564112003930090536936175078610536812035544220413724155369464191304658532759266096644/907715269838310745755113586529605068520126749046060034239570612217317532442584159071471433990602880922711966657810323703971608607186779477334855
7 7 22 17455000668611183527074835996285228514486491925043779177463229922650500345402171797136675558746470081786875956771180089108152229686779901853567533/139788151555099854846287492325559180552099519353093245272893874281466899996157960497006600834552843662097642865302789850411627725506764039509567670
7 7 26 1262262647515699095744296352945450427208942897048163843401332617104620878408832735950306364560086275963106247415902247921103119133399056232911552/69894075777549927423143746162779590276049759676546622636446937140733449998078980248503300417276421831048821432651394925205813862753382019754783835
8 0 3 2721578873617478394365678091790641393499427172815467698631308402129119364215501573827601325257306618557235450786156071043644569456270104324355912/9984867968221418203306249451825655753721394239506660376635276734390492856868425749786185773896631690149831633235913560743687694679054574250683405
8 0 6 16894472570274756771342751384037870958901029052515703465467837428901938735217821682437059509226727754638745724146196321371763714650705737031968874/69894075777549927423143746162779590276049759676546622636446937140733449998078980248503300417276421831048821432651394925205813862753382019754783835
8 0 24 17/35
8 1 8 736191969593784568055382915410271613292787282061237525277506366618343773012383393303613062796261925049885669579232796838717636304161902453011861/139788151555099854846287492325559180552099519353093245272893874281466899996157960497006600834552843662097642865302789850411627725506764039509567670
8 1 10 5011198346436797770788012126596167621425306913364899444645370122875616664829304344900578310116356482736810120122348651862441734404246714929923561/13978815155509985484628749232555918055209951935309324527289387428146689999615796049700660083455284366209764286530278985041162772550676403950956767
8 1 18 27003709632910047138003025081467355244041594820411182845251850240147951981659727145487481126378803253898409092858120801668333715781527745984969909/139788151555099854846287492325559180552099519353093245272893874281466899996157960497006600834552843662097642865302789850411627725506764039509567670
8 1 19 8148062599732822776361074890439802276742271872037878128740183834659929650687274488898005474450052619728809530030105179865493381517989465582755529/139788151555099854846287492325559180552099519353093245272893874281466899996157960497006600834552843662097642865302789850411627725506764039509567670
8 1 26 1812122291196897851019027325295028870940468476444866913917473780253332368409714533760881360436464791919717673157590395962268971347887664146748902/13978815155509985484628749232555918055209951935309324527289387428146689999615796049700660083455284366209764286530278985041162772550676403950956767
8 1 27 2545528609795559075888225400262985791464935104116159083517224294177940324653089549140756467975126383152122933764952175185563294179998352376918697/69894075777549927423143746162779590276049759676546622636446937140733449998078980248503300417276421831048821432651394925205813862753382019754783835
8 1 31 30575923756935125994021164118803814911435241272252965020961446220395303609102207584421391529449260350551014772506036243420849346021744429968268347/139788151555099854846287492325559180552099519353093245272893874281466899996157960497006600834552843662097642865302789850411627725506764039509567670
8 2 2 4583915111793664666781727618512175088773570001872171443627161832722335300117429468505166738576379193924183577827278995057294501185486851424883514/9984867968221418203306249451825655753721394239506660376635276734390492856868425749786185773896631690149831633235913560743687694679054574250683405
8 2 3 6004939616861640093380313990446348352630544357116223332807691799474247774638010707709682273780636083783402445108650762006696685827342844379126421/69894075777549927423143746162779590276049759676546622636446937140733449998078980248503300417276421831048821432651394925205813862753382019754783835
8 2 25 377551168400586799103963409878084996819537368251001255519967064972472408799059396097650160425084862778147703927778963167222060588130333329075413/69894075777549927423143746162779590276049759676546622636446937140733449998078980248503300417276421831048821432651394925205813862753382019754783835
8 2 31 37321178426970517788461332153610644213870239556392325540158435573460047817603087514124671733047835142467840333498175969636226977795826674936378807/139788151555099854846287492325559180552099519353093245272893874281466899996157960497006600834552843662097642865302789850411627725506764039509567670
8 2 32 3646739998927653991130488387447031199499876617108010049328550760142959658576674316599275699003465415938304592021406928517920034040453584172630857/19969735936442836406612498903651311507442788479013320753270553468780985713736851499572371547793263380299663266471827121487375389358109148501366810
8 3 8 8892559359768833037301187503226391455526205847498148057333090282549592389206125824770140080666765332825376952390362847216329489887551977802705772/69894075777549927423143746162779590276049759676546622636446937140733449998078980248503300417276421831048821432651394925205813862753382019754783835
8 3 12 2214497891259304402402612029004886162632967267755699262729672463024987859399185374052663025171679534693763363040438142343302535928307096772717816/69894075777549927423143746162779590276049759676546622636446937140733449998078980248503300417276421831048821432651394925205813862753382019754783835
8 3 13 2301903043340531026376697270157660700173326927303557450665801116359104183782976598421192217649630127868268254644642903159922671981732094170767309/69894075777549927423143746162779590276049759676546622636446937140733449998078980248503300417276421831048821432651394925205813862753382019754783835
8 3 16 16372664975631386934059198150253650802260807068098114793563923859523734897179146732080288330834119809695818241557993115761624613259026946668460858/69894075777549927423143746162779590276049759676546622636446937140733449998078980248503300417276421831048821432651394925205813862753382019754783835
8 3 17 17488480964240208333207964744800804222851573686676672299059888384069824491789709592824214107936477343639104419839908229950293412596333608385813226/69894075777549927423143746162779590276049759676546622636446937140733449998078980248503300417276421831048821432651394925205813862753382019754783835
8 3 26 19720759094125749441678754218543175468710621438672791200889266749411694743406952036514675417011241453084848258206250873923242039917685502700221709/139788151555099854846287492325559180552099519353093245272893874281466899996157960497006600834552843662097642865302789850411627725506764039509567670
8 3 27 3646739998927653991130488387447031199499876617108010049328550760142959658576674316599275699003465415938304592021406928517920034040453584172630857/19969735936442836406612498903651311507442788479013320753270553468780985713736851499572371547793263380299663266471827121487375389358109148501366810
8 4 4 3576967120501399410378607601582965977897135032323903324625136405385449855568995275408686472352575225473919193134559555028778906782208084024033159/139788151555099854846287492325559180552099519353093245272893874281466899996157960497006600834552843662097642865302789850411627725506764039509567670
8 4 9 31646648048612290864864550866049568862479413487019087829894139780568571529569670950851839413598917618641159298357463203368615489927053458281556268/69894075777549927423143746162779590276049759676546622636446937140733449998078980248503300417276421831048821432651394925205813862753382019754783835
8 4 12 3054796614596180786161070543159183612043721283784194607266043184208967326478104843754310216552959561789068211359894017521398175333605302322619082/13978815155509985484628749232555918055209951935309324527289387428146689999615796049700660083455284366209764286530278985041162772550676403950956767
8 4 30 8473984438282413168913815512057048145761268901777844043164005294570926763333714976470226673894567516290144592370872742686327217106879203139246231/27957630311019970969257498465111836110419903870618649054578774856293379999231592099401320166910568732419528573060557970082325545101352807901913534
8 5 0 27943611475091181797860934145760881210022196057206421947752249097453427938714636841563349357467911662726025107893455344521841476081442708073197156/69894075777549927423143746162779590276049759676546622636446937140733449998078980248503300417276421831048821432651394925205813862753382019754783835
8 5 4 13211227117539912469063819241912900416215070010089729610407248214291579044753387642276586370473777509669620298886066111470400039867918266567709/12708013777736350440571590211414470959281774486644840479353988571042445454196178227000600075868440332917967533209344531855602520500614912682687970
8 5 12 16460070127712613558033283391406425339801166727645972981500052512857851221562937956448817523312070402870323133162197876578244749312451944066510351/69894075777549927423143746162779590276049759676546622636446937140733449998078980248503300417276421831048821432651394925205813862753382019754783835
8 5 18 154832462474066868769514319857515841915338734038718249925887918739958092083491003266228684214244087405480227098914771883965686251643348545467726/1996973593644283640661249890365131150744278847901332075327055346878098571373685149957237154779326338029966326647182712148737538935810914850136681
8 5 20 24772077655692404339705491892373048402860061583254067834259921191055772792438601423999629572174088186011836736294290573290996117106914422550265173/139788151555099854846287492325559180552099519353093245272893874281466899996157960497006600834552843662097642865302789850411627725506764039509567670
8 5 22 7612557411161119971883930478582184105470327523656561529801357913817147533913775992140793577873246836951563963342706037908343359779239406782450932/69894075777549927423143746162779590276049759676546622636446937140733449998078980248503300417276421831048821432651394925205813862753382019754783835
8 6 0 6004939616861640093380313990446348352630544357116223332807691799474247774638010707709682273780636083783402445108650762006696685827342844379126421/69894075777549927423143746162779590276049759676546622636446937140733449998078980248503300417276421831048821432651394925205813862753382019754783835
8 6 1 17/35
8 6 8 4579882437427279372944613074896843862306314681926385359655105845675237301971166478029348356601472767684429633850969416675692080095609716282219059/13978815155509985484628749232555918055209951935309324527289387428146689999615796049700660083455284366209764286530278985041162772550676403950956767
8 6 15 3204638295333036004530389166008168304403888423599439484676404692873545363522999740265340922326863524498044585421578873595496482879210102318652594/69894075777549927423143746162779590276049759676546622636446937140733449998078980248503300417276421831048821432651394925205813862753382019754783835
8 6 21 3177424900728555640626565729888442231892059752393107338968190124386189597839579669983919352561273496489877028207585401286688942960783189251852051/139788151555099854846287492325559180552099519353093245272893874281466899996157960497006600834552843662097642865302789850411627725506764039509567670
8 6 22 899128854360701899582178652275761451553993278271933628257310184355479935115880010446617652252949555836344066304167759621311064071841337827063969/27957630311019970969257498465111836110419903870618649054578774856293379999231592099401320166910568732419528573060557970082325545101352807901913534
8 7 2 1861145309397169223769154806622003941237750401217445175169808067871328612530641269736864461213893389040142508211153141127476653610377592478138979/69894075777549927423143746162779590276049759676546622636446937140733449998078980248503300417276421831048821432651394925205813862753382019754783835
8 7 3 8892559359768833037301187503226391455526205847498148057333090282549592389206125824770140080666765332825376952390362847216329489887551977802705772/69894075777549927423143746162779590276049759676546622636446937140733449998078980248503300417276421831048821432651394925205813862753382019754783835
8 7 21 11662080138502203226559030442101936056921128845810660850559776456744414220363943189606292413056418989506577781390693812915878883019673542203097983/27957630311019970969257498465111836110419903870618649054578774856293379999231592099401320166910568732419528573060557970082325545101352807901913534
8 7 22 9635268617955978868160748410774256731318971877994499872046123008888731336659668612406277569097170807986801369559592267826766856779977120440885089/27957630311019970969257498465111836110419903870618649054578774856293379999231592099401320166910568732419528573060557970082325545101352807901913534
8 7 25 5896999217238469925273956720740712908685551618318127597429290126229665103783183648964870920011788615449854094674163735005393369756325792863981404/69894075777549927423143746162779590276049759676546622636446937140733449998078980248503300417276421831048821432651394925205813862753382019754783835
8 8 6 11049138904816425026518182761723010251121167004690718482284411668551489203496815159126289848241183908087279383747259023150077761430736971041228282/69894075777549927423143746162779590276049759676546622636446937140733449998078980248503300417276421831048821432651394925205813862753382019754783835
8 8 15 28529414905360481484308246941194175095615884722967506533153863741029142490430462434955027683750004687317619604540089090589739143101268353360953167/69894075777549927423143746162779590276049759676546622636446937140733449998078980248503300417276421831048821432651394925205813862753382019754783835
8 8 18 858717719366026166588956251454885569919719275014966577744453635483152371405748506412073549746320174878195146177773067986032702012028827449626755/3993947187288567281322499780730262301488557695802664150654110693756197142747370299914474309558652676059932653294365424297475077871621829700273362
8 8 25 30575923756935125994021164118803814911435241272252965020961446220395303609102207584421391529449260350551014772506036243420849346021744429968268347/139788151555099854846287492325559180552099519353093245272893874281466899996157960497006600834552843662097642865302789850411627725506764039509567670
9 0 13 42580265278818655199608378450062957253151448664668501066775818853562663487035449760520932502547169507694632046552126963940785564263910631329093313/139788151555099854846287492325559180552099519353093245272893874281466899996157960497006600834552843662097642865302789850411627725506764039509567670
9 0 18 33892301164664208688556881233776178560900651892917145745259026969621119973587692491587975372751050192573368703503749749514484078519562019193648007/69894075777549927423143746162779590276049759676546622636446937140733449998078980248503300417276421831048821432651394925205813862753382019754783835
9 0 19 29423283946952782269565351407943866177146766902590452715600001488661996561947125753309717586503573769256273411743163387441874004203729369793178343/139788151555099854846287492325559180552099519353093245272893874281466899996157960497006600834552843662097642865302789850411627725506764039509567670
9 1 3 21468963082759254942722549199228090137144168326956197111923339930481094022864819429077763812456188427504130649617513847449079748217845403556538859/69894075777549927423143746162779590276049759676546622636446937140733449998078980248503300417276421831048821432651394925205813862753382019754783835
9 1 17 4050197114577180484006866683161313303240646217208163685955024621062752882512325357599530568056150229995991502792721781311529161260845362958948932/69894075777549927423143746162779590276049759676546622636446937140733449998078980248503300417276421831048821432651394925205813862753382019754783835
9 1 19 1286483460194420564770116472690538994304729404451390481470904199701146047320363522527700019191376550195867814788937553123838342698856774217339821/13978815155509985484628749232555918055209951935309324527289387428146689999615796049700660083455284366209764286530278985041162772550676403950956767
9 1 28 19/35
9 2 6 34094623698739448454229790885866712297188090502942086028287158520937436250289147138251226105942325798058396244753499811830120550861776378751979446/69894075777549927423143746162779590276049759676546622636446937140733449998078980248503300417276421831048821432651394925205813862753382019754783835
9 2 10 8337932795694765127910883072048048197274185480335618957362969876878531595916081397972091879924833133780488528642054783299180251959414852612613055/27957630311019970969257498465111836110419903870618649054578774856293379999231592099401320166910568732419528573060557970082325545101352807901913534
9 2 32 29909240179147132298273495193585514971352410945530978429504707855199369515999259230643689223044026397078407732585516310255485363986137018942543503/139788151555099854846287492325559180552099519353093245272893874281466899996157960497006600834552843662097642865302789850411627725506764039509567670
9 3 1 17294465006764222599622978839539123691305461747798955327534510784142631284728023758451502202038380840398242268117262013584239247097586939814669263/139788151555099854846287492325559180552099519353093245272893874281466899996157960497006600834552843662097642865302789850411627725506764039509567670
9 3 2 63036861460817865819732963207963022569696819395223780701820849628187192777859081441574960780605205298254822574149318086576717770359897610176255897/139788151555099854846287492325559180552099519353093245272893874281466899996157960497006600834552843662097642865302789850411627725506764039509567670
9 3 11 374388624137885717590707459197652797460152530869552039690292564793178952280328094285183536390825859739967686645644355507297441260597229989154437/13978815155509985484628749232555918055209951935309324527289387428146689999615796049700660083455284366209764286530278985041162772550676403950956767
9 3 16 3162131175234988020501605918360941625239908982756324307510519990481898006095607922602526076019654950161948259479929109051692958998400039032493321/139788151555099854846287492325559180552099519353093245272893874281466899996157960497006600834552843662097642865302789850411627725506764039509567670
9 3 30 52550807670903921230522869767719564691255803918618664539125068230723388404671966431525776411981343975882952897099837086126003336444907150594604819/139788151555099854846287492325559180552099519353093245272893874281466899996157960497006600834552843662097642865302789850411627725506764039509567670
9 4 2 3847874580501940718333957031070779566953207607183223402926893069746436605810870710936279834864874624510963961542971718995892688918631003400617493/69894075777549927423143746162779590276049759676546622636446937140733449998078980248503300417276421831048821432651394925205813862753382019754783835
9 4 4 1895812705693767296915989268293548198572231427970177444066074601187361777525880227620068231869257068632888331876507839655260141556111701761772217/69894075777549927423143746162779590276049759676546622636446937140733449998078980248503300417276421831048821432651394925205813862753382019754783835
9 4 21 23657737764475789054825099460068763322658296952268219524599629248159309162954809369480357755806931331564268342494030077904446892544379680576560037/69894075777549927423143746162779590276049759676546622636446937140733449998078980248503300417276421831048821432651394925205813862753382019754783835
9 4 27 57651112566178003591532774740537579338705255076618050206405645492636327596046770614083953719837660743425634077982664601774405136352611654321079117/139788151555099854846287492325559180552099519353093245272893874281466899996157960497006600834552843662097642865302789850411627725506764039509567670
9 4 30 23334188887578857114604626066155419037026792301631954323303034950644357307528069266849235469633056869255767515493105975526023143115907613710589059/139788151555099854846287492325559180552099519353093245272893874281466899996157960497006600834552843662097642865302789850411627725506764039509567670
9 5 3 1952061874808173421417967762777231368380976179213045958860818468559074828284990483316211602995617555878075629666463879340632547362519301638845276/69894075777549927423143746162779590276049759676546622636446937140733449998078980248503300417276421831048821432651394925205813862753382019754783835
9 5 11 36070555158551960584610210620949227876840535455777549232762588766717978094698377377761588258853071123869521773068249753289526033477421232206824754/69894075777549927423143746162779590276049759676546622636446937140733449998078980248503300417276421831048821432651394925205813862753382019754783835
9 5 12 2233435260519644143934564041434215937636733385597360965269849046308688490592901608198670689106510616376983758789503147129701776684842688738822614/13978815155509985484628749232555918055209951935309324527289387428146689999615796049700660083455284366209764286530278985041162772550676403950956767
9 5 15 5486909024416171493763060681549658351220267968374254106170014821306759286654270947839263096306476757535394939228928039967108353804169235561938733/69894075777549927423143746162779590276049759676546622636446937140733449998078980248503300417276421831048821432651394925205813862753382019754783835
9 5 19 2173910488167914457668526698618913284489187592170709787472038550372313619353833342656126287655529044554415756677176788137148292097865543807580286/9984867968221418203306249451825655753721394239506660376635276734390492856868425749786185773896631690149831633235913560743687694679054574250683405
9 6 1 11718106310343711149100903398867172007395426894490332706978718479445022885494402387984701935915204000948095628895136209613557446492645564898104923/27957630311019970969257498465111836110419903870618649054578774856293379999231592099401320166910568732419528573060557970082325545101352807901913534
9 6 15 14284760514765600117738648456868728541483001157857089906614422342524563693145208479707148185000269091005091863802441452921566347236027701576036902/69894075777549927423143746162779590276049759676546622636446937140733449998078980248503300417276421831048821432651394925205813862753382019754783835
9 6 16 581755066143869155405468673615586349361616325939196089392405657449891516707673020249309287888603647237728606976514446021281453607572260859051049/139788151555099854846287492325559180552099519353093245272893874281466899996157960497006600834552843662097642865302789850411627725506764039509567670
9 6 20 33812459915401454956305488650532872693217425095355637179356573853011348549534593493128427335310941726396166051635432990601805001755705441023803441/139788151555099854846287492325559180552099519353093245272893874281466899996157960497006600834552843662097642865302789850411627725506764039509567670
9 6 25 18233883992304774753594721093337404389577341143632568656022457688731418116153265084291058161776740101713086334610278459877621343208203109984114761/139788151555099854846287492325559180552099519353093245272893874281466899996157960497006600834552843662097642865302789850411627725506764039509567670
9 7 3 2074496188810565829774747279276024336945164800565152337204270455949100572135743990970504360765056348455307703858927686290900134885720382422458972/9984867968221418203306249451825655753721394239506660376635276734390492856868425749786185773896631690149831633235913560743687694679054574250683405
9 7 7 17294465006764222599622978839539123691305461747798955327534510784142631284728023758451502202038380840398242268117262013584239247097586939814669263/139788151555099854846287492325559180552099519353093245272893874281466899996157960497006600834552843662097642865302789850411627725506764039509567670
9 7 17 22725124862065987968884061026605098872716984964930340918909781738077677520623184450594621927218497110688449909556234013865975195095348575499534937/69894075777549927423143746162779590276049759676546622636446937140733449998078980248503300417276421831048821432651394925205813862753382019754783835
9 7 20 18233883992304774753594721093337404389577341143632568656022457688731418116153265084291058161776740101713086334610278459877621343208203109984114761/139788151555099854846287492325559180552099519353093245272893874281466899996157960497006600834552843662097642865302789850411627725506764039509567670
9 7 25 1286483460194420564770116472690538994304729404451390481470904199701146047320363522527700019191376550195867814788937553123838342698856774217339821/27957630311019970969257498465111836110419903870618649054578774856293379999231592099401320166910568732419528573060557970082325545101352807901913534
9 7 26 23334188887578857114604626066155419037026792301631954323303034950644357307528069266849235469633056869255767515493105975526023143115907613710589059/139788151555099854846287492325559180552099519353093245272893874281466899996157960497006600834552843662097642865302789850411627725506764039509567670
9 8 2 1030477187332206217745323712754080404935872322132078270950693482737535944543842566985498286255889259572393983071536307416704666272731029465540599/27957630311019970969257498465111836110419903870618649054578774856293379999231592099401320166910568732419528573060557970082325545101352807901913534
9 8 4 11860979974812511266227440059292583365544334962598914422914763333888202826690612626527845590925129012466440181487637673859107452915313613853902463/139788151555099854846287492325559180552099519353093245272893874281466899996157960497006600834552843662097642865302789850411627725506764039509567670
9 8 5 12848135097664912525394532625911961158585776825026838160607253553180552934340954256800051101009195546883897838443624975075308709200917154128937981/139788151555099854846287492325559180552099519353093245272893874281466899996157960497006600834552843662097642865302789850411627725506764039509567670
9 8 14 10969329062067939713919488480471866412475121832751228627598133349858664980933746199414334863133552281468160255603847498598962563971451104919796049/27957630311019970969257498465111836110419903870618649054578774856293379999231592099401320166910568732419528573060557970082325545101352807901913534
9 8 15 18170828740059617561062038778519104971438028983893965418429614426852549876300538421641094659500454574028873403265102037937338538740210445014621304/69894075777549927423143746162779590276049759676546622636446937140733449998078980248503300417276421831048821432651394925205813862753382019754783835
9 8 26 121677582827938092689723254007705792195054407943266411427068145309818440617775148950632136861496118503160953541976649970936352822657153958251957/907715269838310745755113586529605068520126749046060034239570612217317532442584159071471433990602880922711966657810323703971608607186779477334855
9 9 0 19/35
9 9 13 10228298090999605310062292378950032658272685365277639817522515387312264645411815840527014139029017895280095263798595561317966103047993489423581292/69894075777549927423143746162779590276049759676546622636446937140733449998078980248503300417276421831048821432651394925205813862753382019754783835
9 9 23 3954333907836354322300341827683677378540653825246268802556887432766264595959895885509282256261349169708097360606273898577734940208039387427595127/13978815155509985484628749232555918055209951935309324527289387428146689999615796049700660083455284366209764286530278985041162772550676403950956767
9 9 25 1951609868127161329015996728473678860932507074912329374925932998905989516767667131242369056133457664658879159524958340173159818884784211040629969/69894075777549927423143746162779590276049759676546622636446937140733449998078980248503300417276421831048821432651394925205813862753382019754783835
10 0 9 1900903175709879917806818685319529692672031026237082935353609849965254195123587865921185636417962025659369865402099198316088471252549907000232526/13978815155509985484628749232555918055209951935309324527289387428146689999615796049700660083455284366209764286530278985041162772550676403950956767
10 0 31 13021603972047306561480585981703745931456422329773561413321254857757858549704061005793081153381246667727382317777184418729402208635405233928377261/69894075777549927423143746162779590276049759676546622636446937140733449998078980248503300417276421831048821432651394925205813862753382019754783835
10 0 32 493773678220296801703892641528221974145756946332697542226315522609931861264508342182028257403591994217754266206625232706589180018472548997488513/6354006888868175220285795105707235479640887243322420239676994285521222727098089113500300037934220166458983766604672265927801260250307456341343985
10 0 33 3/5
10 1 0 11748846136351089184854465545237936404724499764128052644306771179207137617047543928910826260270845779032922930161019125862037457921153894266095601/69894075777549927423143746162779590276049759676546622636446937140733449998078980248503300417276421831048821432651394925205813862753382019754783835
10 1 1 7935893995462525960457780309939628290782266291269439035897507629075089252869768608609304884612356007502916185907355874396602838816289788308119241/139788151555099854846287492325559180552099519353093245272893874281466899996157960497006600834552843662097642865302789850411627725506764039509567670
10 1 2 15561798277239652409251150780536244518666733236986666252716034729339185981225319249212347635929335550562929674414682377327472077026018000224071961/139788151555099854846287492325559180552099519353093245272893874281466899996157960497006600834552843662097642865302789850411627725506764039509567670
10 1 4 26764291581815101912350213822445293206218706182744631353361632798934726446487406620753793387696469661096931603660693425317311211108541194370551923/69894075777549927423143746162779590276049759676546622636446937140733449998078980248503300417276421831048821432651394925205813862753382019754783835
10 1 10 1027321166182667805467317263816337800555136403883688837732466510422293798259204191340487250899900106627117565019222068275858553957837287529373269/6354006888868175220285795105707235479640887243322420239676994285521222727098089113500300037934220166458983766604672265927801260250307456341343985
10 1 24 8331559095023301280944111347878708454275553522825308779414630368739216536645239665182494749139359438987750753457220497129983642266322874028934751/69894075777549927423143746162779590276049759676546622636446937140733449998078980248503300417276421831048821432651394925205813862753382019754783835
10 2 0 6037519866035773453806356430485963552181071208359984187512278221046586476359968844038230798019001463919273985885963565852290171946175063517354940/13978815155509985484628749232555918055209951935309324527289387428146689999615796049700660083455284366209764286530278985041162772550676403950956767
10 2 1 10579761432054051289043419407586433408036526725607862227186743922476736312703900723730309316667728198984688038002322354944891450803676043772519736/69894075777549927423143746162779590276049759676546622636446937140733449998078980248503300417276421831048821432651394925205813862753382019754783835
10 2 10 11059982865402444681214652617710217660110127213238932832046717335708827621053889177258795511546039545611800182658733550903184716734585073745548443/139788151555099854846287492325559180552099519353093245272893874281466899996157960497006600834552843662097642865302789850411627725506764039509567670
10 2 19 41077464584333318782125203933356962187060739705282950609277431712631843529032562430739895275847410096342879759053170184098268871933794223115825657/139788151555099854846287492325559180552099519353093245272893874281466899996157960497006600834552843662097642865302789850411627725506764039509567670
10 2 28 3057991290449127133398616327229749183522443449877897751036727588853445728532009500582491716816961491490423494363302873498744757884641009964802349/69894075777549927423143746162779590276049759676546622636446937140733449998078980248503300417276421831048821432651394925205813862753382019754783835
10 3 6 22726508889390802767346447914831360933501802573987928056673510934200486240732281956784197347818937017930420058693016665829574302002570425573036256/69894075777549927423143746162779590276049759676546622636446937140733449998078980248503300417276421831048821432651394925205813862753382019754783835
10 3 8 8559291582243821981785396061640161135528801523930704992921516980837933330320021138181108455384625461062735485214297565475061379081870463971587957/27957630311019970969257498465111836110419903870618649054578774856293379999231592099401320166910568732419528573060557970082325545101352807901913534
10 3 28 51538675865099139402667616187695653007451906585463864194939267508876260863093290892532663861991842320923125321845268691377172226092270868505555373/139788151555099854846287492325559180552099519353093245272893874281466899996157960497006600834552843662097642865302789850411627725506764039509567670
10 4 1 11868940403607597804507532467269650877419596139605416687998582535610677320327784658888675021327990328916400649172986478809572660264690256763047857/139788151555099854846287492325559180552099519353093245272893874281466899996157960497006600834552843662097642865302789850411627725506764039509567670
10 4 14 9828780349607742870989479106568510497199617982031119368542513998644772250818536942649543230031840983986142666886852643310480417857735903256937345/27957630311019970969257498465111836110419903870618649054578774856293379999231592099401320166910568732419528573060557970082325545101352807901913534
10 4 18 7142640332341179696966939512086341895145375233488637615376846556033391377265625298770722562932563933354403753702920160889031734197578338053690463/139788151555099854846287492325559180552099519353093245272893874281466899996157960497006600834552843662097642865302789850411627725506764039509567670
10 4 19 2974802587041428869852879042027128786807850910505043825105442752442258179746516204359543648603658949380880943315861008022601834800820074456524034/13978815155509985484628749232555918055209951935309324527289387428146689999615796049700660083455284366209764286530278985041162772550676403950956767
10 4 26 1275853487833299706695626258767389278962644698891663317534649746189533653065098086522139504737507975847724003403504704227375776940013255853610510/13978815155509985484628749232555918055209951935309324527289387428146689999615796049700660083455284366209764286530278985041162772550676403950956767
10 4 30 5825221664473015444876114361083090927166300395175304540080990042056210343271144583456531113344283045522015132159792574332169024869496525061359437/27957630311019970969257498465111836110419903870618649054578774856293379999231592099401320166910568732419528573060557970082325545101352807901913534
10 5 17 5513606120856596500944096908890756158710976590773536388722944202555427951499484080158699847295507882918180381322295072877987325941648232428280483/27957630311019970969257498465111836110419903870618649054578774856293379999231592099401320166910568732419528573060557970082325545101352807901913534
10 5 23 2383475680642047203482513323016396086978447102421480678793054716572453425230678764046028473191449172123146673509981770170210444858409594115507321/12708013777736350440571590211414470959281774486644840479353988571042445454196178227000600075868440332917967533209344531855602520500614912682687970
10 5 25 11683951273277427302662305479177200806142085419221484763180574874050662663636092328673087903320758443124987276790778123765423592495216145666230298/69894075777549927423143746162779590276049759676546622636446937140733449998078980248503300417276421831048821432651394925205813862753382019754783835
10 5 27 4473856136942821321281053590683617227821253388153307595442457259877960516703634931025758041880560461993010928321425626187037786954684646483223152/9984867968221418203306249451825655753721394239506660376635276734390492856868425749786185773896631690149831633235913560743687694679054574250683405
10 6 4 15172153884714854541536033875222460959411149623183342228506529485505343552359981528348186862669383437532361255930143529806177106543488017482318378/69894075777549927423143746162779590276049759676546622636446937140733449998078980248503300417276421831048821432651394925205813862753382019754783835
10 6 5 18475367365822111278564535283175271041402703106761267769014476435400009784392178397807698704010776546148321862687300580802781552822285778201588899/139788151555099854846287492325559180552099519353093245272893874281466899996157960497006600834552843662097642865302789850411627725506764039509567670
10 6 6 2566133827594531030612333697799889367462965947496345787504280523858383098557923151941417075771875240292050556776059353631407026189878501402356299/13978815155509985484628749232555918055209951935309324527289387428146689999615796049700660083455284366209764286530278985041162772550676403950956767
10 6 8 34728989185021198552825099862492955845261621701700350321023754575656278743602091584956244350572501277327872384747410693694574546015378907421053877/139788151555099854846287492325559180552099519353093245272893874281466899996157960497006600834552843662097642865302789850411627725506764039509567670
10 6 13 2609480095662461085423700208341451655224092560304511660680893066365142934239410364773725747769541321421379305393978729184537883072412691204934921/27957630311019970969257498465111836110419903870618649054578774856293379999231592099401320166910568732419528573060557970082325545101352807901913534
10 6 23 17530748480569220198583951409739879795862773021778926547395313728990378706667444114263484558064339953529324011277304334065157736321274848874050543/139788151555099854846287492325559180552099519353093245272893874281466899996157960497006600834552843662097642865302789850411627725506764039509567670
10 7 13 34321071229887173737150410135882067371835237270605352448027513725294290893028874000956400868977074030116678993865312919586579448512707854434581759/139788151555099854846287492325559180552099519353093245272893874281466899996157960497006600834552843662097642865302789850411627725506764039509567670
10 7 17 56304860328776930403052010850881727537704828657988265220121603556103000240197355897410461264254166782667683812570198545857040005595817261564338187/139788151555099854846287492325559180552099519353093245272893874281466899996157960497006600834552843662097642865302789850411627725506764039509567670
10 7 22 2234646363474352304822048697217972074661793337477255800215670772730436766496896845392715395514618311332421820857603562953091285063556314705029442/6354006888868175220285795105707235479640887243322420239676994285521222727098089113500300037934220166458983766604672265927801260250307456341343985
10 8 1 1941084139717950819501141271247748953753579620150926169685320420082662556499433372542370944091421190480404694777464859542694331877341850255734283/13978815155509985484628749232555918055209951935309324527289387428146689999615796049700660083455284366209764286530278985041162772550676403950956767
10 8 7 3/5
10 8 13 18252209612430216871751792108873091341652005769864018206152172755880067216734425236689465446453462780017505099173233672368853885714643556623242119/69894075777549927423143746162779590276049759676546622636446937140733449998078980248503300417276421831048821432651394925205813862753382019754783835
10 9 3 47151569791712157920434505799626396996519924923653556456646801994587481391061655601530994231466914248726279968762346823029721656670688335936629169/139788151555099854846287492325559180552099519353093245272893874281466899996157960497006600834552843662097642865302789850411627725506764039509567670
10 9 18 1517064643990029600702696080411776224411583155550688630538708780756335197417420518845953422457418552096888051620122510259174829852748098067186891/9984867968221418203306249451825655753721394239506660376635276734390492856868425749786185773896631690149831633235913560743687694679054574250683405
10 9 20 490854927315855485802956361337149796938213861873639800331321538280575783659874331008592492609878954126170904258202605463251732216701275752029781/3993947187288567281322499780730262301488557695802664150654110693756197142747370299914474309558652676059932653294365424297475077871621829700273362
10 9 23 5187942047506942386176053506071991855277755679195147449281490716585095908012351867919363125762417928282919433067980012041742828766038647497934594/69894075777549927423143746162779590276049759676546622636446937140733449998078980248503300417276421831048821432651394925205813862753382019754783835
10 9 25 21920935098229227870279830870611844905212216863881180039272957041650190798566056155246397597905735216516554829342838334228081082890490192157705252/69894075777549927423143746162779590276049759676546622636446937140733449998078980248503300417276421831048821432651394925205813862753382019754783835
10 10 6 1275853487833299706695626258767389278962644698891663317534649746189533653065098086522139504737507975847724003403504704227375776940013255853610510/13978815155509985484628749232555918055209951935309324527289387428146689999615796049700660083455284366209764286530278985041162772550676403950956767
10 10 8 634744383681960444602041522464174680835408229050207187810498508903419460249257902234217387323607761461703590836277538917709519387932719642674694/13978815155509985484628749232555918055209951935309324527289387428146689999615796049700660083455284366209764286530278985041162772550676403950956767
10 10 10 3973506928441813484640959044644187428022856853361835088912457006574032342043686370951614348809819486157095318847953559532509903682015397869868697/27957630311019970969257498465111836110419903870618649054578774856293379999231592099401320166910568732419528573060557970082325545101352807901913534
10 10 16 35557178027363457920408116403830807770816632311469656994194913553492401733521897716491282726678313219390672842573313433986609432951962932584817751/69894075777549927423143746162779590276049759676546622636446937140733449998078980248503300417276421831048821432651394925205813862753382019754783835
10 10 20 1786337514986961392044831055633180132353243558409146608507181710127933566621695551026964378051395905991492640291357428826291005828104132657253289/19969735936442836406612498903651311507442788479013320753270553468780985713736851499572371547793263380299663266471827121487375389358109148501366810
10 10 21 6291007123866160382143707244232363460894960366844960142154547344488162035193363394085134331977370540880695761782036381410999991940977087343430707/139788151555099854846287492325559180552099519353093245272893874281466899996157960497006600834552843662097642865302789850411627725506764039509567670
10 10 24 991355674021489085712023804426942171363979628019733125889587297754427880382449188220773612563529139692309127245184942739088122288690492189412083/12708013777736350440571590211414470959281774486644840479353988571042445454196178227000600075868440332917967533209344531855602520500614912682687970
11 0 5 23/35
11 0 6 319416777482644216779716855864599703692596060030391223469094804921368540856762302948425725862956410570152576456045191698254753664681873539688607/19969735936442836406612498903651311507442788479013320753270553468780985713736851499572371547793263380299663266471827121487375389358109148501366810
11 0 20 10390133776746856217066557723788399868159907927481264405075402158339247496306418954383145703243749987816885224412083722921914118321029625986763799/69894075777549927423143746162779590276049759676546622636446937140733449998078980248503300417276421831048821432651394925205813862753382019754783835
11 0 30 24911181251590585424278863930134149955694704074456702433414860373946290934358269569568420227175637263094353355515901303838089422164629589651932497/139788151555099854846287492325559180552099519353093245272893874281466899996157960497006600834552843662097642865302789850411627725506764039509567670
11 1 3 2716320463080673608180971119053963235500045605154670013624992463308585843931063803757476663991873237279819680849269803923134623019353928017110389/139788151555099854846287492325559180552099519353093245272893874281466899996157960497006600834552843662097642865302789850411627725506764039509567670
11 1 6 1916132291638850221342419144089475944665815481235103040953073503163204875134839783870601835132439181143811391872955639120242096664499922624098631/13978815155509985484628749232555918055209951935309324527289387428146689999615796049700660083455284366209764286530278985041162772550676403950956767
11 1 12 12703255466472518037233538656981443838750045204970421844770580752425621199452750393478278921821104805687272000744570745342120546182954576268595672/69894075777549927423143746162779590276049759676546622636446937140733449998078980248503300417276421831048821432651394925205813862753382019754783835
11 1 20 5878702765763969232539586104794255001496459034714445655760214400656404430367340711962705635150719340655217805091883796991876557870491776535327078/69894075777549927423143746162779590276049759676546622636446937140733449998078980248503300417276421831048821432651394925205813862753382019754783835
11 1 31 80746591711157704485136080242059060189448310456217809848676556480362214141238316643661136705292930320694729654051054570618077927735518179643625471/139788151555099854846287492325559180552099519353093245272893874281466899996157960497006600834552843662097642865302789850411627725506764039509567670
11 2 2 1156037086733436733777941170732237812466825978432020518533871544275584271747352882560496394789025844365983162185173243791334653083475592186017604/9984867968221418203306249451825655753721394239506660376635276734390492856868425749786185773896631690149831633235913560743687694679054574250683405
11 2 4 32529889947988285277080514022489473716868384950318193144707270689088866453952993760099248276417823443622704950696516081662904291843136532277388453/139788151555099854846287492325559180552099519353093245272893874281466899996157960497006600834552843662097642865302789850411627725506764039509567670
11 2 13 650076519449656791514214978990291205115471993932721940422525426076702894321152402089046326082382222925065121901392571981327732798664203607394523/19969735936442836406612498903651311507442788479013320753270553468780985713736851499572371547793263380299663266471827121487375389358109148501366810
11 2 16 4191417623789522048879396974573128319031737955644267767621547853787252254127330571681500728012551904795361556710205360591566555035639928106157490/13978815155509985484628749232555918055209951935309324527289387428146689999615796049700660083455284366209764286530278985041162772550676403950956767
11 2 28 6698967384464258856328182519883616617956274128702313598634251195216018158853890719050059810766076512047676170376539311532245949447227321370386869/27957630311019970969257498465111836110419903870618649054578774856293379999231592099401320166910568732419528573060557970082325545101352807901913534
11 2 31 2222838719295868597056282942947394548957703309448693123273597895206064028390240050874354482911216245736744274343870037644769772662356780692532371/27957630311019970969257498465111836110419903870618649054578774856293379999231592099401320166910568732419528573060557970082325545101352807901913534
11 3 9 7139127134141308997309289725696208156913415380563187554024165807134559430540492368998800633839502783851178055156292992103996878551578153283609233/139788151555099854846287492325559180552099519353093245272893874281466899996157960497006600834552843662097642865302789850411627725506764039509567670
11 3 13 887839254093526288750320548084835084126857238034838888188710236430617282058801287712103907155376998714762576733112733160625856738416831760516558/9984867968221418203306249451825655753721394239506660376635276734390492856868425749786185773896631690149831633235913560743687694679054574250683405
11 3 20 11540282999979384266736423428206651793291731429310049628416745235525033005814499773229115801041435663799119968073672230181398968574388998098235222/69894075777549927423143746162779590276049759676546622636446937140733449998078980248503300417276421831048821432651394925205813862753382019754783835
11 3 22 80746591711157704485136080242059060189448310456217809848676556480362214141238316643661136705292930320694729654051054570618077927735518179643625471/139788151555099854846287492325559180552099519353093245272893874281466899996157960497006600834552843662097642865302789850411627725506764039509567670
11 3 26 1639211715253270478786478782820291744137832932520440417871771821289141846392693390991897719316226124794681914568451956307799298773305406573863071/13978815155509985484628749232555918055209951935309324527289387428146689999615796049700660083455284366209764286530278985041162772550676403950956767
11 4 3 26051652149302406821402945793878573698259366658855418920721193639246375684982300809704502645072941432206361041972638749214523687377102505238168913/139788151555099854846287492325559180552099519353093245272893874281466899996157960497006600834552843662097642865302789850411627725506764039509567670
11 4 4 4787008868459799128024960322141878794203564057714773888068603174786868979752298086800950919230544085834160451085465013436931644296825218303682333/69894075777549927423143746162779590276049759676546622636446937140733449998078980248503300417276421831048821432651394925205813862753382019754783835
11 4 9 18617951235854669756631512335995906624226726668993056486802888324412565453874808463756239479522983519837933875246673566736290130330404965069925147/139788151555099854846287492325559180552099519353093245272893874281466899996157960497006600834552843662097642865302789850411627725506764039509567670
11 4 12 5241018277719061073315737814045299129268601416977766786994667726329313864251313595935066585411791738509831719312563902570937043092938740897961/139788151555099854846287492325559180552099519353093245272893874281466899996157960497006600834552843662097642865302789850411627725506764039509567670
11 4 15 12219898487820780135875685401940985334582432758342606331777941614358270226276000533764003114987202678092359602027604991954911383166073313407601569/19969735936442836406612498903651311507442788479013320753270553468780985713736851499572371547793263380299663266471827121487375389358109148501366810
11 5 2 14497015613021200495643927761913567800174204907744101408407210329494734229948326945266090614471472432465758356982825626755586344970263910917257328/69894075777549927423143746162779590276049759676546622636446937140733449998078980248503300417276421831048821432651394925205813862753382019754783835
11 5 18 2523246583853793655174780690938494961349472275667726512125187562784022551214194544168606262780224892552463876517946671509751516589427728593385457/9984867968221418203306249451825655753721394239506660376635276734390492856868425749786185773896631690149831633235913560743687694679054574250683405
11 5 24 37734334077552171341276353564296557746429248839128435643163413871750557909631291494056965963343375150715815940042942597881966901657124008683828308/69894075777549927423143746162779590276049759676546622636446937140733449998078980248503300417276421831048821432651394925205813862753382019754783835
11 6 0 20705936178681697911115397730187970686119934278400260122163582831462099371560081517598177217419313059067460604606712784583842841371247992258570883/139788151555099854846287492325559180552099519353093245272893874281466899996157960497006600834552843662097642865302789850411627725506764039509567670
11 6 11 266666063211761542960119422840391077034227056859442729018051889899772236751773510124145035485615106785923728432284994451081179398562815660757113/1815430539676621491510227173059210137040253498092120068479141224434635064885168318142942867981205761845423933315620647407943217214373558954669710
11 6 18 7310578447894357904588297768962910142513417793835213309538220769771848012458743781428707080400172002845170593708548875894870004219457300868658014/69894075777549927423143746162779590276049759676546622636446937140733449998078980248503300417276421831048821432651394925205813862753382019754783835
11 6 27 25561823228008049129289721141357326804861809748895760925390564407866198880873767834209231657922194385683643810105326540124097018196099163381030077/139788151555099854846287492325559180552099519353093245272893874281466899996157960497006600834552843662097642865302789850411627725506764039509567670
11 6 28 58365948385315753188776582357377949844455456359949707471873289980312443488920063302782610066018628989140070173887708201180697043811165476254352981/139788151555099854846287492325559180552099519353093245272893874281466899996157960497006600834552843662097642865302789850411627725506764039509567670
11 7 7 17653779015903737444302502198195564188970895716766623317978196626524641386962164359090206894508733440802459351102558364913809447084672529792617447/139788151555099854846287492325559180552099519353093245272893874281466899996157960497006600834552843662097642865302789850411627725506764039509567670
11 7 23 16727383566862583882248859213621899944380376142746502519229214803183076277280896866607094919421495863022858409185903448671303810823267943301210242/69894075777549927423143746162779590276049759676546622636446937140733449998078980248503300417276421831048821432651394925205813862753382019754783835
11 7 26 27592384241574827677923179550350866692293250353661024461642996036248007630182274404725952523685367967505542921972864015246990454769709508131297697/69894075777549927423143746162779590276049759676546622636446937140733449998078980248503300417276421831048821432651394925205813862753382019754783835
11 7 27 6698967384464258856328182519883616617956274128702313598634251195216018158853890719050059810766076512047676170376539311532245949447227321370386869/27957630311019970969257498465111836110419903870618649054578774856293379999231592099401320166910568732419528573060557970082325545101352807901913534
11 8 0 18720949197401079046039219493618921395331102089369228881068280044635163089585373206422878493544558425786149369660113195879220220912981896445589798/69894075777549927423143746162779590276049759676546622636446937140733449998078980248503300417276421831048821432651394925205813862753382019754783835
11 8 1 429244850244422524132965538279895572422705746453928775481931765096398762329702701722583564977185228868112591528359988311698959624450123147745149/907715269838310745755113586529605068520126749046060034239570612217317532442584159071471433990602880922711966657810323703971608607186779477334855
11 8 12 18121273111328314018866180221608709804170315110224878043269911183675582209106499009441487420488600782418002515307562629325773750757740640932817564/69894075777549927423143746162779590276049759676546622636446937140733449998078980248503300417276421831048821432651394925205813862753382019754783835
11 9 2 23341117433663266103119231521358783979676426744962392694377961838772443009414961325826889181929852431661585020606164046126034478969057985333763107/69894075777549927423143746162779590276049759676546622636446937140733449998078980248503300417276421831048821432651394925205813862753382019754783835
11 9 4 2204002710384312575443922341479822072780407473893612662221491059611654587238423057480523772423704633977417230104375959521667103173035921114298383/9984867968221418203306249451825655753721394239506660376635276734390492856868425749786185773896631690149831633235913560743687694679054574250683405
11 9 8 38523373283023704603001438182065296963007697014230238784171824861663827445256661149900362979360213723405897572702078525052075951742898964354666721/139788151555099854846287492325559180552099519353093245272893874281466899996157960497006600834552843662097642865302789850411627725506764039509567670
11 9 12 1995958654784113909285862366343791768587433679717606024474906748577027261065818867605778513185376632493477824696336180774171853828100613171443881/12708013777736350440571590211414470959281774486644840479353988571042445454196178227000600075868440332917967533209344531855602520500614912682687970
11 9 15 885480128371994489344096145138548578175746868766988779820638336673861219504723173530781516180958621128238979133710905644126489647069732000657341/69894075777549927423143746162779590276049759676546622636446937140733449998078980248503300417276421831048821432651394925205813862753382019754783835
11 10 0 33712950734153191467223658239370219457454688546322557580744403035660108732458688967588974915340581638738691681843465582499643507850090297956536847/139788151555099854846287492325559180552099519353093245272893874281466899996157960497006600834552843662097642865302789850411627725506764039509567670
11 10 1 24645263573004876456249836355368352043248490135359399941898626756565186034473033966819963023596943463539153895272132093856607019419849306560463411/139788151555099854846287492325559180552099519353093245272893874281466899996157960497006600834552843662097642865302789850411627725506764039509567670
11 10 6 2461102688885721793048481967453090165534597220311293317765613395679991417190101094427212170520969765894157645220757594214996487933592173935931633/19969735936442836406612498903651311507442788479013320753270553468780985713736851499572371547793263380299663266471827121487375389358109148501366810
11 10 16 10141949835977343663353174013945691054135998485467411181520417835502550279449017089331013439658007183210273018070078582634976446887414500552530611/69894075777549927423143746162779590276049759676546622636446937140733449998078980248503300417276421831048821432651394925205813862753382019754783835
11 10 17 16402062578653852029743430608010311519796823305526973273241362786223122304023147734286689204048217301728213181891190830528300012807533156436661452/69894075777549927423143746162779590276049759676546622636446937140733449998078980248503300417276421831048821432651394925205813862753382019754783835
11 10 22 2222838719295868597056282942947394548957703309448693123273597895206064028390240050874354482911216245736744274343870037644769772662356780692532371/27957630311019970969257498465111836110419903870618649054578774856293379999231592099401320166910568732419528573060557970082325545101352807901913534
11 11 1 1111814796991102297690965706323762737891651914196844098928427374981938849942266865935077089765542840149958035130834464983679989462133811793070969/139788151555099854846287492325559180552099519353093245272893874281466899996157960497006600834552843662097642865302789850411627725506764039509567670
11 11 3 4506629478232426217202398431704535428605529624246513323621311418131255196734010877469352129341728348563733593067749728978876320046488974989357716/9984867968221418203306249451825655753721394239506660376635276734390492856868425749786185773896631690149831633235913560743687694679054574250683405
11 11 8 6321495892891586519287697143209135592159797695063031142598954655884642699257513161684887314938592802731933811577169815157547108884788889253076343/139788151555099854846287492325559180552099519353093245272893874281466899996157960497006600834552843662097642865302789850411627725506764039509567670
11 11 10 8306833510497693714741976673917973353826019779591245412042877560104632221532975418634847743501204272948537049132419882334611897599601683592821497/19969735936442836406612498903651311507442788479013320753270553468780985713736851499572371547793263380299663266471827121487375389358109148501366810
11 11 14 2222838719295868597056282942947394548957703309448693123273597895206064028390240050874354482911216245736744274343870037644769772662356780692532371/27957630311019970969257498465111836110419903870618649054578774856293379999231592099401320166910568732419528573060557970082325545101352807901913534
12 0 5 1193726822843509251719561102591299900643327389134477355872425027011129310952545642826393908956967261032623738569092680185063257110197074095260869/13978815155509985484628749232555918055209951935309324527289387428146689999615796049700660083455284366209764286530278985041162772550676403950956767
12 0 6 21222147500124927736349362747587477186075894104477523743096349402884419302741494230094432510248869670301718264040461670729336444104268989390478541/69894075777549927423143746162779590276049759676546622636446937140733449998078980248503300417276421831048821432651394925205813862753382019754783835
12 0 21 6100470594743921918313796843176516226679604089485244587712637514684769162939251114896699766034673693654854925109352836221594447585446808555428707/9984867968221418203306249451825655753721394239506660376635276734390492856868425749786185773896631690149831633235913560743687694679054574250683405
12 1 0 9801913676112286889213879733249191216675896056007837312014276068139984275422664419535633654718457422452724480872306089862906697640471422235085511/27957630311019970969257498465111836110419903870618649054578774856293379999231592099401320166910568732419528573060557970082325545101352807901913534
12 1 2 3878190761963446143654867425050061741891298681064597945784255831786774175710446262989638140795129017040730841973161916324541040591479709508027651/27957630311019970969257498465111836110419903870618649054578774856293379999231592099401320166910568732419528573060557970082325545101352807901913534
12 1 8 20867575213511000407049692787687601128987645605435386437575818731050629696612687730422478005620602945132989013386586969711803698951638163754979/69894075777549927423143746162779590276049759676546622636446937140733449998078980248503300417276421831048821432651394925205813862753382019754783835
12 1 9 60583157368282659168480621330789099340866865041189257966945984844861278346797263430405372452822245606549151108643464755777939586977259020072122941/139788151555099854846287492325559180552099519353093245272893874281466899996157960497006600834552843662097642865302789850411627725506764039509567670
12 1 33 1537533835144501216092719402528348745162672190761562892011439757072818304900274039787717778307346378884421309200744555679575119995978012056338423/19969735936442836406612498903651311507442788479013320753270553468780985713736851499572371547793263380299663266471827121487375389358109148501366810
12 2 9 13671855779998635588620647370387646520531616281780383838301432425997683405773549466274963260008210557926358681230366982647545811161380614609744663/139788151555099854846287492325559180552099519353093245272893874281466899996157960497006600834552843662097642865302789850411627725506764039509567670
12 2 13 19312278741728077664682840531983461375985478342005771817686140617410407143342433806402155897918267176522382446785683492521933609404520739245355811/139788151555099854846287492325559180552099519353093245272893874281466899996157960497006600834552843662097642865302789850411627725506764039509567670
12 2 24 11822389842595751722592184945296581234625302512465967847596289769284216136927169975139014027197355056419854184660276660721808995383809421551006638/69894075777549927423143746162779590276049759676546622636446937140733449998078980248503300417276421831048821432651394925205813862753382019754783835
12 2 29 422895652498230671063677614068055656673073503311002292544379600848679978380028785729603139297851278363071360142730326930958120007014985421410082/1996973593644283640661249890365131150744278847901332075327055346878098571373685149957237154779326338029966326647182712148737538935810914850136681
12 2 31 24193678719050323162631919043680262873425200633325806656295914996411551032361141946602031205977024403335340869874133683998481984694117609307532611/139788151555099854846287492325559180552099519353093245272893874281466899996157960497006600834552843662097642865302789850411627725506764039509567670
12 2 32 2669351177659560728246389318559159213253770349025380617028294058515566150384043666034291151400458356914441571645539044057543629908007023067837779/12708013777736350440571590211414470959281774486644840479353988571042445454196178227000600075868440332917967533209344531855602520500614912682687970
12 3 0 6327683978625585654530542424299006400472285249354959253299753425366297757406651617725802936722165608962864626483085466465117346473893101593706613/69894075777549927423143746162779590276049759676546622636446937140733449998078980248503300417276421831048821432651394925205813862753382019754783835
12 3 2 28429898201307227575363530687583000251225415526909094920764082145549217515412274929503294780943947928192080998639455963473974652241284908121549313/139788151555099854846287492325559180552099519353093245272893874281466899996157960497006600834552843662097642865302789850411627725506764039509567670
12 3 4 6099911870901585912781698583161625250634734171398944697351446397939062560035351761318212348302258802883904852288508709089297015673678506559853905/27957630311019970969257498465111836110419903870618649054578774856293379999231592099401320166910568732419528573060557970082325545101352807901913534
12 3 11 1655530962440588020086422108346093899552913022034825746398139623753062381867213126357418176907701327794141027087414687439782089912359173298201564/69894075777549927423143746162779590276049759676546622636446937140733449998078980248503300417276421831048821432651394925205813862753382019754783835
12 3 15 4635161722653739311270109975491275246260716887600704061855483860570260671572942662338985863202704846140859021291413573834383508723184432057495177/9984867968221418203306249451825655753721394239506660376635276734390492856868425749786185773896631690149831633235913560743687694679054574250683405
12 4 1 14897418756470990315563617627834947296374062474860743297099578228368515976947695998092938653205395629213022083210933202196679718457451696192821276/69894075777549927423143746162779590276049759676546622636446937140733449998078980248503300417276421831048821432651394925205813862753382019754783835
12 4 20 1189354764611377804159259799766742468941665346996503193494264554344959503487254957597517317184415249582032006477677650829080148251175430540922391/139788151555099854846287492325559180552099519353093245272893874281466899996157960497006600834552843662097642865302789850411627725506764039509567670
12 4 22 5438219480192740708304874287759815774180396437397440142476943688759837014194862282226425221298566304756554704489538094217729666006967596198542294/69894075777549927423143746162779590276049759676546622636446937140733449998078980248503300417276421831048821432651394925205813862753382019754783835
12 4 25 4188379494500127614870837539428243611432595276806613775958087533094969388346055369659376170928011475946734561999415938428438647111857195815613181/13978815155509985484628749232555918055209951935309324527289387428146689999615796049700660083455284366209764286530278985041162772550676403950956767
12 4 28 56043725372159738845682873300320475827722983413514237440665690561915540626925035282176594059080389785109111663430010222469342337208178066029786329/139788151555099854846287492325559180552099519353093245272893874281466899996157960497006600834552843662097642865302789850411627725506764039509567670
12 5 3 2660628970830616071998183178350855683967696508349662925991193022014372459527787730302748433521153918823248471757496231657839489436991520582528032/13978815155509985484628749232555918055209951935309324527289387428146689999615796049700660083455284366209764286530278985041162772550676403950956767
12 5 12 4514940083808036897529825622535548955700853114918386667743096584118898869893797471167135101643657993725554598527799214240777871366473777529736047/19969735936442836406612498903651311507442788479013320753270553468780985713736851499572371547793263380299663266471827121487375389358109148501366810
12 5 19 23612396522924529959242762060327659599628592838167443332008375959535648626399797094541074758149496375755305245668256810995297255899558606625432781/139788151555099854846287492325559180552099519353093245272893874281466899996157960497006600834552843662097642865302789850411627725506764039509567670
12 5 20 5796488473721290588435411912397412142288798962700046600677189201295523468522370380126809602968620214203097071236497622315249047567197378435070224/13978815155509985484628749232555918055209951935309324527289387428146689999615796049700660083455284366209764286530278985041162772550676403950956767
12 6 2 3857545343688699348609183766337436177856662480528565980654168360402924618132268709776353729483159967352511614302981762435900375608952325944294543/19969735936442836406612498903651311507442788479013320753270553468780985713736851499572371547793263380299663266471827121487375389358109148501366810
12 6 3 1161451426522993876143051201432019839707158444585731417646827201617448434396373601169121685005664524142388207475387758866907633693363765068066204/6354006888868175220285795105707235479640887243322420239676994285521222727098089113500300037934220166458983766604672265927801260250307456341343985
12 6 10 647296002211940662064615129382102857491440057033763115787207044656467380640596535567299506294521235377916609090121505744092858976549578054528474/6354006888868175220285795105707235479640887243322420239676994285521222727098089113500300037934220166458983766604672265927801260250307456341343985
12 6 14 1620125319991609841534601405281714904216735705470909361357833658527326067279507849525011286945753867042265860532184731647389027076284432079498095/27957630311019970969257498465111836110419903870618649054578774856293379999231592099401320166910568732419528573060557970082325545101352807901913534
12 6 27 4635161722653739311270109975491275246260716887600704061855483860570260671572942662338985863202704846140859021291413573834383508723184432057495177/9984867968221418203306249451825655753721394239506660376635276734390492856868425749786185773896631690149831633235913560743687694679054574250683405
12 7 5 6713814216842323155444578739844400149222569212419656876613300732127177781883749559899136979505039134224297460073508009321234052824042442723695199/69894075777549927423143746162779590276049759676546622636446937140733449998078980248503300417276421831048821432651394925205813862753382019754783835
12 7 6 28702192340982163280181884511540801582531077093055778140080034269068044981600634518836496359234288780447439902139106132989102029291003881862938484/69894075777549927423143746162779590276049759676546622636446937140733449998078980248503300417276421831048821432651394925205813862753382019754783835
12 7 19 3796157774865978346427766227267557214792559485205392769071123702105257551702971194631699888734531198484088371949048982463620832426645811021068421/27957630311019970969257498465111836110419903870618649054578774856293379999231592099401320166910568732419528573060557970082325545101352807901913534
12 7 22 392304427683327834692259219663859231795583278614477476220130548046438766095323581618922793126182882758574602863843761520152483753806318153036250/13978815155509985484628749232555918055209951935309324527289387428146689999615796049700660083455284366209764286530278985041162772550676403950956767
12 7 24 6578900755469673127996163212830342670953370932852948090278611469726539864245871507169658111734243287535425750356268434038760937372197021957227957/19969735936442836406612498903651311507442788479013320753270553468780985713736851499572371547793263380299663266471827121487375389358109148501366810
12 8 0 38183743344401576277932011003412588652889891616317498699681880152472411676757632164732083591929698571308964675031434225192108765640402428143993269/139788151555099854846287492325559180552099519353093245272893874281466899996157960497006600834552843662097642865302789850411627725506764039509567670
12 8 2 25025010265268828299160340341061195331535396099134557252088227516601367847793870284975896147664604116634999823732997725288894462329196005235084681/139788151555099854846287492325559180552099519353093245272893874281466899996157960497006600834552843662097642865302789850411627725506764039509567670
12 8 22 30232725783122144830065596065279419122034484568328365380273084695102585963681121037326141296656722787428621672224096714690929035661402954228095639/139788151555099854846287492325559180552099519353093245272893874281466899996157960497006600834552843662097642865302789850411627725506764039509567670
12 8 26 46346672162307305439129544915805977445639747069312823940850681917290534507925337009972479798301818186725056694314261185239695461875762651902394081/139788151555099854846287492325559180552099519353093245272893874281466899996157960497006600834552843662097642865302789850411627725506764039509567670
12 9 4 1043871234905505426075012183425393067539986350821672528212163820945228112232505624894448481808116816636202159859750547603877628565366000294918664/69894075777549927423143746162779590276049759676546622636446937140733449998078980248503300417276421831048821432651394925205813862753382019754783835
12 9 7 1981403437934464356261542902927098036686864901087768007988443867263131879100214248322022742784429225345108344883331201771154053383490091705930415/3993947187288567281322499780730262301488557695802664150654110693756197142747370299914474309558652676059932653294365424297475077871621829700273362
12 9 11 2443851978608208936297969091064621795070246031501480558580381179600506982402517154958157260553956485865567843212211902384048350998986221823010199/27957630311019970969257498465111836110419903870618649054578774856293379999231592099401320166910568732419528573060557970082325545101352807901913534
12 9 14 2117561329947971516821266603955815006806413898721387024359611209144301392450980455604006591658335565689231722432629160753773102029298402639521325/13978815155509985484628749232555918055209951935309324527289387428146689999615796049700660083455284366209764286530278985041162772550676403950956767
12 9 18 17478207782530915837640477430689352044781952984328373450187996647960639583331530112558027827064224527763145017139672786877753912332981846850950786/69894075777549927423143746162779590276049759676546622636446937140733449998078980248503300417276421831048821432651394925205813862753382019754783835
12 10 4 67261377857895241617003977235597645148960298836428535223171207712319159544042487441481899033838789253806387751197090966782636611291421209117727197/139788151555099854846287492325559180552099519353093245272893874281466899996157960497006600834552843662097642865302789850411627725506764039509567670
12 10 12 54816470661873277439464557680818914548862832165798583338924489790818280915660176079893638068450632676970839222517525089108963741577144414351291323/139788151555099854846287492325559180552099519353093245272893874281466899996157960497006600834552843662097642865302789850411627725506764039509567670
12 10 20 12360459614132276861315997131386026551556905695866041797090909774959350421233532030373432905165429580747125433189405008622472382371384707502679247/139788151555099854846287492325559180552099519353093245272893874281466899996157960497006600834552843662097642865302789850411627725506764039509567670
12 10 24 5349843421199058928502960277756594302719482655000084913707267003370109115221764945257630827097992150573290458398768785897554990266813708537869903/139788151555099854846287492325559180552099519353093245272893874281466899996157960497006600834552843662097642865302789850411627725506764039509567670
12 11 5 16259047305845234998486960069401863388361989602251934939438677007253030426083635024110472603031826836105358861459870419076442180884301815599643097/139788151555099854846287492325559180552099519353093245272893874281466899996157960497006600834552843662097642865302789850411627725506764039509567670
12 11 17 43804954310054443187379621217936081709490958981552366325687076781989387941759222215685263679885927116389204668929125384967534609582367676477047721/139788151555099854846287492325559180552099519353093245272893874281466899996157960497006600834552843662097642865302789850411627725506764039509567670
12 11 19 28627747142479880170840450660795555931811276065436098294494386436921496091884802215081141768572082266661284613472816942061737764378879040388029582/69894075777549927423143746162779590276049759676546622636446937140733449998078980248503300417276421831048821432651394925205813862753382019754783835
12 11 21 7221045677899637588334669356892665181849742571136589769187921069159080143767370944654030507240442595165173690414097950167277340297145211365416076/69894075777549927423143746162779590276049759676546622636446937140733449998078980248503300417276421831048821432651394925205813862753382019754783835
12 11 23 4013282149220570571035335501422396613462266748071783940201752740031664578505378468870260000005019992975081363569982130954810362844023021962992768/69894075777549927423143746162779590276049759676546622636446937140733449998078980248503300417276421831048821432651394925205813862753382019754783835
12 12 1 21044273788710766955865860596340706861086337165305930612082230546467975237675543403997812158963238530808649761575738753728984021673285238945763943/139788151555099854846287492325559180552099519353093245272893874281466899996157960497006600834552843662097642865302789850411627725506764039509567670
12 12 3 15644136823333754010598114329395242713578427626650975082689852678510872023320626418713899756210181879003907587493662081233574215261442954456545761/139788151555099854846287492325559180552099519353093245272893874281466899996157960497006600834552843662097642865302789850411627725506764039509567670
12 12 8 4007047036629263797035132990698991798696236520170821584652313405503109355164820843103484374715859082299509830802546777337823525059829275299994351/69894075777549927423143746162779590276049759676546622636446937140733449998078980248503300417276421831048821432651394925205813862753382019754783835
12 12 11 5046178720306666123055654105418115303016090707979226117310939269457041820511692571720090844455208661332559741492348552713537514343536833727545376/9984867968221418203306249451825655753721394239506660376635276734390492856868425749786185773896631690149831633235913560743687694679054574250683405
12 12 17 2443914478550348056297409394257163313781701160908553076646401447308324853766845298400664834757478382903022947373541572278389723764286162332163400/13978815155509985484628749232555918055209951935309324527289387428146689999615796049700660083455284366209764286530278985041162772550676403950956767
13 0 0 72973251504292838134004397350627529892310826454855171463996044503237104233597543897165014130944203168623218324127722995099383955432088089377067727/139788151555099854846287492325559180552099519353093245272893874281466899996157960497006600834552843662097642865302789850411627725506764039509567670
13 0 26 18645398086061093081522960751505141328760749315278944094498147472454721115698712516953889769120426055296678394475957573083652034554778919021492491/139788151555099854846287492325559180552099519353093245272893874281466899996157960497006600834552843662097642865302789850411627725506764039509567670
13 0 27 29028471376790059623396882303450187900351650370663158546429966840358688080319633015670283229034912039474709516170061878968843102823275227027721903/139788151555099854846287492325559180552099519353093245272893874281466899996157960497006600834552843662097642865302789850411627725506764039509567670
13 0 28 5802365386195459720211038329432862352449886266297216984958071203052753017033542828789472540536530728968353483854882034682803208283957139247353102/69894075777549927423143746162779590276049759676546622636446937140733449998078980248503300417276421831048821432651394925205813862753382019754783835
13 0 33 1507259963112988913388235052222119345155304135940307439610714611862176106494997081927693724876048188153265932563856666778828443225741505117715869/27957630311019970969257498465111836110419903870618649054578774856293379999231592099401320166910568732419528573060557970082325545101352807901913534
13 1 1 14676640544811380297800197448528522789168548505020219479539224746777484045310528454613237928464288670240954697263591272083136184006690361987598473/139788151555099854846287492325559180552099519353093245272893874281466899996157960497006600834552843662097642865302789850411627725506764039509567670
13 1 3 144070056171324373593272787838831064372320073626538422474642451943925656348349567446774088351026833580001908237078789531490227458729153504039791/1270801377773635044057159021141447095928177448664484047935398857104244545419617822700060007586844033291796753320934453185560252050061491268268797
13 1 11 15981938944223285577829453057374987687690348326513992417894505317647982887957622804560374687022584101083950651795649600942082298735981712147813676/69894075777549927423143746162779590276049759676546622636446937140733449998078980248503300417276421831048821432651394925205813862753382019754783835
13 1 15 14429338481400947720741875503130417632609798809260264624063487416544152859049048558307797461226027191117052557777614983743781650278040983114911913/27957630311019970969257498465111836110419903870618649054578774856293379999231592099401320166910568732419528573060557970082325545101352807901913534
13 1 22 515323453599148369385900458435717714354607204982449136503753210284086368136849122258847650730029914030331416948115760926149367217769845220740527/13978815155509985484628749232555918055209951935309324527289387428146689999615796049700660083455284366209764286530278985041162772550676403950956767
13 2 0 34863322552498478461703096729089552247880231331816760603664944228180218620581454200525792227139419084994963314820143460932443147101701312530313047/139788151555099854846287492325559180552099519353093245272893874281466899996157960497006600834552843662097642865302789850411627725506764039509567670
13 2 5 13848314561109207477283333292948611605996533170268945610770912002626619364397137705204138065943253443294525984460950771403414880575265809610872691/27957630311019970969257498465111836110419903870618649054578774856293379999231592099401320166910568732419528573060557970082325545101352807901913534
13 2 26 17841628098527669499083864565863285137118311084965878307687185020076792276795408885230059138848578680315024814088946266231055087764366839462445584/69894075777549927423143746162779590276049759676546622636446937140733449998078980248503300417276421831048821432651394925205813862753382019754783835
13 3 4 12596186167037534850620290251971837872737572118824620644712021105633733809587692489750311995103138432875607342535515002766898854977846408874250469/69894075777549927423143746162779590276049759676546622636446937140733449998078980248503300417276421831048821432651394925205813862753382019754783835
13 3 8 12996999115661308622836650125790886643311218811984025397764619884368343912679479264759015759732663087037015272948553282931085205768265966806507757/27957630311019970969257498465111836110419903870618649054578774856293379999231592099401320166910568732419528573060557970082325545101352807901913534
13 3 26 8618575697224556953746334186333603529586399860098125217001464730128930164499209996690815714564326670448085836687904881700194787602034697576014693/69894075777549927423143746162779590276049759676546622636446937140733449998078980248503300417276421831048821432651394925205813862753382019754783835
13 3 27 4624804606895589731910141831427694932985068762189660937234829026871407497798108457189895230936371145752168591730454809546002058786524570368071223/19969735936442836406612498903651311507442788479013320753270553468780985713736851499572371547793263380299663266471827121487375389358109148501366810
13 4 5 5098554521398082570285445223437856282448866248624372706763364521242365508419107900878831293136212328290416978579970219616131264449083498047545887/19969735936442836406612498903651311507442788479013320753270553468780985713736851499572371547793263380299663266471827121487375389358109148501366810
13 4 6 9655169261492288174934986065025149302495685079150840169698369606239292834102096017970600807705986708747315914872889847622295730563051395904372949/139788151555099854846287492325559180552099519353093245272893874281466899996157960497006600834552843662097642865302789850411627725506764039509567670
13 4 16 5098554521398082570285445223437856282448866248624372706763364521242365508419107900878831293136212328290416978579970219616131264449083498047545887/19969735936442836406612498903651311507442788479013320753270553468780985713736851499572371547793263380299663266471827121487375389358109148501366810
13 4 17 12259909048576450069243275941092510336673427008561210072750809597868354464624374991526876678399209158660450286058027419803593185148592105155622277/69894075777549927423143746162779590276049759676546622636446937140733449998078980248503300417276421831048821432651394925205813862753382019754783835
13 4 23 14957105007982139095462791836121478777930213880617549672227062986798100700513759233049618080236650975823883980815489447925216614043063344710763458/69894075777549927423143746162779590276049759676546622636446937140733449998078980248503300417276421831048821432651394925205813862753382019754783835
13 4 25 4319190880917232357944137577976065066112425014843667718552656208501579713912085417579372405668164088315820716563283192705874694273232771206780833/139788151555099854846287492325559180552099519353093245272893874281466899996157960497006600834552843662097642865302789850411627725506764039509567670
13 5 1 4473843760375570672034883754740906023920030832695693266129354130769646534182059280755421899059014536604618748684292812406054649506020332974412678/13978815155509985484628749232555918055209951935309324527289387428146689999615796049700660083455284366209764286530278985041162772550676403950956767
13 5 14 1753896433983835559133593329815262059598675594900859739298985982222510368613775000544515864135178694329053225890217645285103679478014694843374067/27957630311019970969257498465111836110419903870618649054578774856293379999231592099401320166910568732419528573060557970082325545101352807901913534
13 5 29 2465149479469284866579162517973537428997309515760914683288725801790225223179099791049422929236765852125891121400250671426444652373042492444244873/3993947187288567281322499780730262301488557695802664150654110693756197142747370299914474309558652676059932653294365424297475077871621829700273362
13 6 2 126446901085042456996459074390852364460806594579607881207291128011008927250565659204047678199955563540409802961007046476195219818651613162583332/1270801377773635044057159021141447095928177448664484047935398857104244545419617822700060007586844033291796753320934453185560252050061491268268797
13 6 22 30274293543672529078558844144562393580527331542072870741185238142579116133260547334825871499656701717525712521530104927102055255218570722243891701/69894075777549927423143746162779590276049759676546622636446937140733449998078980248503300417276421831048821432651394925205813862753382019754783835
13 6 24 4666457524885723315682807560960045235739723633227902632694383851078406123719617379636400945231737731257224249752271777416145931072710367652686982/9984867968221418203306249451825655753721394239506660376635276734390492856868425749786185773896631690149831633235913560743687694679054574250683405
13 7 25 103517383175874084237763356501741017074078632771828264349108332522915743140266912680111433952415458165302360922384583263325952408260556630700599941/139788151555099854846287492325559180552099519353093245272893874281466899996157960497006600834552843662097642865302789850411627725506764039509567670
13 7 26 36270768379225770608524135823818163478020886581264980923785541758551156855891047816895166882137385496795281942918206587085675317246207408808967729/139788151555099854846287492325559180552099519353093245272893874281466899996157960497006600834552843662097642865302789850411627725506764039509567670
13 8 5 26410178195079101975388282280991183027875710863241773331480700632615158847814129686529972512853352173751207878030191470016671350126144250183601/1270801377773635044057159021141447095928177448664484047935398857104244545419617822700060007586844033291796753320934453185560252050061491268268797
13 8 6 17264712134523509581041084447191357217974995151682047540379747610948626983232726534734638971473162028137092328571399408148962352332531839331802288/69894075777549927423143746162779590276049759676546622636446937140733449998078980248503300417276421831048821432651394925205813862753382019754783835
13 8 7 13402628917170209508050247111030348364733247697677962724382386507016758413017924592169492038161078171394337031572082593480954989701767536104516381/139788151555099854846287492325559180552099519353093245272893874281466899996157960497006600834552843662097642865302789850411627725506764039509567670
13 8 10 15778830939532242676758749762389638661448963892735398784325024700610540312191923767248064680131685484926030938090708305407380041778601456383341061/27957630311019970969257498465111836110419903870618649054578774856293379999231592099401320166910568732419528573060557970082325545101352807901913534
13 8 22 718344576411622255362044032663492450793223835244114177118856569993751327318243552400657891169510376477595258539360417992429569552360691093181807/9984867968221418203306249451825655753721394239506660376635276734390492856868425749786185773896631690149831633235913560743687694679054574250683405
13 9 2 989790962730745665987757939637515777114024279429438203913534424934512501351486924070452562306830783296836724601254621772021497838226922143564967/12708013777736350440571590211414470959281774486644840479353988571042445454196178227000600075868440332917967533209344531855602520500614912682687970
13 9 3 37936348084172372720024293982483553382405180566821973615935989048060678539131876244285028492019227025725140167678283627073831252530912988805876711/69894075777549927423143746162779590276049759676546622636446937140733449998078980248503300417276421831048821432651394925205813862753382019754783835
13 9 15 2992832347574977701530197467947596673507100312348768151054861306794313868456264195974312755720353798115007107496709802299931399719791726915850401/19969735936442836406612498903651311507442788479013320753270553468780985713736851499572371547793263380299663266471827121487375389358109148501366810
13 9 22 16038964181846031584831092374473111762242594479642050370294494181752854161917001235920688187548387203788554403427726570336104473092949914953823402/69894075777549927423143746162779590276049759676546622636446937140733449998078980248503300417276421831048821432651394925205813862753382019754783835
13 10 8 28942419359130103211913745267768888832946238322994938146035865228364621293219379261450482957425194828988026948494324928994926893640782119990675469/139788151555099854846287492325559180552099519353093245272893874281466899996157960497006600834552843662097642865302789850411627725506764039509567670
13 10 13 36384564752417777355461452911558473720392278987806170679084665327490128885891494204501546845155010580833549753917864975459950101134982130139224294/69894075777549927423143746162779590276049759676546622636446937140733449998078980248503300417276421831048821432651394925205813862753382019754783835
13 10 17 8260130207883925329007017642015036076541749159723023808066546364681290444122543707796010176010405121115262009516821007195268180059357746440816697/69894075777549927423143746162779590276049759676546622636446937140733449998078980248503300417276421831048821432651394925205813862753382019754783835
13 10 24 21556342275366346265436805950643272125285224735039918152555585668759440042910505410961003834796817429211992389939092956106264269477302166358810219/139788151555099854846287492325559180552099519353093245272893874281466899996157960497006600834552843662097642865302789850411627725506764039509567670
13 11 2 16081162475248530333745938602845552283170085808051497821514390503424698804568227711584707845679866176419224632264407721705046525874974637054368038/69894075777549927423143746162779590276049759676546622636446937140733449998078980248503300417276421831048821432651394925205813862753382019754783835
13 11 3 8058085854800445030199449726239279147212744277054379181789170460732071788798396594987799827716108254183845698756316176710119788505878269425625171/69894075777549927423143746162779590276049759676546622636446937140733449998078980248503300417276421831048821432651394925205813862753382019754783835
13 11 9 14429338481400947720741875503130417632609798809260264624063487416544152859049048558307797461226027191117052557777614983743781650278040983114911913/27957630311019970969257498465111836110419903870618649054578774856293379999231592099401320166910568732419528573060557970082325545101352807901913534
13 11 10 1928725009763781503697875920274373953045055324384409797633749562212532845911728324347988214971920812024071103362143508137263116307773072408630252/13978815155509985484628749232555918055209951935309324527289387428146689999615796049700660083455284366209764286530278985041162772550676403950956767
13 11 19 75712390359350477708578948993689997834311892736070169631819648307266055062185848842716031911550725065528380751832053489755682277122586888719167/139788151555099854846287492325559180552099519353093245272893874281466899996157960497006600834552843662097642865302789850411627725506764039509567670
13 12 19 7575864569309925342604530933077085861570586882738783132707200036791161453034499562584942998298684784604107283209241331535961815634788957199973397/13978815155509985484628749232555918055209951935309324527289387428146689999615796049700660083455284366209764286530278985041162772550676403950956767
13 12 21 6402950586200060142024218299478832193639365052570541394582187391355528546581296487115717085156599581605657003321037653505200956915887446750983370/13978815155509985484628749232555918055209951935309324527289387428146689999615796049700660083455284366209764286530278985041162772550676403950956767
13 13 1 48421495908224229577558459083779499111822200954694779926828222676943373467047876835523349439029188217331039454841347059888144423466895710175655521/139788151555099854846287492325559180552099519353093245272893874281466899996157960497006600834552843662097642865302789850411627725506764039509567670
13 13 2 1337426299591524573236487177401468897859113856251269165577135994119603066721981342162137723749931539833532066010740327732444063403274861817352021/139788151555099854846287492325559180552099519353093245272893874281466899996157960497006600834552843662097642865302789850411627725506764039509567670
13 13 4 33398247771935282899603453456750994656880352725051732153013138403159016518342580349522516324632196847033378523899084801017052186058944849357251413/69894075777549927423143746162779590276049759676546622636446937140733449998078980248503300417276421831048821432651394925205813862753382019754783835
13 13 6 2701934703213757505477357367557165451792153439600009165129940370797758673112979457528101230977309446078641940012749952578722881749352999656468067/19969735936442836406612498903651311507442788479013320753270553468780985713736851499572371547793263380299663266471827121487375389358109148501366810
13 13 19 4319190880917232357944137577976065066112425014843667718552656208501579713912085417579372405668164088315820716563283192705874694273232771206780833/139788151555099854846287492325559180552099519353093245272893874281466899996157960497006600834552843662097642865302789850411627725506764039509567670
14 0 2 21576857522164599039790153652583514924172728556734032304784463430039637991777423253723840478802716032197907896359005264217952850426019362981932486/69894075777549927423143746162779590276049759676546622636446937140733449998078980248503300417276421831048821432651394925205813862753382019754783835
14 0 4 853904974586497192340423339090487125131794227824620519183810689557043648232172175199209938621185991599935521613615258570861485379615648623522057/1996973593644283640661249890365131150744278847901332075327055346878098571373685149957237154779326338029966326647182712148737538935810914850136681
14 0 32 18430544144857926651438775642029025972264233145950872160229099576197284318175530862807112086732196092853170279815855611007709024040814954949579354/69894075777549927423143746162779590276049759676546622636446937140733449998078980248503300417276421831048821432651394925205813862753382019754783835
14 1 2 4738453642699651851612413733692384542935081389755185031702040529860519699131811725399099345229671826237886547409019196064151595880114530904962487/139788151555099854846287492325559180552099519353093245272893874281466899996157960497006600834552843662097642865302789850411627725506764039509567670
14 1 7 24428820480133686931590591063903925989141583554326492318934272605397464539158025072340812014742519083229324895194651404567364095358496781540429281/139788151555099854846287492325559180552099519353093245272893874281466899996157960497006600834552843662097642865302789850411627725506764039509567670
14 1 13 2085440483674864305277178534607921172496384088973468739778394415759425513928814495936476220231407714635082344002662959767195355332187459814000838/13978815155509985484628749232555918055209951935309324527289387428146689999615796049700660083455284366209764286530278985041162772550676403950956767
14 1 22 7154481573856204419708842479669474584129735118561198279018956738551869927080322127056221568492050788682798685302746719576861271124052948395383183/139788151555099854846287492325559180552099519353093245272893874281466899996157960497006600834552843662097642865302789850411627725506764039509567670
14 1 27 16325093267375610818736656759872158022011178294324566261098079838362863670152911481971730978961493491638519831286934489212229695486824658482784136/69894075777549927423143746162779590276049759676546622636446937140733449998078980248503300417276421831048821432651394925205813862753382019754783835
14 1 29 1728068126964956316391408182263823888960713034492955730401594410402939374468740301092406176992007110773750238670990131220700957243610336117735973/139788151555099854846287492325559180552099519353093245272893874281466899996157960497006600834552843662097642865302789850411627725506764039509567670
14 1 32 24116868179972745318369569000103021888973104388786796996428453081467061988362546673904918784429765361773009698062441911443068430802482763722740047/69894075777549927423143746162779590276049759676546622636446937140733449998078980248503300417276421831048821432651394925205813862753382019754783835
14 2 7 79044638508348775528580433895406896954741567691924808336101154528810125085188665616436044733707467321226733613318855986337156120614744128724328803/139788151555099854846287492325559180552099519353093245272893874281466899996157960497006600834552843662097642865302789850411627725506764039509567670
14 2 12 3891894338430616041105784839025488703426175505798874894508280411139880023696390730457993350116894226564466307292643850228835042325122080550653561/13978815155509985484628749232555918055209951935309324527289387428146689999615796049700660083455284366209764286530278985041162772550676403950956767
14 2 31 21824569662444918906649210039897396563096196603179687991709915641257974674005387575990622599676434075226246179057495361786121181640799105278703257/139788151555099854846287492325559180552099519353093245272893874281466899996157960497006600834552843662097642865302789850411627725506764039509567670
14 3 0 9917515328682871256796890901184933164073504498376467771171559257444092448211306516215367479419794371175238503927606094739906748745762502842024091/13978815155509985484628749232555918055209951935309324527289387428146689999615796049700660083455284366209764286530278985041162772550676403950956767
14 3 13 31781392939423296301703293078899776487100344195676174730285632968303593688197023019815845720662332951973100099648389573908782038259014812226012743/139788151555099854846287492325559180552099519353093245272893874281466899996157960497006600834552843662097642865302789850411627725506764039509567670
14 3 16 8831605328847845976615290234810072424264130173652392830892648738722381825847872315037080319692566998372157726378339329103778199790124198863314017/139788151555099854846287492325559180552099519353093245272893874281466899996157960497006600834552843662097642865302789850411627725506764039509567670
14 4 23 41587140948308614760439590060716645349572908294814063923386525221101994899683957866788146509638970311230503641481364163101158933651691872171179613/69894075777549927423143746162779590276049759676546622636446937140733449998078980248503300417276421831048821432651394925205813862753382019754783835
14 4 26 12085457245558450630053925496240328772172070513202998929915028678756289086484520154219547172432634624317727836370481379902024581615466846758934303/69894075777549927423143746162779590276049759676546622636446937140733449998078980248503300417276421831048821432651394925205813862753382019754783835
14 4 29 16221477583682862032650230605822616154304780868529559783145383240875166011910502227495606735204816895500589954799549382202630347486223300824669919/69894075777549927423143746162779590276049759676546622636446937140733449998078980248503300417276421831048821432651394925205813862753382019754783835
14 5 0 4626582595161878682557357610212072296787932393889060287098659369539586436983317998474310899571117024599715151170877707193742032328375587472352257/69894075777549927423143746162779590276049759676546622636446937140733449998078980248503300417276421831048821432651394925205813862753382019754783835
14 5 1 45023366763928327682529319335929060032352301184077802634912137742535308375210914030878807862702584047946236582241405691497600945379072587020879/1270801377773635044057159021141447095928177448664484047935398857104244545419617822700060007586844033291796753320934453185560252050061491268268797
14 5 6 5105560985967446997849666400361622310440827229792542079100607984906325963626185759483752045228504665198249683977282477325640839937153437899646757/69894075777549927423143746162779590276049759676546622636446937140733449998078980248503300417276421831048821432651394925205813862753382019754783835
14 5 25 89925485813286593581853234466433125309863319117378306778737558351014199592235958087988254455343651246328841034124644413602027137802489031672322919/139788151555099854846287492325559180552099519353093245272893874281466899996157960497006600834552843662097642865302789850411627725506764039509567670
14 5 26 6061300496955088154439150160798767665351860898819158326902912118447352608153770515488735143228667887467092338040075543078420109561348572793272862/69894075777549927423143746162779590276049759676546622636446937140733449998078980248503300417276421831048821432651394925205813862753382019754783835
14 5 28 1211200658328392504514880399038994008501473278224078074373783802998844224102023028975280121659575365087691041886829032322659865459892893357673119/12708013777736350440571590211414470959281774486644840479353988571042445454196178227000600075868440332917967533209344531855602520500614912682687970
14 6 0 528296425301141516090633529207437893489804529052461577361164200386401413113859824172675598847196417484730828851341495917158979011618346995927291/9984867968221418203306249451825655753721394239506660376635276734390492856868425749786185773896631690149831633235913560743687694679054574250683405
14 6 6 19061456007482097164939626953490476787646798632042003274793177217107381111831066615308895300183255464589244339844270768058616152136842485781344093/69894075777549927423143746162779590276049759676546622636446937140733449998078980248503300417276421831048821432651394925205813862753382019754783835
14 6 7 6175504721442994349090734340933391899642510966012979856966891492361063757663524004371449114375470600640994218511544956861128521151896075521584707/69894075777549927423143746162779590276049759676546622636446937140733449998078980248503300417276421831048821432651394925205813862753382019754783835
14 6 16 56422375182138673375193429287732471208771015280160882683140235118946533060349240882341213232143705492256693167401255198884314552917033690390542907/139788151555099854846287492325559180552099519353093245272893874281466899996157960497006600834552843662097642865302789850411627725506764039509567670
14 6 17 2317791360081365201614951912734076496353874679098903113016109358015805219384136439717021853584630563144930997933738387167963465440872397142744099/12708013777736350440571590211414470959281774486644840479353988571042445454196178227000600075868440332917967533209344531855602520500614912682687970
14 7 1 91395647951234764226761902577273680754026589623950768050034937513532252600515713625178942962458408522508722050341945900059413162918536279767498217/139788151555099854846287492325559180552099519353093245272893874281466899996157960497006600834552843662097642865302789850411627725506764039509567670
14 7 19 2001684573432743963057640405153147874503911156945933975332722086201960405731124064388732636289289441155639457375239922213030473867474299731313432/6354006888868175220285795105707235479640887243322420239676994285521222727098089113500300037934220166458983766604672265927801260250307456341343985
14 7 22 4355442988344723432257500834916246558986884276331929765539050871491518469557517455275539873730067434164852752705565661665544137503793165653173949/139788151555099854846287492325559180552099519353093245272893874281466899996157960497006600834552843662097642865302789850411627725506764039509567670
14 8 2 67932299744339601227159772602318192351887634675054010727698242728989921456987080464672974674365823715104344605409567580126719961544879804439100039/139788151555099854846287492325559180552099519353093245272893874281466899996157960497006600834552843662097642865302789850411627725506764039509567670
14 8 5 12469339297114332764598343679793676649257056049970742468367099120197111624711871050032374151808149973361464528713267664149517251958903735131566191/69894075777549927423143746162779590276049759676546622636446937140733449998078980248503300417276421831048821432651394925205813862753382019754783835
14 8 18 16187529434824480871195228006740123881004274469295827552807328508481730763149554308173184621693715303784682212686684682260650911453639140844046553/139788151555099854846287492325559180552099519353093245272893874281466899996157960497006600834552843662097642865302789850411627725506764039509567670
14 8 24 15364821890853553609367902178456755510346749054400961027827052401800512263298791812047846617438502348242843494890001129862611174295218811981644348/69894075777549927423143746162779590276049759676546622636446937140733449998078980248503300417276421831048821432651394925205813862753382019754783835
14 9 11 52806673229716778581326580420227181061143259359346088105383997074558532606210683589276125443371959137670773788791016174987747789201363092754316992/69894075777549927423143746162779590276049759676546622636446937140733449998078980248503300417276421831048821432651394925205813862753382019754783835
14 9 15 17087402547833148841817165742552409214906500317200534531062940066174917391868296659227174973904462693378047643860378750218066073552018927000466843/69894075777549927423143746162779590276049759676546622636446937140733449998078980248503300417276421831048821432651394925205813862753382019754783835
14 10 4 28025560105156823847261429952421753991971288615276912013051230924968330881710843216787529636858954096871280216291764602333236640851968828830691754/69894075777549927423143746162779590276049759676546622636446937140733449998078980248503300417276421831048821432651394925205813862753382019754783835
14 10 5 533623490280451150559199330519080793464577106821238136493743361591203275101206389559309377579954305939253326539009339288683715894285718506982075/3993947187288567281322499780730262301488557695802664150654110693756197142747370299914474309558652676059932653294365424297475077871621829700273362
14 10 21 14140189630975370626210298053388567504235068948721817218321169592859265774854488673886001551021537237984951335818096226175801624920268650760106421/139788151555099854846287492325559180552099519353093245272893874281466899996157960497006600834552843662097642865302789850411627725506764039509567670
14 10 24 25460009776997523127991178899579638646330837217537134625594612591489428914669780877484855897257498761248132334017918772232711381291278791671852558/69894075777549927423143746162779590276049759676546622636446937140733449998078980248503300417276421831048821432651394925205813862753382019754783835
14 11 1 19476250136101570886512365936951729385582830424077934029093937453718580617884824528944143149845234837955238871148096778502627991366798796968132591/139788151555099854846287492325559180552099519353093245272893874281466899996157960497006600834552843662097642865302789850411627725506764039509567670
14 11 6 32802777298370342619672670175531902559024020339036971778860922502650740179194287962934358138181380223947640581639185369922446585708475408854463827/139788151555099854846287492325559180552099519353093245272893874281466899996157960497006600834552843662097642865302789850411627725506764039509567670
14 11 18 38649001074346523672201561706176151993305507065196627653368899177642463635913238243080297728034609634899132022280471373667635734278591478943838869/69894075777549927423143746162779590276049759676546622636446937140733449998078980248503300417276421831048821432651394925205813862753382019754783835
14 11 20 5105560985967446997849666400361622310440827229792542079100607984906325963626185759483752045228504665198249683977282477325640839937153437899646757/69894075777549927423143746162779590276049759676546622636446937140733449998078980248503300417276421831048821432651394925205813862753382019754783835
14 12 6 22338936847850922942754142222085178875552884578588177509424083255163059104697707903185974899437993032155100688288969875030854878266210962576203207/139788151555099854846287492325559180552099519353093245272893874281466899996157960497006600834552843662097642865302789850411627725506764039509567670
14 12 9 1050852283514847875136344564164877422526474442467212915224801588289131201556716373745248864099813150986037523777649751951132032504636826645245677/3993947187288567281322499780730262301488557695802664150654110693756197142747370299914474309558652676059932653294365424297475077871621829700273362
14 12 10 6841738383861264275884674434122773484468648357603321377324423912848542240383808318978111471833586270090528905732432817785722470961736179552689637/19969735936442836406612498903651311507442788479013320753270553468780985713736851499572371547793263380299663266471827121487375389358109148501366810
14 12 13 25898982618081857576499259174744481433304854060898953590231651767915517547437780609531500521857276359409205911411952891024750120474544029635604579/139788151555099854846287492325559180552099519353093245272893874281466899996157960497006600834552843662097642865302789850411627725506764039509567670
14 12 16 98260478273122125229561573487134229479066238914720178558558803976127651526439152433694783813271572791261722760815657736662061319593812254933339/1996973593644283640661249890365131150744278847901332075327055346878098571373685149957237154779326338029966326647182712148737538935810914850136681
14 13 3 11910861501840086738771170895635890559498046804757397625551577014628272958428861809966980837773312067747775358851517161163558174939293501982724101/139788151555099854846287492325559180552099519353093245272893874281466899996157960497006600834552843662097642865302789850411627725506764039509567670
14 13 15 62972841175886363205146185587904960542094973805132856529562312330887767727394921744489576814093601511108085228950512929086715054872995059562621187/139788151555099854846287492325559180552099519353093245272893874281466899996157960497006600834552843662097642865302789850411627725506764039509567670
14 13 21 32452224438686702451185067921009164725253249371601495558889992467975429655167088471275021591342965041620891138750379880080677247847237738982111191/69894075777549927423143746162779590276049759676546622636446937140733449998078980248503300417276421831048821432651394925205813862753382019754783835
14 14 5 62955802487000237994469114492998281079817997551814320080756675483764206387741136965930556659143992901941821156902979686836328633402474268355717977/139788151555099854846287492325559180552099519353093245272893874281466899996157960497006600834552843662097642865302789850411627725506764039509567670
14 14 12 19306362895996525530903025406990036748029990432126570845206114119597574061162873633377887725820239572959656321773520487718566539385328487270571111/139788151555099854846287492325559180552099519353093245272893874281466899996157960497006600834552843662097642865302789850411627725506764039509567670
14 14 17 28762993086051545660457676212785431362125765684576177173465542339052559773626974948849078224794305593598082693313144837928366276359480641941639291/69894075777549927423143746162779590276049759676546622636446937140733449998078980248503300417276421831048821432651394925205813862753382019754783835
15 0 7 5511716384596471948089974846641676723921193857918367718620366727080838512182782835863604535964807521823285981203719915763838057265867012801905608/69894075777549927423143746162779590276049759676546622636446937140733449998078980248503300417276421831048821432651394925205813862753382019754783835
15 0 18 2390680230544667578499348332202084578754046333022992389849522228139567315039449388828435428599841527139888805614128394986105530624992337296703614/6354006888868175220285795105707235479640887243322420239676994285521222727098089113500300037934220166458983766604672265927801260250307456341343985
15 0 29 38084876856962112111560939661914983185834056155375338629481825904117371020462254135526906166713357510686758589692262664594814968612599296689138473/69894075777549927423143746162779590276049759676546622636446937140733449998078980248503300417276421831048821432651394925205813862753382019754783835
15 1 2 681072789270518711770332316840113383069773066728427747481508956560652911153256678108857858854983704597186729319663822227490505083896429852466761/1270801377773635044057159021141447095928177448664484047935398857104244545419617822700060007586844033291796753320934453185560252050061491268268797
15 1 7 3314071265261610150885061702608583152540841917271841179452508875423781509520799432865674201807926701125318492938647058306022649505810212909025719/13978815155509985484628749232555918055209951935309324527289387428146689999615796049700660083455284366209764286530278985041162772550676403950956767
15 1 20 102932610082877877886561859698346804850022403954455515393521764279971397294513939781085589509104031349455192859962384715570776911759986845934017/907715269838310745755113586529605068520126749046060034239570612217317532442584159071471433990602880922711966657810323703971608607186779477334855
15 1 24 7938905064981750924084897026757734471056306315630815942400224303220834745368292425044156779011674158668909005159545788064773013404508326187064076/69894075777549927423143746162779590276049759676546622636446937140733449998078980248503300417276421831048821432651394925205813862753382019754783835
15 2 12 7000283942775245169104566362125887326225284181981515368192946522242706581525358283065391155985321574180984610249634573548975238824593818646888868/69894075777549927423143746162779590276049759676546622636446937140733449998078980248503300417276421831048821432651394925205813862753382019754783835
15 2 20 6966483485853997285590430791623873941686399879908453751091686795942495031430387606038901877323016502844903438033809282771159219650475679433383433/19969735936442836406612498903651311507442788479013320753270553468780985713736851499572371547793263380299663266471827121487375389358109148501366810
15 2 30 77022199268571383508945344059940288307844151829771038278866173665384021613094530688603505381321084993821349578566855723915562710304246646182105903/139788151555099854846287492325559180552099519353093245272893874281466899996157960497006600834552843662097642865302789850411627725506764039509567670
15 3 5 18688180223559806543447549905032802054424129548474537540127491227227339689546085439962692331473467494164517483358055987154399490166589642225270573/69894075777549927423143746162779590276049759676546622636446937140733449998078980248503300417276421831048821432651394925205813862753382019754783835
15 3 6 5494070667590820888878483484222231965543191380268210841296893814703313790009109236412827568392740225190689375164271343195051825736414868557856447/19969735936442836406612498903651311507442788479013320753270553468780985713736851499572371547793263380299663266471827121487375389358109148501366810
15 3 10 4995023725228275702264662092070627923571759213203911086796100992625169884367279018339542309076019988601468494266527542706650557849387264707857749/19969735936442836406612498903651311507442788479013320753270553468780985713736851499572371547793263380299663266471827121487375389358109148501366810
15 3 28 3159192617817452926547753668072880064555784854860034906790952129828758070657093332693035709615668227583392230362799436986072212290902015884204668/69894075777549927423143746162779590276049759676546622636446937140733449998078980248503300417276421831048821432651394925205813862753382019754783835
15 3 30 11334872561305829884147433072648898545167518196059623441203011958027659377558442584214277805046625361028359175922743400409383817745582895215308908/69894075777549927423143746162779590276049759676546622636446937140733449998078980248503300417276421831048821432651394925205813862753382019754783835
15 4 0 24599915918114625706792005495005317802228892053644731191220749246367682698799131139895140192091487716562997752883007301751276195844027397526663431/139788151555099854846287492325559180552099519353093245272893874281466899996157960497006600834552843662097642865302789850411627725506764039509567670
15 4 3 370892780530451408468665573286400427671335024276169135982155225110983163667661730837214804463113575637669560947446956489932603543222898571190334/6354006888868175220285795105707235479640887243322420239676994285521222727098089113500300037934220166458983766604672265927801260250307456341343985
15 4 5 44619153318291243058897813075157657787642068212325297325495143471190253297483028015503297193487524593384444939856954085437110057024606972432535929/139788151555099854846287492325559180552099519353093245272893874281466899996157960497006600834552843662097642865302789850411627725506764039509567670
15 4 23 7383416027501346798205708632143615289491006146957792176628393456629982507471636118447273243946907375818537379489096298206313358946073886826991843/69894075777549927423143746162779590276049759676546622636446937140733449998078980248503300417276421831048821432651394925205813862753382019754783835
15 4 29 23821304546010680748937806939404082487238588129565955705656889849103684692121985513147445631445758968242197536370401412016048738397539063665098638/69894075777549927423143746162779590276049759676546622636446937140733449998078980248503300417276421831048821432651394925205813862753382019754783835
15 5 6 75004925208030908154007133808538404294124569763931092858363572485564832522148463710348926873502308065039059178589372658987252565603047104480390871/139788151555099854846287492325559180552099519353093245272893874281466899996157960497006600834552843662097642865302789850411627725506764039509567670
15 5 16 16073003836127993935778751608621511434234917310599950902343879337010843917182678587677866137176959301183330809323881268774816356850687227207039334/69894075777549927423143746162779590276049759676546622636446937140733449998078980248503300417276421831048821432651394925205813862753382019754783835
15 5 23 637868489169657721370969426703486695416211008709918319982362092282532650537949873326494935661767019367172480756823563740446399240195956437882057/13978815155509985484628749232555918055209951935309324527289387428146689999615796049700660083455284366209764286530278985041162772550676403950956767
15 5 25 24120418414762542443757282997400045947966100347992303509005233925002771056957063440316642604903897241979844321712985628487397068224864284095750503/139788151555099854846287492325559180552099519353093245272893874281466899996157960497006600834552843662097642865302789850411627725506764039509567670
15 5 28 1069057684176919581627939017671420243688452266435381950506844137026141038653788718860174862587524779520176469392216693991440692787759316070263529/69894075777549927423143746162779590276049759676546622636446937140733449998078980248503300417276421831048821432651394925205813862753382019754783835
15 6 3 1851577946114481656361377078996584081804585486167264338895637787833120981710076664861618792003705763097210985732657939337238844401852984925951962/6354006888868175220285795105707235479640887243322420239676994285521222727098089113500300037934220166458983766604672265927801260250307456341343985
15 6 8 2699885839727081665880834361201448948168546566709523902479291909792459950655059935025787468697318578119110427423647495562058349254064271297560619/139788151555099854846287492325559180552099519353093245272893874281466899996157960497006600834552843662097642865302789850411627725506764039509567670
15 6 17 11022342340193130957963836376842637897404456367187478489451598589478911779161912790037419547287720211972361876042281780977846095415481413211051341/27957630311019970969257498465111836110419903870618649054578774856293379999231592099401320166910568732419528573060557970082325545101352807901913534
15 6 26 20620919599944260975318590171109846158603905127383256733726279045975609776035824992419051102667698617989040685774629392270542161167263516892903591/69894075777549927423143746162779590276049759676546622636446937140733449998078980248503300417276421831048821432651394925205813862753382019754783835
15 7 5 15480510765263302209418859619977316489274957211986229091196430508344959026508663839867586307611509691686993753294411195968134163988510687229981669/69894075777549927423143746162779590276049759676546622636446937140733449998078980248503300417276421831048821432651394925205813862753382019754783835
15 7 20 399172443842481233201083340667885612893583954692084390136344927104478017880356142264878616929181699969850206114856201725525711183558919424257795/13978815155509985484628749232555918055209951935309324527289387428146689999615796049700660083455284366209764286530278985041162772550676403950956767
15 7 24 8163640705238679246616363877997432820513976130962649749424424330883278919016602919915489665172347117943309461414718559315370768445499158825613479/12708013777736350440571590211414470959281774486644840479353988571042445454196178227000600075868440332917967533209344531855602520500614912682687970
15 7 25 1821097097735445230896273376371281655924718278853696454704393928016803906931194489978259081076367236206908124847941982936078615145261978071367761/139788151555099854846287492325559180552099519353093245272893874281466899996157960497006600834552843662097642865302789850411627725506764039509567670
15 7 27 6607130365393760575881331822291324381517654831378549745382251212999664874111622392786998326032910872720920548577779652907472608824200372826955176/69894075777549927423143746162779590276049759676546622636446937140733449998078980248503300417276421831048821432651394925205813862753382019754783835
15 8 0 3383748473976182184416218821144635751454893793533244846166671743042481172124106955333758179905974459660425900196439373802119564481204890959447691/69894075777549927423143746162779590276049759676546622636446937140733449998078980248503300417276421831048821432651394925205813862753382019754783835
15 8 13 22886101681188779574638794181366647621061363874467301366615778569092578363074848998973771232232374897625770249320317914229900505425394897065692836/69894075777549927423143746162779590276049759676546622636446937140733449998078980248503300417276421831048821432651394925205813862753382019754783835
15 8 19 43624225622384965664088733160268306903533502008546076423664486828598390462880024294195771005138072473762625283134637637173793792846782231729643308/69894075777549927423143746162779590276049759676546622636446937140733449998078980248503300417276421831048821432651394925205813862753382019754783835
15 9 4 43074993366970096655867270195410440639020246328520608329473167419880765508447828171024364968321343242396092293618999525815372498223776073622084307/139788151555099854846287492325559180552099519353093245272893874281466899996157960497006600834552843662097642865302789850411627725506764039509567670
15 9 17 33774512687857852129546407439088228065253134502900791543334319806793678770706159340351994558631957894218413519251493358880282733807297616300879972/69894075777549927423143746162779590276049759676546622636446937140733449998078980248503300417276421831048821432651394925205813862753382019754783835
15 9 18 2295547168480313656317556283276391034062561524598454038781859619470627778719176131919916138395317256777621884286869479695655390475287271849357809/69894075777549927423143746162779590276049759676546622636446937140733449998078980248503300417276421831048821432651394925205813862753382019754783835
15 9 19 4169162247140638317634719852262526529855854552616561061986808437593491007157671449501915508718313325171581317489158597123075442496315425383562885/27957630311019970969257498465111836110419903870618649054578774856293379999231592099401320166910568732419528573060557970082325545101352807901913534
15 9 23 1863613619875117515259347712053434532584304103245670234627152910545033176535552066964418464292691745925786588580635830914500883118120531334596688/69894075777549927423143746162779590276049759676546622636446937140733449998078980248503300417276421831048821432651394925205813862753382019754783835
15 10 0 39793113011487555096850564742213984683280274215326976856729495908971439088427746062556849842578302723336457901160190516313142809182552436375413303/69894075777549927423143746162779590276049759676546622636446937140733449998078980248503300417276421831048821432651394925205813862753382019754783835
15 10 1 2567765262929370865379888486656011026969618450531005838474965147487906478411026676094816383111266715536979012643349601642467741254892496265428182/9984867968221418203306249451825655753721394239506660376635276734390492856868425749786185773896631690149831633235913560743687694679054574250683405
15 10 10 174820198078769725063435072479890155131010689056382865113630146811684494179966645096441944698269652993238020563748056290505451293211282794004249/3993947187288567281322499780730262301488557695802664150654110693756197142747370299914474309558652676059932653294365424297475077871621829700273362
15 10 24 18134504918356612160047696491150901378378938498031809541808315260284373825249262328190003721399066343143690166244332424623102934310769321252597801/139788151555099854846287492325559180552099519353093245272893874281466899996157960497006600834552843662097642865302789850411627725506764039509567670
15 11 0 12858723916903485451671920580915572674446060498517414073264346956046588205265642121672347359258190875301146896529061071239926470848734668512088803/139788151555099854846287492325559180552099519353093245272893874281466899996157960497006600834552843662097642865302789850411627725506764039509567670
15 11 4 4009818108632918811309872679444455207492582156265517796398822488585261658422965713316371316850385857064201586115951523261077051425176660682837606/9984867968221418203306249451825655753721394239506660376635276734390492856868425749786185773896631690149831633235913560743687694679054574250683405
15 11 7 55770475886994146525009856250179252074326099357544089933889778684323114241286287757098442765670330854454669921077324802596544910634401667116845287/139788151555099854846287492325559180552099519353093245272893874281466899996157960497006600834552843662097642865302789850411627725506764039509567670
15 11 15 1072964159310097107947678427302998778459372093522463722582588128635966737977465045129043733837065709531643131576648760780005544576511032451493364/9984867968221418203306249451825655753721394239506660376635276734390492856868425749786185773896631690149831633235913560743687694679054574250683405
15 12 2 1355753071865067272438907986741634044236481583007161970392005049301764760434560255908884161710547221946834939042938874451061299152686246186730931/9984867968221418203306249451825655753721394239506660376635276734390492856868425749786185773896631690149831633235913560743687694679054574250683405
15 12 7 15718100325472462804646427620788884889799011789707630513014415661277875463620073461447584042450521384474755098410259893258762615845135130331373181/139788151555099854846287492325559180552099519353093245272893874281466899996157960497006600834552843662097642865302789850411627725506764039509567670
15 12 21 15021264909274422752815937614558202644324637995380967380877881997559835840649138698879124036548771866211805217201361270507197022528537248944585632/69894075777549927423143746162779590276049759676546622636446937140733449998078980248503300417276421831048821432651394925205813862753382019754783835
15 12 22 75046978404967604721864477661271013754340489410523412412635623934844646205155766055076390455057117437943588185888663173823612876466946964674790191/139788151555099854846287492325559180552099519353093245272893874281466899996157960497006600834552843662097642865302789850411627725506764039509567670
15 13 2 5752437450162671788006146019118859372108554267902331145094515329817077912855960891238468823141329647070481409390046187062196439465157513654287981/27957630311019970969257498465111836110419903870618649054578774856293379999231592099401320166910568732419528573060557970082325545101352807901913534
15 13 5 986893410000738650578805552496385133736822439694159825648585869464296426870541156562259011332795817524585894451221791049050004425951735396857619/12708013777736350440571590211414470959281774486644840479353988571042445454196178227000600075868440332917967533209344531855602520500614912682687970
15 13 12 39425386694934245481975320619215861857572402890973549875749338722633390104550217525741374334562285213060977762518618307093754304197033854477366574/69894075777549927423143746162779590276049759676546622636446937140733449998078980248503300417276421831048821432651394925205813862753382019754783835
15 13 20 10659681702204939892969629957036461752653447697499365856894087811503734763600884133573329462530435503926417727175941299686793435550719836458980404/69894075777549927423143746162779590276049759676546622636446937140733449998078980248503300417276421831048821432651394925205813862753382019754783835
15 14 1 23891223803930003911361047612579478682275157733339191679065106216259524311282644222920548770987262790163679157478693241335588872670861448556400737/139788151555099854846287492325559180552099519353093245272893874281466899996157960497006600834552843662097642865302789850411627725506764039509567670
15 14 6 5174471462389465672420487502272051646609189572037009961417801158977041186478125466054991872033371658242013723693028045934556034131162768161544111/69894075777549927423143746162779590276049759676546622636446937140733449998078980248503300417276421831048821432651394925205813862753382019754783835
15 14 14 88131366074557071902762814302802031126215431477109766445924175861939531665378859213467755551702610124121143457601267268246860398979417365502902833/139788151555099854846287492325559180552099519353093245272893874281466899996157960497006600834552843662097642865302789850411627725506764039509567670
15 14 20 1244044196559560549094475386116683389313610785612161944647784991808125831895729009179165197699730530809199485916912374925719027542439977794798277/9984867968221418203306249451825655753721394239506660376635276734390492856868425749786185773896631690149831633235913560743687694679054574250683405
15 15 1 63972425321004389694318006776874498286295472529109315252562813225351896416131461609100725461773236150176526917639740488891590163780920324436078937/139788151555099854846287492325559180552099519353093245272893874281466899996157960497006600834552843662097642865302789850411627725506764039509567670
15 15 2 1151625729264226672085496440248485728616737728143613136350798945460194987946596666457616742615716109559275833410932530571931469328274422051457573/139788151555099854846287492325559180552099519353093245272893874281466899996157960497006600834552843662097642865302789850411627725506764039509567670
15 15 8 8765581383706085018107700872599195052162055229287817640136944980374438931193008048614654617356552692167146025641243870537280892082504250790243977/27957630311019970969257498465111836110419903870618649054578774856293379999231592099401320166910568732419528573060557970082325545101352807901913534
15 15 10 142830171527982056101068251678164140227138705901266230466758072805185761883781884794669985599547715282335739554912379612781686156684822600567939/6354006888868175220285795105707235479640887243322420239676994285521222727098089113500300037934220166458983766604672265927801260250307456341343985
15 15 16 27693929812685208155121983208520610191379981419573371613026859607068527174671660512892245860191078205314723715837825126780504536537981941858316617/139788151555099854846287492325559180552099519353093245272893874281466899996157960497006600834552843662097642865302789850411627725506764039509567670
16 0 3 5831707149322852331205553018136289898591065408125611330063373849013300829410628538742356907991056134323495144062848351986731578843622861664169011/69894075777549927423143746162779590276049759676546622636446937140733449998078980248503300417276421831048821432651394925205813862753382019754783835
16 0 10 10878899535511075167918611655475969280167418720525693438533561290560912740488427750759121514273325477975787620908326185130696267711149478149697003/69894075777549927423143746162779590276049759676546622636446937140733449998078980248503300417276421831048821432651394925205813862753382019754783835
16 0 11 53183469092715999924019581489167331097291275547895317867850002001159236428179923959001821995012040218749538667680220388088386016198609679940917821/69894075777549927423143746162779590276049759676546622636446937140733449998078980248503300417276421831048821432651394925205813862753382019754783835
16 1 4 11416647858676827829302207107561590177642426298123667157543271236760189828803159788035743501621113377425501761852462136816693674622669849055743051/139788151555099854846287492325559180552099519353093245272893874281466899996157960497006600834552843662097642865302789850411627725506764039509567670
16 1 27 37248369981616134177129015559631033500754804946828177646881954717588179659781099438222244726934942654865164871897805555686035582990274893418103602/69894075777549927423143746162779590276049759676546622636446937140733449998078980248503300417276421831048821432651394925205813862753382019754783835
16 1 29 20250059703859560423712732766574183832475574457726811440900579118741620504626276540168750960400355587911979945105157041458498638769459227715883774/69894075777549927423143746162779590276049759676546622636446937140733449998078980248503300417276421831048821432651394925205813862753382019754783835
16 1 32 13374644325471637815301788565587155707996334245859599939785535372047109838540048752188865958261133799117851469444402519305865607364625948185849867/139788151555099854846287492325559180552099519353093245272893874281466899996157960497006600834552843662097642865302789850411627725506764039509567670
16 2 5 178220841920401891420975797589809834464593324895155511004593321359812585710823975468488140542177296539669658741083026433413698126970484351012447/1996973593644283640661249890365131150744278847901332075327055346878098571373685149957237154779326338029966326647182712148737538935810914850136681
16 2 18 8379810422169920579334750923204079423732426987183373700306300269858723599999275407383114587727995518687871667704736191385633809690664269849011358/69894075777549927423143746162779590276049759676546622636446937140733449998078980248503300417276421831048821432651394925205813862753382019754783835
16 2 24 963249244721318898225491539443002142479499464852046564792758753650846206583126499670846503022457369501035730440541019198837668913737473437719876/1996973593644283640661249890365131150744278847901332075327055346878098571373685149957237154779326338029966326647182712148737538935810914850136681
16 2 29 8688064492486051860011506243195963266001075992018760446030871729447683642644072059888745956657286917302872252837263290803304874300006192367347099/69894075777549927423143746162779590276049759676546622636446937140733449998078980248503300417276421831048821432651394925205813862753382019754783835
16 2 30 12874747830433727346171132200231128393273009056192415837202442516053985025147366151354727348128926083633388890752553845888077332337933034932794073/69894075777549927423143746162779590276049759676546622636446937140733449998078980248503300417276421831048821432651394925205813862753382019754783835
16 3 1 42750062338322587298362641307515187023737094430697132252552721655781010174402903087951798586564277805456143659214323902499158429074614421276318639/139788151555099854846287492325559180552099519353093245272893874281466899996157960497006600834552843662097642865302789850411627725506764039509567670
16 3 4 5964449548440728231809475862325759365212823379756044394273518090389467474614621759689733736378635756553087381289823865686036475590572260793874403/27957630311019970969257498465111836110419903870618649054578774856293379999231592099401320166910568732419528573060557970082325545101352807901913534
16 3 8 13801913573474302545816462733766871469392911137335740958354147024216525187765361041347161708682844998602012546401564054929794634771252398730550523/139788151555099854846287492325559180552099519353093245272893874281466899996157960497006600834552843662097642865302789850411627725506764039509567670
16 3 27 6323448081565598584431401932389485786818440043615208652792617415100581566609273504891477730678652460283032067219219471357642332092882427311209959/27957630311019970969257498465111836110419903870618649054578774856293379999231592099401320166910568732419528573060557970082325545101352807901913534
16 3 28 15462863305847129975577675745564367109979707681838742762262848481350003877391552496777869145210615963624928730182958112700384190684630271862645363/139788151555099854846287492325559180552099519353093245272893874281466899996157960497006600834552843662097642865302789850411627725506764039509567670
16 3 29 1266764837484840189065264713027305837766697797273072812878695918533823110095733509604742811761732762046792137391745419012779286511798701422926267/27957630311019970969257498465111836110419903870618649054578774856293379999231592099401320166910568732419528573060557970082325545101352807901913534
16 4 2 113359850706718146451140214905808626314783799198207162451173720347756627055556120959991982276833720250153338511711564261966804412635033731198481793/139788151555099854846287492325559180552099519353093245272893874281466899996157960497006600834552843662097642865302789850411627725506764039509567670
16 4 15 26428300848381708395147277419750554237315720154886082821720153933710272940601839537014618557719123411944304353591225588444823312871730308311085877/139788151555099854846287492325559180552099519353093245272893874281466899996157960497006600834552843662097642865302789850411627725506764039509567670
16 5 4 4367607288349351173594961540942477855394250092492941018815512705564790773968974776095420316802763823460810273134973836900229088998142096565608009/139788151555099854846287492325559180552099519353093245272893874281466899996157960497006600834552843662097642865302789850411627725506764039509567670
16 5 5 6466520233794291609138048990637064885683214691001026931519371537572780939212217959585195785066364106726015892798221878434448351453227120651077919/12708013777736350440571590211414470959281774486644840479353988571042445454196178227000600075868440332917967533209344531855602520500614912682687970
16 5 9 19913899504891310982452725084180621591244971711204831039499298202139156599096009160695614428600494442358411908098840042720897415905132134739111692/69894075777549927423143746162779590276049759676546622636446937140733449998078980248503300417276421831048821432651394925205813862753382019754783835
16 5 29 12230511342615337003634270859623872885849982118589672964183339129161602846331284922041399012409542889966916977594847632645335969356429673151939584/69894075777549927423143746162779590276049759676546622636446937140733449998078980248503300417276421831048821432651394925205813862753382019754783835
16 6 22 3803695810131211086709707809024747439784826035090256265050808634311649319428133502177753965123185185147501734975953616158565655736212756491833489/12708013777736350440571590211414470959281774486644840479353988571042445454196178227000600075868440332917967533209344531855602520500614912682687970
16 6 23 43129161915176620763599149460174086791635649838452063204962593346583576172981285304956146297692503709380278520680795976938502172352736686524048697/139788151555099854846287492325559180552099519353093245272893874281466899996157960497006600834552843662097642865302789850411627725506764039509567670
16 6 25 27409167864239956064440778483056435961415391564324181576186192978727590654733603334047580460252651458047422629943252047864451670027843515787675297/69894075777549927423143746162779590276049759676546622636446937140733449998078980248503300417276421831048821432651394925205813862753382019754783835
16 7 3 752921842701143227396574693291026715368857438646881388852218295678657324099684993568046065264062445018894094064041222975155635286885334072788243/13978815155509985484628749232555918055209951935309324527289387428146689999615796049700660083455284366209764286530278985041162772550676403950956767
16 7 13 105467080325212681109137082189677113180264282082487892824866360556172609103129086496050199965575769631980963871437476930825048276994056185074985911/139788151555099854846287492325559180552099519353093245272893874281466899996157960497006600834552843662097642865302789850411627725506764039509567670
16 7 16 26791852802875741463184663202971800218146662884136538559505330768507717652032024065275940216336449579927738053224900689835023095643854513706699329/139788151555099854846287492325559180552099519353093245272893874281466899996157960497006600834552843662097642865302789850411627725506764039509567670
16 8 6 18440406473804573832502277858290029634338604763280754520411932546197878655107098937185669938601818059824439047002494739849873157128486648910539153/139788151555099854846287492325559180552099519353093245272893874281466899996157960497006600834552843662097642865302789850411627725506764039509567670
16 8 15 4420012797519953098280650203469665174245444086640315946520287193530072637285684715352485199533534930463992110852790106425616801657266650258233459/139788151555099854846287492325559180552099519353093245272893874281466899996157960497006600834552843662097642865302789850411627725506764039509567670
16 8 17 18525999108798889029648861876928825817298718668048961975247505889166993994692461579032124280653096873228693927644379244172383597336799103210438733/139788151555099854846287492325559180552099519353093245272893874281466899996157960497006600834552843662097642865302789850411627725506764039509567670
16 8 19 25686276809462459007227451982889160013520593849755518413858656383275238558054653496275774108172390698832287478822350533656394743318558456716763947/139788151555099854846287492325559180552099519353093245272893874281466899996157960497006600834552843662097642865302789850411627725506764039509567670
16 8 22 259403269312987017669571850037533976912800757037462042315512389588583799580671529698298660005936279593761578572164178430122462115049409901838929/1815430539676621491510227173059210137040253498092120068479141224434635064885168318142942867981205761845423933315620647407943217214373558954669710
16 8 26 10548280925682795903614243590218276738082099938696623431712207654195152716661270796478310097426981914205717750184826697437585968641369723594398969/27957630311019970969257498465111836110419903870618649054578774856293379999231592099401320166910568732419528573060557970082325545101352807901913534
16 9 7 2012543749354102925060956877803164264801692794714896142665666826493065263647156051592451566774223450714824308411034222526321024488131737994342947/3993947187288567281322499780730262301488557695802664150654110693756197142747370299914474309558652676059932653294365424297475077871621829700273362
16 9 8 7912824337242585858284754412399706420398984730626148340924780971952883074021377069766640838989771964332364867152956275824929640599519150556220943/19969735936442836406612498903651311507442788479013320753270553468780985713736851499572371547793263380299663266471827121487375389358109148501366810
16 9 21 997096426214867961511480051117891881517669887406345849508719182181388160739847085921736437466187081196588428631849866515420313158965653986715566/9984867968221418203306249451825655753721394239506660376635276734390492856868425749786185773896631690149831633235913560743687694679054574250683405
16 10 0 26488974797971553185362704601760991728084282376116733978690479427863913086843779404303926234055656576686035381138943235285698599291568868802204217/139788151555099854846287492325559180552099519353093245272893874281466899996157960497006600834552843662097642865302789850411627725506764039509567670
16 10 5 18388213907840276177176720464121331808221541659846033898503881124353422275383992135455292620066004500394612432102672175941046580133709149660274748/69894075777549927423143746162779590276049759676546622636446937140733449998078980248503300417276421831048821432651394925205813862753382019754783835
16 10 7 9531759638248672173996658449036210721238753252512722118299095509781501555090985505099504429246063997208306873001465017313150232919057170883387248/69894075777549927423143746162779590276049759676546622636446937140733449998078980248503300417276421831048821432651394925205813862753382019754783835
16 10 13 3876116930475096208225724320593695099059646852462284188341356437866069654010684001333025414461716494036706525620942449069972313226792125030251221/27957630311019970969257498465111836110419903870618649054578774856293379999231592099401320166910568732419528573060557970082325545101352807901913534
16 10 23 19039322506287461958724704147257314134898206444973789159445329698001395489155402902463976714782233810011118122925429991633836966987850952234391678/69894075777549927423143746162779590276049759676546622636446937140733449998078980248503300417276421831048821432651394925205813862753382019754783835
16 11 1 6267471791052889999968495337804726052137098404511692461969347083753162902467515230912822894005882498302483556089979780931500740993513361318657679/19969735936442836406612498903651311507442788479013320753270553468780985713736851499572371547793263380299663266471827121487375389358109148501366810
16 11 20 9573556010970198015835908728013383921393267904633276746106691798064449407535582586361223074403777640621070351867109688220361673388135655336012319/139788151555099854846287492325559180552099519353093245272893874281466899996157960497006600834552843662097642865302789850411627725506764039509567670
16 11 21 43171146503379713415336058116456357132873281308439060646500876448565155135674885647127808751053944266679593810402910847835380432582017427471475799/69894075777549927423143746162779590276049759676546622636446937140733449998078980248503300417276421831048821432651394925205813862753382019754783835
16 12 0 50219637159420216444547301283180310723082870572854437141131982068810157421562436791458642500348968427679666529063726329855842546775668698497097473/139788151555099854846287492325559180552099519353093245272893874281466899996157960497006600834552843662097642865302789850411627725506764039509567670
16 12 1 695259220293455813337678897145306727355988761668860320501251014845154833748071339446232517755118620781328105917186982564176772663550356988277893/13978815155509985484628749232555918055209951935309324527289387428146689999615796049700660083455284366209764286530278985041162772550676403950956767
16 12 2 18440406473804573832502277858290029634338604763280754520411932546197878655107098937185669938601818059824439047002494739849873157128486648910539153/139788151555099854846287492325559180552099519353093245272893874281466899996157960497006600834552843662097642865302789850411627725506764039509567670
16 12 3 32087757859470253217930562106317886460559078200134725203168724759003657791003855686949981609025435483390128115032349477532072147483552561109576057/69894075777549927423143746162779590276049759676546622636446937140733449998078980248503300417276421831048821432651394925205813862753382019754783835
16 13 4 27075833301501865721974453718279293622161481432279004228704439913841827551461410054830227731046040155224903059002226594919990695143819159951886/6354006888868175220285795105707235479640887243322420239676994285521222727098089113500300037934220166458983766604672265927801260250307456341343985
16 13 9 3181161433271790816785394291451650813145620876527750945351468359918427755874638344838789171755609442937982587450996703861501171536653431648057047/6354006888868175220285795105707235479640887243322420239676994285521222727098089113500300037934220166458983766604672265927801260250307456341343985
16 13 12 3770831748373227383931572411628526286107984455705163259666824123887220797182817648932924945704539239418072613702047420544032983603325815238131972/13978815155509985484628749232555918055209951935309324527289387428146689999615796049700660083455284366209764286530278985041162772550676403950956767
16 13 21 15749307103377570995904827907767727671064231460460476892730915723142380594477794700008862294400515319933175968531169587465016160186983184676025712/69894075777549927423143746162779590276049759676546622636446937140733449998078980248503300417276421831048821432651394925205813862753382019754783835
16 14 0 3935117515937925046695177634225525249853946500894053275125942242662888228732643121529648820073636664686576832036527816905366887406877343772122804/9984867968221418203306249451825655753721394239506660376635276734390492856868425749786185773896631690149831633235913560743687694679054574250683405
16 14 4 11964712607406905772184776899897836240613785508403500040849724868253531984044288089286003480612274448684829645314012086525801498014829574835428758/69894075777549927423143746162779590276049759676546622636446937140733449998078980248503300417276421831048821432651394925205813862753382019754783835
16 14 19 30383540558577546324092725823303077286458348661884749669715616573839700412906190308509755196148690729557953963081688120342444152890411038514495449/69894075777549927423143746162779590276049759676546622636446937140733449998078980248503300417276421831048821432651394925205813862753382019754783835
16 15 3 4843210873592507691140451558228003607713354235849843001659927272113401522883740151011251452876193062436159009988325111302751376424031619383364838/13978815155509985484628749232555918055209951935309324527289387428146689999615796049700660083455284366209764286530278985041162772550676403950956767
16 15 4 9459299202761730116541155857426393562684696316538408198287804714644796693097173123433874578623321370042638900068553319515285603896204769026090112/69894075777549927423143746162779590276049759676546622636446937140733449998078980248503300417276421831048821432651394925205813862753382019754783835
16 15 9 882118401840040339012667929777333219310420856037759904667250536163736122548072776377196185019616441928032742817193320892832647503131655991852902/69894075777549927423143746162779590276049759676546622636446937140733449998078980248503300417276421831048821432651394925205813862753382019754783835
16 15 10 2446271156390188393979139510733872382249674078419842990296390507440801785255668750118934332231300576582525587168805251869549108097650443558841592/69894075777549927423143746162779590276049759676546622636446937140733449998078980248503300417276421831048821432651394925205813862753382019754783835
16 15 11 11631405421616417889786867051997122285146941728361540277531501867419507666538010937826846516728612873876687676952054170710110902595048621496634781/139788151555099854846287492325559180552099519353093245272893874281466899996157960497006600834552843662097642865302789850411627725506764039509567670
16 15 16 17284686575126688221662169419008053231458246631165006709390991599094751915490367013082953581000633977515594355551480261780209308517527518300159236/69894075777549927423143746162779590276049759676546622636446937140733449998078980248503300417276421831048821432651394925205813862753382019754783835
16 15 18 3915977345064213180541168851478143479682591900382247874695644995645040813599996944608264487062511086344356383451084051711649944528474090085079365/27957630311019970969257498465111836110419903870618649054578774856293379999231592099401320166910568732419528573060557970082325545101352807901913534
16 16 1 19112650050947672426061797560248659643432866541260167140117495751724903440753498399186884096639448404295483973849003403577623113549404429859659812/69894075777549927423143746162779590276049759676546622636446937140733449998078980248503300417276421831048821432651394925205813862753382019754783835
16 16 8 31304286623175158364916374571766919768468299854884568813379019533033899502374109683732002316912144780524605471120900508056187725397816963742461911/69894075777549927423143746162779590276049759676546622636446937140733449998078980248503300417276421831048821432651394925205813862753382019754783835
16 16 9 3171012509346253699567614156660790116682741890179854653340947758715703772832807532096649778553828994661692211965018190547192516028495041164845743/27957630311019970969257498465111836110419903870618649054578774856293379999231592099401320166910568732419528573060557970082325545101352807901913534
16 16 18 23099215660122924766493077278224071144883477109904500099196104918370775245738706670685579114680512319149002915537891074408043467469846046481095509/139788151555099854846287492325559180552099519353093245272893874281466899996157960497006600834552843662097642865302789850411627725506764039509567670
17 0 4 7910129084573454456753981235758092210867942420783003847353493708848288973561444773266393177205913788422087478616362614047817497729331486510375087/139788151555099854846287492325559180552099519353093245272893874281466899996157960497006600834552843662097642865302789850411627725506764039509567670
17 0 8 7464953179516696655643239221902602008131405464811857602584624721860599236143160956202543847102176564971270455449357138256368276288809368355055451/19969735936442836406612498903651311507442788479013320753270553468780985713736851499572371547793263380299663266471827121487375389358109148501366810
17 0 28 39811675106954761900015418268241437142155869339313619103724003759797208184797194515161200363815846959438331099270463634284616146877883487256902213/69894075777549927423143746162779590276049759676546622636446937140733449998078980248503300417276421831048821432651394925205813862753382019754783835
17 1 1 14991607010961060017889647128190036144596281205249589075236889016525280010523064221551409264652449192566874253189623479910531322347934152350006908/69894075777549927423143746162779590276049759676546622636446937140733449998078980248503300417276421831048821432651394925205813862753382019754783835
17 1 19 14226246316655834522481549726575771812791954640828796715240421302822512005548676882888324516026953562780853162111967069886593453170325090200606833/139788151555099854846287492325559180552099519353093245272893874281466899996157960497006600834552843662097642865302789850411627725506764039509567670
17 1 29 51018465799279636529020875094044972944156628728102302718001551890294450047408602221454336421493621924403412116911204231032136000256070475140117123/139788151555099854846287492325559180552099519353093245272893874281466899996157960497006600834552843662097642865302789850411627725506764039509567670
17 1 33 22280112708621131879502886624279181752979186786831483844589061527649688961077276474780560683863684894889814539950185794835917813692250084734414949/69894075777549927423143746162779590276049759676546622636446937140733449998078980248503300417276421831048821432651394925205813862753382019754783835
17 2 9 5176499295905648584181640963867564435055024886226279996573281122646474240133218218381090612404746503147043940470682660178042833109044096997291581/19969735936442836406612498903651311507442788479013320753270553468780985713736851499572371547793263380299663266471827121487375389358109148501366810
17 2 25 423708648449443070565109570193939076679675814505775434030607853987260231455659916087287834178174058434437887573972789302558949640692259970141361/13978815155509985484628749232555918055209951935309324527289387428146689999615796049700660083455284366209764286530278985041162772550676403950956767
17 2 27 88769685755820218317266617231514207607942890624990942554892322391172449948749358275552264413059221737694230748391585619379491725250693564369450547/139788151555099854846287492325559180552099519353093245272893874281466899996157960497006600834552843662097642865302789850411627725506764039509567670
17 2 31 753277445960404695292735188930902223712478312818613457263036106564037717994248252279558842348475415573551832705478408340017619434702799746975889/9984867968221418203306249451825655753721394239506660376635276734390492856868425749786185773896631690149831633235913560743687694679054574250683405
17 3 6 17920763778011394085210577277483862851228717950024390922718186161170293890974216907688521295252325108557879920755199260758233940441006839975097/27957630311019970969257498465111836110419903870618649054578774856293379999231592099401320166910568732419528573060557970082325545101352807901913534
17 3 10 31783464969283573454003657813705133086915210394277955561538538473277997317471947885644338781748008679183220429143467992339605130802116110695022908/69894075777549927423143746162779590276049759676546622636446937140733449998078980248503300417276421831048821432651394925205813862753382019754783835
17 3 21 13833171715301455017800881630717383394599978612572003303031201280409204713880772370066384583730586379347066466895133566397944344373705317437598866/69894075777549927423143746162779590276049759676546622636446937140733449998078980248503300417276421831048821432651394925205813862753382019754783835
17 3 23 48465274367039740932252360550326728274812997749643205589140803843286644463997648901046711497119391919494279673621810736632737605452916149044448637/139788151555099854846287492325559180552099519353093245272893874281466899996157960497006600834552843662097642865302789850411627725506764039509567670
17 4 1 7464953179516696655643239221902602008131405464811857602584624721860599236143160956202543847102176564971270455449357138256368276288809368355055451/19969735936442836406612498903651311507442788479013320753270553468780985713736851499572371547793263380299663266471827121487375389358109148501366810
17 4 4 12504782756926139750969259681748709499311383014201463150685928746920386477593690543369827700691086815328392811022469983231007113069299780146311359/19969735936442836406612498903651311507442788479013320753270553468780985713736851499572371547793263380299663266471827121487375389358109148501366810
17 5 7 102739535111824947322153132126460111014989142257597868105959854614675640735235618293287370752438145795870307945561656809648823197681901630510919189/139788151555099854846287492325559180552099519353093245272893874281466899996157960497006600834552843662097642865302789850411627725506764039509567670
17 5 21 37048616443274907524134360199099069537110377095495377166934019666791259260922342203719230082114697866227334919741133040762804527824862408998648481/139788151555099854846287492325559180552099519353093245272893874281466899996157960497006600834552843662097642865302789850411627725506764039509567670
17 6 0 19505266883239255891727642777323704095898495893521358266238756417490679421489902792094832414494264979212149009405529022484676014245620624429696139/139788151555099854846287492325559180552099519353093245272893874281466899996157960497006600834552843662097642865302789850411627725506764039509567670
17 6 3 3340977516230699687781366825278631558129143312569424483134529296070653310991638847469559560924849879219384573396626567723654782155090706347325819/6354006888868175220285795105707235479640887243322420239676994285521222727098089113500300037934220166458983766604672265927801260250307456341343985
17 6 27 6683054187826457974767111341729368882479981511863506911099353335774549676121714722940208297101697334294147605881639476858078071978449696491243359/19969735936442836406612498903651311507442788479013320753270553468780985713736851499572371547793263380299663266471827121487375389358109148501366810
17 7 10 1123700983882391199074616002679213835317217231775966247184323950956185123298364559629241912170227933577834852408357189994576350883324051234361323/6354006888868175220285795105707235479640887243322420239676994285521222727098089113500300037934220166458983766604672265927801260250307456341343985
17 7 15 47524065145527588863471483803447671789182743277887887440847828487297410025391144412819611433018941269096317201706873572226460829398191431401445004/69894075777549927423143746162779590276049759676546622636446937140733449998078980248503300417276421831048821432651394925205813862753382019754783835
17 7 19 731036414065699977371301158270277807590139468896034161630371092371407017979882887807974916602392010600881053257189903018491074376198086855613857/6354006888868175220285795105707235479640887243322420239676994285521222727098089113500300037934220166458983766604672265927801260250307456341343985
17 7 24 1967899254593335618767173588887510414886092691266730698637463176832526418627113913874303867758661175986629268623503329835611355500447069363611851/69894075777549927423143746162779590276049759676546622636446937140733449998078980248503300417276421831048821432651394925205813862753382019754783835
17 8 7 3638534399432262580284088854979457801652632567054209297298442416451182543439788405014296852044989923951152135529324127867531178842822253200812351/19969735936442836406612498903651311507442788479013320753270553468780985713736851499572371547793263380299663266471827121487375389358109148501366810
17 8 18 4930390158394200588834842972590187179568153561855474747619584856526002835446176475256738555076575796320692206617643754267132204476122191938346739/27957630311019970969257498465111836110419903870618649054578774856293379999231592099401320166910568732419528573060557970082325545101352807901913534
17 8 23 67237863949810884524853899059731880690243658745030811905016650220524648831884387293599343457016917772521935235950664752325111069491658937643112981/139788151555099854846287492325559180552099519353093245272893874281466899996157960497006600834552843662097642865302789850411627725506764039509567670
17 8 24 2482018981109838379965568779800534558685588733552880210938656559673882687453257121873868043508576148086380624021860943502841038100959086527010305/27957630311019970969257498465111836110419903870618649054578774856293379999231592099401320166910568732419528573060557970082325545101352807901913534
17 8 25 5009250555871468707721456259508743279509360580820596746998460032392272872848943191327073210147618349941139263724666357081966095614971468566991506/69894075777549927423143746162779590276049759676546622636446937140733449998078980248503300417276421831048821432651394925205813862753382019754783835
17 9 5 11213807025802219839286849078319952830951686102111797111724864153385717170585578791903877753179202350850665598797224657801979230437924505550163894/69894075777549927423143746162779590276049759676546622636446937140733449998078980248503300417276421831048821432651394925205813862753382019754783835
17 9 24 12658737940554169360008978520765570935193037836681712302474025887170463144748144494584888900859990530324768390070572016599261671337349897648171327/69894075777549927423143746162779590276049759676546622636446937140733449998078980248503300417276421831048821432651394925205813862753382019754783835
17 9 25 46021530811193538223847918563694066509905035737753113222248047100177269682745256962014533763237228949873387443783598250804572960978107616556448614/69894075777549927423143746162779590276049759676546622636446937140733449998078980248503300417276421831048821432651394925205813862753382019754783835
17 10 1 518272602436829806332804379746904789481886600702076926088362180778306643133695903730989608225130676604153752654688081158059803961864856564008787/1996973593644283640661249890365131150744278847901332075327055346878098571373685149957237154779326338029966326647182712148737538935810914850136681
17 10 4 3295130697378193106952131037023605483839328657222177204724040943842215737738757324389928505399229242909738936304433935792503566502281034546091393/27957630311019970969257498465111836110419903870618649054578774856293379999231592099401320166910568732419528573060557970082325545101352807901913534
17 10 5 583060620645897996950259918604693836722711065948810591763254971093941016571729845833905257415945922555181102694902314697927957636757900048329054/13978815155509985484628749232555918055209951935309324527289387428146689999615796049700660083455284366209764286530278985041162772550676403950956767
17 10 6 37726629794462932432394635971592110084105423536252147330421654813149144579918757474502973922533677966718847997202221062832227237424278602086659192/69894075777549927423143746162779590276049759676546622636446937140733449998078980248503300417276421831048821432651394925205813862753382019754783835
17 10 23 366383655253634770621825354187710758200254568845788957913257220674810607719679083303753338888531279099634225537681065515791912611804866530578021/19969735936442836406612498903651311507442788479013320753270553468780985713736851499572371547793263380299663266471827121487375389358109148501366810
17 10 24 1592432257735257319792940974806342013165537151962025569609828512906491354256446811708205970175507986285619448917610879565323088083024318463920272/69894075777549927423143746162779590276049759676546622636446937140733449998078980248503300417276421831048821432651394925205813862753382019754783835
17 11 1 8056610922950224247649848149466390385843360217572497834167279176080576892139761340147151347472039900127081690725364160021051908364679457865000341/69894075777549927423143746162779590276049759676546622636446937140733449998078980248503300417276421831048821432651394925205813862753382019754783835
17 11 2 38110610808266353969140088349074457189134549282268667074908398667455452680607032362858961635528413151865601003507926932866208731951265909059760927/69894075777549927423143746162779590276049759676546622636446937140733449998078980248503300417276421831048821432651394925205813862753382019754783835
17 11 10 818649892483849603688226257363274536128015949753545714439404042609982730828958335655640575332291058495210212703884679283580801297987246427377224/6354006888868175220285795105707235479640887243322420239676994285521222727098089113500300037934220166458983766604672265927801260250307456341343985
17 11 12 2990770656767779861262094842880898395060522380050054499799923044947157925234688503346418198167231152281881648327200674388671530156500499038378257/19969735936442836406612498903651311507442788479013320753270553468780985713736851499572371547793263380299663266471827121487375389358109148501366810
17 11 17 8508015860647548102731977766319156841903692798482528238476168342345115295784470183145354824070916205244481259060339999677628105223650390989098407/139788151555099854846287492325559180552099519353093245272893874281466899996157960497006600834552843662097642865302789850411627725506764039509567670
17 12 7 5789437823624534731072869107121432462770974563057956042922461375816490728421911684309576058899884199284634985517932072845043137962553318296481012/69894075777549927423143746162779590276049759676546622636446937140733449998078980248503300417276421831048821432651394925205813862753382019754783835
17 12 9 14597002180712444703711176535295605002058790795543371217555944245736392119245047435264368851076696899226719652139479528914957138298921327494433212/69894075777549927423143746162779590276049759676546622636446937140733449998078980248503300417276421831048821432651394925205813862753382019754783835
17 12 14 13356898951098155661574193101878936680070265506967778519401338327781282902580602311049387536966182238718354942470099932284938644724655873091927433/139788151555099854846287492325559180552099519353093245272893874281466899996157960497006600834552843662097642865302789850411627725506764039509567670
17 12 18 27557380047706746102905950865381622517068037953297844354492933419998328720927587301950077099961446241764218626322440663399666612244350915145712031/69894075777549927423143746162779590276049759676546622636446937140733449998078980248503300417276421831048821432651394925205813862753382019754783835
17 12 19 30543612499914248109333306208082923908233647222327123523549857870583193956388265342909169277710606742828141394872985387807355303770457044544387727/139788151555099854846287492325559180552099519353093245272893874281466899996157960497006600834552843662097642865302789850411627725506764039509567670
17 13 1 147370321716637808068843446704136519159095320132019525994508919678557900527756269114925717280842347417716431528547112048277058649409465174672855/3993947187288567281322499780730262301488557695802664150654110693756197142747370299914474309558652676059932653294365424297475077871621829700273362
17 13 11 9610510616168889759102814142314699177568897585766271495813650538351445042266674243881384853137210111111081799454263649728734516630416485863987359/19969735936442836406612498903651311507442788479013320753270553468780985713736851499572371547793263380299663266471827121487375389358109148501366810
17 13 19 4811186855845378803582733763907964867039207146293475813742179166018375584415697955058179054125920766049999654687413955758627789740322668382007588/9984867968221418203306249451825655753721394239506660376635276734390492856868425749786185773896631690149831633235913560743687694679054574250683405
17 14 9 292466527049663482996895668010153757108712108074161787372079179150913484797675597904672560513098475205408419338071091061267475592025696919656053/69894075777549927423143746162779590276049759676546622636446937140733449998078980248503300417276421831048821432651394925205813862753382019754783835
17 14 14 51656785480542782943524678022757149425884087875983478826969698419527368330779101283538845282850233537976499407701522582164767326527346674006664837/139788151555099854846287492325559180552099519353093245272893874281466899996157960497006600834552843662097642865302789850411627725506764039509567670
17 14 17 1966070882338741802890546231066908856562523687410090003240709596056962594193686035773975469387810069767470145668245380989120854939851051581227201/9984867968221418203306249451825655753721394239506660376635276734390492856868425749786185773896631690149831633235913560743687694679054574250683405
17 14 18 60021440667715359696301375731844999620122675637220182825810083158840228377071903516822753859247072196965744579569689752276633478637451249526409913/139788151555099854846287492325559180552099519353093245272893874281466899996157960497006600834552843662097642865302789850411627725506764039509567670
17 15 0 5248993463017160360921667635765057307804246862620734908107603724512404341573756991957353546728318993031013261501722895516149072909615348603157451/69894075777549927423143746162779590276049759676546622636446937140733449998078980248503300417276421831048821432651394925205813862753382019754783835
17 15 2 3358371591664502687222802137103019388463785837805673297260329891350543461389776732818585903419111897323269235190768902485814761690836391669003200/13978815155509985484628749232555918055209951935309324527289387428146689999615796049700660083455284366209764286530278985041162772550676403950956767
17 15 5 11855051808083911721741704085910824493209839647139708382743844642146372167253475552288397164863948756009121490522763484006762350848334089888112237/27957630311019970969257498465111836110419903870618649054578774856293379999231592099401320166910568732419528573060557970082325545101352807901913534
17 15 10 3348950233647541027749764697721417020647396857088807099409478147645521257041296102945050854600140847812421057454653274161296011591368326956127382/13978815155509985484628749232555918055209951935309324527289387428146689999615796049700660083455284366209764286530278985041162772550676403950956767
17 15 15 2941687335525538366009968276230579379330000443208429576261363231749583292432340394013540336583934444633105963231304872874410092623815706611385763/139788151555099854846287492325559180552099519353093245272893874281466899996157960497006600834552843662097642865302789850411627725506764039509567670
17 16 0 32167445983086994990749110191187480191944336140294475306025282327584305418160222774000326494742743864329973435449173862373586625329103417668124643/69894075777549927423143746162779590276049759676546622636446937140733449998078980248503300417276421831048821432651394925205813862753382019754783835
17 16 6 22370010632022338559672262359331918486867016398658735195599108653436039972687835835683688984257480561952504230944521352979353033355190588353338831/69894075777549927423143746162779590276049759676546622636446937140733449998078980248503300417276421831048821432651394925205813862753382019754783835
17 16 14 15356619162440593872722373612260191597238407137593412134822546159713104607230921638819284938276197404766343766257699709852874204069088013733320361/69894075777549927423143746162779590276049759676546622636446937140733449998078980248503300417276421831048821432651394925205813862753382019754783835
17 17 0 45450005779652288251218293894330401456703857453741466578389345759782801055200098172996408337116452968163520461995467312147480314783705882537307343/139788151555099854846287492325559180552099519353093245272893874281466899996157960497006600834552843662097642865302789850411627725506764039509567670
17 17 3 3013029372637475532504428280428603921511743930752995756542464989450569416106450266030740477009370287239599193208045698204146478095216749994018166/6354006888868175220285795105707235479640887243322420239676994285521222727098089113500300037934220166458983766604672265927801260250307456341343985
17 17 4 5573777937030491319597607626488418885371050509357822669423734924992965398149379059640354245102635190365622205601393534956848520756185783848911221/27957630311019970969257498465111836110419903870618649054578774856293379999231592099401320166910568732419528573060557970082325545101352807901913534
17 17 9 2608712746723546885481973276534262789743469657096552906451773268667782798129445330459011110243834611926130353190707185552604126390867683704351/1996973593644283640661249890365131150744278847901332075327055346878098571373685149957237154779326338029966326647182712148737538935810914850136681
18 0 1 39052800864523813250702353385296836506201661363630142260819838863696596112035770456236902480367460345851604133405701870509995637248191138539837956/69894075777549927423143746162779590276049759676546622636446937140733449998078980248503300417276421831048821432651394925205813862753382019754783835
18 0 20 16989631959654943283008325343933230758770928251615805395338387600352886491359212049750287597724376174733258394482447204272558918226775528842367714/69894075777549927423143746162779590276049759676546622636446937140733449998078980248503300417276421831048821432651394925205813862753382019754783835
18 0 24 15769520196088952029839672458962417804119710817319122454603616594697034316108145706994243466952699891090654046230793759149356029433041912361866207/139788151555099854846287492325559180552099519353093245272893874281466899996157960497006600834552843662097642865302789850411627725506764039509567670
18 0 30 11933765710653389749026462408136628218034629305282227505973804758670900473259849778037977211416470729837263763295697941697162585123788792383290123/139788151555099854846287492325559180552099519353093245272893874281466899996157960497006600834552843662097642865302789850411627725506764039509567670
18 1 13 14588248011856771367642964501510813378431296211882129424815420496356168003171877399973758332113933310879960079968793186737303217230188999149031841/69894075777549927423143746162779590276049759676546622636446937140733449998078980248503300417276421831048821432651394925205813862753382019754783835
18 1 25 60416234853961207320156528971763276581516385412945586719742095602262079968090427738062883773274521695184465292405225878484934496841077044181028621/139788151555099854846287492325559180552099519353093245272893874281466899996157960497006600834552843662097642865302789850411627725506764039509567670
18 1 26 4563220061584100435531366759161297928520049228762127245774630698772044001974888905363290945186405031377568855723634327132007890382300817911861397/12708013777736350440571590211414470959281774486644840479353988571042445454196178227000600075868440332917967533209344531855602520500614912682687970
18 2 7 400394501547660116433690591957544629226770730234468894279142504643998210363603082462652571631907516811233536704376034391756345319472356722752967/13978815155509985484628749232555918055209951935309324527289387428146689999615796049700660083455284366209764286530278985041162772550676403950956767
18 2 9 42617544827534054053559295601049118250659075935469906353159472286945033010429862022009451185032832350795569858740118375619776237042452148256840891/139788151555099854846287492325559180552099519353093245272893874281466899996157960497006600834552843662097642865302789850411627725506764039509567670
18 2 12 18462852155549906669984221061903067230557291478285220985667805470767667467375148136268722437219287312740238488411151390326606908436240253210072349/69894075777549927423143746162779590276049759676546622636446937140733449998078980248503300417276421831048821432651394925205813862753382019754783835
18 2 22 3789240354700582074836835467832729214716321238058898912189443630742637415618534771283523622978894025256906762354629095386364808603135312059837024/9984867968221418203306249451825655753721394239506660376635276734390492856868425749786185773896631690149831633235913560743687694679054574250683405
18 2 29 638318487036247448141430426294054508405931165176724646991031035229925225736456915972769667411569032822513197946360202962393379590642689753466815/27957630311019970969257498465111836110419903870618649054578774856293379999231592099401320166910568732419528573060557970082325545101352807901913534
18 3 14 14252945775871088106222681065914160790655216769544863945436061979302972905633895788064220830278695654620479152492860668887526493538660217029806437/139788151555099854846287492325559180552099519353093245272893874281466899996157960497006600834552843662097642865302789850411627725506764039509567670
18 3 22 5016938998265739053521002437595603988271875668584801957892461892277487783697603180845381645250415583590292594108541406717289812505366695797838693/139788151555099854846287492325559180552099519353093245272893874281466899996157960497006600834552843662097642865302789850411627725506764039509567670
18 3 29 12051826678096302768654380882204941577317242691496357936956535040988643930682646152809699835902373242388687111870138777480681141946273712668192254/13978815155509985484628749232555918055209951935309324527289387428146689999615796049700660083455284366209764286530278985041162772550676403950956767
18 4 1 4962088348168147144623776011364530155807470373929680708358382996144610892103162224641986395535476017708455490956574090368420996730454172286514423/69894075777549927423143746162779590276049759676546622636446937140733449998078980248503300417276421831048821432651394925205813862753382019754783835
18 4 3 30500925633021885877443638990283205887979333618405074042832535564225766544030713834228174864274485419319591291917616848735071382084621986454152203/69894075777549927423143746162779590276049759676546622636446937140733449998078980248503300417276421831048821432651394925205813862753382019754783835
18 4 8 3906473441965670165734776263795188513492266095532239164875817648199513854069451425205599410413360606862255748915834591312423279235363334166080134/9984867968221418203306249451825655753721394239506660376635276734390492856868425749786185773896631690149831633235913560743687694679054574250683405
18 4 26 7085747702600203240932897314565534637817093015486193731125295042966475583458944213193943284572936145984984407366361846915358529290762521851556271/69894075777549927423143746162779590276049759676546622636446937140733449998078980248503300417276421831048821432651394925205813862753382019754783835
18 5 5 22268866159241073999021473483988890453674934988083833873246562756340370024671629941665568258203461571523390008711870351311036926846684239448050719/69894075777549927423143746162779590276049759676546622636446937140733449998078980248503300417276421831048821432651394925205813862753382019754783835
18 5 9 5707191658307854856082989773934632507143094765485441466084355345808090283446426575649864205726633896473924294255895867235004185614158654082059167/139788151555099854846287492325559180552099519353093245272893874281466899996157960497006600834552843662097642865302789850411627725506764039509567670
18 5 28 2558377930808852914061758730961336203931615846041146744580468383513659133239093543943588574640551046359341101532090093730129991034263911615183059/3993947187288567281322499780730262301488557695802664150654110693756197142747370299914474309558652676059932653294365424297475077871621829700273362
18 6 1 9454093740752118404098367430964230546573013574973481179187625051731963671698671870684944370874631197553894917630623605833554197877437520631951679/139788151555099854846287492325559180552099519353093245272893874281466899996157960497006600834552843662097642865302789850411627725506764039509567670
18 6 2 81585350341063900151421437173330004004062585261768324681126647844130052968813074154148648012917767054967561303382108763550216757087789458670373877/139788151555099854846287492325559180552099519353093245272893874281466899996157960497006600834552843662097642865302789850411627725506764039509567670
18 6 28 2215850339694719831398531260057497545521087296197792700571800062982040152529373385098773111398202064071644847467729885501266216842797139100329187/6354006888868175220285795105707235479640887243322420239676994285521222727098089113500300037934220166458983766604672265927801260250307456341343985
18 7 1 1708691084128453147892939211924473917607198929454889742124057078760232387853937565750186165573120399133571548851410574313690260695531621483502201/69894075777549927423143746162779590276049759676546622636446937140733449998078980248503300417276421831048821432651394925205813862753382019754783835
18 7 3 16774238139066350714681447415598864682695880134242524476150959263775597561127058088857917260396930460549567939454100497935890221993179644905064719/69894075777549927423143746162779590276049759676546622636446937140733449998078980248503300417276421831048821432651394925205813862753382019754783835
18 7 6 11270120404239359558142535176258800416936379631073601708738163088332754612704324913148966202772489230173046751446227812968031926969243302964159473/139788151555099854846287492325559180552099519353093245272893874281466899996157960497006600834552843662097642865302789850411627725506764039509567670
18 7 10 4440636170145767502278538932083038627395955585532680759555115664678283945615613583884697960258496634028301627128141438549302653471475632440764921/9984867968221418203306249451825655753721394239506660376635276734390492856868425749786185773896631690149831633235913560743687694679054574250683405
18 7 18 628124164755997177752078201463472577542377220762668279828856267000034675574220451667815966357255184277527208121601362890041415201909769212361189/12708013777736350440571590211414470959281774486644840479353988571042445454196178227000600075868440332917967533209344531855602520500614912682687970
18 7 26 11236950255057086787911889314496481899023726984388966707858320132783064407778314565954840353145746404554647534056972380731871058669215944130796192/69894075777549927423143746162779590276049759676546622636446937140733449998078980248503300417276421831048821432651394925205813862753382019754783835
18 8 3 14678842615980880533896119671470916955147069894826719133983824671817505461957274468663696963638491208969220052022614819886134005097932963500957902/69894075777549927423143746162779590276049759676546622636446937140733449998078980248503300417276421831048821432651394925205813862753382019754783835
18 8 13 5751152896786186195350631974507970262667278006443060612735797163152160883653941202568012747718116830681109216831568667721411894322668713213169776/13978815155509985484628749232555918055209951935309324527289387428146689999615796049700660083455284366209764286530278985041162772550676403950956767
18 8 16 1142825623799371493743586130282238015775923811529770018179985273567807952341535551080983196706384976100770543457822356475017131636967076473357126/6354006888868175220285795105707235479640887243322420239676994285521222727098089113500300037934220166458983766604672265927801260250307456341343985
18 8 18 4718131663419065820375957330528348055982434687447875208834836624778639176036162195262709162798244298186559851633170607046340129851497506671868/1270801377773635044057159021141447095928177448664484047935398857104244545419617822700060007586844033291796753320934453185560252050061491268268797
18 8 24 13628889574356980861194341532485144690952103914867497102318372629546427487413119784369275547323208295165318526595066462099883230893635286114095927/69894075777549927423143746162779590276049759676546622636446937140733449998078980248503300417276421831048821432651394925205813862753382019754783835
18 9 5 37647521447151965889690918986843133799426595825482196372033636326677331305334372671761800121409806789664636524924543099368427386930273199619182631/139788151555099854846287492325559180552099519353093245272893874281466899996157960497006600834552843662097642865302789850411627725506764039509567670
18 9 15 887920581596056260635770031353582470849761556022990146800201072034620429394855479087425973316272842528748959682862485297358542162553157543987691/9984867968221418203306249451825655753721394239506660376635276734390492856868425749786185773896631690149831633235913560743687694679054574250683405
18 9 22 17941948393120620261539158579953178432155252348657837369131484589260976535859122223604167417343043415406104180963634391376036149660149326854911473/27957630311019970969257498465111836110419903870618649054578774856293379999231592099401320166910568732419528573060557970082325545101352807901913534
18 10 7 49694840802902868333046467962452144798694247923002141980509681736446294867574436476304199807871733821880188206012644410051064204720277554491508119/139788151555099854846287492325559180552099519353093245272893874281466899996157960497006600834552843662097642865302789850411627725506764039509567670
18 10 9 4002771632644881050994240066179576374536906501323940598743344750469368757118427292993679988275240578089145531162321538044067200143223366349682133/27957630311019970969257498465111836110419903870618649054578774856293379999231592099401320166910568732419528573060557970082325545101352807901913534
18 10 17 10750798618417861140839775297574690036989167349380156347218071929707491374257955708575230092926015815748564703342806338565895343489815509512273981/139788151555099854846287492325559180552099519353093245272893874281466899996157960497006600834552843662097642865302789850411627725506764039509567670
18 10 21 2356973612930175627648289106025448962430894540961073985328033488253117416600563392025850235741952155149188774998130875458604609886821523964025996/13978815155509985484628749232555918055209951935309324527289387428146689999615796049700660083455284366209764286530278985041162772550676403950956767
18 10 23 7151783568250592768189431534875994843884525232896100819633812396087019160545559585380053726991873916506254910030884531397657215542467780823422989/27957630311019970969257498465111836110419903870618649054578774856293379999231592099401320166910568732419528573060557970082325545101352807901913534
18 11 0 50747400074671624618376895355774814124084637391518514508623892389953286200553463981485315533916885389328525308461797527600456152280558889233211677/139788151555099854846287492325559180552099519353093245272893874281466899996157960497006600834552843662097642865302789850411627725506764039509567670
18 11 13 14126329753134966097728764508269398024057233126843069689147031957816020209017070192127830216398226909580085007873620043634951583296780957452653551/139788151555099854846287492325559180552099519353093245272893874281466899996157960497006600834552843662097642865302789850411627725506764039509567670
18 11 16 9281954553287909897073786079172483802494434224851469819024242041242698125215633622958407145154709488795989787430181476718581416778606536926252236/69894075777549927423143746162779590276049759676546622636446937140733449998078980248503300417276421831048821432651394925205813862753382019754783835
18 11 23 512277387461067675782129639119727279990625276227533831246131507738292703055965082522514916308439203505427754310063721143082337785201919263374527/1270801377773635044057159021141447095928177448664484047935398857104244545419617822700060007586844033291796753320934453185560252050061491268268797
18 12 4 74277080172334455416924439545888104395762026395326069961521211109742222744613082476016627994889563562352817981687224426912367643044510690850703761/139788151555099854846287492325559180552099519353093245272893874281466899996157960497006600834552843662097642865302789850411627725506764039509567670
18 12 18 65511071382765399429363052779671076156337492957767175311372663171724677251544878020989972839663280099744824883615565423499260082462253348658863909/139788151555099854846287492325559180552099519353093245272893874281466899996157960497006600834552843662097642865302789850411627725506764039509567670
18 13 2 18198901330716273961004734698556152171879316718457812659201361683294670488872528845783212299910842479597094104618785229624845307763604994223345564/69894075777549927423143746162779590276049759676546622636446937140733449998078980248503300417276421831048821432651394925205813862753382019754783835
18 13 6 4443016977017541100305213796869235594560271521795241954755062196859722473209508864552254867883279361992567235623767450253461266478994779735212612/9984867968221418203306249451825655753721394239506660376635276734390492856868425749786185773896631690149831633235913560743687694679054574250683405
18 13 7 214739228222742088659667932667831561287118170068801030782257206417359277733473947788759362091415799891199155430629624015765938738984773487734732/1270801377773635044057159021141447095928177448664484047935398857104244545419617822700060007586844033291796753320934453185560252050061491268268797
18 13 8 1154669318976685805919758370958302018129703755224160157223698084647940368594204551186876766259870380701603326569272358350722099068009759849659177/19969735936442836406612498903651311507442788479013320753270553468780985713736851499572371547793263380299663266471827121487375389358109148501366810
18 13 15 270974596516665746457235673774514057600175989054485660037317167439895464646806073903912596871154770916125227827951712497833469271692392347756149/3993947187288567281322499780730262301488557695802664150654110693756197142747370299914474309558652676059932653294365424297475077871621829700273362
18 14 2 29792892927180541335501585316577396807255416046014623574672724458259900335094569251120476840930697000055758659271841476206670508635008251793049389/139788151555099854846287492325559180552099519353093245272893874281466899996157960497006600834552843662097642865302789850411627725506764039509567670
18 14 6 74303687847192054446516963554591606414296453808491584498893061824610425044015252079955015100531748716148520121712548582490088223574837479652978353/139788151555099854846287492325559180552099519353093245272893874281466899996157960497006600834552843662097642865302789850411627725506764039509567670
18 14 13 231763446628099084832915217236299852795763957783032709086546025964912822188624280298253953851236350298008857690379219426719928527902066935477532/907715269838310745755113586529605068520126749046060034239570612217317532442584159071471433990602880922711966657810323703971608607186779477334855
18 15 0 58158268848225458127972337673320203375453408140639064458981273769515314722072282632715858664452662055973918025755326535441312114809987396448167383/139788151555099854846287492325559180552099519353093245272893874281466899996157960497006600834552843662097642865302789850411627725506764039509567670
18 15 4 7443435078832981727251539928077100991063812682642198559841490998423071419045697664115069601765109480430692611297338756671426046263229999934434099/69894075777549927423143746162779590276049759676546622636446937140733449998078980248503300417276421831048821432651394925205813862753382019754783835
18 15 14 24066186713532724481681530933500016839874552003851370969681590082943228846143954988874702757588571426218071063458331909387799563834057123460857779/139788151555099854846287492325559180552099519353093245272893874281466899996157960497006600834552843662097642865302789850411627725506764039509567670
18 15 19 387971143960688261655732216932588712314944853121076479314072985746929214453184795883508183718012647445856986849949580838542399584875086543015221/1270801377773635044057159021141447095928177448664484047935398857104244545419617822700060007586844033291796753320934453185560252050061491268268797
18 16 3 1142322013552190930436382097316223517396677389191810481383355818798282777597959664674220278488060696567169348751148185665038300423606347324026379/19969735936442836406612498903651311507442788479013320753270553468780985713736851499572371547793263380299663266471827121487375389358109148501366810
18 16 9 75433506265134074079982100261562626232322224234778833818450119237439345098548245209581308405215404708389950996040138422013898004682556497595274001/139788151555099854846287492325559180552099519353093245272893874281466899996157960497006600834552843662097642865302789850411627725506764039509567670
18 16 11 1789529699679253547800290113375281347859912973432622460317934403460426010482487582572384914817389204011069492903169654001005534409366481029867573/9984867968221418203306249451825655753721394239506660376635276734390492856868425749786185773896631690149831633235913560743687694679054574250683405
18 16 15 15652487699795447292023327897764525413980885882957511820154591331996805653834585739346180836238782610791266763680119486364192068063916188113981497/69894075777549927423143746162779590276049759676546622636446937140733449998078980248503300417276421831048821432651394925205813862753382019754783835
18 17 0 1558364907206346685274860358845166963599232072187697238180951531146651413652546135643732468424964406510293332892747020258836384414370794815116709/19969735936442836406612498903651311507442788479013320753270553468780985713736851499572371547793263380299663266471827121487375389358109148501366810
18 17 1 9374958319056808783679197447776758689854191967139133394481982548008890365193657746578490999968680858255270181566704804557761978804843262731690711/27957630311019970969257498465111836110419903870618649054578774856293379999231592099401320166910568732419528573060557970082325545101352807901913534
18 17 3 206127000761992449919940325338963188073445788641652790890700856334462022132946631956057523735505324163254080049932715145936604674458364648332209/1815430539676621491510227173059210137040253498092120068479141224434635064885168318142942867981205761845423933315620647407943217214373558954669710
18 17 4 11722419119935314107500994496995479755437396596817621298599580512478185739789644658517756451050073298200660993521923751750271629135807401638108487/27957630311019970969257498465111836110419903870618649054578774856293379999231592099401320166910568732419528573060557970082325545101352807901913534
18 17 10 3760465475510697474813552519340827049395813151294163120817716161625691935718367430701403486425206036837684747882799430411243217484810538016587312/69894075777549927423143746162779590276049759676546622636446937140733449998078980248503300417276421831048821432651394925205813862753382019754783835
18 18 0 27961822656335479865659236346008518910343964707227113939330268791484133463459131533128247976325850723343011507425167494152954923258865849522918371/139788151555099854846287492325559180552099519353093245272893874281466899996157960497006600834552843662097642865302789850411627725506764039509567670
18 18 5 55666615467706581231951073909469730136685228195189348038958567837332001142768744092458640024782467046089180647630088716279234647165457675821801479/139788151555099854846287492325559180552099519353093245272893874281466899996157960497006600834552843662097642865302789850411627725506764039509567670
18 18 12 5615971343105779374867718207008093150507032645067678329460503765265076538993008487141971283344452589266545071024753363997943815508244051416484782/13978815155509985484628749232555918055209951935309324527289387428146689999615796049700660083455284366209764286530278985041162772550676403950956767
19 0 9 57848463789097844266471923980918645517681477984618607900372313420750281937863554841622355638079876182653784004036707168449356865213980293323523359/69894075777549927423143746162779590276049759676546622636446937140733449998078980248503300417276421831048821432651394925205813862753382019754783835
19 0 32 12045611988452083156671822181860944758368281691928014736074623719983168060215425406880944779196545648395037428614687756756456997539401726431260476/69894075777549927423143746162779590276049759676546622636446937140733449998078980248503300417276421831048821432651394925205813862753382019754783835
19 1 1 29617386340941928791496360922799560536268119137842879776202294508135193338849971445639959662630365933400247451346018887014250256443281388305961303/69894075777549927423143746162779590276049759676546622636446937140733449998078980248503300417276421831048821432651394925205813862753382019754783835
19 1 2 6906654362894980740209435097527045602467471088670348360768566385947779911951998636384229484386128083736757376976076520582487529577616076535464706/69894075777549927423143746162779590276049759676546622636446937140733449998078980248503300417276421831048821432651394925205813862753382019754783835
19 1 33 33370035073713017891437950142452984137314169450033394499476076246650476747277010166479111270259927813911816604329299517609076076732484554913357826/69894075777549927423143746162779590276049759676546622636446937140733449998078980248503300417276421831048821432651394925205813862753382019754783835
19 2 3 345633727718385273623481836979511762923633967091001533074676237322121799580183871860273408306219428259759851718941665699489246010022628576540769/69894075777549927423143746162779590276049759676546622636446937140733449998078980248503300417276421831048821432651394925205813862753382019754783835
19 2 14 13346536065730436229702342665766938894383154413205144651202104820689033553374999264127278825215171123996085637347007721552115524806577162103740894/69894075777549927423143746162779590276049759676546622636446937140733449998078980248503300417276421831048821432651394925205813862753382019754783835
19 2 22 2957704556715483876150257891503267779588189005178022951253012319742788554578923766883186546555800579320557351867197552281629472835896489058773057/9984867968221418203306249451825655753721394239506660376635276734390492856868425749786185773896631690149831633235913560743687694679054574250683405
19 2 29 66391507003102968580416943555006802234807564092988306610175588251796290040772536521492303188033060623973675485453391232055916238934939708211905479/139788151555099854846287492325559180552099519353093245272893874281466899996157960497006600834552843662097642865302789850411627725506764039509567670
19 2 32 4604441171082468993115289284013728088443732427020324976622551437249259485370124967174581527695793823124473475576734111909689325236073903114276067/139788151555099854846287492325559180552099519353093245272893874281466899996157960497006600834552843662097642865302789850411627725506764039509567670
19 3 1 2094594184184457131583782581461417991143127374316500706812206123700447595562465620578873135840243442325088192392847132849070731782039119286573981/19969735936442836406612498903651311507442788479013320753270553468780985713736851499572371547793263380299663266471827121487375389358109148501366810
19 3 5 48777308421129603579035792897601053543924691812739302386533794001976513555709764208539545597948080177519915287180125083928476054651821708522285643/139788151555099854846287492325559180552099519353093245272893874281466899996157960497006600834552843662097642865302789850411627725506764039509567670
19 3 6 6236433168602378593655255348675795447477374696199884293360028778759754033922863526172708501399021439175833702522059875512513517133834523068017603/69894075777549927423143746162779590276049759676546622636446937140733449998078980248503300417276421831048821432651394925205813862753382019754783835
19 3 21 1236883509178648936000785411717085589509589549800469477178859196291302103197917848731319146485844643736479325762268614394424372623590420788784149/12708013777736350440571590211414470959281774486644840479353988571042445454196178227000600075868440332917967533209344531855602520500614912682687970
19 3 27 10054019781301831172569214226297733738122540295986701020597425739372684413697622711205003134316145085769834048588732065435192283050700964233720663/27957630311019970969257498465111836110419903870618649054578774856293379999231592099401320166910568732419528573060557970082325545101352807901913534
19 4 12 2469625579917326289385404495432689383472691464136623834842125914463026851342461388173612937709091026014538395273419678934205297578182989495070929/6354006888868175220285795105707235479640887243322420239676994285521222727098089113500300037934220166458983766604672265927801260250307456341343985
19 4 26 12321241249099567527379068229905098977076353619046514592050025837951509152644480248324963111911257822125396253174192955187496579503522412295053161/139788151555099854846287492325559180552099519353093245272893874281466899996157960497006600834552843662097642865302789850411627725506764039509567670
19 4 28 73135147547819108952429525196134915138623953523041006314317078325328800113979329708862153093041583267652401916113363958671614599283215858322954071/139788151555099854846287492325559180552099519353093245272893874281466899996157960497006600834552843662097642865302789850411627725506764039509567670
19 5 2 255967729783963128358712273142611963122561532035971711985072886301365784460596447832791839069721050688415290121037922970693693068412956493369281/139788151555099854846287492325559180552099519353093245272893874281466899996157960497006600834552843662097642865302789850411627725506764039509567670
19 5 24 32159741699997756081867392598483032529620510837418186993283523268982892088447688754446334453933046680333005492608452327323846961096258011070955527/69894075777549927423143746162779590276049759676546622636446937140733449998078980248503300417276421831048821432651394925205813862753382019754783835
19 5 27 5015975052416473632676823215894314106573077177774167829557407259047013568532245887400161411072872886904552958215489161189532223438003943291744275/13978815155509985484628749232555918055209951935309324527289387428146689999615796049700660083455284366209764286530278985041162772550676403950956767
19 5 29 715798568604446949355021791328781784685861839099406322250505207620846124270843647607986456482522868048505343080284447454226225024737017941624131/3993947187288567281322499780730262301488557695802664150654110693756197142747370299914474309558652676059932653294365424297475077871621829700273362
19 6 4 8843123287672115407505507969202093868224590758389777436768329748652738600584440617923847321696926985379166103884492236045626605074809175518914938/13978815155509985484628749232555918055209951935309324527289387428146689999615796049700660083455284366209764286530278985041162772550676403950956767
19 6 12 5426072717530291378899411542891878719529726592447987479850978539504209852860034484922442707456945887446714857163342926982142234044009547657334407/27957630311019970969257498465111836110419903870618649054578774856293379999231592099401320166910568732419528573060557970082325545101352807901913534
19 6 25 62926117118772062017494428361243761745986957940144242872612166486801207080554238683521854754022972392395863741925072350765325985814609210477263/363086107935324298302045434611842027408050699618424013695828244886927012977033663628588573596241152369084786663124129481588643442874711790933942
19 7 1 44975121435608184323739711324436551962858531870232697738610822610414182619934371740327285540948194341321777717258022801724834041197164516775065051/139788151555099854846287492325559180552099519353093245272893874281466899996157960497006600834552843662097642865302789850411627725506764039509567670
19 7 6 71113646468896168727781188126218776970100985535908087283995642654998055420252366546184641913311776871029716309578349771465391739955512972819531229/139788151555099854846287492325559180552099519353093245272893874281466899996157960497006600834552843662097642865302789850411627725506764039509567670
19 7 8 11293871284054248129762895701766295745737449146344829856053674847003878192035480388254090655020684275911243619829723515340364896721173566386529213/69894075777549927423143746162779590276049759676546622636446937140733449998078980248503300417276421831048821432651394925205813862753382019754783835
19 7 19 555820541243502767620400735685630063832551827131400269090029661023452785950130716993246035125751948961830799403485123270336075455869708570956482/69894075777549927423143746162779590276049759676546622636446937140733449998078980248503300417276421831048821432651394925205813862753382019754783835
19 8 17 58913212273111875615709071992042026567044312793029484229590107282989168973184531965380689681053565003620216145351399383975911819885906489722595152/69894075777549927423143746162779590276049759676546622636446937140733449998078980248503300417276421831048821432651394925205813862753382019754783835
19 8 26 10980863504438051807434674170737563709005446883517138406856829857744281024894448283122610736222856827428605287299995541229902042867475530032188683/69894075777549927423143746162779590276049759676546622636446937140733449998078980248503300417276421831048821432651394925205813862753382019754783835
19 9 10 9338998960105149502011693964231689569961115967261405333577022572725248651164537126841062692174958120430431706370348167359397971938398856600588119/27957630311019970969257498465111836110419903870618649054578774856293379999231592099401320166910568732419528573060557970082325545101352807901913534
19 9 13 50005075445320726004228221077693868342943290279839679903494842545099930391866463071392506659853668860317343903680376005788771004698313448633376237/139788151555099854846287492325559180552099519353093245272893874281466899996157960497006600834552843662097642865302789850411627725506764039509567670
19 9 14 25087600083448690963071286749859799492512580586426581014866455901084417355440464884264393341083532022138127276141508254966628830096338732545887337/139788151555099854846287492325559180552099519353093245272893874281466899996157960497006600834552843662097642865302789850411627725506764039509567670
19 9 22 18000481225804690368929514676847064866838068650519957686647462971656308993028346907144387372740852177490013153629164752859238031020117575327363501/139788151555099854846287492325559180552099519353093245272893874281466899996157960497006600834552843662097642865302789850411627725506764039509567670
19 10 2 51055286178726255539291748712965243909969758978788558409535226442317779255275464736664066067548460275846956937956902268168241562028760524853130079/139788151555099854846287492325559180552099519353093245272893874281466899996157960497006600834552843662097642865302789850411627725506764039509567670
19 10 16 94086826550521472407934911378189803453607555663387356621231236568819561628161076144962904717095527934391740694011602301224578690965836667144083/1815430539676621491510227173059210137040253498092120068479141224434635064885168318142942867981205761845423933315620647407943217214373558954669710
19 10 18 8148817973198344593158475543647332177620197858822386040352384262335001449551409289718039110378802773530252189390699420504909360427363409128634320/13978815155509985484628749232555918055209951935309324527289387428146689999615796049700660083455284366209764286530278985041162772550676403950956767
19 11 2 3140460498807008624051543842171916160749024917245291548004829593970659702580744034811926187213628500552799159375812054126911720985428294728130974/13978815155509985484628749232555918055209951935309324527289387428146689999615796049700660083455284366209764286530278985041162772550676403950956767
19 11 5 9642059967174559967183274148758081523851492473258151678106361725875417783642127109346901732791536270725313353476015684392926840207957405977360643/19969735936442836406612498903651311507442788479013320753270553468780985713736851499572371547793263380299663266471827121487375389358109148501366810
19 11 15 40889126796807848835489134862533448277648822867833268046101046260632378484855630383459026832875804761492457797212559518392022634196779250386733429/139788151555099854846287492325559180552099519353093245272893874281466899996157960497006600834552843662097642865302789850411627725506764039509567670
19 12 0 6705453340119997093100973271987220846297253857057090169257262738145570430864922557345385818574057676645305867020585473355857108028741021127101069/139788151555099854846287492325559180552099519353093245272893874281466899996157960497006600834552843662097642865302789850411627725506764039509567670
19 12 7 13184203868216894297403132728529028720346206256265652979420043460518762934942833699763870669211436836617524419098972522693745392913593263656620043/19969735936442836406612498903651311507442788479013320753270553468780985713736851499572371547793263380299663266471827121487375389358109148501366810
19 12 10 3463375979852046761519974694991757437121058486404850464783744156621586705357677005236753382280956961184510130323644212871609116935175743643423292/69894075777549927423143746162779590276049759676546622636446937140733449998078980248503300417276421831048821432651394925205813862753382019754783835
19 12 11 2970714435292473978841794055781117828909451846128110742974634669377457627069279918935459268878999743472358878501064477218369325506211410416061044/69894075777549927423143746162779590276049759676546622636446937140733449998078980248503300417276421831048821432651394925205813862753382019754783835
19 12 15 13962545153586278095320526226161504065658900518555330916089774833845950177919644096484847514589407359907964023469989669009797991100047932333578814/69894075777549927423143746162779590276049759676546622636446937140733449998078980248503300417276421831048821432651394925205813862753382019754783835
19 13 1 19286761757375656356546513920684725422630592382890532137108968629842739311056021488554029727751649739721507710853327435794176855473277074857443579/139788151555099854846287492325559180552099519353093245272893874281466899996157960497006600834552843662097642865302789850411627725506764039509567670
19 13 18 47145396984619221145495678297547514384203138585840104072731581735620624807333176374871893431714697193801277298756542707641723262499569528737645883/139788151555099854846287492325559180552099519353093245272893874281466899996157960497006600834552843662097642865302789850411627725506764039509567670
19 13 20 36677996406552488672122650053663470372632894192181304531526661958001767938884381316790338837543248364287428927846459853487863803766958717957239104/69894075777549927423143746162779590276049759676546622636446937140733449998078980248503300417276421831048821432651394925205813862753382019754783835
19 14 0 6049750452283493156611071817600130503867447738612607101509334491727604628135782628256536953822995025463254801199385743838320807272177230478560601/9984867968221418203306249451825655753721394239506660376635276734390492856868425749786185773896631690149831633235913560743687694679054574250683405
19 14 8 19711883939703919904638097911455016379897814080321121019129175375046618003716172485644742811924905647836596617191328315633744073850959000120125999/69894075777549927423143746162779590276049759676546622636446937140733449998078980248503300417276421831048821432651394925205813862753382019754783835
19 14 19 7833938671861555422228145528123660369079811425937251906752420323593599597412329365062798928590551004969441207064366402703824137997182406284733629/69894075777549927423143746162779590276049759676546622636446937140733449998078980248503300417276421831048821432651394925205813862753382019754783835
19 15 0 167173975667961617366029903195042030798992799840702109831486679049765333356835226866824921819977834631705195830307183533790076953646828858399251/363086107935324298302045434611842027408050699618424013695828244886927012977033663628588573596241152369084786663124129481588643442874711790933942
19 15 10 13710960667303128863423992545317328351760145743289399910374418393094885894764995872747204630381479988024533647136299924605053892682813832831724559/139788151555099854846287492325559180552099519353093245272893874281466899996157960497006600834552843662097642865302789850411627725506764039509567670
19 15 11 44641372133739766831865017577783332263988749667379297937585088047101610439015165240412281128257159456312345155884926908149452755144268069524910613/139788151555099854846287492325559180552099519353093245272893874281466899996157960497006600834552843662097642865302789850411627725506764039509567670
19 15 12 16541074439575236078208812849549204967738892127212591530936165060320698887172731438223348019780204404291691691670816234614201649995676305152197497/139788151555099854846287492325559180552099519353093245272893874281466899996157960497006600834552843662097642865302789850411627725506764039509567670
19 15 17 266381841158250193434078311409066555499751938270821804437915673395025716411752800948086077721266740131285987971240561266869900264988360758511683/69894075777549927423143746162779590276049759676546622636446937140733449998078980248503300417276421831048821432651394925205813862753382019754783835
19 16 4 384296218197852635668078622259071069651669253597198373934184211357419703728052593315729578787285797445936524033362092960242553827820871401279811/1996973593644283640661249890365131150744278847901332075327055346878098571373685149957237154779326338029966326647182712148737538935810914850136681
19 16 5 1763679302612083185227809810709708273696424685298887939821938113579227587581019089953458796758462792600942955160460606432890254948440115945171338/6354006888868175220285795105707235479640887243322420239676994285521222727098089113500300037934220166458983766604672265927801260250307456341343985
19 16 7 31609272748475950380698425037817208376253872405204179653792469973279491119043504675242305774618837729663143627333202982887308296764842778110475768/69894075777549927423143746162779590276049759676546622636446937140733449998078980248503300417276421831048821432651394925205813862753382019754783835
19 16 11 5433963063416219756556661428088103451326791857152732556916700520572765785162424817722412620759490472167526957385452017948223377581967467202629964/69894075777549927423143746162779590276049759676546622636446937140733449998078980248503300417276421831048821432651394925205813862753382019754783835
19 17 3 7580417415440847268670924299097681755028923602571599827472720882281505327779030259706319670929155498865796627905010345459660031309979953849276825/27957630311019970969257498465111836110419903870618649054578774856293379999231592099401320166910568732419528573060557970082325545101352807901913534
19 17 6 1624843317676204491397969835605881254228428084855727440107316816411435617639968771944169647949171491039713762732734346474488903024153612667536048/6354006888868175220285795105707235479640887243322420239676994285521222727098089113500300037934220166458983766604672265927801260250307456341343985
19 17 9 13797073194426839125661566394645673913868022387333458744022816328735808311787302480537184896914829561339069032681358729838893636148810862763789597/69894075777549927423143746162779590276049759676546622636446937140733449998078980248503300417276421831048821432651394925205813862753382019754783835
19 17 11 1140613024451569087563210815871992843227818025039035157669396107812873957654019090621953875957843363382449668459893383880819833436401408701363847/139788151555099854846287492325559180552099519353093245272893874281466899996157960497006600834552843662097642865302789850411627725506764039509567670
19 17 17 18702376037856936176645595420789021756482810336851644903727135571861649593977436082003473277618895439417184605917485828557982298345730828674223724/69894075777549927423143746162779590276049759676546622636446937140733449998078980248503300417276421831048821432651394925205813862753382019754783835
19 18 3 9396116095074832327323366916725336932011538364720291177314566127140396227744356852876717630250634713455941443778651222521752211751643107167296913/12708013777736350440571590211414470959281774486644840479353988571042445454196178227000600075868440332917967533209344531855602520500614912682687970
19 18 6 3311897682661518113248223294689134027270236121924549302039422443902049226451821374123882445617805619462026089430693309333850308748971805515391057/12708013777736350440571590211414470959281774486644840479353988571042445454196178227000600075868440332917967533209344531855602520500614912682687970
19 19 1 3521025028019045157442413257505981072405299197455881499940098786812249357903969246490230305589034864443595160185386721222104300992394631012042403/27957630311019970969257498465111836110419903870618649054578774856293379999231592099401320166910568732419528573060557970082325545101352807901913534
19 19 4 25769812864392085478670430128094390262189103180386736384748681909041790131402094641272842389826474595054538410550052749984788095823424770025907101/139788151555099854846287492325559180552099519353093245272893874281466899996157960497006600834552843662097642865302789850411627725506764039509567670
19 19 11 6655185724903242898668025149077604435026049645523134441462368751548339810429631992308179949235390793954486213025885590374147860159730294631928903/9984867968221418203306249451825655753721394239506660376635276734390492856868425749786185773896631690149831633235913560743687694679054574250683405
19 19 13 1620306700983571499526321911424211418759612574051609603985767958343552864610585865484043813742861814731160835731702614539124041242570994788221956/69894075777549927423143746162779590276049759676546622636446937140733449998078980248503300417276421831048821432651394925205813862753382019754783835
20 0 5 1757562236287500909507649158849386203014663519912266393176321118748709692313773586162546526120608105684893784317758053844025864062161398774742569/12708013777736350440571590211414470959281774486644840479353988571042445454196178227000600075868440332917967533209344531855602520500614912682687970
20 0 8 22935439264471823190222479162611783616324193149612273378290591443322186024044181283222370555352763940112810350724099939497498725926965417856863369/139788151555099854846287492325559180552099519353093245272893874281466899996157960497006600834552843662097642865302789850411627725506764039509567670
20 0 24 52127581987816691752642823813452041321185770011326168106516265199158317110597149391551819795544395601928201059773418453907720294384529192542780947/139788151555099854846287492325559180552099519353093245272893874281466899996157960497006600834552843662097642865302789850411627725506764039509567670
20 0 31 117901157671815142594384541823771707484229240189921749254928533331819714924844468505050386224231155733825454096908916531745777144185698811916247/363086107935324298302045434611842027408050699618424013695828244886927012977033663628588573596241152369084786663124129481588643442874711790933942
20 1 5 27335996561483962048262526965155396944886510786387878171465065859372174291423420456147041920179691307899458395778713281927452620892390468721356944/69894075777549927423143746162779590276049759676546622636446937140733449998078980248503300417276421831048821432651394925205813862753382019754783835
20 1 6 7450120308604049536917885451424630324560008471124917616483664219307304969808767856545184630995325278138504759579028447589048267662130833588798251/69894075777549927423143746162779590276049759676546622636446937140733449998078980248503300417276421831048821432651394925205813862753382019754783835
20 1 18 3097202158949370506149478326616850325111916982637936579000540673746743857434805465643920303016934083587837238122181448137790141237268190278547457/69894075777549927423143746162779590276049759676546622636446937140733449998078980248503300417276421831048821432651394925205813862753382019754783835
20 1 22 1593663436981578331470218906621254883784553633593522118066976633067516736050516763226037950997180636581027938103946602467387197223591955282108724/9984867968221418203306249451825655753721394239506660376635276734390492856868425749786185773896631690149831633235913560743687694679054574250683405
20 1 26 734200851476793892904497436207634014989206074697226935905485665062173992578124491447820629200984040685610076857933909501264555617438659664718962/13978815155509985484628749232555918055209951935309324527289387428146689999615796049700660083455284366209764286530278985041162772550676403950956767
20 1 28 3436821686451505509399967178439151684010683525551020152700280326304747952833549334069156952019857300385555017630835196554697934861851108373545061/13978815155509985484628749232555918055209951935309324527289387428146689999615796049700660083455284366209764286530278985041162772550676403950956767
20 2 1 658231746246724867261604441877938680658078771526633928456780912717529634149206399752867084639658320383096875447346986933585775909574911038051126/1996973593644283640661249890365131150744278847901332075327055346878098571373685149957237154779326338029966326647182712148737538935810914850136681
20 2 2 4244915769694316802746580662581242852480998259202468414474243357392573285003643398720522640531226651859664893223461321895058540410092130639782287/9984867968221418203306249451825655753721394239506660376635276734390492856868425749786185773896631690149831633235913560743687694679054574250683405
20 2 23 12480029271289630489192261650011381511947876485086825568258476596703848317708795117486984927764511455194190250914002488184239708979870121798057404/69894075777549927423143746162779590276049759676546622636446937140733449998078980248503300417276421831048821432651394925205813862753382019754783835
20 2 31 4661524999764708960569264408971654973702138373610330670881425097168051490122457348622309043405282599428586288516018641080662214067745097146461012/69894075777549927423143746162779590276049759676546622636446937140733449998078980248503300417276421831048821432651394925205813862753382019754783835
20 3 13 22307917329407449426888092392973225801731151259872859140112681750660226528441469884943309582259069553485149519765282185357730682483393835163644399/69894075777549927423143746162779590276049759676546622636446937140733449998078980248503300417276421831048821432651394925205813862753382019754783835
20 3 24 11447528874312611551243878508654061145177460775780627647418524050355732755948226468045985664177886475549169378496052373243520522288020212076140377/27957630311019970969257498465111836110419903870618649054578774856293379999231592099401320166910568732419528573060557970082325545101352807901913534
20 3 26 3370089066884071548005106083953833523267025508472067112333252773165424414721266973789893005593558100836796909770344148863164527260450880079621826/69894075777549927423143746162779590276049759676546622636446937140733449998078980248503300417276421831048821432651394925205813862753382019754783835
20 3 31 6238898878190751028056340565686951235243172387500050906181876996407386866018270887862053467591631195141580622750255063150446938915794709728466667/27957630311019970969257498465111836110419903870618649054578774856293379999231592099401320166910568732419528573060557970082325545101352807901913534
20 4 4 1317230462908573774759836161473787610067927902851280379608026866451022229265134704029287123637457834094789906343299123355211240514980196502283382/69894075777549927423143746162779590276049759676546622636446937140733449998078980248503300417276421831048821432651394925205813862753382019754783835
20 4 10 68576845314641353648383910001305802665981831773695342256838910274282427768813845544474013293638963996954031526308095801850602622238401823252500453/69894075777549927423143746162779590276049759676546622636446937140733449998078980248503300417276421831048821432651394925205813862753382019754783835
20 5 3 1999566062625532758595905618454109188359145425324650166825813395995795540361377138542053658493683744710866586699898838704454591619377564146616591/12708013777736350440571590211414470959281774486644840479353988571042445454196178227000600075868440332917967533209344531855602520500614912682687970
20 5 4 1837829434101065473569694269820598162293130024617223356909327209838266541759129060748318883041843595916833056641004141032048953074071108673151416/13978815155509985484628749232555918055209951935309324527289387428146689999615796049700660083455284366209764286530278985041162772550676403950956767
20 5 6 23923819329415699166048786577060913304569759171970436644981701337749563408739490494635249931373673209852426077228501063990077828564237704915472527/139788151555099854846287492325559180552099519353093245272893874281466899996157960497006600834552843662097642865302789850411627725506764039509567670
20 5 22 5392200799699474328570485803378363182331990018312815944552496677812922873275145062208969416380729521518382411997525725025147132742047288732128463/9984867968221418203306249451825655753721394239506660376635276734390492856868425749786185773896631690149831633235913560743687694679054574250683405
20 6 1 174837458123797132463732346720210492874722294410127727167853410847930475921908253993276523709322589399291577145103317429691362334023981340111101/6354006888868175220285795105707235479640887243322420239676994285521222727098089113500300037934220166458983766604672265927801260250307456341343985
20 6 5 2908746580884815005833032412359193592097345598297381725084255593871222166725625671656071996734779279278420535385367569010071831204465337956541340/13978815155509985484628749232555918055209951935309324527289387428146689999615796049700660083455284366209764286530278985041162772550676403950956767
20 6 12 2396978406719332291688173890858208430482901116206570238971169495329989740477506440770715072592006212766932280740176693510877862047816582660723121/13978815155509985484628749232555918055209951935309324527289387428146689999615796049700660083455284366209764286530278985041162772550676403950956767
20 6 19 6052661944243536064270357107713630356575096233267020100404630356624328867807175335382930360562104093520272027233500022797665564652860551215730349/13978815155509985484628749232555918055209951935309324527289387428146689999615796049700660083455284366209764286530278985041162772550676403950956767
20 6 28 11178929078949742157084873294202112958651099699180357315300272392278510887886452215528671507029425419828489867260037006886132587553405865848587674/69894075777549927423143746162779590276049759676546622636446937140733449998078980248503300417276421831048821432651394925205813862753382019754783835
20 7 0 3737367492332227010847749895197350554048362722960427504238084503336827603755233244861899876851852721713434058356468955924285192341141320377164081/69894075777549927423143746162779590276049759676546622636446937140733449998078980248503300417276421831048821432651394925205813862753382019754783835
20 7 2 38078326563488503589455843000680619073647826556809196331371298869690642814943061729407878634372633371559184024732501101847274125105840704524594641/69894075777549927423143746162779590276049759676546622636446937140733449998078980248503300417276421831048821432651394925205813862753382019754783835
20 7 4 32475392846750772396708983676506217364103500147899598244738999483189200237493596377607303562428597842954469343080828450254338923879454671272532371/139788151555099854846287492325559180552099519353093245272893874281466899996157960497006600834552843662097642865302789850411627725506764039509567670
20 7 20 430570374485593113617660415587218616956429829920989079217020146404050162204868621288358913630459520592689770109891296083894003031515369426063961/2541602755547270088114318042282894191856354897328968095870797714208489090839235645400120015173688066583593506641868906371120504100122982536537594
20 8 0 57395012867943756107444604692619477605637635970970799118742090553639199795981368008761243895722079319895527650558250485856839389077988036555499423/139788151555099854846287492325559180552099519353093245272893874281466899996157960497006600834552843662097642865302789850411627725506764039509567670
20 8 21 82393138687156098738842887632939702946461883382122446154151783727827700200176592488245356938830764342202115214744539364554788336428776002954068247/139788151555099854846287492325559180552099519353093245272893874281466899996157960497006600834552843662097642865302789850411627725506764039509567670
20 9 0 10326815565712539662838019202648130632107895074449812087509944270529909241349705089915208000272639663322274442553654900985936964844642999999646529/69894075777549927423143746162779590276049759676546622636446937140733449998078980248503300417276421831048821432651394925205813862753382019754783835
20 9 20 18786649849680915067558121074757095588181138145406100415167324894022121959342751111895301175904091933319472058417068895467860987961336527801016983/139788151555099854846287492325559180552099519353093245272893874281466899996157960497006600834552843662097642865302789850411627725506764039509567670
20 9 21 768724870264484058684141913160347233950324189086411842291029354122479032826187491242868176969595728599791482371357069104550301710101333851800741/3993947187288567281322499780730262301488557695802664150654110693756197142747370299914474309558652676059932653294365424297475077871621829700273362
20 9 23 36721250057368459199554182942446835255720622220381553101260316726049096702599618505890248732083810950570460019390456867156316124001297413448115847/69894075777549927423143746162779590276049759676546622636446937140733449998078980248503300417276421831048821432651394925205813862753382019754783835
20 10 2 14083180388066908058429337866221058139500618392728139855718266850563385616352525627795186227861159924651781115237760842985555188391761889852533271/69894075777549927423143746162779590276049759676546622636446937140733449998078980248503300417276421831048821432651394925205813862753382019754783835
20 10 6 3099157260057523216614998782861310416492096948739367757891226529994792078777084453450326706214509379892397411042111783095153461236773598730711404/13978815155509985484628749232555918055209951935309324527289387428146689999615796049700660083455284366209764286530278985041162772550676403950956767
20 10 8 1540985242902299487706578250425192489247263135406568396521227465132932794496129898432932413699409112210294801831190168240153816418373385881379833/69894075777549927423143746162779590276049759676546622636446937140733449998078980248503300417276421831048821432651394925205813862753382019754783835
20 10 14 3807376435738534499831783088064533145533048913867237372189582467036987273790683959511059952884081981341651639615448092295537470651680159291164219/139788151555099854846287492325559180552099519353093245272893874281466899996157960497006600834552843662097642865302789850411627725506764039509567670
20 10 18 4752474555739693322747480984149479094945707287966960541952992442755765707050391776586782135510755960972850705915453457437510651605464336216548623/12708013777736350440571590211414470959281774486644840479353988571042445454196178227000600075868440332917967533209344531855602520500614912682687970
20 10 19 306623587767300664825879976427782456282099396113233540797573157325370461933497305829734757796917346248664393086547626755721720931528137758020405/1996973593644283640661249890365131150744278847901332075327055346878098571373685149957237154779326338029966326647182712148737538935810914850136681
20 11 3 10431232432018919162755703327899813864631562456454931219708029874191295098244553108387445217645381684023184673351761507944235617546221609809526237/69894075777549927423143746162779590276049759676546622636446937140733449998078980248503300417276421831048821432651394925205813862753382019754783835
20 11 4 18259564701376720594019390784979003621535069677685238579338257143145147175914408289744604411341954619143668897371557043199276791778173732077267/9984867968221418203306249451825655753721394239506660376635276734390492856868425749786185773896631690149831633235913560743687694679054574250683405
20 11 8 55709724445913072367067616527916331868488054652239308292443400427921036041118955275622802922725661374019198913738766161902409456051681192918736119/139788151555099854846287492325559180552099519353093245272893874281466899996157960497006600834552843662097642865302789850411627725506764039509567670
20 11 9 7381361977238684093985444600524127237214430561919460306327123821271133449435351355097732887176791737852993505729204925966053963294985503986246693/27957630311019970969257498465111836110419903870618649054578774856293379999231592099401320166910568732419528573060557970082325545101352807901913534
20 11 22 1860965603795446399676069619159491336969621143061369976377718528485969603636452893790272755635262347578506836546519588870406238771629833913675991/9984867968221418203306249451825655753721394239506660376635276734390492856868425749786185773896631690149831633235913560743687694679054574250683405
20 12 1 93143865176899224339610963150107558846544220498348664631542492982001654203742201759916118033102762857701965527921214201187523358214774131054518857/139788151555099854846287492325559180552099519353093245272893874281466899996157960497006600834552843662097642865302789850411627725506764039509567670
20 12 10 5060201381128132750564257950474945276045998359997286104610254971029987138465446995241146394160053276458250645366021289070100426105359747811022159/139788151555099854846287492325559180552099519353093245272893874281466899996157960497006600834552843662097642865302789850411627725506764039509567670
20 12 21 3069818395134587379030684646896003745557308634735362635170192798978975701397770604429377667883393400737122218971430862434335340631929345948495247/12708013777736350440571590211414470959281774486644840479353988571042445454196178227000600075868440332917967533209344531855602520500614912682687970
20 12 22 7816082650592036586774740109120635228378905512658305549869005539666525938574835093126182060572700119829082283329814873376315194235407355210578937/139788151555099854846287492325559180552099519353093245272893874281466899996157960497006600834552843662097642865302789850411627725506764039509567670
20 13 3 74817920888641819155843811619690217913751626929563840910343867449440667321733479573055270088407392731774555703352283069208002136160654819815794047/139788151555099854846287492325559180552099519353093245272893874281466899996157960497006600834552843662097642865302789850411627725506764039509567670
20 13 19 2836776475553291139191535485958520905260150978542499980928233155652905440462435903953152358819996429236162515241788462448758906067814612716663567/19969735936442836406612498903651311507442788479013320753270553468780985713736851499572371547793263380299663266471827121487375389358109148501366810
20 13 20 22556397668792498858051466152079658150763417786865952248026187371227947295593714798139632117202737962834974777628993772031156623435703465338564327/69894075777549927423143746162779590276049759676546622636446937140733449998078980248503300417276421831048821432651394925205813862753382019754783835
20 14 6 7852841801732860806332578354221336470529419670703904875405422329789528026733494128394095319207191907520982457340776008444372794939095744173662177/27957630311019970969257498465111836110419903870618649054578774856293379999231592099401320166910568732419528573060557970082325545101352807901913534
20 14 11 39132578346908318456567198316390843885692075112532689018127640842176548769576419353845086615377347936433069005452988595925671564124074630978894772/69894075777549927423143746162779590276049759676546622636446937140733449998078980248503300417276421831048821432651394925205813862753382019754783835
20 14 17 22258785852618913901490203921670810428068270774508342859611480948166162323337651147345951007762188251626592567692932616338420622563136056683467241/139788151555099854846287492325559180552099519353093245272893874281466899996157960497006600834552843662097642865302789850411627725506764039509567670
20 15 15 136846464219574316480277524049328601172769518909884815696632511049717316703725620102993060497968909217464536902071484977537217632882948332898181907/139788151555099854846287492325559180552099519353093245272893874281466899996157960497006600834552843662097642865302789850411627725506764039509567670
20 15 16 2941687335525538366009968276230579379330000443208429576261363231749583292432340394013540336583934444633105963231304872874410092623815706611385763/139788151555099854846287492325559180552099519353093245272893874281466899996157960497006600834552843662097642865302789850411627725506764039509567670
20 16 7 9398729636360410502212217265749618348986682519244162903115552637419093314362839283696013476364282090132327342143529105684270241494548082787249163/139788151555099854846287492325559180552099519353093245272893874281466899996157960497006600834552843662097642865302789850411627725506764039509567670
20 16 10 21537942668420418486890413056854203753021203620521259558530462924409240176549044212304273710466778448090925087086769503425172522154331623395184777/139788151555099854846287492325559180552099519353093245272893874281466899996157960497006600834552843662097642865302789850411627725506764039509567670
20 16 12 21546046675027497875910090454522052209351540748390034909702556283630756347845436853707255255358600651991163676864982017342659917865587750948284577/69894075777549927423143746162779590276049759676546622636446937140733449998078980248503300417276421831048821432651394925205813862753382019754783835
20 16 15 3807105221919666852232670784231778162508550806076688734296470256326104869779108639634851676025294733760670074062042231436352954966950321794849171/19969735936442836406612498903651311507442788479013320753270553468780985713736851499572371547793263380299663266471827121487375389358109148501366810
20 16 17 39109649346826362139735985604288806893828696074010931851767454358094319721101442816147841404827518683567372563908231586562394441358056578866620379/139788151555099854846287492325559180552099519353093245272893874281466899996157960497006600834552843662097642865302789850411627725506764039509567670
20 17 5 1929995205745721597203475167294117300957118180407551855455613727298417199580878152783728322499113660191361803092947100333492472148140058835630161/9984867968221418203306249451825655753721394239506660376635276734390492856868425749786185773896631690149831633235913560743687694679054574250683405
20 17 16 5192409597636884996221269249730200649782983073998781915537839480772729196911289012517375020125099818077651984266856126223534993308750416824812597/69894075777549927423143746162779590276049759676546622636446937140733449998078980248503300417276421831048821432651394925205813862753382019754783835
20 17 17 51191699739692991246498150741990568519566949339694977732719801568871800404101544166499827139657526391631636826733909096647831564407651191080560111/69894075777549927423143746162779590276049759676546622636446937140733449998078980248503300417276421831048821432651394925205813862753382019754783835
20 18 0 78228455694797969079406348121630314383080713962117951874580390342631409366450937618177987041933695628490294132690484196519194489286938340402087199/139788151555099854846287492325559180552099519353093245272893874281466899996157960497006600834552843662097642865302789850411627725506764039509567670
20 18 5 4805608323916081716276331409511019157674776389631285754532532328304837884707897297268347797411900557808745681265897449326810789164189212926012863/19969735936442836406612498903651311507442788479013320753270553468780985713736851499572371547793263380299663266471827121487375389358109148501366810
20 18 13 25992134843117135340835343073886743911024342509814847265050681960681975592017040766690709494283857753784974217617203824293493469554933216329400187/139788151555099854846287492325559180552099519353093245272893874281466899996157960497006600834552843662097642865302789850411627725506764039509567670
20 18 14 1928302749772178412111481263464988154271028153741445851535075680019649844734701031259469716451986375161154746133819684311264242515567992295990243/139788151555099854846287492325559180552099519353093245272893874281466899996157960497006600834552843662097642865302789850411627725506764039509567670
20 19 7 128131705361874758022276891423102543411583550143471567034566713322642253920869359222131180678241024661836619109862185500032331059886875037509589793/139788151555099854846287492325559180552099519353093245272893874281466899996157960497006600834552843662097642865302789850411627725506764039509567670
20 19 9 11656446193225096824010600902456637140515969209621678238327160958824646075288601274875420156311819000261023755440604350379296665619889001999977877/139788151555099854846287492325559180552099519353093245272893874281466899996157960497006600834552843662097642865302789850411627725506764039509567670
20 20 1 20685323185937756572097105300532857025177240545673380555608606533120883788173550966024549212420817467154077278641206126204740549502949524510665943/139788151555099854846287492325559180552099519353093245272893874281466899996157960497006600834552843662097642865302789850411627725506764039509567670
20 20 4 4598111989428452229593499233195806742584067520346607860092733684184555880773928782290967147507895432494685381199986725797783437841834964136050981/12708013777736350440571590211414470959281774486644840479353988571042445454196178227000600075868440332917967533209344531855602520500614912682687970
20 20 12 34261798242724561874330947729936224679248768041803589128132598611157950759735596462890706499772588218751013196730864870215634679871814954751170468/69894075777549927423143746162779590276049759676546622636446937140733449998078980248503300417276421831048821432651394925205813862753382019754783835
21 0 0 7871110497997511742136957415825121872336492898198665167240172595437036652126939106786820931294142900797822785491315519752774113686502811252561868/69894075777549927423143746162779590276049759676546622636446937140733449998078980248503300417276421831048821432651394925205813862753382019754783835
21 0 3 4767054599886579595984752806632245709622919305496480212909399650314777054885220887458091591134481396892771928111149432252558715336970328589087543/19969735936442836406612498903651311507442788479013320753270553468780985713736851499572371547793263380299663266471827121487375389358109148501366810
21 0 27 90676548359898774190120307847483216840066098418220553448047731538389387307707536071226317834023188082252593797542112785138168490774966116880831133/139788151555099854846287492325559180552099519353093245272893874281466899996157960497006600834552843662097642865302789850411627725506764039509567670
21 1 4 3348127699980100891141488539851213351606511719549758847790698029663243054873817042697925795955001965525665496148704724791552317736663246529351227/12708013777736350440571590211414470959281774486644840479353988571042445454196178227000600075868440332917967533209344531855602520500614912682687970
21 1 11 35615921758716165343677631143055148808589505553010912355627332382995462376641478949936710923289911517039105376823180244431394835250635949197790783/139788151555099854846287492325559180552099519353093245272893874281466899996157960497006600834552843662097642865302789850411627725506764039509567670
21 1 24 5179119708757004803159190420420045043278364295792657914855388091001028642337931632185452776870660264104131081893737485904478482684576632166864271/139788151555099854846287492325559180552099519353093245272893874281466899996157960497006600834552843662097642865302789850411627725506764039509567670
21 1 25 62163705387845574896894296823720639832560020589242327676713475481174735373566562445207253378887250260172085948950120147368678912468255746322049119/139788151555099854846287492325559180552099519353093245272893874281466899996157960497006600834552843662097642865302789850411627725506764039509567670
21 2 3 9940577232657054212742647930963963786663407050733856949762811931674378420021085191521018699937855931034936912528381110605936540168221904033912892/69894075777549927423143746162779590276049759676546622636446937140733449998078980248503300417276421831048821432651394925205813862753382019754783835
21 2 5 5400979276242009224375379454317615529357262869905281168120469873853359427228189667593172448502532517479425748056031481601167993866222363342848719/69894075777549927423143746162779590276049759676546622636446937140733449998078980248503300417276421831048821432651394925205813862753382019754783835
21 2 6 35799452078810478968913955276912877978861669173604536608159778619796013747789833110252074311334096032990425187897895113375693311891605641002804389/69894075777549927423143746162779590276049759676546622636446937140733449998078980248503300417276421831048821432651394925205813862753382019754783835
21 2 7 14956613916501150677042786018823958719637553545469417464579246975375674409508440346514894031520458458503969332947622425713286882428530807759743949/69894075777549927423143746162779590276049759676546622636446937140733449998078980248503300417276421831048821432651394925205813862753382019754783835
21 2 25 4828270370681097281457533508594412234491352607469936604889600148957483237583075888297109808046890253083902684913558103323372114431191980918206657/139788151555099854846287492325559180552099519353093245272893874281466899996157960497006600834552843662097642865302789850411627725506764039509567670
21 2 26 552927235199474279736084290985587257713676293239424857351931866222112949895957595389434408783213505799245163505874296899217230873282125262548223/27957630311019970969257498465111836110419903870618649054578774856293379999231592099401320166910568732419528573060557970082325545101352807901913534
21 3 3 3599061152412296913687657326865725985949500661066078644888401348056905206694957370913852007714592706156482953659634094137063883230146716387141346/9984867968221418203306249451825655753721394239506660376635276734390492856868425749786185773896631690149831633235913560743687694679054574250683405
21 3 7 3439504852221627615588934024698037010507104813455235085297892339559331571067575139628710582617509687563553486055569312969133257633927597377521793/27957630311019970969257498465111836110419903870618649054578774856293379999231592099401320166910568732419528573060557970082325545101352807901913534
21 3 20 665851219732664124214383037034935244155295584953205561536595288707817172954307343015360812921083709557300771565321856545333464698634930149407358/1996973593644283640661249890365131150744278847901332075327055346878098571373685149957237154779326338029966326647182712148737538935810914850136681
21 3 21 11732894572051957281117417707821483490981027612191108957949572599304754791298469832306179395912788180139302694909728674276903627542947289115244807/139788151555099854846287492325559180552099519353093245272893874281466899996157960497006600834552843662097642865302789850411627725506764039509567670
21 3 25 630058691221868818208699514803721868837239430544385025111615950091891470408668080122167432412379522224488971786718515236219132530349073801282727/6354006888868175220285795105707235479640887243322420239676994285521222727098089113500300037934220166458983766604672265927801260250307456341343985
21 4 5 29739558293511016897695781343168264393657693700198669500027589580790044069870588587675742294555916385340139537693022113830799408669286290372105266/69894075777549927423143746162779590276049759676546622636446937140733449998078980248503300417276421831048821432651394925205813862753382019754783835
21 4 6 4806690269115291098816373656458759513307502740393577888928353011829665865859243704529674307559830247690667676160497888620460258444280848008263127/13978815155509985484628749232555918055209951935309324527289387428146689999615796049700660083455284366209764286530278985041162772550676403950956767
21 4 19 3031449737110766200951489160467120896405300687694094822191766620702776168146550602009274401021129279779785367145987324440824186799982100561922111/69894075777549927423143746162779590276049759676546622636446937140733449998078980248503300417276421831048821432651394925205813862753382019754783835
21 4 24 13089616401351688830414607376850407419449251586685968869585815880092300430765622536169912183900224927475558147009896043831888975062709388779440823/69894075777549927423143746162779590276049759676546622636446937140733449998078980248503300417276421831048821432651394925205813862753382019754783835
21 5 3 8383062487479824096921286903112688326409668762484972867256844844408163889005190384235216233245239306767029436053500735195966201011006245362522217/19969735936442836406612498903651311507442788479013320753270553468780985713736851499572371547793263380299663266471827121487375389358109148501366810
21 5 4 19548930384096030385953198880514448588908176722117691156733602080072852189060175204569974853238075946287256391386943589457764225013720602821487701/69894075777549927423143746162779590276049759676546622636446937140733449998078980248503300417276421831048821432651394925205813862753382019754783835
21 5 21 39634508594053161180579722339369857407429555522183387429838823953115444375308523086864609527696238334614941074270793964332979533913300683919903097/139788151555099854846287492325559180552099519353093245272893874281466899996157960497006600834552843662097642865302789850411627725506764039509567670
21 5 25 1187172390247932107676181951685803840992964524639832729394966128674302009846377155677763983831889143769491477941801780395678167244489216204516826/69894075777549927423143746162779590276049759676546622636446937140733449998078980248503300417276421831048821432651394925205813862753382019754783835
21 6 7 93625269901953872718413092110803715719147709378078853968143632790337049078231559401369939448066038658061599637208700712710291224379224921030068101/139788151555099854846287492325559180552099519353093245272893874281466899996157960497006600834552843662097642865302789850411627725506764039509567670
21 6 16 1597396879175630490619750588633717995664809670124951379239376690144376371044585280781359169281843615841205676700832610427922826436576937830067909/12708013777736350440571590211414470959281774486644840479353988571042445454196178227000600075868440332917967533209344531855602520500614912682687970
21 6 20 2859151598221404673105714373978456688063890360363992613311709789954171083643596300704171052438652522978278078438493042299418541032519280234875257/13978815155509985484628749232555918055209951935309324527289387428146689999615796049700660083455284366209764286530278985041162772550676403950956767
21 7 10 3584462276091292038608874426136206186677859982604865946901735518876712790841009980667982271026236108753140983664017558103422343413209300613010788/9984867968221418203306249451825655753721394239506660376635276734390492856868425749786185773896631690149831633235913560743687694679054574250683405
21 7 22 979091381202941227838605033378185007199278721665023315983923228151131632972282429327831808537272916619265896407437980661071701262663630192813304/9984867968221418203306249451825655753721394239506660376635276734390492856868425749786185773896631690149831633235913560743687694679054574250683405
21 7 27 5421314310927184936858769992311264559844255535236771113749617987362648433055133339790371694333122664777424753164458021979193650003181643444859313/9984867968221418203306249451825655753721394239506660376635276734390492856868425749786185773896631690149831633235913560743687694679054574250683405
21 8 6 843533035431183689624320438433882034958302956722302672043026800415559045117708218863787752375636320749407801511033406958272387515832442801767837/69894075777549927423143746162779590276049759676546622636446937140733449998078980248503300417276421831048821432651394925205813862753382019754783835
21 8 11 1800224311969488456747661928032582303537013196287397277484576131203084982649644798752539412511014667396027954883220669438033256816008566870461202/6354006888868175220285795105707235479640887243322420239676994285521222727098089113500300037934220166458983766604672265927801260250307456341343985
21 8 23 53321995805154992020640012463640615765911408469126524683638384416235802438538389495053521419608122370051309955960850879005777167590161793848252971/139788151555099854846287492325559180552099519353093245272893874281466899996157960497006600834552843662097642865302789850411627725506764039509567670
21 8 24 45174154815753749397950276568333990038457214652199375140508761377932109849091968991669636834951125967834902298889017429852574132932748888907632581/139788151555099854846287492325559180552099519353093245272893874281466899996157960497006600834552843662097642865302789850411627725506764039509567670
21 9 0 21624761932595998587741979043193967779800566491971501117722941279519667900629257309400586476196581745157186783801268493393863658128331637602540367/69894075777549927423143746162779590276049759676546622636446937140733449998078980248503300417276421831048821432651394925205813862753382019754783835
21 9 20 48269313844953928835401767119585622496249193184575121518723995861213782097449722939102713941079840085891634648850126431811950204625050382152243468/69894075777549927423143746162779590276049759676546622636446937140733449998078980248503300417276421831048821432651394925205813862753382019754783835
21 10 1 2663805475745383732038163941160724080870136045332981924687813042034576478699328181747827861143346185551034501654935915878573180745415373911082639/27957630311019970969257498465111836110419903870618649054578774856293379999231592099401320166910568732419528573060557970082325545101352807901913534
21 10 16 7717072582659647777931181242719655710962223947650358590339540633314804360669217276052329967227196743402214093304499445119899667481315763641661733/27957630311019970969257498465111836110419903870618649054578774856293379999231592099401320166910568732419528573060557970082325545101352807901913534
21 10 19 13705873111463458618078065300372496760453309428532952252066004752431484386938503969366330461640902429277469430602592843167736795779142296810849691/69894075777549927423143746162779590276049759676546622636446937140733449998078980248503300417276421831048821432651394925205813862753382019754783835
21 10 23 30236007520073890030142317902706144036015550265555319096812548199928513512719112634636575384709162079388230514650213679541894946407411879062073214/69894075777549927423143746162779590276049759676546622636446937140733449998078980248503300417276421831048821432651394925205813862753382019754783835
21 11 1 26156485085350995645055799492127619275697325890017447282081622562167251618771846199415309251978421660816842963994732692322581357403009033733073064/69894075777549927423143746162779590276049759676546622636446937140733449998078980248503300417276421831048821432651394925205813862753382019754783835
21 11 17 43737590692198931778087946670651971000352433786529175354365314578566198379307134049087991165298000170231978468656662232883232505350372986021710771/69894075777549927423143746162779590276049759676546622636446937140733449998078980248503300417276421831048821432651394925205813862753382019754783835
21 12 3 184545462942277035875940777219959541414405448521413656035127565758010287585264571981624338471322511659079172558668287739483814270662275151942023/12708013777736350440571590211414470959281774486644840479353988571042445454196178227000600075868440332917967533209344531855602520500614912682687970
21 12 7 10100874252430031248836698695412114847167557321705065909047115822462351265547113884296384994911248011365473431081929076303280541670684713494446082/69894075777549927423143746162779590276049759676546622636446937140733449998078980248503300417276421831048821432651394925205813862753382019754783835
21 12 12 83474327154142303953811391121124945552392871185959478725641406003093982993877307367821301935487040803547651721945437567093694155194047089363131261/139788151555099854846287492325559180552099519353093245272893874281466899996157960497006600834552843662097642865302789850411627725506764039509567670
21 12 17 17041037901866220500083677632095225174906536794994042256385916705055050653874257534397330593029379603784586691524071482788525264997031248243090996/69894075777549927423143746162779590276049759676546622636446937140733449998078980248503300417276421831048821432651394925205813862753382019754783835
21 13 1 54378356497923609489733313883284144366610354587238234156158248149013369095933837148953778831223055952935293518139619431410361954240204606010800971/139788151555099854846287492325559180552099519353093245272893874281466899996157960497006600834552843662097642865302789850411627725506764039509567670
21 13 5 29530543998620061894649111920266236769008491679545758639144717275822596944129671053908140952575551087577884601335332991374221756698826886885674497/139788151555099854846287492325559180552099519353093245272893874281466899996157960497006600834552843662097642865302789850411627725506764039509567670
21 13 19 24127454681737140631922166825580980505308568720171708147726538829568862008594526190470327579690906922214344688211596019971825816197155810969017818/69894075777549927423143746162779590276049759676546622636446937140733449998078980248503300417276421831048821432651394925205813862753382019754783835
21 13 21 3812170847540951099030366435423419202931767822982918091068915598746604969452699956602012945686211388577887684702322693841696191086710462337528283/69894075777549927423143746162779590276049759676546622636446937140733449998078980248503300417276421831048821432651394925205813862753382019754783835
21 14 2 109995258627919313510785907008981783744844103307078621698221149823206999661063391245886123993622146662041884206030948374204957216871755787716518281/139788151555099854846287492325559180552099519353093245272893874281466899996157960497006600834552843662097642865302789850411627725506764039509567670
21 14 18 3490150526487971160718431370638724459666389457273234617941446986257294053698890673236995394489395332956701938598682427602986511254753842397616018/69894075777549927423143746162779590276049759676546622636446937140733449998078980248503300417276421831048821432651394925205813862753382019754783835
21 14 19 22812591874204599014064722575299947887922637131468154338789830485745312227696787904646486051951906334142354782074476621000697486125500566997817353/139788151555099854846287492325559180552099519353093245272893874281466899996157960497006600834552843662097642865302789850411627725506764039509567670
21 15 10 8041832890838465070033548845345230309272484241690640129389924393021311650347495774790049646852701233329812304068377425756178095440337428794194757/19969735936442836406612498903651311507442788479013320753270553468780985713736851499572371547793263380299663266471827121487375389358109148501366810
21 15 12 168254984923966254633434661482973025815476200254636416347388160546264265037222089866881974144134714178330532449815024310588321614518785542343197/69894075777549927423143746162779590276049759676546622636446937140733449998078980248503300417276421831048821432651394925205813862753382019754783835
21 15 18 83158811349382666846785781085176622335561177260749491534469627209225189913651045893742489358295665600432295671924517821497204414195364466865517977/139788151555099854846287492325559180552099519353093245272893874281466899996157960497006600834552843662097642865302789850411627725506764039509567670
21 16 3 1478179750078450926955473123143818875920316230703204354522680481794469526738912025367081461859892553689597693613634273677332906301623959058263873/27957630311019970969257498465111836110419903870618649054578774856293379999231592099401320166910568732419528573060557970082325545101352807901913534
21 16 14 44635373715003554238125587968959389575426956013029825416932988773198302408395692485322329935144887823787780798384705566745377206619706573958471421/139788151555099854846287492325559180552099519353093245272893874281466899996157960497006600834552843662097642865302789850411627725506764039509567670
21 16 15 81833439602071292296612141040407682586577891944641400492509399823190554600035028540870277429898215304190418819508255257628772904610279410717660479/139788151555099854846287492325559180552099519353093245272893874281466899996157960497006600834552843662097642865302789850411627725506764039509567670
21 16 16 5587741841258905299608420873850318712039851502809678656574763250147315592237007181579670619163654917270886975395108930279821703399057755056180621/139788151555099854846287492325559180552099519353093245272893874281466899996157960497006600834552843662097642865302789850411627725506764039509567670
21 16 18 170348823186924188581988413311347649226619369548159467131660012979189880897836081199457770523311424200283901973274363685495689684800252242967892/69894075777549927423143746162779590276049759676546622636446937140733449998078980248503300417276421831048821432651394925205813862753382019754783835
21 17 1 25864687503027936828415878999029137820826147162788260067183100673997861205581376219899429335062717434126476068626974424671518887853219567039697136/69894075777549927423143746162779590276049759676546622636446937140733449998078980248503300417276421831048821432651394925205813862753382019754783835
21 17 5 9944317397589460811001335866903341665586953486081020628544545892291749525089844562255286301471382381329186273599828468987452825699811149348486933/139788151555099854846287492325559180552099519353093245272893874281466899996157960497006600834552843662097642865302789850411627725506764039509567670
21 17 13 15622891830290904075690879692119512648972054308287140901996625408235885611981072698990491172591205282503100890889802506416227424820102751216337293/27957630311019970969257498465111836110419903870618649054578774856293379999231592099401320166910568732419528573060557970082325545101352807901913534
21 18 4 68772296222556740113226844199812954026154341346312809474268535145211267192871154584446241510528663673789712939017829461255349482692307499537898093/139788151555099854846287492325559180552099519353093245272893874281466899996157960497006600834552843662097642865302789850411627725506764039509567670
21 18 5 1054646670519519983806610277793733248476835919432963329783615112894178646213138583380383483095500062635741672506386079929374077114068762711399177/27957630311019970969257498465111836110419903870618649054578774856293379999231592099401320166910568732419528573060557970082325545101352807901913534
21 18 14 4695901569996108201001971195484111448825785600686829939264804540841767112301508071118460136324762833937801540268073570679243418374579480458190978/9984867968221418203306249451825655753721394239506660376635276734390492856868425749786185773896631690149831633235913560743687694679054574250683405
21 19 11 3329682243318175304638224302748051318695344593983525935172907982842153046438793757478005824661240896195345420210027970369539834519324279618754502/9984867968221418203306249451825655753721394239506660376635276734390492856868425749786185773896631690149831633235913560743687694679054574250683405
21 19 14 378307913548096226838025078965172904892361856870448172231586124049210569382204559190019223668297784087570900597020817372124039667432134651733772/9984867968221418203306249451825655753721394239506660376635276734390492856868425749786185773896631690149831633235913560743687694679054574250683405
21 19 15 6276877811355146671830000070112431530133687788652686269230782627499129241047427433118160725567093009866915312428864773002023820492298159980195131/9984867968221418203306249451825655753721394239506660376635276734390492856868425749786185773896631690149831633235913560743687694679054574250683405
21 20 2 12348894085097815917216316712483899043832775522487187355981122001661895495414706330087254263479983681707043977125352974117294226321596577879047257/27957630311019970969257498465111836110419903870618649054578774856293379999231592099401320166910568732419528573060557970082325545101352807901913534
21 20 8 41459387483428666480590571695786704721416961234910675191009288681067302419520923986171733055637197857227047663487417871668278317619483677568490269/139788151555099854846287492325559180552099519353093245272893874281466899996157960497006600834552843662097642865302789850411627725506764039509567670
21 20 11 2613163831870150627115381219096641472251334321839045235855641113720722864254536061457042604393980528309669665442043364868348448305664105181845794/9984867968221418203306249451825655753721394239506660376635276734390492856868425749786185773896631690149831633235913560743687694679054574250683405
21 21 0 56373992096110686218554808826681549829866931069587112954100266040801534016312265031973790248020307889333542476536272609249076402425034889700775048/69894075777549927423143746162779590276049759676546622636446937140733449998078980248503300417276421831048821432651394925205813862753382019754783835
21 21 4 13520083681439241204588937336098040446182828606959509682346671099931915981766715216529510169256113941715278956115122315956737460328347130054008787/69894075777549927423143746162779590276049759676546622636446937140733449998078980248503300417276421831048821432651394925205813862753382019754783835
22 0 2 19863942871991100756945105530408528154276867671127912051914854800853132016337957650331413472869250677717000070843740096611508161609400770561791231/69894075777549927423143746162779590276049759676546622636446937140733449998078980248503300417276421831048821432651394925205813862753382019754783835
22 0 13 35280535336249672493266680167340390821585976110932566297346628122367863472623097964385482186550704423124698346500605704910904283981659847732014277/139788151555099854846287492325559180552099519353093245272893874281466899996157960497006600834552843662097642865302789850411627725506764039509567670
22 0 28 8304246535245436677627290442184241575489773287725129945148419402858700225258761704894730274689433438402406236348587559048494196105054074449435072/69894075777549927423143746162779590276049759676546622636446937140733449998078980248503300417276421831048821432651394925205813862753382019754783835
22 0 29 6881605343482443926268002887576178610140037332064942140202956821667910291477346260309833021840681572390590272059646976311531246585170643107871541/19969735936442836406612498903651311507442788479013320753270553468780985713736851499572371547793263380299663266471827121487375389358109148501366810
22 1 8 19489826249605702157564082233777925313597490702079698216506821064500228978843501354614695782767568559407730332894329956862208580157208770502111889/69894075777549927423143746162779590276049759676546622636446937140733449998078980248503300417276421831048821432651394925205813862753382019754783835
22 1 20 3342799291560023730165562964016859224847325412592104262455951336243069561822317094341325815433305899015280777199614808964401848508365705612352321/9984867968221418203306249451825655753721394239506660376635276734390492856868425749786185773896631690149831633235913560743687694679054574250683405
22 1 21 5888486502618033418983908374367919968975408710077734118825675057509518152767432757613025049976001273244191225254018931437812151393419752317301944/69894075777549927423143746162779590276049759676546622636446937140733449998078980248503300417276421831048821432651394925205813862753382019754783835
22 1 29 4223233596881205147087362961303146083909116475248892092784556333004443186742365295177259775299942141057986886821148474830996038328838711529780751/13978815155509985484628749232555918055209951935309324527289387428146689999615796049700660083455284366209764286530278985041162772550676403950956767
22 2 4 6605103867917307809670370257107706246678992959150963789340653513742983675103578998237224911382046749880214879173437808476890047824431259932121411/13978815155509985484628749232555918055209951935309324527289387428146689999615796049700660083455284366209764286530278985041162772550676403950956767
22 2 22 19688840062372631061499867838783761200364174264747624827853353615617772675963153042930689390249068115466087657915882525716650566420435845854897741/139788151555099854846287492325559180552099519353093245272893874281466899996157960497006600834552843662097642865302789850411627725506764039509567670
22 2 24 35805677776675184784795891475512109481267361825103992090917787439795353738423331428723550968303969916290742287450447916312467541315536585187094821/139788151555099854846287492325559180552099519353093245272893874281466899996157960497006600834552843662097642865302789850411627725506764039509567670
22 2 31 9121297518439480451644015220093123701839026835865995230358099044311968415367843021490055681089669065769332064101040661806804569763239504573180499/69894075777549927423143746162779590276049759676546622636446937140733449998078980248503300417276421831048821432651394925205813862753382019754783835
22 3 11 29707649135377993520089922775658251575667996706931658006656025612299116556714038187963323716308955597752124520238189304408090645778134700684933939/69894075777549927423143746162779590276049759676546622636446937140733449998078980248503300417276421831048821432651394925205813862753382019754783835
22 3 23 40186426642171933903053823387121338700381762969614964629790911528434333441364942060539976700967466233296696912413205620797723216975247319069849896/69894075777549927423143746162779590276049759676546622636446937140733449998078980248503300417276421831048821432651394925205813862753382019754783835
22 4 6 2131423089838871781558488177242478536407639933759421996178792725623675293968706160966837455960398591154103882344161792546620539287192989237923073/6354006888868175220285795105707235479640887243322420239676994285521222727098089113500300037934220166458983766604672265927801260250307456341343985
22 4 11 12459236467817849132116760598730820843010726499358802343888587811654576376446658877309561563330624663491549442997245192958678888659684275720231184/69894075777549927423143746162779590276049759676546622636446937140733449998078980248503300417276421831048821432651394925205813862753382019754783835
22 4 27 33989185321504488693883615614381505532554993905834178334591629347218445387976553600558526838381412664862129283868370014234309041934574862417398848/69894075777549927423143746162779590276049759676546622636446937140733449998078980248503300417276421831048821432651394925205813862753382019754783835
22 5 2 58616839164522116069448427379096023069277297960134436785590941717345502896084896259753461742277692957698586368389350158062585330166739475078130027/139788151555099854846287492325559180552099519353093245272893874281466899996157960497006600834552843662097642865302789850411627725506764039509567670
22 5 5 6547964144202452579605305213055979674951059802301288013733400012784547722689325126586038265618553781204225481640108434034369710006144949161880088/69894075777549927423143746162779590276049759676546622636446937140733449998078980248503300417276421831048821432651394925205813862753382019754783835
22 5 10 24940164332479805580801395902005143460834284732704181220785138648980942853326511941204501773077794062078813254660754217257145309855658100070757712/69894075777549927423143746162779590276049759676546622636446937140733449998078980248503300417276421831048821432651394925205813862753382019754783835
22 5 23 18195055437213222456025662716340911211251532322947870018265855240590415948041390101672059014882455017832979024311714389766012355616418465966162043/139788151555099854846287492325559180552099519353093245272893874281466899996157960497006600834552843662097642865302789850411627725506764039509567670
22 6 8 3445687053684008447386297926917912732835928748837420687337562157956219029609164423066410978116380635090584497184233784957972341766368781369692971/27957630311019970969257498465111836110419903870618649054578774856293379999231592099401320166910568732419528573060557970082325545101352807901913534
22 6 18 24511943257335962521871200538193923377583975121781228367241212698337160969622427676334909188794188097328944075876324185124353203334984026532220563/27957630311019970969257498465111836110419903870618649054578774856293379999231592099401320166910568732419528573060557970082325545101352807901913534
22 7 0 93853126319338325436437252938211571113652502672186280664777398994301671152155646995537945327306468503767143519685694939989614778580962813527818239/139788151555099854846287492325559180552099519353093245272893874281466899996157960497006600834552843662097642865302789850411627725506764039509567670
22 7 21 14855884844860123353310436372417424202622799318694443870624214353797968169605322542559994821082908439810586395419922770951197348915895626029405688/69894075777549927423143746162779590276049759676546622636446937140733449998078980248503300417276421831048821432651394925205813862753382019754783835
22 7 25 3244651109208256540645873328502552206640283608703615373373609315913858500958333683269733173016111655741865310955449873703923649818801994784587611/27957630311019970969257498465111836110419903870618649054578774856293379999231592099401320166910568732419528573060557970082325545101352807901913534
22 8 1 464284830876598876414053670508879857096030838756865840305408738634605359637864652497311229834400030098972793128365002473472332460798187743993087/2541602755547270088114318042282894191856354897328968095870797714208489090839235645400120015173688066583593506641868906371120504100122982536537594
22 8 4 11541544625663066236045807972081964368658000147980693445018453669739248024121152652373297864480093346009976763675881129929263640470001426180711677/19969735936442836406612498903651311507442788479013320753270553468780985713736851499572371547793263380299663266471827121487375389358109148501366810
22 8 8 10941912914998073880074872529915193749058384516276575099533772130568044127586849364454534085214302028364321441378482058721498264082803453293880037/139788151555099854846287492325559180552099519353093245272893874281466899996157960497006600834552843662097642865302789850411627725506764039509567670
22 8 22 1489026518570677136232734570391823434622839504068719058355404940420777482750531859697450459247892475137468670188183715743486522355568607444420014/9984867968221418203306249451825655753721394239506660376635276734390492856868425749786185773896631690149831633235913560743687694679054574250683405
22 8 24 239055614608271314837246875370902285347669230337446860636825238847134308733291520403222518230770272042202724785498960819356339973155681829886559/19969735936442836406612498903651311507442788479013320753270553468780985713736851499572371547793263380299663266471827121487375389358109148501366810
22 9 1 34930029249082916072206174001702514747223164349200832197232231965888516902144226909649919910808952865370303257036579677388848300090565237406359042/69894075777549927423143746162779590276049759676546622636446937140733449998078980248503300417276421831048821432651394925205813862753382019754783835
22 9 2 41643354468390453373093087490636583947507681827781866620368753726489552335809227261833663369511776686601979810957924683847790175710806927632362959/139788151555099854846287492325559180552099519353093245272893874281466899996157960497006600834552843662097642865302789850411627725506764039509567670
22 9 21 4040676941220509904111722404502509587163644118129959179722950946171473408008611345124728234774737320679293791467386544540877278516403805294926661/19969735936442836406612498903651311507442788479013320753270553468780985713736851499572371547793263380299663266471827121487375389358109148501366810
22 10 3 29859912010738197881741956631738634048283029495095344452544005145653323960247296354519914591116736725652281695388419519696835396413741358098143303/69894075777549927423143746162779590276049759676546622636446937140733449998078980248503300417276421831048821432651394925205813862753382019754783835
22 10 8 47445434704240496305700745811703255594227651966702493323040615961147719082596527226373100369447323735134894476625020495835989563887115489886950089/139788151555099854846287492325559180552099519353093245272893874281466899996157960497006600834552843662097642865302789850411627725506764039509567670
22 10 22 29709004755034219143849320178440342177858210610566061087948992068564221057423462648814716654481083128587953536667617922720632936070900426340854181/139788151555099854846287492325559180552099519353093245272893874281466899996157960497006600834552843662097642865302789850411627725506764039509567670
22 10 23 1456944037174371816626756535969157341723798892817000978408127980224155967821688956389477314195481673535115730616656196230667216360632703542738397/69894075777549927423143746162779590276049759676546622636446937140733449998078980248503300417276421831048821432651394925205813862753382019754783835
22 11 4 330805755202777847222010294672068160511317860519625508265548663612746670088256496886795437517798489193431286333017947940962012042316894324665507/6354006888868175220285795105707235479640887243322420239676994285521222727098089113500300037934220166458983766604672265927801260250307456341343985
22 11 20 46753328874048794684228614231956272549098527413859769824767762217984021908471435126027089445598603480717023351153811370652075640413676801265571298/69894075777549927423143746162779590276049759676546622636446937140733449998078980248503300417276421831048821432651394925205813862753382019754783835
22 11 21 3900376719254115283894603737886113592265347159394194444151627924601842943727344731344292231796406993840810786366877225440631217974843876183578392/13978815155509985484628749232555918055209951935309324527289387428146689999615796049700660083455284366209764286530278985041162772550676403950956767
22 12 14 21586188647643580973712577584254826305749752912754654862089514954956148382467762399654953452178646643544392846953873133616736038793003970377132871/139788151555099854846287492325559180552099519353093245272893874281466899996157960497006600834552843662097642865302789850411627725506764039509567670
22 12 15 36935031941592340589428871622507257181880332286318960417146332928237201462949205653146356081454896393055010009829685554744211728843920149430683121/139788151555099854846287492325559180552099519353093245272893874281466899996157960497006600834552843662097642865302789850411627725506764039509567670
22 12 17 3693951407539269694688456505399868048384974279728164999711728472648797734124590565645695059132695482977192727659965052820485452630447269077352349/6354006888868175220285795105707235479640887243322420239676994285521222727098089113500300037934220166458983766604672265927801260250307456341343985
22 13 1 6271788065747018070019842401583016740234017611824507821495311318458945801824377802476521365859733796244863538984673500814623719798527683676058837/69894075777549927423143746162779590276049759676546622636446937140733449998078980248503300417276421831048821432651394925205813862753382019754783835
22 13 2 19869772025545378351540382101156070120823190590473879634822788086743776079530812336950695936305699711481201538605844529126493337563317196339112921/69894075777549927423143746162779590276049759676546622636446937140733449998078980248503300417276421831048821432651394925205813862753382019754783835
22 13 6 761978843563090609138610358395970442411826545074802516239135336751252917654986755721796416459035928203262441382867478945611815877342417215861229/1815430539676621491510227173059210137040253498092120068479141224434635064885168318142942867981205761845423933315620647407943217214373558954669710
22 13 8 439112452183711994997778635139570600784129891935171135028635414905312393091636124467467687464873404131096706766608641762077827184072114588103327/2541602755547270088114318042282894191856354897328968095870797714208489090839235645400120015173688066583593506641868906371120504100122982536537594
22 13 14 2340737774026462687308110395457449860573657460651132091634653360711399976986806590931559676154086473891992925738741307401501646551870925756113268/69894075777549927423143746162779590276049759676546622636446937140733449998078980248503300417276421831048821432651394925205813862753382019754783835
22 14 3 484952170218343149165071664832042873649575016357430386556264378096812182495977688498176525332910442785010858283333642370858952131859022697867343/2541602755547270088114318042282894191856354897328968095870797714208489090839235645400120015173688066583593506641868906371120504100122982536537594
22 14 4 166411900050646857992136120102783368452130592172837310838148535406616140391611165990419090234453123157710786149719098800916336726057638767037099/13978815155509985484628749232555918055209951935309324527289387428146689999615796049700660083455284366209764286530278985041162772550676403950956767
22 14 13 1366396953910150062551988424358340535579880161526388659168551117558846386199745145359703201028733416547520597635942515479885154153052047615520413/12708013777736350440571590211414470959281774486644840479353988571042445454196178227000600075868440332917967533209344531855602520500614912682687970
22 14 15 1611423817786487084323359437599999078488847216031348175302138747807103473025118855600924744667175475976945723419639869769003887393712159951528263/27957630311019970969257498465111836110419903870618649054578774856293379999231592099401320166910568732419528573060557970082325545101352807901913534
22 14 16 88364177610640426952598519702827247533028669674759184776553092099893240941640285092741342104246293115437482607128681512881465858341808079928126957/139788151555099854846287492325559180552099519353093245272893874281466899996157960497006600834552843662097642865302789850411627725506764039509567670
22 15 4 2176720614018491335607504006672514300347169711871387316425064949079791850717277305068392657929286500726580645450664750582027719136101062828463027/12708013777736350440571590211414470959281774486644840479353988571042445454196178227000600075868440332917967533209344531855602520500614912682687970
22 15 8 1524935092130507703701945622860857664358400599850039104580785368593616734707627280462010608197523534530233538970647135988271355348396786046386231/19969735936442836406612498903651311507442788479013320753270553468780985713736851499572371547793263380299663266471827121487375389358109148501366810
22 15 18 4029176718279375082267190214580548700158131406891439255903408206064593044503443114099753357188287484670123340371305841959729778200185163146938698/69894075777549927423143746162779590276049759676546622636446937140733449998078980248503300417276421831048821432651394925205813862753382019754783835
22 15 19 882830233812946782401426804208858383613232595543407568621325871357315330966433026816551823868831385845939766470984872347017852465186404725253576/1270801377773635044057159021141447095928177448664484047935398857104244545419617822700060007586844033291796753320934453185560252050061491268268797
22 16 1 6526211190919338288389773222572940768344457841585598684107492184130059203237445289504213066900908676729375653103987509176223289009172378947985977/12708013777736350440571590211414470959281774486644840479353988571042445454196178227000600075868440332917967533209344531855602520500614912682687970
22 16 7 7124665350891872345996975491904878659095257512447280144867229805702157769522510104344173548647207502233434510170638417334061143384665207506056919/69894075777549927423143746162779590276049759676546622636446937140733449998078980248503300417276421831048821432651394925205813862753382019754783835
22 16 11 10750099550640677796401207178689414956423993614151419891595400128926386644300208420754382000269686642721528332163530082961009851927307491213921617/27957630311019970969257498465111836110419903870618649054578774856293379999231592099401320166910568732419528573060557970082325545101352807901913534
22 17 5 51253712834753534554599344359479329033685033026865947149864172104867610095903073676120786376029700936349150307103798634848497004603335387883808433/139788151555099854846287492325559180552099519353093245272893874281466899996157960497006600834552843662097642865302789850411627725506764039509567670
22 17 6 1158986545428470494978435723708641319073777743734738745668797884004529077978622540275763816834909635264761029779958670539959477015008264047923563/19969735936442836406612498903651311507442788479013320753270553468780985713736851499572371547793263380299663266471827121487375389358109148501366810
22 17 16 40210766451173513413419548950059681142449021060042063451674058494283793177202264519477733870339387639447582674869640260891707190899185401645147148/69894075777549927423143746162779590276049759676546622636446937140733449998078980248503300417276421831048821432651394925205813862753382019754783835
22 18 5 9041808893476620336273809432108730013861335366664016060657900916306028085873648481353521762481914479633706817255897717839569433724327611929736053/27957630311019970969257498465111836110419903870618649054578774856293379999231592099401320166910568732419528573060557970082325545101352807901913534
22 18 8 30306457526097797270885773396395553238688486424409632328518694808584056344722084271817465951410002396007416683575107451482431824544058140808395929/139788151555099854846287492325559180552099519353093245272893874281466899996157960497006600834552843662097642865302789850411627725506764039509567670
22 18 14 32136324780809477947016335884309988622052178047681766320542837445676351611033816909210763035366634433960846047724096904865674366170533919526245738/69894075777549927423143746162779590276049759676546622636446937140733449998078980248503300417276421831048821432651394925205813862753382019754783835
22 19 7 11656446193225096824010600902456637140515969209621678238327160958824646075288601274875420156311819000261023755440604350379296665619889001999977877/139788151555099854846287492325559180552099519353093245272893874281466899996157960497006600834552843662097642865302789850411627725506764039509567670
22 19 9 115212305230561185141611373787317560799508418775332869129623858465125118685862104899569834723712231648438005110397709043620983058564664469588457727/139788151555099854846287492325559180552099519353093245272893874281466899996157960497006600834552843662097642865302789850411627725506764039509567670
22 19 15 922814295093826634333251259698927329433937954867049850353061061251223945357661023040096139609199500957043857104605461172239142951586469137223719/9984867968221418203306249451825655753721394239506660376635276734390492856868425749786185773896631690149831633235913560743687694679054574250683405
22 20 0 3942177559804760606873738017271322932092548570711088745551613807565785374117635392331860362287588087504899181514421402658060134427850885540822620/13978815155509985484628749232555918055209951935309324527289387428146689999615796049700660083455284366209764286530278985041162772550676403950956767
22 20 5 35084468918721993132166744093363432557045633423165641649407252253531012726490848580045436105231494762885417020791470000635647455492859495328026208/69894075777549927423143746162779590276049759676546622636446937140733449998078980248503300417276421831048821432651394925205813862753382019754783835
22 20 7 1351881049116244637622257929287814925348811444282930801005019937152735761057498757296169606948974956503346734389517810286759443086060630894261309/139788151555099854846287492325559180552099519353093245272893874281466899996157960497006600834552843662097642865302789850411627725506764039509567670
22 20 12 5769111414098403575118873207366254238346791071073628743511642352318857008188482131260191078852999660954894054837223602454594405431295112510205549/27957630311019970969257498465111836110419903870618649054578774856293379999231592099401320166910568732419528573060557970082325545101352807901913534
22 21 12 35045626988926023065798734145728390897322569959943444473373796884629925106920592136618651742256859347926330889164579085804280496888248395348145903/69894075777549927423143746162779590276049759676546622636446937140733449998078980248503300417276421831048821432651394925205813862753382019754783835
22 21 13 34848448788623904357345012017051199378727189716603178163073140256103524891158388111884648675019562483122490543486815839401533365865133624406637932/69894075777549927423143746162779590276049759676546622636446937140733449998078980248503300417276421831048821432651394925205813862753382019754783835
22 22 0 46452721510599596154337857021937003132407107931822718659141444149069346530299662577294794979957021043880834063416535126816162381363510667576256851/139788151555099854846287492325559180552099519353093245272893874281466899996157960497006600834552843662097642865302789850411627725506764039509567670
22 22 3 93335430044500258691949635303622177419692411421270526613752430132397553465858297919711805854595822618216808801886254723595465344143253371933310819/139788151555099854846287492325559180552099519353093245272893874281466899996157960497006600834552843662097642865302789850411627725506764039509567670
23 0 7 39817361697331328279972936188453135522289767177528727329726509723489744005330930554426501461589951100298945581270216236604050807782516810546520012/69894075777549927423143746162779590276049759676546622636446937140733449998078980248503300417276421831048821432651394925205813862753382019754783835
23 0 12 815639854195816181905096050741560305384637892323032166474981141782470626492871615818562970979121585892884872404387107905509269948828313841448037/13978815155509985484628749232555918055209951935309324527289387428146689999615796049700660083455284366209764286530278985041162772550676403950956767
23 0 32 25998514809239518233645329720618653226836803037402734474345521708331352860283691614983984100790862801285451489359243149074216705226723640001023638/69894075777549927423143746162779590276049759676546622636446937140733449998078980248503300417276421831048821432651394925205813862753382019754783835
23 1 8 5627953979184194492410632987491272652621043793747006649230751772203426875939151697251767644296592179040866941671325692187880139634131001738282406/13978815155509985484628749232555918055209951935309324527289387428146689999615796049700660083455284366209764286530278985041162772550676403950956767
23 1 10 608948147335789893679453254885909379226211505437837149937550751676845349768711500453705031144130477893215517372443679193774957797699920519556583/12708013777736350440571590211414470959281774486644840479353988571042445454196178227000600075868440332917967533209344531855602520500614912682687970
23 1 23 1969711749849477827202554744925792809042004509894750733112319426876073457481869560610702668124777964848181476852020571627155053685710956239713323/69894075777549927423143746162779590276049759676546622636446937140733449998078980248503300417276421831048821432651394925205813862753382019754783835
23 1 30 72870758642865265437302067157049865236316745836017468665048659437235185474346877898276763712751930685167239803788611314146991686019332983932194551/139788151555099854846287492325559180552099519353093245272893874281466899996157960497006600834552843662097642865302789850411627725506764039509567670
23 2 11 42092770862918638830488108320495974340507594351596847812047113725090821043117307654325655054262119687994873275361071879104292991869493557952299702/69894075777549927423143746162779590276049759676546622636446937140733449998078980248503300417276421831048821432651394925205813862753382019754783835
23 2 19 949807416830727735413184214001744647308819546143036440468564268812528972870810590001973149211745387361241910236012809487950860379648876855394568/13978815155509985484628749232555918055209951935309324527289387428146689999615796049700660083455284366209764286530278985041162772550676403950956767
23 2 24 950590101566462085920413724526371905233192237995286254114685335017580108723507429090386957967483764137526343952425246368015175738522907351075197/27957630311019970969257498465111836110419903870618649054578774856293379999231592099401320166910568732419528573060557970082325545101352807901913534
23 2 28 41351585153122989401577364921917925871830173998492753973540577468072067637597702142883624444073731591807845492458391765483457259278673618295646601/139788151555099854846287492325559180552099519353093245272893874281466899996157960497006600834552843662097642865302789850411627725506764039509567670
23 3 2 22659367425217353742085237839317158802024622945644881974996259960534446270801624158053661780416405268509788211997916782325757418133588924064891133/69894075777549927423143746162779590276049759676546622636446937140733449998078980248503300417276421831048821432651394925205813862753382019754783835
23 3 11 2166890728449517489132308949334718903556536511868395934884492637185452673082785317426973746744293691177772942252313126106720753818326596129715613/139788151555099854846287492325559180552099519353093245272893874281466899996157960497006600834552843662097642865302789850411627725506764039509567670
23 3 14 43975472089148098646416154594888962296070501565516931074233594629966872871050227845377266650032205910940377584866011140621776811604655951162045671/69894075777549927423143746162779590276049759676546622636446937140733449998078980248503300417276421831048821432651394925205813862753382019754783835
23 3 23 621654542559918940021771215401745636050390545557317605649953209039829862767353024673967175273046801717076904188945839772834073173135384703711207/19969735936442836406612498903651311507442788479013320753270553468780985713736851499572371547793263380299663266471827121487375389358109148501366810
23 4 20 7160773956224427227895990336526899706632924194965746243834121612749111024151328909882606553959299261553050078187748581235824968206301913938248024/9984867968221418203306249451825655753721394239506660376635276734390492856868425749786185773896631690149831633235913560743687694679054574250683405
23 4 21 202993419908060892580360266167057371719837816847154038085562451317799693008138811687887563514641968460703396179784742316191339211877915417704973/3993947187288567281322499780730262301488557695802664150654110693756197142747370299914474309558652676059932653294365424297475077871621829700273362
23 4 26 4633220924453677487918716899762225235577751004846058075174497986693765200393499621367720622301455014890046129197406247434768756886115743536345897/19969735936442836406612498903651311507442788479013320753270553468780985713736851499572371547793263380299663266471827121487375389358109148501366810
23 5 1 9009714360731203208086042965119792370934045789588775432175999782209155073306416714605571297906541405077736935441330710028634512645486272519314420/13978815155509985484628749232555918055209951935309324527289387428146689999615796049700660083455284366209764286530278985041162772550676403950956767
23 5 18 4969100794778782276542706267436125684275906145720549095113387645937534926309379335095088785548742961132027351088948275012528259905190131431642347/13978815155509985484628749232555918055209951935309324527289387428146689999615796049700660083455284366209764286530278985041162772550676403950956767
23 6 2 3224207403827076477846080366106553156098332672610265851807821579700991597513638574981658852159124832139290608595991728938072298075406663230700949/27957630311019970969257498465111836110419903870618649054578774856293379999231592099401320166910568732419528573060557970082325545101352807901913534
23 6 4 955118677679499622189106585595150906865059660128581202190796264724037585708799602775988813283854860601875423390799110470136702803258920425262797/6354006888868175220285795105707235479640887243322420239676994285521222727098089113500300037934220166458983766604672265927801260250307456341343985
23 6 19 33480580663671286522239613576107638761822229964258178765120817241173570206815698923828415521048183685276586396052708092018182844919601498704686731/69894075777549927423143746162779590276049759676546622636446937140733449998078980248503300417276421831048821432651394925205813862753382019754783835
23 6 20 33140657404518658188571066324499399174704280943953692931584551601490770728953786183899612627335145107223818199673637652742278002281896524706006327/139788151555099854846287492325559180552099519353093245272893874281466899996157960497006600834552843662097642865302789850411627725506764039509567670
23 6 27 1276342447577124767923226067609209061113901297371539551915531237597601990205496164735054506040450045191469757973098469299807540668467475942450801/69894075777549927423143746162779590276049759676546622636446937140733449998078980248503300417276421831048821432651394925205813862753382019754783835
23 7 0 2047887798819876866948542538218706102405285379749012887659495585468790569646924896709198720874935058541156683950340403086439677634742942447372264/9984867968221418203306249451825655753721394239506660376635276734390492856868425749786185773896631690149831633235913560743687694679054574250683405
23 7 8 30189910136286661208999430789403214289036539033791016761706169221283619406055390131692168050605833808558881183409072246905695864347939198899646561/69894075777549927423143746162779590276049759676546622636446937140733449998078980248503300417276421831048821432651394925205813862753382019754783835
23 7 15 22370010632022338559672262359331918486867016398658735195599108653436039972687835835683688984257480561952504230944521352979353033355190588353338831/69894075777549927423143746162779590276049759676546622636446937140733449998078980248503300417276421831048821432651394925205813862753382019754783835
23 7 23 85684011928622559595207292757528993808834473881536584729291147649493046623065142976087209608244630021409692304154814391876777760201475296291217/1996973593644283640661249890365131150744278847901332075327055346878098571373685149957237154779326338029966326647182712148737538935810914850136681
23 8 10 23810272712746367933273415901208607119389412932803661614561116058929974473349804758656087497664581430828050278518423004908783117894344758594053597/69894075777549927423143746162779590276049759676546622636446937140733449998078980248503300417276421831048821432651394925205813862753382019754783835
23 8 22 9235763924685882641493395770927396068023156882018811406070478871856113107928702885580334046978847698677088827920068365303966841786641475820414951/69894075777549927423143746162779590276049759676546622636446937140733449998078980248503300417276421831048821432651394925205813862753382019754783835
23 8 25 36848039140117676848376934490643587088637189861724149615815342209947362416800472604266878872632992701543682326212903554993063903072395785340315287/69894075777549927423143746162779590276049759676546622636446937140733449998078980248503300417276421831048821432651394925205813862753382019754783835
23 9 17 36119563089692075293597338723691362210796625173645831093112617333939771227372820908151305858644463936830407913399901566325531128946084403453903863/69894075777549927423143746162779590276049759676546622636446937140733449998078980248503300417276421831048821432651394925205813862753382019754783835
23 9 19 8660188289767426697567122493268054668109378095516910163018126638689611761063566459725560607217032216281205371164568256800517483714182142744575529/139788151555099854846287492325559180552099519353093245272893874281466899996157960497006600834552843662097642865302789850411627725506764039509567670
23 9 24 11777767417189655512305138476981680292479378182056934584730102594979549156069750444195685702009376714431124333467683692192009596780082617971436883/27957630311019970969257498465111836110419903870618649054578774856293379999231592099401320166910568732419528573060557970082325545101352807901913534
23 10 3 39430777353585628151859219941910003315373210196845204877212490672084766515414988765130793078255675617105232158449343909363856208526954444299268728/69894075777549927423143746162779590276049759676546622636446937140733449998078980248503300417276421831048821432651394925205813862753382019754783835
23 10 13 383582638431624462529082976355014116023970525880385477894989313464737126270520240430534495416289248525335482530126293011885865060553287664048209/69894075777549927423143746162779590276049759676546622636446937140733449998078980248503300417276421831048821432651394925205813862753382019754783835
23 10 15 39953508498202604240611784244972868458849048461110166985876197908176411206609202630713639038881854105051678394011485666892138291566504388203169923/139788151555099854846287492325559180552099519353093245272893874281466899996157960497006600834552843662097642865302789850411627725506764039509567670
23 10 18 6022751709979782364480446063441588731494760597232818907887114787803462723089558057371606240146500356093763206325807613549916953573022249841189617/139788151555099854846287492325559180552099519353093245272893874281466899996157960497006600834552843662097642865302789850411627725506764039509567670
23 10 22 7091585681441481506209328090307344249480674424649539334457800807194009391544090898899350204090279734845532991503278082609044166596110968769287128/69894075777549927423143746162779590276049759676546622636446937140733449998078980248503300417276421831048821432651394925205813862753382019754783835
23 11 0 7618202756352474477623867638886879375356882146305731669100563493546702559033885439384893794137776739746797066031193125157124510237747048176426719/13978815155509985484628749232555918055209951935309324527289387428146689999615796049700660083455284366209764286530278985041162772550676403950956767
23 11 4 18106222942174278396077333089344127817536113563224360046134161039309386300389373181270965640118389845118391245499798643587683828845093379335708997/69894075777549927423143746162779590276049759676546622636446937140733449998078980248503300417276421831048821432651394925205813862753382019754783835
23 11 8 7521777901315450843001646659488597154427010403925298215228959266887439695445275488364201945274067948768290248305104228173158393032810868898724907/139788151555099854846287492325559180552099519353093245272893874281466899996157960497006600834552843662097642865302789850411627725506764039509567670
23 11 18 5797401442446884198576947650832768172142749490676494390699541045695210632277583768317883635983301073264101511023651662779770823596403904689601006/69894075777549927423143746162779590276049759676546622636446937140733449998078980248503300417276421831048821432651394925205813862753382019754783835
23 11 22 752463392819757639794418890622545242249632852573538317544715991736658258639992428692342035972511498099672403967168523448392265928498920072359597/12708013777736350440571590211414470959281774486644840479353988571042445454196178227000600075868440332917967533209344531855602520500614912682687970
23 12 0 41431530527779820654319608885195824491359697461590858981252314737255586071865300574101286257814908778886335234609239023599964035351177159942684564/69894075777549927423143746162779590276049759676546622636446937140733449998078980248503300417276421831048821432651394925205813862753382019754783835
23 12 22 28462545249770106768824137277583765784690062214955763655194622403477863926213679674402014159461513052162486198042155901605849827402204859812099271/69894075777549927423143746162779590276049759676546622636446937140733449998078980248503300417276421831048821432651394925205813862753382019754783835
23 13 2 6429721883393501652047652973190938524233825250266824087988126870306763144252003167973008160411413238505602991116904788143724915303275274532289313/139788151555099854846287492325559180552099519353093245272893874281466899996157960497006600834552843662097642865302789850411627725506764039509567670
23 13 14 97597682895816947440192871555209684674264672059822956997391520709422067293943163087798785502447970261758306592850839534631054282938587497459041059/139788151555099854846287492325559180552099519353093245272893874281466899996157960497006600834552843662097642865302789850411627725506764039509567670
23 13 21 17880373387944702877023483898579278676800511021501732093757113350869034778981397120617403585846730080916866640667522763818424263632450633759118649/69894075777549927423143746162779590276049759676546622636446937140733449998078980248503300417276421831048821432651394925205813862753382019754783835
23 14 5 67001741720691302017738238473122448539455454551766652061692977131354816484469684863296744648225862862879148456767054607482606501146958934321641949/139788151555099854846287492325559180552099519353093245272893874281466899996157960497006600834552843662097642865302789850411627725506764039509567670
23 14 18 72786409834408552828549253852436732012644064801326593211200897150112083511688275633709856186326980799218494408535735242929021224359805105187925721/139788151555099854846287492325559180552099519353093245272893874281466899996157960497006600834552843662097642865302789850411627725506764039509567670
23 15 1 34583975972458449082695740575110556613898079657809382585384325407235155812384417108678248820536520484241688123678173746609707161995080668018758046/69894075777549927423143746162779590276049759676546622636446937140733449998078980248503300417276421831048821432651394925205813862753382019754783835
23 15 2 113589134647714853094486905003179291895855198355940675054006954366999294317296460774156783867565429613832368351948504729007525731610277655561422/1996973593644283640661249890365131150744278847901332075327055346878098571373685149957237154779326338029966326647182712148737538935810914850136681
23 15 4 28072574395138632265239412776210503811237713261569632705875862399136967625808373536917222814325891502722598734132903570609171988436582283984586487/139788151555099854846287492325559180552099519353093245272893874281466899996157960497006600834552843662097642865302789850411627725506764039509567670
23 15 5 34596385789704284699042515048905013080355782890989000142468874262169670143370000488541905508424331117923402099177143455552514611867300983598165551/139788151555099854846287492325559180552099519353093245272893874281466899996157960497006600834552843662097642865302789850411627725506764039509567670
23 16 1 9787104009771137312758209853469564361759047169741921746135145936519013455034777167366086330586878003153498961833477098528092988826012925395824703/69894075777549927423143746162779590276049759676546622636446937140733449998078980248503300417276421831048821432651394925205813862753382019754783835
23 16 12 48348029102522429547233655708257538066698218928156587726744380857102693650233543394796045161917821179057657755786412907863153944887794268806499258/69894075777549927423143746162779590276049759676546622636446937140733449998078980248503300417276421831048821432651394925205813862753382019754783835
23 16 16 1068994787750578233013807327368407986144772143513464833051582758828340262982787244212833538615611149894333155911954992619506084458143165959314534/6354006888868175220285795105707235479640887243322420239676994285521222727098089113500300037934220166458983766604672265927801260250307456341343985
23 17 3 281823417445681973485714908707733143172017273403743922757315345205618149981200181216889752258100141256098761590798767091214092727554309892474340/1996973593644283640661249890365131150744278847901332075327055346878098571373685149957237154779326338029966326647182712148737538935810914850136681
23 17 4 5330716627027082771079448170813968734805728382221602543277729709411114430646284190621604735378930121926622686968620341687602697604679811207446913/13978815155509985484628749232555918055209951935309324527289387428146689999615796049700660083455284366209764286530278985041162772550676403950956767
23 17 10 6675334606363128899149296700787817318200102639261514524710450302296248519101110590560827082269653255490450268426067273715061425853116423496189474/13978815155509985484628749232555918055209951935309324527289387428146689999615796049700660083455284366209764286530278985041162772550676403950956767
23 18 3 7634292886379849207398673886295677241819101978537056798967847220491521747276732473933352738069775529399056943715761543554816530054366388272580893/69894075777549927423143746162779590276049759676546622636446937140733449998078980248503300417276421831048821432651394925205813862753382019754783835
23 18 6 5503628545574840017845797649794861580573455850709654955336329713687270845426961236068061444874081520642713045001771408602980951622186788897425158/69894075777549927423143746162779590276049759676546622636446937140733449998078980248503300417276421831048821432651394925205813862753382019754783835
23 18 11 9241314082028716732668150955690931830166669232394799090722894657630923256007161285531157705012470026677986930225953167481626142128371338199571697/69894075777549927423143746162779590276049759676546622636446937140733449998078980248503300417276421831048821432651394925205813862753382019754783835
23 18 16 47514840263566521465231123670998119623490532614905111791419865548923734149368125252970728529320094754329064513707908805566390238948457504385206087/69894075777549927423143746162779590276049759676546622636446937140733449998078980248503300417276421831048821432651394925205813862753382019754783835
23 19 2 13355235023710664349614848192113654900276636565870171224967131177092145873230867738313387266500888113036344539545961766882522924066715606320272013/27957630311019970969257498465111836110419903870618649054578774856293379999231592099401320166910568732419528573060557970082325545101352807901913534
23 19 4 49110720343855653765808584148190561424563674969662050401624203210745554290482851029233337208659896429349967295418890236977754576120962591826592869/139788151555099854846287492325559180552099519353093245272893874281466899996157960497006600834552843662097642865302789850411627725506764039509567670
23 19 13 11950628046345439666202333608400172313076330777040169373217007592630308169760385388103163646694253333782976436077045389510629264526111708040807368/69894075777549927423143746162779590276049759676546622636446937140733449998078980248503300417276421831048821432651394925205813862753382019754783835
23 20 2 1289103128734448835200589568604956609345555156681445554431637292157427773352510536892393010399508777155577536125036393687216742756355488274474631/3993947187288567281322499780730262301488557695802664150654110693756197142747370299914474309558652676059932653294365424297475077871621829700273362
23 20 3 36928869050716984679820829214184823516768189106849308567685226328497709342529474466334859129269381796940671594574525169879498345937391319147972486/69894075777549927423143746162779590276049759676546622636446937140733449998078980248503300417276421831048821432651394925205813862753382019754783835
23 20 7 20811803947960176254625198996016052191468710655544033732416116398961509243761142773103127212031272867771085911777465731600045037159539311607010613/139788151555099854846287492325559180552099519353093245272893874281466899996157960497006600834552843662097642865302789850411627725506764039509567670
23 21 5 2914189674409454858657590035261467781864409169191414209042059377996277609977390744859594202269547946928193408921081665306763765048913444990232732/9984867968221418203306249451825655753721394239506660376635276734390492856868425749786185773896631690149831633235913560743687694679054574250683405
23 21 7 34984934444647604664065244799179682765131461155169556582808621997770736286908490646407410933983769252518705123313581490421129073624759447418437751/139788151555099854846287492325559180552099519353093245272893874281466899996157960497006600834552843662097642865302789850411627725506764039509567670
23 21 8 431030389251786924071093179550743728461454744824513523552320720695885095041914895425507125445539947798415087545624642303887415013810849051622738/1270801377773635044057159021141447095928177448664484047935398857104244545419617822700060007586844033291796753320934453185560252050061491268268797
23 21 9 16591218851023320513195737282137138710106307898547402172741141715200916714955360925759087269786008894758570387075354392268190289678022966549370491/139788151555099854846287492325559180552099519353093245272893874281466899996157960497006600834552843662097642865302789850411627725506764039509567670
23 22 7 2361362683181394860624157798715843673510851022046798967883250656626646419273796101368796938781264063435295893189892960354189744673049242153114793/13978815155509985484628749232555918055209951935309324527289387428146689999615796049700660083455284366209764286530278985041162772550676403950956767
23 22 9 114844759159697396784855422537272462933645465866707746415694543169306080234779526197703528836504745089649594901046563627834336973946893011980653463/139788151555099854846287492325559180552099519353093245272893874281466899996157960497006600834552843662097642865302789850411627725506764039509567670
23 22 10 189966509084072779312927400161182983335077609416787025480974935127765081234353326516443230033636848299298433193899517005056186404196943713966611/19969735936442836406612498903651311507442788479013320753270553468780985713736851499572371547793263380299663266471827121487375389358109148501366810
23 23 1 4438107115395728675194579592982081254653750075867426047972131048470688220611924198917954633972232374624545589699283075709691615934588041945269158/69894075777549927423143746162779590276049759676546622636446937140733449998078980248503300417276421831048821432651394925205813862753382019754783835
23 23 6 43305558552050475052802732371767340649737421052709075424155272678537586642604157238894228340221549341377019630209162512244510815133494846462426749/69894075777549927423143746162779590276049759676546622636446937140733449998078980248503300417276421831048821432651394925205813862753382019754783835
23 23 10 22150410110103723695146434198030168371658588547970121164319533413725175134862898810691117443082640115047256212742949337251611431685299131347087928/69894075777549927423143746162779590276049759676546622636446937140733449998078980248503300417276421831048821432651394925205813862753382019754783835
24 0 5 12662966232576637572767745814776638076779562043449601773531435054971068845244107423007266528248817663799190173051754273137308780802093999228230033/139788151555099854846287492325559180552099519353093245272893874281466899996157960497006600834552843662097642865302789850411627725506764039509567670
24 0 13 28966701876371479936044966963712785087936768440844756879058658305890087946876021236092855917948158527609189909477845878631231399694785865374093359/69894075777549927423143746162779590276049759676546622636446937140733449998078980248503300417276421831048821432651394925205813862753382019754783835
24 0 26 4124183451447878681675908541099376477963130886133487204242122041922504748929796606996009959408928856082143696077783825519146582928667799632659596/9984867968221418203306249451825655753721394239506660376635276734390492856868425749786185773896631690149831633235913560743687694679054574250683405
24 0 29 29748605842883002228485955864845978202500228628793010082741335137144386421154956113946709191383649241376782151185377305828062296918828869288095/363086107935324298302045434611842027408050699618424013695828244886927012977033663628588573596241152369084786663124129481588643442874711790933942
24 1 3 7757166931892853963107168823138169691071886232499032071240867622046542817568044676901967859761191767859661440222804007859399248953340611797160498/69894075777549927423143746162779590276049759676546622636446937140733449998078980248503300417276421831048821432651394925205813862753382019754783835
24 1 5 9678014904934925731806066488015276379004771623087603991784601054739317293715351941258658067256551795274980431813889949206160122934061417628871188/69894075777549927423143746162779590276049759676546622636446937140733449998078980248503300417276421831048821432651394925205813862753382019754783835
24 1 7 33442208790552651234847706731714437092166633056180168087261523538408012421503530268859477460546850076969756069978635429635177481512675738085843886/69894075777549927423143746162779590276049759676546622636446937140733449998078980248503300417276421831048821432651394925205813862753382019754783835
24 1 18 10788210825652082747720055912790817296253210965281780382673691896863743381276778281053437725101304727439335523844912716177680929890251922622608407/69894075777549927423143746162779590276049759676546622636446937140733449998078980248503300417276421831048821432651394925205813862753382019754783835
24 1 22 1406048993032989977363882786178016872285430616626896072550799266822529202731328123583611449447216514096176569893517728030478502037555121816567087/13978815155509985484628749232555918055209951935309324527289387428146689999615796049700660083455284366209764286530278985041162772550676403950956767
24 1 24 171175622764637694120476325175829350875157816623365391533179527794741152908376351787386008196348699003457873903366311739286224182182388648209203/9984867968221418203306249451825655753721394239506660376635276734390492856868425749786185773896631690149831633235913560743687694679054574250683405
24 2 1 12026987362323100588077512164399564101598145174125846429823131928440747797339412011088888410983284195161815203183383627024657339799368768694150707/139788151555099854846287492325559180552099519353093245272893874281466899996157960497006600834552843662097642865302789850411627725506764039509567670
24 2 13 101753879327014946997289344617640891071783605370563195300974717533009366492979365181113657011762015081662298120345106124855036130140541252749752669/139788151555099854846287492325559180552099519353093245272893874281466899996157960497006600834552843662097642865302789850411627725506764039509567670
24 2 15 9339983093801267830962497562101088793602464034427589674994412692276442667230864830405413505341446963980562839999124675377461877831516172747870931/139788151555099854846287492325559180552099519353093245272893874281466899996157960497006600834552843662097642865302789850411627725506764039509567670
24 2 26 8183362753171526863453496105036101476405011501048634106670577352157626213292948190831308856282889498551561792497779004515852372598723079813753229/69894075777549927423143746162779590276049759676546622636446937140733449998078980248503300417276421831048821432651394925205813862753382019754783835
24 2 30 60115253123497140610229154269086726461056354375869130752091484685018122404484418547204838780063684837968623355923482824553526507578337138057381/27957630311019970969257498465111836110419903870618649054578774856293379999231592099401320166910568732419528573060557970082325545101352807901913534
24 3 5 8782212333503556971836033328443218162613114696288971173979779350468720604710925614801198179881032872459179445695889475840385178161205008458970091/27957630311019970969257498465111836110419903870618649054578774856293379999231592099401320166910568732419528573060557970082325545101352807901913534
24 3 26 15874212179913665472179913256262061707252951832755885961161107238798274378404605752149686347724369408063509991756690602411021471652534279049563108/69894075777549927423143746162779590276049759676546622636446937140733449998078980248503300417276421831048821432651394925205813862753382019754783835
24 3 31 64128665527754739042747499170818966324528042206136617480672763051526748215794120918701237239698940483674725653309961266387658891395670439115590999/139788151555099854846287492325559180552099519353093245272893874281466899996157960497006600834552843662097642865302789850411627725506764039509567670
24 4 4 1454939845765882461826870085381761650327605397594682663339137420283048487847237477181815066663023866407794576114481793445809320309924712905221805/13978815155509985484628749232555918055209951935309324527289387428146689999615796049700660083455284366209764286530278985041162772550676403950956767
24 4 20 5746325783014814851876305797250681671310486809892340533852966670660631301347661530345192532561355599507853079313527204783386336187916433539807387/27957630311019970969257498465111836110419903870618649054578774856293379999231592099401320166910568732419528573060557970082325545101352807901913534
24 4 21 85367906329366145496324684089574645896588601858906414890699929989025292414963483348969820599926512102844487314022263713536037068002277638736773541/139788151555099854846287492325559180552099519353093245272893874281466899996157960497006600834552843662097642865302789850411627725506764039509567670
24 4 29 37747998958828367501507567730744600922469740348483866399179267409483145094654625688402402257207211033056074689985806881000430860231442950948942/13978815155509985484628749232555918055209951935309324527289387428146689999615796049700660083455284366209764286530278985041162772550676403950956767
24 4 30 5380868931706263398648751359303031893228866032646731207772972031106567372518624233804321441308621393652691823334107054845280732431671337256024862/69894075777549927423143746162779590276049759676546622636446937140733449998078980248503300417276421831048821432651394925205813862753382019754783835
24 5 20 17963974933207075369592887063215357205106900846475257439697582116675339427115975450724688554758721257172205430907076066680195502421054356661185268/69894075777549927423143746162779590276049759676546622636446937140733449998078980248503300417276421831048821432651394925205813862753382019754783835
24 5 23 44498089369563767969122244394501522714961479408204952294040398117877084932599802628781639628973388778619162812406520175684418242022940236947002263/69894075777549927423143746162779590276049759676546622636446937140733449998078980248503300417276421831048821432651394925205813862753382019754783835
24 5 28 7432011474779084084428614705062710355981379421866412902708956906181025638363202168996972233544311795257453189337798682841200118309387426146596304/69894075777549927423143746162779590276049759676546622636446937140733449998078980248503300417276421831048821432651394925205813862753382019754783835
24 6 0 50216315400575385021496206072773711294798554341684737005914022424984527299632639984118210949527348541015501857446724894258426708035389153368015517/139788151555099854846287492325559180552099519353093245272893874281466899996157960497006600834552843662097642865302789850411627725506764039509567670
24 6 10 7498110861153142980694086459808528075812015951511642341608583515897482745343990288298313347849443534614484630819338535979945821209661030647799650/13978815155509985484628749232555918055209951935309324527289387428146689999615796049700660083455284366209764286530278985041162772550676403950956767
24 6 11 13552055560699332389272013023640480044951894369620360627972221629609753810250153376251921201219520159384804351917921749073512428120147477888599453/139788151555099854846287492325559180552099519353093245272893874281466899996157960497006600834552843662097642865302789850411627725506764039509567670
24 6 20 103867198229370762857840863105970845422891112667172422292179506789779143283526425365333520531153961555249034774475784728023037725461710177495620/13978815155509985484628749232555918055209951935309324527289387428146689999615796049700660083455284366209764286530278985041162772550676403950956767
24 7 4 88022170382231262839416024955344528689851242866442191994047310991318007441030361033151451707447911827154061697793314606481789112930158963074301291/139788151555099854846287492325559180552099519353093245272893874281466899996157960497006600834552843662097642865302789850411627725506764039509567670
24 7 21 51765981172868592006871467370214651862248276486651053278846563290148892555127599463855149127104931834943581167509475243929838612576605076435266379/139788151555099854846287492325559180552099519353093245272893874281466899996157960497006600834552843662097642865302789850411627725506764039509567670
24 8 1 4105419646009477104575204977141340103026477438007332990717956804413081464615264974136129249465729265165821885728661131277438048460589463754264587/19969735936442836406612498903651311507442788479013320753270553468780985713736851499572371547793263380299663266471827121487375389358109148501366810
24 8 2 5037412255604500679798355557796725623310147185886348495284490974878716170291614132840165198970287116166126697127579968188287082635213016538918243/27957630311019970969257498465111836110419903870618649054578774856293379999231592099401320166910568732419528573060557970082325545101352807901913534
24 8 6 63032976931753044419418039172572651909651984363622353363067569575437670877356361734371497751771061088325644790640911434047129565820074884249431703/139788151555099854846287492325559180552099519353093245272893874281466899996157960497006600834552843662097642865302789850411627725506764039509567670
24 8 20 22830175823257967295851240524013519804711456993987818498378152200744078015036673279481372341670242136780611388923350656480996407286497826285692643/139788151555099854846287492325559180552099519353093245272893874281466899996157960497006600834552843662097642865302789850411627725506764039509567670
24 9 1 34964046528467011350937572161077075528826595327345790439214705174844933095934753338853380506467468965678518175614815247816965562662816782348424793/69894075777549927423143746162779590276049759676546622636446937140733449998078980248503300417276421831048821432651394925205813862753382019754783835
24 9 2 368862378448587881282641858692657773608951972378752482006548347301389310242295040170401644689147486326429900386533965771086655596703136342095126/1270801377773635044057159021141447095928177448664484047935398857104244545419617822700060007586844033291796753320934453185560252050061491268268797
24 9 24 14642598434410582601660871773606337198730805868369445686872072864312104838817999700277829452905841117416658735777211559979082242271892738591127112/69894075777549927423143746162779590276049759676546622636446937140733449998078980248503300417276421831048821432651394925205813862753382019754783835
24 10 6 671413133013141639410519238783266454119815052419917326686501624713082719513582497457101137263705161999925841979375938403381090671038614388301743/27957630311019970969257498465111836110419903870618649054578774856293379999231592099401320166910568732419528573060557970082325545101352807901913534
24 10 8 7407544540765684418592384208297627607208071823881312584955722159488848722429532706608581101356457183131357327519143261283009329273032855179118183/69894075777549927423143746162779590276049759676546622636446937140733449998078980248503300417276421831048821432651394925205813862753382019754783835
24 10 9 4912511684465150659760286314927112747356204488170392643943125268447916512640447779240605677751845174596137286454222399892291973943175126339233104/69894075777549927423143746162779590276049759676546622636446937140733449998078980248503300417276421831048821432651394925205813862753382019754783835
24 10 15 2962252831488061998272687285227192031099801844211549115800129825962349592617784851563930805083961484227432313025952876840965995224007287866687116/6354006888868175220285795105707235479640887243322420239676994285521222727098089113500300037934220166458983766604672265927801260250307456341343985
24 10 21 46621411146835112530530434810195142888176250894236167634060815130856264890858820303616243878170560483639513540888215545542867770790994671464239829/139788151555099854846287492325559180552099519353093245272893874281466899996157960497006600834552843662097642865302789850411627725506764039509567670
24 11 3 1475118631604806437117588449226387761815638653523402137895206989848338198817164313298313690830673422998693387697157598236761958302954491637539362/9984867968221418203306249451825655753721394239506660376635276734390492856868425749786185773896631690149831633235913560743687694679054574250683405
24 11 7 36679545832851820699743241981415373196037922874280636828087694664273523455391489892828607897426287336406390179937259562298563794793517784739227263/139788151555099854846287492325559180552099519353093245272893874281466899996157960497006600834552843662097642865302789850411627725506764039509567670
24 11 19 7496085898161885820627092004997670790058423211771361683115752887210603796120560928909236478681557127609958659782302173890763319497443942894980849/12708013777736350440571590211414470959281774486644840479353988571042445454196178227000600075868440332917967533209344531855602520500614912682687970
24 12 8 40055675874689290911396235952900581098159229323279194623867285023362743554771338446877566618236544309129213858790678948435098512329777216734799519/139788151555099854846287492325559180552099519353093245272893874281466899996157960497006600834552843662097642865302789850411627725506764039509567670
24 12 14 891195351628826674970166435996562700862183658266841062572040641614745207856590553229149777378930539852401692057997617068778693899760853162836019/1815430539676621491510227173059210137040253498092120068479141224434635064885168318142942867981205761845423933315620647407943217214373558954669710
24 12 18 19162320076920963211112537815124859361625950488730381252535344269745565302757907872116473794966671078824380729042343100113034418555808860559279699/139788151555099854846287492325559180552099519353093245272893874281466899996157960497006600834552843662097642865302789850411627725506764039509567670
24 12 21 11948113528069946751075902985798412125926197854536907578444115584023210133671241579368027563171976705509117989003951287567535364339592268677114989/139788151555099854846287492325559180552099519353093245272893874281466899996157960497006600834552843662097642865302789850411627725506764039509567670
24 13 0 4647068046177153195986366742055896054789069832954050886022522894477905672648756361713487393646236776074909479005515220275806804743128157169698236/69894075777549927423143746162779590276049759676546622636446937140733449998078980248503300417276421831048821432651394925205813862753382019754783835
24 13 4 5171141977042589142942653387875360484189375807962831633845435699788881910952903484053950226800388363186852710729040804520663111292550737091151668/9984867968221418203306249451825655753721394239506660376635276734390492856868425749786185773896631690149831633235913560743687694679054574250683405
24 13 18 29049013892074650226558805705596170831935059187852750313506364347733370948759899498412161436027466512665942978542594073285365278962398702947023923/69894075777549927423143746162779590276049759676546622636446937140733449998078980248503300417276421831048821432651394925205813862753382019754783835
24 14 4 5221521794867753399706278370089321419016996475463817738294903758767735286641670760280399899568010015369431721833593970628314443677672020316431049/139788151555099854846287492325559180552099519353093245272893874281466899996157960497006600834552843662097642865302789850411627725506764039509567670
24 14 5 4915303673704157417040069679719225466413033624756136565222110833173938561973569333889649763591493948638336625816377778046346295478665418416103872/69894075777549927423143746162779590276049759676546622636446937140733449998078980248503300417276421831048821432651394925205813862753382019754783835
24 14 9 42097710596403367136460023774312825423577946791068033311493389427748149918872508911865947437339695945275520074450118070186113516632842299723818358/69894075777549927423143746162779590276049759676546622636446937140733449998078980248503300417276421831048821432651394925205813862753382019754783835
24 14 19 40540601220017052339581027047405757353100562045981087781167970000854987747824133245215006533122453858900497742936204183318393657606076582913292161/139788151555099854846287492325559180552099519353093245272893874281466899996157960497006600834552843662097642865302789850411627725506764039509567670
24 15 16 5190832833609767175327587265971099989278346098820329607252989362228231653429219566293357610688609541269464700311130830569446370788004779091995598/69894075777549927423143746162779590276049759676546622636446937140733449998078980248503300417276421831048821432651394925205813862753382019754783835
24 15 17 50207692922021474281685415619893118577866853689401475102624344937561558381899738856198301643303788459477697434650144051418010475831047842700400501/69894075777549927423143746162779590276049759676546622636446937140733449998078980248503300417276421831048821432651394925205813862753382019754783835
24 15 18 14495550021918685966130743276915371708904559888324817926569602840943659962750021826011641163284023830301659297690120043218357016134329397962387736/69894075777549927423143746162779590276049759676546622636446937140733449998078980248503300417276421831048821432651394925205813862753382019754783835
24 16 0 62225101205356312514328608948276098460544945996190852427972958803437523939333180201888743006271146734813781254824406838342175161071807687970742831/139788151555099854846287492325559180552099519353093245272893874281466899996157960497006600834552843662097642865302789850411627725506764039509567670
24 16 2 1014489628334277523294222989268483991605150320470398649792974437382508174490691958764737884079500744478173375037924451782503731832949566570561839/12708013777736350440571590211414470959281774486644840479353988571042445454196178227000600075868440332917967533209344531855602520500614912682687970
24 16 6 480904449090532716487429751165199524274464512215056734665265104992798109868330471105059536490090454785000750685838287118299137574948365285313556/1270801377773635044057159021141447095928177448664484047935398857104244545419617822700060007586844033291796753320934453185560252050061491268268797
24 16 13 66077492828177267236632401650981763524517759898419398988512659926311032887827831973477156017137386595882370480553323490504445844965028444995587/1815430539676621491510227173059210137040253498092120068479141224434635064885168318142942867981205761845423933315620647407943217214373558954669710
24 16 14 8416208090338241184884462940032214722318955975893473161903560303288044519548073865191451076177659943790929382616396550680164050965883747613493251/139788151555099854846287492325559180552099519353093245272893874281466899996157960497006600834552843662097642865302789850411627725506764039509567670
24 17 2 15736906854849609384641313169264202854575605781223928951466158118455416788844625222112623518432555581489519069325675953113425122503662382899711236/69894075777549927423143746162779590276049759676546622636446937140733449998078980248503300417276421831048821432651394925205813862753382019754783835
24 17 10 24726821244667361228923631594205780829331388043639123613126879860266169641908698495665642420095545258248031999856105930118951735126895434666225313/139788151555099854846287492325559180552099519353093245272893874281466899996157960497006600834552843662097642865302789850411627725506764039509567670
24 17 12 2388214760020950709945178125509285543246197707057321821623847948122568479330286044489020325074062492596302077908438057544737878439215538258397711/3993947187288567281322499780730262301488557695802664150654110693756197142747370299914474309558652676059932653294365424297475077871621829700273362
24 18 2 13423861943082121190081860207024984129814698781595917697644838823079042326201522032524325446166286910718141631516666036220526166611377325899307781/27957630311019970969257498465111836110419903870618649054578774856293379999231592099401320166910568732419528573060557970082325545101352807901913534
24 18 9 5406008565147591466396375070903461317324743674075792419325738646344608162356734873613390313162225588942253800665120653189529462971152622499228229/27957630311019970969257498465111836110419903870618649054578774856293379999231592099401320166910568732419528573060557970082325545101352807901913534
24 18 10 440163992992239824035535476177006005641926475725836498993421875364607927972482987626439130998813505178075933253442082041251164992132633388866062/69894075777549927423143746162779590276049759676546622636446937140733449998078980248503300417276421831048821432651394925205813862753382019754783835
24 18 16 22379235513983405957912622491781470652559227061641510845027071591809715848710854995532571887956327076719756918943486119639423623804924515369577748/69894075777549927423143746162779590276049759676546622636446937140733449998078980248503300417276421831048821432651394925205813862753382019754783835
24 19 3 16215232731656632568875674758885553637007546957045021404503639496070159807460162537308963751827926451873061998060668551677215300473020373378386831/19969735936442836406612498903651311507442788479013320753270553468780985713736851499572371547793263380299663266471827121487375389358109148501366810
24 19 6 6841534969917208869606242212317656869689073537092417582888960211379621547117174785960161632333992070695880714369398288828591709386369529112205267/139788151555099854846287492325559180552099519353093245272893874281466899996157960497006600834552843662097642865302789850411627725506764039509567670
24 19 15 9719993731793108997275763400521324111678808558342838929239718798798079898409823974941846469711683214145164082254355849921264456404625948374327293/69894075777549927423143746162779590276049759676546622636446937140733449998078980248503300417276421831048821432651394925205813862753382019754783835
24 20 9 4591498726759846412835355888279628912326196409942339843952400373904691606750470212657627862611966608632136308618899366552975418047754544441129856/13978815155509985484628749232555918055209951935309324527289387428146689999615796049700660083455284366209764286530278985041162772550676403950956767
24 20 11 748801911417323200352353151437918268991282882755072655718142654170338258344998424730941907139651275079620248159921780497096766091908980938887494/6354006888868175220285795105707235479640887243322420239676994285521222727098089113500300037934220166458983766604672265927801260250307456341343985
24 20 12 42418997999158713222031230828855460001868027914117923299070465297556713435744356914924232440742668919821146197654942097707386338606658567456198989/139788151555099854846287492325559180552099519353093245272893874281466899996157960497006600834552843662097642865302789850411627725506764039509567670
24 20 14 34980524237161567088150933282273229509161303918940325108500266853115828809318936111425367810618180604203488121940574916238358352400562446986545253/139788151555099854846287492325559180552099519353093245272893874281466899996157960497006600834552843662097642865302789850411627725506764039509567670
24 21 1 162522076670152685401365835757235587814081611141454725777661282072169436435907035607588308251173206187007167593486179760070296316369756963148398/1996973593644283640661249890365131150744278847901332075327055346878098571373685149957237154779326338029966326647182712148737538935810914850136681
24 21 11 1685485570621973827603276249498694864697420430726982696068747035373892406049918660162771153946727163306313611803438819512059832045446392548386603/6354006888868175220285795105707235479640887243322420239676994285521222727098089113500300037934220166458983766604672265927801260250307456341343985
24 21 12 34848448788623904357345012017051199378727189716603178163073140256103524891158388111884648675019562483122490543486815839401533365865133624406637932/69894075777549927423143746162779590276049759676546622636446937140733449998078980248503300417276421831048821432651394925205813862753382019754783835
24 21 13 2163402605725793394622978229947900362431617766399143882879886924598235673022948125712515652010359667002326058710947155913832394663079316721139868/13978815155509985484628749232555918055209951935309324527289387428146689999615796049700660083455284366209764286530278985041162772550676403950956767
24 22 0 3860258358344182237321056950625369773855383105188361207402503559077596679056881384722649819614256363422916019077804482313160816632572654694137031/139788151555099854846287492325559180552099519353093245272893874281466899996157960497006600834552843662097642865302789850411627725506764039509567670
24 22 1 603665879633973342857080361169570555214726323536829388962561159612707018883088598476996610091117609870397752769675144180745019858739525986148759/9984867968221418203306249451825655753721394239506660376635276734390492856868425749786185773896631690149831633235913560743687694679054574250683405
24 22 5 10994274711976720805516230446332112019225858107374860462460766841091247641444456664849936807902390761301497849463216868373203130727589694170036413/13978815155509985484628749232555918055209951935309324527289387428146689999615796049700660083455284366209764286530278985041162772550676403950956767
24 22 7 17533823762112837753805005855238702812979386644640667995407846076898928638293272085106630394639033147474179812817364665836005323575941079308983883/139788151555099854846287492325559180552099519353093245272893874281466899996157960497006600834552843662097642865302789850411627725506764039509567670
24 23 1 6518252655403001898472866436985927797251076789004434288886103810540171693822863831685155287933788317298102498659077914724027299119210472441607185/13978815155509985484628749232555918055209951935309324527289387428146689999615796049700660083455284366209764286530278985041162772550676403950956767
24 23 7 7460562500106983586155882795569990257958875146304890238403283617606518305792932218015504795521496048911661787871201070317135473431465931509349582/13978815155509985484628749232555918055209951935309324527289387428146689999615796049700660083455284366209764286530278985041162772550676403950956767
24 24 0 70107601120509610619683883799995881134162303985358490968716893417598200731300930401652662605668755935534681922063939135110902520483443844941102887/139788151555099854846287492325559180552099519353093245272893874281466899996157960497006600834552843662097642865302789850411627725506764039509567670
24 24 2 20188979932985748968791726755000219293522515207634196346029421752993619888416147459605243265145268144369124061615418657878289158669402947416198057/139788151555099854846287492325559180552099519353093245272893874281466899996157960497006600834552843662097642865302789850411627725506764039509567670
24 24 3 3400380098696727016873467784373864516472563960656385304768818249115197312648420518357727910344340031096242051361002791077764845845091416645066415/13978815155509985484628749232555918055209951935309324527289387428146689999615796049700660083455284366209764286530278985041162772550676403950956767
24 24 8 7743884757318612544538601963412217479844530276768352455229688309861553124978338726085707930147709635615708184006702073322393793951501540350801288/69894075777549927423143746162779590276049759676546622636446937140733449998078980248503300417276421831048821432651394925205813862753382019754783835
25 0 1 28844301319381830531780142887117622619103819465015148300300042930158755314669524642309160782129635147167250972598510342547080686569379966364809198/69894075777549927423143746162779590276049759676546622636446937140733449998078980248503300417276421831048821432651394925205813862753382019754783835
25 0 23 787778059402878425377193835186850278647595095420760404595679582224350364154272627203834722922296864077938423185982987771426662386950188524638508/9984867968221418203306249451825655753721394239506660376635276734390492856868425749786185773896631690149831633235913560743687694679054574250683405
25 0 26 28691083027310158193345981379244622750526800937416177236940882401296634194227251896956869291836000539612919856858552028750761833816983388533777059/139788151555099854846287492325559180552099519353093245272893874281466899996157960497006600834552843662097642865302789850411627725506764039509567670
25 0 30 42379573057385737634100511479463408662298748149756125771013391868711850074431842534577723857545416731059083138643455307766731245133718078901233103/139788151555099854846287492325559180552099519353093245272893874281466899996157960497006600834552843662097642865302789850411627725506764039509567670
25 1 24 10935641537874044331052993259348547803479142472152479135930410630215106008891029507965136252800307713824350479868363643687158390654685569401514537/19969735936442836406612498903651311507442788479013320753270553468780985713736851499572371547793263380299663266471827121487375389358109148501366810
25 1 29 2154581126162044841288056951535277607469931961277721507422003206620918848802205971174879281133541020258325875649398328465916553589888828761069758/69894075777549927423143746162779590276049759676546622636446937140733449998078980248503300417276421831048821432651394925205813862753382019754783835
25 1 30 11785899707531490969268085121409758142561131625094089661307398691343864047263268399780177700536721524962107550985089537533937176748837479235365279/27957630311019970969257498465111836110419903870618649054578774856293379999231592099401320166910568732419528573060557970082325545101352807901913534
25 2 3 40481202328171268975007755087897753664328215770880058734392644310929524944465587369649453465769018567513536666533847035071088261142046122538592822/69894075777549927423143746162779590276049759676546622636446937140733449998078980248503300417276421831048821432651394925205813862753382019754783835
25 2 28 29412873449378658448135991074881836611721543905666563902054292829803925053613392878853846951507403263535284766117547890134725601611335897216191013/69894075777549927423143746162779590276049759676546622636446937140733449998078980248503300417276421831048821432651394925205813862753382019754783835
25 3 1 5172257111393335807377897397321009376726706117341690485309538569297168226879219807834073451688690779068649791805792639922608758785961397908461471/139788151555099854846287492325559180552099519353093245272893874281466899996157960497006600834552843662097642865302789850411627725506764039509567670
25 3 17 2387104076691743473261044145143520139628021003749357423988044047138661619808327381173831299657307538501715254812058839852263140103311081804258778/69894075777549927423143746162779590276049759676546622636446937140733449998078980248503300417276421831048821432651394925205813862753382019754783835
25 3 18 3914825942104291246691403638073831458436519347136065219169924238447120882494823192505947462069043632866677077877897015569685876675096062111240967/139788151555099854846287492325559180552099519353093245272893874281466899996157960497006600834552843662097642865302789850411627725506764039509567670
25 3 25 5723948197646306402077095590903513610803647812778035214565378335429331256689421033378132605521840644234494794817953750691582127719958382540061258/6354006888868175220285795105707235479640887243322420239676994285521222727098089113500300037934220166458983766604672265927801260250307456341343985
25 4 13 42519553608911106888438786966517188948207661054418131443187108851773278775298290498891512839992785486814906622020275807392803988972162630110045043/69894075777549927423143746162779590276049759676546622636446937140733449998078980248503300417276421831048821432651394925205813862753382019754783835
25 4 16 49898325977872361740588631916936958926239265079977447421405875785487979051218320656875997442587663046186843560066904698366440109317863751037300543/139788151555099854846287492325559180552099519353093245272893874281466899996157960497006600834552843662097642865302789850411627725506764039509567670
25 4 29 4850718359405279328821286475587843729444932164279534965113780792432363394343058842347577711979609642280986061195333537259579638244575028252177041/139788151555099854846287492325559180552099519353093245272893874281466899996157960497006600834552843662097642865302789850411627725506764039509567670
25 5 0 17334469614943130016887396967996495197329162622311346036066351858257538635646373477968905307077461897142804282630669418544644045385949646642393811/69894075777549927423143746162779590276049759676546622636446937140733449998078980248503300417276421831048821432651394925205813862753382019754783835
25 5 10 7731850358377153541618146262217334309872808741742305977706333604800552105152718154735107673724780656793419362635780624714977623354969628367949945/13978815155509985484628749232555918055209951935309324527289387428146689999615796049700660083455284366209764286530278985041162772550676403950956767
25 5 21 1263668579156457245287783443972402139032413940502158791986265205315740985151728726987168794688641513630810939712892943916934700053871293752058209/6354006888868175220285795105707235479640887243322420239676994285521222727098089113500300037934220166458983766604672265927801260250307456341343985
25 6 10 17611270013230610612911647155201135107244919414709621106791338303477719130678533751893934798434102235274792535615588448632730682632890248653363744/69894075777549927423143746162779590276049759676546622636446937140733449998078980248503300417276421831048821432651394925205813862753382019754783835
25 6 22 3009649586713650362406943015908711051358985712673635626934940742497890645357291240525116304233596382714248150159040943637811478534373268239539847/69894075777549927423143746162779590276049759676546622636446937140733449998078980248503300417276421831048821432651394925205813862753382019754783835
25 6 26 49273156177605666447825155991669744117445854549163365902720658094757840222043155256084249314608723213059780746876765532935271701586118502861880244/69894075777549927423143746162779590276049759676546622636446937140733449998078980248503300417276421831048821432651394925205813862753382019754783835
25 7 0 9789861067618799250875144061891022896676295918499929172407368083928505661434898457816073661293578895327437653599391355363287075357117390964209573/139788151555099854846287492325559180552099519353093245272893874281466899996157960497006600834552843662097642865302789850411627725506764039509567670
25 7 7 31330328676420089675506511853133668366543433902479450722805073179410447693562368861199614888163130104981222893618710717391982993319496609844392571/69894075777549927423143746162779590276049759676546622636446937140733449998078980248503300417276421831048821432651394925205813862753382019754783835
25 7 8 28410294357209018084381419671610080241275771496410776018687093072445952399988109728557041711649903746578696629412599162959753101684269254468608061/69894075777549927423143746162779590276049759676546622636446937140733449998078980248503300417276421831048821432651394925205813862753382019754783835
25 7 12 2628022419137792173116349234214413153172375633270349067001856005546410124300309034337311575205801408448839382536483674982042343065072707128467553/139788151555099854846287492325559180552099519353093245272893874281466899996157960497006600834552843662097642865302789850411627725506764039509567670
25 7 20 4880200802831200599116856542208393525886341555752205371560326920047798910918788068195516793942196058558368112286060028283265969274329770732885017/139788151555099854846287492325559180552099519353093245272893874281466899996157960497006600834552843662097642865302789850411627725506764039509567670
25 7 22 3008821198253847303403279437757853760726095447790308178939990768231385112403007757144385604485199596643158670818235031079560147802712442058004263/139788151555099854846287492325559180552099519353093245272893874281466899996157960497006600834552843662097642865302789850411627725506764039509567670
25 8 3 29422265150830796792861267964411619940292735294029885730226547458680933765760733626532756252748431740111704634207886570728382996544369107769316547/69894075777549927423143746162779590276049759676546622636446937140733449998078980248503300417276421831048821432651394925205813862753382019754783835
25 8 5 54090197752570796749682382374602533940002127278787899800734535123110151952293234831601803612951672166134128776675852666547216335923384704637417469/139788151555099854846287492325559180552099519353093245272893874281466899996157960497006600834552843662097642865302789850411627725506764039509567670
25 8 19 2441220318260678591898415820193946066501083771476870364700567658272261864758478037485389519645846183249100438201014912946149581499512829030319737/12708013777736350440571590211414470959281774486644840479353988571042445454196178227000600075868440332917967533209344531855602520500614912682687970
25 9 11 1995958654784113909285862366343791768587433679717606024474906748577027261065818867605778513185376632493477824696336180774171853828100613171443881/12708013777736350440571590211414470959281774486644840479353988571042445454196178227000600075868440332917967533209344531855602520500614912682687970
25 9 12 10712055122952236531285727845070679190694340806927234454879081822465418193130359359394821562683063700424489708513008351081430666672514299511244089/12708013777736350440571590211414470959281774486644840479353988571042445454196178227000600075868440332917967533209344531855602520500614912682687970
25 10 19 90622344030978399815367331168070563477615225619413684847816866950734866866912306291845882118588989813997048388469656907715715486520455649208036917/139788151555099854846287492325559180552099519353093245272893874281466899996157960497006600834552843662097642865302789850411627725506764039509567670
25 10 21 49165807524121455030920161157488617074484293733679560425077007330732033129245654205160718715963853848100594476833132942695912238986308390301530753/139788151555099854846287492325559180552099519353093245272893874281466899996157960497006600834552843662097642865302789850411627725506764039509567670
25 11 4 3990489162961004796859411068087334643018065813200792150908923116317000537505324950046954703126030784603853850479027458427522720784823792388670030/13978815155509985484628749232555918055209951935309324527289387428146689999615796049700660083455284366209764286530278985041162772550676403950956767
25 11 6 9988325992548980687769338164468583412191886122108532376380464311829689462110471099653705380329253581605910436051251526613640051765852611562286737/13978815155509985484628749232555918055209951935309324527289387428146689999615796049700660083455284366209764286530278985041162772550676403950956767
25 12 1 266391719807932934534769708680826393870129629610714954632237722922081745960850027694719220927652229511053521666199529569333608842617158566092942/1996973593644283640661249890365131150744278847901332075327055346878098571373685149957237154779326338029966326647182712148737538935810914850136681
25 12 4 65511071382765399429363052779671076156337492957767175311372663171724677251544878020989972839663280099744824883615565423499260082462253348658863909/139788151555099854846287492325559180552099519353093245272893874281466899996157960497006600834552843662097642865302789850411627725506764039509567670
25 12 13 1214955438379880184380433001926243313882193299751743011408447590615024570711416005563318696408638309127226472939108618146313427030829913021992027/139788151555099854846287492325559180552099519353093245272893874281466899996157960497006600834552843662097642865302789850411627725506764039509567670
25 12 14 5174717411562637748328272295384298514270194178117721439050841656342012529450303312522532426747194744457137826773285752887713373101074071786019129/19969735936442836406612498903651311507442788479013320753270553468780985713736851499572371547793263380299663266471827121487375389358109148501366810
25 12 15 18191682466460805576812220868613923911079399776000230052500231320187388250490041344165236846314905976251880204701148468698707985322961175700071891/139788151555099854846287492325559180552099519353093245272893874281466899996157960497006600834552843662097642865302789850411627725506764039509567670
25 13 3 26529684582308974475836254905116536039424922809386003368499214908698979857997809556992174954186069431287655901549494810020033707203407858855524761/69894075777549927423143746162779590276049759676546622636446937140733449998078980248503300417276421831048821432651394925205813862753382019754783835
25 13 5 8281113187263948080395533376382702647030659035285284793019208996173713217341569056375757147997357693910704920364486252195925589847024005586678574/69894075777549927423143746162779590276049759676546622636446937140733449998078980248503300417276421831048821432651394925205813862753382019754783835
25 13 11 91125397423316895758212877613715198934010851511364505129684449963274693305817147104247709909332453781429767820097178864908713157670000403409300/181543053967662149151022717305921013704025349809212006847914122443463506488516831814294286798120576184542393331562064740794321721437355895466971
25 14 4 46551543213974074071056213979688972706335792639409542188794106238687101713319268983172298232439503877102276068900501995737066461178130322129957891/69894075777549927423143746162779590276049759676546622636446937140733449998078980248503300417276421831048821432651394925205813862753382019754783835
25 14 8 23342532563575853352087532183090617569713967037137080447652830902046348284759711265331002184836917953946545363750892929468747401575251697624825944/69894075777549927423143746162779590276049759676546622636446937140733449998078980248503300417276421831048821432651394925205813862753382019754783835
25 15 0 676991514867485331055030665061768070342538954854239871257502162876712324855660153664844017595207728685519792187575186342883783772351683537137375/13978815155509985484628749232555918055209951935309324527289387428146689999615796049700660083455284366209764286530278985041162772550676403950956767
25 15 7 11902350515140357778938274072570537477034791265603527637511415618725449787880342042138771295370220176287822773959158590843809569214000742887572747/13978815155509985484628749232555918055209951935309324527289387428146689999615796049700660083455284366209764286530278985041162772550676403950956767
25 15 17 1399473125502142374635444494923612507832621714851557018520469646544527886879793853897044770489856461236421720383545207854469419564323977526246645/13978815155509985484628749232555918055209951935309324527289387428146689999615796049700660083455284366209764286530278985041162772550676403950956767
25 16 5 142210228330700680838905198814588876761279252510662103192713692809171384874383512883164941051273571244059037027853430081066574891670945860920119/3993947187288567281322499780730262301488557695802664150654110693756197142747370299914474309558652676059932653294365424297475077871621829700273362
25 16 13 4469962575638873521907321990002237465470772572580991916058580435974859798925515152205969633320974896439165030772315666983873861157097233720793594/13978815155509985484628749232555918055209951935309324527289387428146689999615796049700660083455284366209764286530278985041162772550676403950956767
25 16 18 1638384869220665378142774372127749003831763996171093681828419830425405518841807018618838755719063994621162295665541147777010163504132883584898683/2541602755547270088114318042282894191856354897328968095870797714208489090839235645400120015173688066583593506641868906371120504100122982536537594
25 17 2 2388214760020950709945178125509285543246197707057321821623847948122568479330286044489020325074062492596302077908438057544737878439215538258397711/3993947187288567281322499780730262301488557695802664150654110693756197142747370299914474309558652676059932653294365424297475077871621829700273362
25 17 12 1605732427267616571377321655220976758242359988745342329030262745633628663417084255425453984484590183463630575385927366752737199432406291441875651/3993947187288567281322499780730262301488557695802664150654110693756197142747370299914474309558652676059932653294365424297475077871621829700273362
25 18 9 22551621745872379502861123394208374793095160196542856635253036209948771836874857225787929853748343143477274772395437316892796082130200185402685305/27957630311019970969257498465111836110419903870618649054578774856293379999231592099401320166910568732419528573060557970082325545101352807901913534
25 18 12 5406008565147591466396375070903461317324743674075792419325738646344608162356734873613390313162225588942253800665120653189529462971152622499228229/27957630311019970969257498465111836110419903870618649054578774856293379999231592099401320166910568732419528573060557970082325545101352807901913534
25 19 1 24436605283000925811815085207605855038014604673162767554638676069481130641327622852911089861321533867975933412875171248860221244108958176889871131/27957630311019970969257498465111836110419903870618649054578774856293379999231592099401320166910568732419528573060557970082325545101352807901913534
25 19 9 922814295093826634333251259698927329433937954867049850353061061251223945357661023040096139609199500957043857104605461172239142951586469137223719/9984867968221418203306249451825655753721394239506660376635276734390492856868425749786185773896631690149831633235913560743687694679054574250683405
25 19 15 4685725008781652906546548651744922749951364619140709594757639076544111554512591909889805573416381308819361801462457149699173503639762587139079949/139788151555099854846287492325559180552099519353093245272893874281466899996157960497006600834552843662097642865302789850411627725506764039509567670
25 20 2 28954615901480498825672518255781491602696528882488854980129955136991693428675452105393854251162856446213591879782947953440455371290743512051478147/139788151555099854846287492325559180552099519353093245272893874281466899996157960497006600834552843662097642865302789850411627725506764039509567670
25 20 3 273904924349139466476291592113260813930217047111430460380468714369278880938340182092341525429787461726813465552619407399904680959537224315230323/6354006888868175220285795105707235479640887243322420239676994285521222727098089113500300037934220166458983766604672265927801260250307456341343985
25 20 14 104807627317938287758136559043285951042938215434152920164393607428351071186839024385581233023934663057894154743362214934173269373106201592523022417/139788151555099854846287492325559180552099519353093245272893874281466899996157960497006600834552843662097642865302789850411627725506764039509567670
25 21 2 9114917404950315767369373616863689175960299385644075294639501206028446407488042163312862415873624279197240071143435667166494785478942596361854343/13978815155509985484628749232555918055209951935309324527289387428146689999615796049700660083455284366209764286530278985041162772550676403950956767
25 21 5 6215090273407458311911026809788164865946733256160709571961860339706675131156083852568690698028681501123139253151954254081683360785402977704494707/69894075777549927423143746162779590276049759676546622636446937140733449998078980248503300417276421831048821432651394925205813862753382019754783835
25 21 6 1645854407217353661307804660788452684572866317469594235571597342807685711771153234488208876352692630358134711252932939571968779506660550931001583/6354006888868175220285795105707235479640887243322420239676994285521222727098089113500300037934220166458983766604672265927801260250307456341343985
25 22 10 45575131470742087352721365942333882031349258119546784846356816363302547483615818122249621726687637720286393310211826747377995686318618266863857262/69894075777549927423143746162779590276049759676546622636446937140733449998078980248503300417276421831048821432651394925205813862753382019754783835
25 22 11 24318944306807840070422380220445708244700501556999837790090120777430902514463162126253678690588784110762428122439568177827818176434763752890926573/69894075777549927423143746162779590276049759676546622636446937140733449998078980248503300417276421831048821432651394925205813862753382019754783835
25 23 0 47743665667446203727997311964749421904391171128576501472127403727008274863216081437812182974193781716001565219908445587954202431068082888407695907/69894075777549927423143746162779590276049759676546622636446937140733449998078980248503300417276421831048821432651394925205813862753382019754783835
25 23 7 12217282979854374956176580323379642975805366106441764690227974751562155352752828694035173396169245610888454137584237940585880217316595275185219277/139788151555099854846287492325559180552099519353093245272893874281466899996157960497006600834552843662097642865302789850411627725506764039509567670
25 23 8 13998375411246338774602248708747192697615984173133194107382891936307313457254042975608020932202156105513467888159229653177057772037281224813272524/69894075777549927423143746162779590276049759676546622636446937140733449998078980248503300417276421831048821432651394925205813862753382019754783835
25 23 11 4086786417860394884911790655186308372279842643232089423645308203273568002464882976131019625591722408179122511583201427563227101979440537882411531/139788151555099854846287492325559180552099519353093245272893874281466899996157960497006600834552843662097642865302789850411627725506764039509567670
25 24 0 56975259770644611296252620239242839572374089517117848781989744498338798372399475469611499387703143070585190737459263407381411105464014018278178703/139788151555099854846287492325559180552099519353093245272893874281466899996157960497006600834552843662097642865302789850411627725506764039509567670
25 24 3 2399547046706891298779258937949910090679959850446252944376260154411520881512070091628953441314461421620437335636276422367158030281624100726003048/69894075777549927423143746162779590276049759676546622636446937140733449998078980248503300417276421831048821432651394925205813862753382019754783835
25 24 9 78013797691041460952476354210416520798365510135082890602151609474305059860734344844137194564220777748271577456570973598295900559479501819779382871/139788151555099854846287492325559180552099519353093245272893874281466899996157960497006600834552843662097642865302789850411627725506764039509567670
25 25 6 4828517833388953137213028902515113156671037305751391052641418622964291000003271652882895764602822342508464093566828335889393950331975362757788519/9984867968221418203306249451825655753721394239506660376635276734390492856868425749786185773896631690149831633235913560743687694679054574250683405
25 25 8 5156350134832465066093220549310542597050356933755269323993858111426201856865154096903290009293809347641367539669085224854293744347079211492894886/9984867968221418203306249451825655753721394239506660376635276734390492856868425749786185773896631690149831633235913560743687694679054574250683405
26 0 10 9098559402043970524876226336881647041326227039148096528856388929819112480344519001301455607552714480396181594145503602386474778241127438062071106/69894075777549927423143746162779590276049759676546622636446937140733449998078980248503300417276421831048821432651394925205813862753382019754783835
26 0 15 609177261944139472931274112369183645157132891201557902684675796318095745749814269307775816099969825540531952303680385462323121468672633080783121/9984867968221418203306249451825655753721394239506660376635276734390492856868425749786185773896631690149831633235913560743687694679054574250683405
26 0 17 724425341470568778502343532001239976961247660232746967601884125292224254066369783363522586770065233426603095178713099648854758544420180718222641/907715269838310745755113586529605068520126749046060034239570612217317532442584159071471433990602880922711966657810323703971608607186779477334855
26 0 31 13645895430239720783057255913057808956500592019383714244595272530661813352277964419203180285979919964008688065803999120386560478385313360437955/1270801377773635044057159021141447095928177448664484047935398857104244545419617822700060007586844033291796753320934453185560252050061491268268797
26 1 8 2108931890094034394477689910751733268847510658025665848918488187994288104704642583471373937631494879855939110205973800802735328600533978317976139/9984867968221418203306249451825655753721394239506660376635276734390492856868425749786185773896631690149831633235913560743687694679054574250683405
26 1 11 17790279617307586364909135167520377441684235778123398913425966096501956469718596291698357473003253286260841537203647474965246533383655260509190104/69894075777549927423143746162779590276049759676546622636446937140733449998078980248503300417276421831048821432651394925205813862753382019754783835
26 1 15 5279254484199118408955456888295575806208764459063098207433907542870866237001911854469221229539218441608272954047105335834717765841833385285689548/13978815155509985484628749232555918055209951935309324527289387428146689999615796049700660083455284366209764286530278985041162772550676403950956767
26 1 23 10945000508588508252113497178519200921389126996928071743422016013917145610418326600159219233156612177755041353770404165447831199956821984591313018/69894075777549927423143746162779590276049759676546622636446937140733449998078980248503300417276421831048821432651394925205813862753382019754783835
26 2 12 21886720588368216916555664630153620747040300268890051155550551993392137143147830060289119994680462497959126773110318198049653075364341676963225296/69894075777549927423143746162779590276049759676546622636446937140733449998078980248503300417276421831048821432651394925205813862753382019754783835
26 2 14 22769513891408714201833969629104831645630587403499474943228997002918182828097379327007519221571054137802425523389569020293719739890570377057596431/139788151555099854846287492325559180552099519353093245272893874281466899996157960497006600834552843662097642865302789850411627725506764039509567670
26 2 25 4758736629596753727180491865701773553968799698889021015625022037997780557012851581820073554048766544840449536864097106344154934007270775628598822/9984867968221418203306249451825655753721394239506660376635276734390492856868425749786185773896631690149831633235913560743687694679054574250683405
26 2 26 6622883672600154630815307316322277656825135627367373799813464759795515083584998903939811866938132900610670279595224945200432758785719449725137139/139788151555099854846287492325559180552099519353093245272893874281466899996157960497006600834552843662097642865302789850411627725506764039509567670
26 3 3 48205567370813470249269830205979908948108344049128726297211790734096715711261918491804140544214180373282438532229130056994397349440193250627698879/139788151555099854846287492325559180552099519353093245272893874281466899996157960497006600834552843662097642865302789850411627725506764039509567670
26 3 4 10723153427898414731574560669261927432080938005862831565994504665784523962144495733299590095223472507866312101563574611856944018156082357757556067/27957630311019970969257498465111836110419903870618649054578774856293379999231592099401320166910568732419528573060557970082325545101352807901913534
26 3 11 3620869039055059818308871610468125528768501747733288361279523916783651248002970256431180982429406454382387653040195600977301963908934043921668303/69894075777549927423143746162779590276049759676546622636446937140733449998078980248503300417276421831048821432651394925205813862753382019754783835
26 3 21 3072507896668419130252711555233338338604948177918378442315051238488026197816762282584214784936248784071886851917539553217790635746829091225075185/13978815155509985484628749232555918055209951935309324527289387428146689999615796049700660083455284366209764286530278985041162772550676403950956767
26 4 2 18732551687377826958479363357608995103409304940519636015866367794217399728980098115142058887989374162922376430505282150453037935034468301509850891/139788151555099854846287492325559180552099519353093245272893874281466899996157960497006600834552843662097642865302789850411627725506764039509567670
26 4 4 824009209287835098247899754277236471366327384924536810754111507270806997539733209513198056420813822187425038875253569336949989609289824194257322/6354006888868175220285795105707235479640887243322420239676994285521222727098089113500300037934220166458983766604672265927801260250307456341343985
26 4 8 30472984148756984094912473059587979841006725653425410758750437807296093391502586879546686207267581525656833464471087549427786556929397447291794732/69894075777549927423143746162779590276049759676546622636446937140733449998078980248503300417276421831048821432651394925205813862753382019754783835
26 4 19 41981428965875687536529388254675023396617560637382977902936177712699559538298558013480812290770402359738248650599754075690116905209124711142466231/139788151555099854846287492325559180552099519353093245272893874281466899996157960497006600834552843662097642865302789850411627725506764039509567670
26 5 0 2590819356407635265625774867600525288466326924181526483206729151281638931353690399550108445914592324875390353138182051651076993188514572102590073/69894075777549927423143746162779590276049759676546622636446937140733449998078980248503300417276421831048821432651394925205813862753382019754783835
26 5 4 2061430167997467526893884823826252658497285908980693332198070955691561226100321694289729755706445813980429679229308592504021867783162633026125781/19969735936442836406612498903651311507442788479013320753270553468780985713736851499572371547793263380299663266471827121487375389358109148501366810
26 5 6 3341608787736638638437907819938591133005702493756510925533401444617721553985393852053824660200587320792430290930644192560902114416871003786060783/27957630311019970969257498465111836110419903870618649054578774856293379999231592099401320166910568732419528573060557970082325545101352807901913534
26 5 7 37048616443274907524134360199099069537110377095495377166934019666791259260922342203719230082114697866227334919741133040762804527824862408998648481/139788151555099854846287492325559180552099519353093245272893874281466899996157960497006600834552843662097642865302789850411627725506764039509567670
26 5 10 899237093312050590607374135669682180835918747875844503875732923964249516998411076231894325082103497857558766401676797767682919446125111120610914/9984867968221418203306249451825655753721394239506660376635276734390492856868425749786185773896631690149831633235913560743687694679054574250683405
26 5 22 21439883304644464992270477266458420678623252559631415974392636673034023851707806831118707189311927679139377940679440065223496076773640958024862579/139788151555099854846287492325559180552099519353093245272893874281466899996157960497006600834552843662097642865302789850411627725506764039509567670
26 5 26 14510181225327255371586294327555766964915135001168545357121178909625385164293257001319676540158377917810879624001389978607413390129165307108985558/69894075777549927423143746162779590276049759676546622636446937140733449998078980248503300417276421831048821432651394925205813862753382019754783835
26 5 27 48146803181093241521550652911954728905579850647958249194251956734264844308956292469790592126896733707534401596017377211830311935152227260873831/1996973593644283640661249890365131150744278847901332075327055346878098571373685149957237154779326338029966326647182712148737538935810914850136681
26 6 5 5225255165886888845068039559459979112950695379177015413187181879477374725369712602723919412451640109926467495982511467783117565912284268214336790/13978815155509985484628749232555918055209951935309324527289387428146689999615796049700660083455284366209764286530278985041162772550676403950956767
26 6 13 2767313326553671817103947560451736783360673852945037435280721056056325915687272589249522922060951207741317115739655177431685461836253118394508349/27957630311019970969257498465111836110419903870618649054578774856293379999231592099401320166910568732419528573060557970082325545101352807901913534
26 6 14 59064683707428420678429787760206015156911302452040543756066977430430074513833665820195988029120467819798807943496520628482035455303791094955484/9984867968221418203306249451825655753721394239506660376635276734390492856868425749786185773896631690149831633235913560743687694679054574250683405
26 6 20 21602423135335993670887692489841316674654999291736132402956927929762639224199176779641757571104345991571193740932015468396564466944676084828024566/69894075777549927423143746162779590276049759676546622636446937140733449998078980248503300417276421831048821432651394925205813862753382019754783835
26 6 21 29667281420886622078813956920375187944282439478797071546119656662860223672432446642753533125115307991506811533706417059830147326939050520408232117/139788151555099854846287492325559180552099519353093245272893874281466899996157960497006600834552843662097642865302789850411627725506764039509567670
26 7 9 5209108298333486290532449943745846394319877146239428267539190082705212719666279925197265854618170153856789380475210295185566395185744357362193727/139788151555099854846287492325559180552099519353093245272893874281466899996157960497006600834552843662097642865302789850411627725506764039509567670
26 7 14 17350200066475230574695463293413209635499217889377127614099954608369176608525478318219860383203374372098139133001334356186452216071956067986466149/69894075777549927423143746162779590276049759676546622636446937140733449998078980248503300417276421831048821432651394925205813862753382019754783835
26 7 23 19975728624763181481272823158997382977356241285619912355430954996404666811888144787073922842705584952808915043764982168570631379635421509234888329/27957630311019970969257498465111836110419903870618649054578774856293379999231592099401320166910568732419528573060557970082325545101352807901913534
26 8 10 13273451431945905595946911711193773006075874023808928122146518660554249488498732143454102438565253375811387617812402313557161280825067240404755171/139788151555099854846287492325559180552099519353093245272893874281466899996157960497006600834552843662097642865302789850411627725506764039509567670
26 8 16 288765020406339347884025145903626080991996269239314462658230848164427848263337530301645975646784972155016146073700410350951427446448092141778948/907715269838310745755113586529605068520126749046060034239570612217317532442584159071471433990602880922711966657810323703971608607186779477334855
26 8 20 82044886980577689676200708145206991073256219866429889901379805003590761875105248687099018146382704574413768752140524342807946617928690609270854507/139788151555099854846287492325559180552099519353093245272893874281466899996157960497006600834552843662097642865302789850411627725506764039509567670
26 9 9 113491509835877781484865392973652217730244578320386988902342710477862881747481040610703865217578546867638475919033985614116735811118898362335781293/139788151555099854846287492325559180552099519353093245272893874281466899996157960497006600834552843662097642865302789850411627725506764039509567670
26 9 24 26296641719222073361422099351906962821854941032706256370551163803604018248676919886302735616974296794459166946268804236294891914387865677173786377/139788151555099854846287492325559180552099519353093245272893874281466899996157960497006600834552843662097642865302789850411627725506764039509567670
26 10 3 603386413226101389542569589130952912393519984606073306690441322995359522416695128852592747904009488291307578813631496145122257812686217357371804/69894075777549927423143746162779590276049759676546622636446937140733449998078980248503300417276421831048821432651394925205813862753382019754783835
26 10 7 362824315319899638870394656198259641023585813201588500357126154193493276968374418793769879755510264468663143107735287856392425262260952063467353/1270801377773635044057159021141447095928177448664484047935398857104244545419617822700060007586844033291796753320934453185560252050061491268268797
26 10 13 13598512045271870829768407506922685470395879437034415655452946738614448451084433517618692461405741006688031892345766236209240655879774952027534833/139788151555099854846287492325559180552099519353093245272893874281466899996157960497006600834552843662097642865302789850411627725506764039509567670
26 10 19 290410157483491256952432206798851613830717148687308065114876813093132020023834858346624746897834752139148099569613383459918182221054153618403021/139788151555099854846287492325559180552099519353093245272893874281466899996157960497006600834552843662097642865302789850411627725506764039509567670
26 10 22 42390890920351664852369050625883588565245721672992319949830645561242170006847557898010705678667559917567450986954632787124528796465928886083738689/69894075777549927423143746162779590276049759676546622636446937140733449998078980248503300417276421831048821432651394925205813862753382019754783835
26 11 12 34330615774153583633203582465080876382320657381168101162279935307906815295950257228679580974591299345195492155290128002118002268016305795587419441/139788151555099854846287492325559180552099519353093245272893874281466899996157960497006600834552843662097642865302789850411627725506764039509567670
26 11 22 105457535780946271213083909860478304169778861971925144110613938973560084700207703268327019859961544316902150710012661848293625457490458243922148229/139788151555099854846287492325559180552099519353093245272893874281466899996157960497006600834552843662097642865302789850411627725506764039509567670
26 12 2 102367202075184339199640502652886274298450172427712223166993871045044314694967017977096552632003364495017514671699150868246896380240669943984795483/139788151555099854846287492325559180552099519353093245272893874281466899996157960497006600834552843662097642865302789850411627725506764039509567670
26 12 3 744734090051755063754128858155391182684190903319302010535473614341975649983530191490656613083760639195056427714368695850119766464258280507063746/69894075777549927423143746162779590276049759676546622636446937140733449998078980248503300417276421831048821432651394925205813862753382019754783835
26 12 9 174684852694689443444989654975480418580068701097437690182645711769038749414227329191480957323326343961541907131250745944274110496368579396085623/9984867968221418203306249451825655753721394239506660376635276734390492856868425749786185773896631690149831633235913560743687694679054574250683405
26 12 19 33485893362086353310908876786705398028160003303378290422272016042972091509424699528248001573855389073228428638337391147244654265388417422965445973/139788151555099854846287492325559180552099519353093245272893874281466899996157960497006600834552843662097642865302789850411627725506764039509567670
26 13 0 7906294549323161521326948379673676185488933589973440299572374778651955456057200242599173906045729991270724877968892687692545663024177861789889891/12708013777736350440571590211414470959281774486644840479353988571042445454196178227000600075868440332917967533209344531855602520500614912682687970
26 13 16 17244485530499411949415102779153370778814347700438421777101103929960726427760568303797880525450516823346559567972921107634201149804019438073706363/139788151555099854846287492325559180552099519353093245272893874281466899996157960497006600834552843662097642865302789850411627725506764039509567670
26 13 17 17787212991022833081137978684997685866453451081473490100248323893167331775884094762308903671299648467386554819836024589079712141218394060873536253/69894075777549927423143746162779590276049759676546622636446937140733449998078980248503300417276421831048821432651394925205813862753382019754783835
26 14 1 4025311678891927819135864795755328928591075261448441478136382716844189685744520670671489141344793492093943228464762483522929686266021792028956796/9984867968221418203306249451825655753721394239506660376635276734390492856868425749786185773896631690149831633235913560743687694679054574250683405
26 14 17 12316298836295923791356107449354506640680038293288225867098593363228494710550151832776082964156559928576749292778309649739977625034878147389860068/69894075777549927423143746162779590276049759676546622636446937140733449998078980248503300417276421831048821432651394925205813862753382019754783835
26 14 20 5880119037802101779567317028627556227046438910623861284478732951919125497463436744205358692741261491562893908123949578161065686771270265632445239/13978815155509985484628749232555918055209951935309324527289387428146689999615796049700660083455284366209764286530278985041162772550676403950956767
26 15 3 43730254704710441558220436605240799781396840341524224794060877437234591570603933816993883585880787085158227267539662581812501979475882779602231879/139788151555099854846287492325559180552099519353093245272893874281466899996157960497006600834552843662097642865302789850411627725506764039509567670
26 15 5 26801371725119373206945207938895831073666192087071864820001938702745132224278984885548274358196893808514151998148365137755698211290958463533755381/139788151555099854846287492325559180552099519353093245272893874281466899996157960497006600834552843662097642865302789850411627725506764039509567670
26 15 13 6925652512527004008112184778142254969703648692449715565883105814148717620127504179446444289047516276842526359961476213084342753473992279637358041/13978815155509985484628749232555918055209951935309324527289387428146689999615796049700660083455284366209764286530278985041162772550676403950956767
26 16 3 6417674212146804094697360695543045629711440343564979963618356779454829491694969124426165506780096643080200249850912667104784851669316480052675407/12708013777736350440571590211414470959281774486644840479353988571042445454196178227000600075868440332917967533209344531855602520500614912682687970
26 16 16 6290339565589546345874229515871425329570334143079860515735631791587615962501209102574434569088343689837767283358431864750817668831298432630012563/12708013777736350440571590211414470959281774486644840479353988571042445454196178227000600075868440332917967533209344531855602520500614912682687970
26 17 1 41183984953759937271059747088617111461176265191821058166117760193426725759026919324315287164584004502568339820215316978279780055776108591771719843/139788151555099854846287492325559180552099519353093245272893874281466899996157960497006600834552843662097642865302789850411627725506764039509567670
26 17 8 98604166601339917575227745236942069090923254161272187106776114088040174237131041172691313669968839159529303045087472872131847669730655447737847827/139788151555099854846287492325559180552099519353093245272893874281466899996157960497006600834552843662097642865302789850411627725506764039509567670
26 18 11 544210255717946668279100119629459505134906949819849506994464638995932312540290525056083799135273572202568453608935349520308781547173918059009219/1270801377773635044057159021141447095928177448664484047935398857104244545419617822700060007586844033291796753320934453185560252050061491268268797
26 18 15 726591122055688375778058901511987590793270498844634540940934218108312232879327297643976208451570461089228299711999103665251470502887573209259578/1270801377773635044057159021141447095928177448664484047935398857104244545419617822700060007586844033291796753320934453185560252050061491268268797
26 19 0 7355783639209332811215869382470349013808009106307522402591323763718415930111787168636609230028449504783116701290899093722918442404801973405171677/19969735936442836406612498903651311507442788479013320753270553468780985713736851499572371547793263380299663266471827121487375389358109148501366810
26 19 5 12613952297233503595396629521180962493634779372705798350679229705062569783625064330935762317764813875516546565180928027764456946953307175096195133/19969735936442836406612498903651311507442788479013320753270553468780985713736851499572371547793263380299663266471827121487375389358109148501366810
26 20 1 16305836066863877024447233449930312216777462717920280160662964077119009600880059597393000466171068348470412229411339391452197637670791899133910457/19969735936442836406612498903651311507442788479013320753270553468780985713736851499572371547793263380299663266471827121487375389358109148501366810
26 20 6 3663899869578959382165265453720999290665325761093040592607589391661976112856791902179371081622195031829251037060487730035177751687317249367456353/19969735936442836406612498903651311507442788479013320753270553468780985713736851499572371547793263380299663266471827121487375389358109148501366810
26 21 5 19572986374428004276719464230870245871672151270697769805813021516779151369775841933514558403856207572515498502042513687262976320865988229279409414/69894075777549927423143746162779590276049759676546622636446937140733449998078980248503300417276421831048821432651394925205813862753382019754783835
26 21 10 73830594552267029892847639930391049779262704019333254075964579850375631983254081919137194044728545380270685122560281799238838265271122861613450053/139788151555099854846287492325559180552099519353093245272893874281466899996157960497006600834552843662097642865302789850411627725506764039509567670
26 21 13 26811584253976816400000923933427639029492512792364451585303251397532965273352194710840289982111883136795960738657480676646836818503664719337298789/139788151555099854846287492325559180552099519353093245272893874281466899996157960497006600834552843662097642865302789850411627725506764039509567670
26 22 3 46452721510599596154337857021937003132407107931822718659141444149069346530299662577294794979957021043880834063416535126816162381363510667576256851/139788151555099854846287492325559180552099519353093245272893874281466899996157960497006600834552843662097642865302789850411627725506764039509567670
26 22 7 1158630609404830349319170180735523353839772161436527570692534954458290128963494556541932443932434319058065563645592567478792681853456829276380722/1996973593644283640661249890365131150744278847901332075327055346878098571373685149957237154779326338029966326647182712148737538935810914850136681
26 22 8 895163392358265292179668735592481014406500145743811927788317854913660026747056837158571990801151442845392450486501556025512794358930960613544773/27957630311019970969257498465111836110419903870618649054578774856293379999231592099401320166910568732419528573060557970082325545101352807901913534
26 22 10 3877735212185403889354689487086568789437929695997268513166697022874472152339197387991837412659831534962628547131133609976206821303310259759468207/69894075777549927423143746162779590276049759676546622636446937140733449998078980248503300417276421831048821432651394925205813862753382019754783835
26 23 6 26588517225499452370341013791012249626312338623837547212291664462195863355474823009609072077054872489671801802442232412961303047619887173292357086/69894075777549927423143746162779590276049759676546622636446937140733449998078980248503300417276421831048821432651394925205813862753382019754783835
26 23 9 46577937217058391715519937774341077620861990020326479941983594921982849558096874722257930515099256978373423327765867776477591699052540015236768031/139788151555099854846287492325559180552099519353093245272893874281466899996157960497006600834552843662097642865302789850411627725506764039509567670
26 23 11 40033179887042558390085526969193603678612852085091670906326950435092323727111439755530526165343841704380615932652457248011429931214449677688085467/139788151555099854846287492325559180552099519353093245272893874281466899996157960497006600834552843662097642865302789850411627725506764039509567670
26 24 4 488680955889510741108678410325018941379779231447698005678577626038227230960412150090580595480114468979333890847735055171948838324923855624953783/1270801377773635044057159021141447095928177448664484047935398857104244545419617822700060007586844033291796753320934453185560252050061491268268797
26 24 10 782120421884124302948480610816428154548398217216786042256821231066017314459205672609479412106729564312462862473199398013611413725137635643315014/1270801377773635044057159021141447095928177448664484047935398857104244545419617822700060007586844033291796753320934453185560252050061491268268797
26 25 2 45289723581865949875986311184104316288517040254654670400903813964908367070831754901614263443307926586618269761198467234533122405960409364309920906/69894075777549927423143746162779590276049759676546622636446937140733449998078980248503300417276421831048821432651394925205813862753382019754783835
26 25 6 24604352195683977547157434978675273987532719421891952235543123175825082927247225346889036973968495244430551671452927690672691456792972655444862929/69894075777549927423143746162779590276049759676546622636446937140733449998078980248503300417276421831048821432651394925205813862753382019754783835
26 26 0 6803783669645868896573342078979997026492657079531764690481901955531474917549153224731974393807723074396585935163089016378559375071935753638431750/13978815155509985484628749232555918055209951935309324527289387428146689999615796049700660083455284366209764286530278985041162772550676403950956767
26 26 4 7175031485864116588055407153575921028717294855777559836807485472615215082066642824968685689647561291813178351367189968662603397478740650312525017/13978815155509985484628749232555918055209951935309324527289387428146689999615796049700660083455284366209764286530278985041162772550676403950956767
27 0 8 1/35
27 0 14 34/35
27 1 9 79204994186817195677806870994770081211232654311903987305947889436605621649360697066601228381730598055548491756659325094633688138529505019437444729/139788151555099854846287492325559180552099519353093245272893874281466899996157960497006600834552843662097642865302789850411627725506764039509567670
27 1 13 1428806365528268828316048643744182110109223556186548583297590093051498761705283929692948752323359891463978931132004179343889944062368691299182406/9984867968221418203306249451825655753721394239506660376635276734390492856868425749786185773896631690149831633235913560743687694679054574250683405
27 1 19 19798288133785135786852377213986206140935691679531252694237926781445700003484593129604388735365056939183220018418586706916335635093714375956055458/69894075777549927423143746162779590276049759676546622636446937140733449998078980248503300417276421831048821432651394925205813862753382019754783835
27 1 26 983291983316623998351185890398137517466351895515072412303869979248895675954102155495312449565093247687006035958232831130809099916668589971458341/139788151555099854846287492325559180552099519353093245272893874281466899996157960497006600834552843662097642865302789850411627725506764039509567670
27 2 21 37062000041796538635316961968823288876585162427721425606434594261511676876367709066718829821498607254761943243120081026161178780655128885507742801/139788151555099854846287492325559180552099519353093245272893874281466899996157960497006600834552843662097642865302789850411627725506764039509567670
27 2 23 82788244787350205675158830061733592352796580833769936948854079971996017584098309539002766991070098385138255034060406018863291286888027834942768809/139788151555099854846287492325559180552099519353093245272893874281466899996157960497006600834552843662097642865302789850411627725506764039509567670
27 2 26 1993790672595311053581170029500229932271777609160188271760520004795920553569194189128500402198413802219744458812230280538715765796360731905905606/13978815155509985484628749232555918055209951935309324527289387428146689999615796049700660083455284366209764286530278985041162772550676403950956767
27 3 3 41195728050514227805390459543459107800698166049039417947244464674573511391166638812408532182334365402624442981838782475498336010844516759461889947/139788151555099854846287492325559180552099519353093245272893874281466899996157960497006600834552843662097642865302789850411627725506764039509567670
27 3 7 38242297974525852302856711407627277022636689262945602331755934844951677003209250696172937155581930304022342536445088971427472505485139304345952291/139788151555099854846287492325559180552099519353093245272893874281466899996157960497006600834552843662097642865302789850411627725506764039509567670
27 3 14 22969801405049046449781823359803971956668840492537487887134105566802855328624611477046835074023153731432135794920090208181420983563606514650167473/139788151555099854846287492325559180552099519353093245272893874281466899996157960497006600834552843662097642865302789850411627725506764039509567670
27 3 30 37380324125010728288258498014668823772095823548570737106759369195138856273157459511378296422613394224018721552098828195304398225613501461051557959/139788151555099854846287492325559180552099519353093245272893874281466899996157960497006600834552843662097642865302789850411627725506764039509567670
27 4 0 6196233626727784155618375325038663050773037497268273023334989734159889369436872349699036772388756720799027324028401276031869293921807290583281661/12708013777736350440571590211414470959281774486644840479353988571042445454196178227000600075868440332917967533209344531855602520500614912682687970
27 4 9 5955590787269228702734381107970726283562715664627379167799267377086628627427996232658516503569540116198265900514439361070930602991168371772976281/139788151555099854846287492325559180552099519353093245272893874281466899996157960497006600834552843662097642865302789850411627725506764039509567670
27 4 11 62729611869916099243512752067532102915091246101631133746274255583354519871562880153335762761779931547496476036093493364646567985396019188576053803/139788151555099854846287492325559180552099519353093245272893874281466899996157960497006600834552843662097642865302789850411627725506764039509567670
27 4 12 588875800781780237647646114926211558988429023376745820427092849053393686672297652864583414585409613922720072876488617668713380795939256548887863/27957630311019970969257498465111836110419903870618649054578774856293379999231592099401320166910568732419528573060557970082325545101352807901913534
27 5 3 542747944810898233304881311350456571780051355497116646123553070826271402509303787967608625788835066943699768840304400866898377054193430648174275/27957630311019970969257498465111836110419903870618649054578774856293379999231592099401320166910568732419528573060557970082325545101352807901913534
27 5 4 4626197562137051314440937743183304793133925105127245542806449202132287889237811564404991615717536455551599169789788955097916171107217871978955915/13978815155509985484628749232555918055209951935309324527289387428146689999615796049700660083455284366209764286530278985041162772550676403950956767
27 5 21 853603725861232804982081207592744266301507573063489085814254118855903346456380509109264828850901529092786524699435578819877268305826238840890491/6354006888868175220285795105707235479640887243322420239676994285521222727098089113500300037934220166458983766604672265927801260250307456341343985
27 5 26 10290450605818246975106845967133353700460977845276920960899718041597541495598993530387830759101924304545978397116542223008667746633634415997078049/19969735936442836406612498903651311507442788479013320753270553468780985713736851499572371547793263380299663266471827121487375389358109148501366810
27 6 11 52851404563547441824543141871604293787756070802647897255265828564787341978010623420597755950470480140098355712049461764302432241848639877871335258/69894075777549927423143746162779590276049759676546622636446937140733449998078980248503300417276421831048821432651394925205813862753382019754783835
27 6 15 2449904553693606626133891935296163302097129687774592752401136898824203283340646549279103347056160281957453861399116445900419081719488200775630491/19969735936442836406612498903651311507442788479013320753270553468780985713736851499572371547793263380299663266471827121487375389358109148501366810
27 6 24 1539637322922702255842178639570677260173406357579572863232205350920253914250198891896124136747160128018068582855459200045802697252096988939771247/12708013777736350440571590211414470959281774486644840479353988571042445454196178227000600075868440332917967533209344531855602520500614912682687970
27 7 4 9645294163058909805081241846854217249072388169375727517053781903479846158817001543123922782338166995994555912214323396837749844348575202581367004/69894075777549927423143746162779590276049759676546622636446937140733449998078980248503300417276421831048821432651394925205813862753382019754783835
27 7 9 6299318300830117864706250041162648695771677310641712450354955625017412761901877131949451162001938560115756407932054999270962980470863397646072315/27957630311019970969257498465111836110419903870618649054578774856293379999231592099401320166910568732419528573060557970082325545101352807901913534
27 7 20 12714424532118777987513394060862500367870908065876175426715933192774306267002081678715928494266688124218535571601981151483044733493613806588067441/19969735936442836406612498903651311507442788479013320753270553468780985713736851499572371547793263380299663266471827121487375389358109148501366810
27 8 5 22503010254588389412360589457274151010965587477190213654177505147597152193420237521510850420280903631622027163086727909394117163975389421479941864/69894075777549927423143746162779590276049759676546622636446937140733449998078980248503300417276421831048821432651394925205813862753382019754783835
27 8 17 3435727900077214585220486464546301600712175098985314838466153826321568055096434987213097191792616781628516646955611838287420488398151956853938633/139788151555099854846287492325559180552099519353093245272893874281466899996157960497006600834552843662097642865302789850411627725506764039509567670
27 8 20 1604509673408760725574116387770293425246395755011910423157979555156177409450711416949276694577497890370831521549419335669429448431617266375464891/9984867968221418203306249451825655753721394239506660376635276734390492856868425749786185773896631690149831633235913560743687694679054574250683405
27 8 21 278796693693250590201494063008074408177976466766696267426003469031602493941971747126992251616169698333183148893168859404049331024250289536382756/6354006888868175220285795105707235479640887243322420239676994285521222727098089113500300037934220166458983766604672265927801260250307456341343985
27 8 22 2871903632553839492167940844482887905422012569890215323253265478466266564853205009455519836974120858998879070356878342406465009764447385119472793/9984867968221418203306249451825655753721394239506660376635276734390492856868425749786185773896631690149831633235913560743687694679054574250683405
27 8 24 22543089601117945403524156308742401320182970482230424792943203370541557047242842060310821824920023762719094329835839793384365211879421748966197101/139788151555099854846287492325559180552099519353093245272893874281466899996157960497006600834552843662097642865302789850411627725506764039509567670
27 9 10 4939247072486333060277696036270014759975302419187355045097768040573322446809621486591270997277545063035714030293935811547234706692420891263680749/9984867968221418203306249451825655753721394239506660376635276734390492856868425749786185773896631690149831633235913560743687694679054574250683405
27 9 21 5045620895735085143028553415555640993746091820319305331537508693817170410058804263194914776619086627114117602941977749196452987986633682987002656/9984867968221418203306249451825655753721394239506660376635276734390492856868425749786185773896631690149831633235913560743687694679054574250683405
27 10 1 1345275670535399144146913221314532657417892210658612233760059890700757993230690858861399843905558540499765799950950821504700915793672861645321883/6354006888868175220285795105707235479640887243322420239676994285521222727098089113500300037934220166458983766604672265927801260250307456341343985
27 10 8 105922140462676861887007560023654174964762118226376211069172681591030175536729762000929044132405580422128800297915704407277762033588164294991097/19969735936442836406612498903651311507442788479013320753270553468780985713736851499572371547793263380299663266471827121487375389358109148501366810
27 10 17 79712967363606438987946820527933795322433207073213094763059984049950583125608621904265971981509583000662127779143959836398595996283166724242337391/139788151555099854846287492325559180552099519353093245272893874281466899996157960497006600834552843662097642865302789850411627725506764039509567670
27 10 24 14868832228237948326949764004270043770859674408903023944814181932481214895358515681891664489097066853742882942576251005029333623763838604502605587/69894075777549927423143746162779590276049759676546622636446937140733449998078980248503300417276421831048821432651394925205813862753382019754783835
27 11 3 11496760692685252739182832114403707112798758257151392776962638306951204634808711646810996703391359713451672297352333721795072845769333306171262717/139788151555099854846287492325559180552099519353093245272893874281466899996157960497006600834552843662097642865302789850411627725506764039509567670
27 11 5 28017342239516350038758806607425373248388541219017124293355332596542972542289717853733908050990131465457545264755404820292348831583380191034200036/69894075777549927423143746162779590276049759676546622636446937140733449998078980248503300417276421831048821432651394925205813862753382019754783835
27 11 13 72256706383381902029587046996304726942523678657907603909220570781429750276769813142727788029181221017730880038439646488031857216570670351269904881/139788151555099854846287492325559180552099519353093245272893874281466899996157960497006600834552843662097642865302789850411627725506764039509567670
27 12 6 1289955352488709433563962793948471295895349608766329066904581770217061736365541560152787137244581752107195122703129536067229975333710923945952997/1996973593644283640661249890365131150744278847901332075327055346878098571373685149957237154779326338029966326647182712148737538935810914850136681
27 12 20 707018241155574207097287096416659854848929239135003008422473576661036835008143589804450017534744585922771203944053176081507563602099990904183684/1996973593644283640661249890365131150744278847901332075327055346878098571373685149957237154779326338029966326647182712148737538935810914850136681
27 13 8 7448232152267897575335612606178893824442733555729872962379904944337727786474265392115855146522066675363705260162402265651712086058035555118605603/69894075777549927423143746162779590276049759676546622636446937140733449998078980248503300417276421831048821432651394925205813862753382019754783835
27 13 11 335431603709088114106268223827940447132697226996953693191613434469324407830291074223738604629483353231307006806873796618682425383992618262356451/19969735936442836406612498903651311507442788479013320753270553468780985713736851499572371547793263380299663266471827121487375389358109148501366810
27 13 16 122543666024600442896872389546405809773285171652654823495792770351506173568397392193208720309102326838751083297329868742777426575702744601435861307/139788151555099854846287492325559180552099519353093245272893874281466899996157960497006600834552843662097642865302789850411627725506764039509567670
27 14 7 357193489014245413034893853512423520719001308797460097890668422517329696031283061541982862589917239098284323881340334596862764552318363936510512/907715269838310745755113586529605068520126749046060034239570612217317532442584159071471433990602880922711966657810323703971608607186779477334855
27 14 12 15386912948372488887642353007994837646965801759833910782189349925971394884317183546793313823649201090317010540300973079521186930690548062252205585/27957630311019970969257498465111836110419903870618649054578774856293379999231592099401320166910568732419528573060557970082325545101352807901913534
27 14 17 7845789505043616800702073844671770126544308999114836286784187583941152385754451285574670877459583389376804286071512924888827330996995682025920897/139788151555099854846287492325559180552099519353093245272893874281466899996157960497006600834552843662097642865302789850411627725506764039509567670
27 15 1 604343117198051544234364036223960821637080682578651349960219112876790177750696788231761611973324231221612700027881988027329385248698398094179331/12708013777736350440571590211414470959281774486644840479353988571042445454196178227000600075868440332917967533209344531855602520500614912682687970
27 15 4 469520554068035821919918749065528029894924454943892436990983322802931723863490535704311340859112596719770716138100122160163539522720568795328803/1815430539676621491510227173059210137040253498092120068479141224434635064885168318142942867981205761845423933315620647407943217214373558954669710
27 15 5 19115134999856638331591248908204213932028346139333838396703838105820236792241597361474435143611874955614481315363463837069603148106834142937085553/139788151555099854846287492325559180552099519353093245272893874281466899996157960497006600834552843662097642865302789850411627725506764039509567670
27 15 8 28156848574329623422008539494416557215027128146765892837707225412040469248958480854386565830556743343814789287952734818056196050361411138673423588/69894075777549927423143746162779590276049759676546622636446937140733449998078980248503300417276421831048821432651394925205813862753382019754783835
27 15 14 21558462454166644396267416352012624850099846381182738702907459254095290013252965506977683051969245527993498131093445102596416695691941442949344469/139788151555099854846287492325559180552099519353093245272893874281466899996157960497006600834552843662097642865302789850411627725506764039509567670
27 16 2 11693524149402072917277367222145986967676624166174441829561014133659937279705486268235862191788939588439794158171420080073098788667665346112126131/12708013777736350440571590211414470959281774486644840479353988571042445454196178227000600075868440332917967533209344531855602520500614912682687970
27 16 7 1014489628334277523294222989268483991605150320470398649792974437382508174490691958764737884079500744478173375037924451782503731832949566570561839/12708013777736350440571590211414470959281774486644840479353988571042445454196178227000600075868440332917967533209344531855602520500614912682687970
27 17 15 1
27 18 1 6797088850477591615210113211487831759857806637343757692529615106349744168301155288597958395178043861364319484327646741321325415982581418788279607/12708013777736350440571590211414470959281774486644840479353988571042445454196178227000600075868440332917967533209344531855602520500614912682687970
27 18 6 28587798468041570676430252221248188161750254823969631512251123986654953393855369835380947674386726221602277038865464664508720628146176475546039867/69894075777549927423143746162779590276049759676546622636446937140733449998078980248503300417276421831048821432651394925205813862753382019754783835
27 18 14 7844577263763205726115742556696654870163136694372647630565860138309807357134512651667163138820908743885574459967746366859606893406015481746412259/139788151555099854846287492325559180552099519353093245272893874281466899996157960497006600834552843662097642865302789850411627725506764039509567670
27 19 12 1
27 20 3 6468753482277631312401632807764221402955604037789798981510048857558923994664954926877848365433839333301322390537394537123345212902155280688299179/27957630311019970969257498465111836110419903870618649054578774856293379999231592099401320166910568732419528573060557970082325545101352807901913534
27 20 6 30998895640064170965009128377815951744997524958524812630908651593513103126640078801430559887497356689963640282401319007139253742442566246744355439/139788151555099854846287492325559180552099519353093245272893874281466899996157960497006600834552843662097642865302789850411627725506764039509567670
27 20 13 38222744251823763659635099954461060896161987102809718867217489200079588448096553530593399559943145152813695315107249078827823959276710694661858168/69894075777549927423143746162779590276049759676546622636446937140733449998078980248503300417276421831048821432651394925205813862753382019754783835
27 21 1 8998527275896137112775773776440718826012546897460134835408044488474315415635907982792965327310663890251809616338535130138831461872625652460324202/13978815155509985484628749232555918055209951935309324527289387428146689999615796049700660083455284366209764286530278985041162772550676403950956767
27 21 4 4980287879613848371852975456115199229197405037849189691881342939672374583979888066907694756144620475957954670191743854902331310678050751490632565/13978815155509985484628749232555918055209951935309324527289387428146689999615796049700660083455284366209764286530278985041162772550676403950956767
27 22 0 44737585843078038227314289176498403822918514158041082703174963286659978393400708267494578017490783127396946391404225120641152263755340358619586894/69894075777549927423143746162779590276049759676546622636446937140733449998078980248503300417276421831048821432651394925205813862753382019754783835
27 22 8 25156489934471889195829456986281186453131245518505539933271973854073471604678271981008722399785638703651875041247169804564661598998041661135196941/69894075777549927423143746162779590276049759676546622636446937140733449998078980248503300417276421831048821432651394925205813862753382019754783835
27 23 1 1333571867549926672847029255857700104436272510064943665841867804638509645507193923377765507716565812238435581498072352788156550229147369071975939/9984867968221418203306249451825655753721394239506660376635276734390492856868425749786185773896631690149831633235913560743687694679054574250683405
27 23 2 21606890096595798187521635840990214958857634474786019956901150454037408371613387186385748786948970257236874964187407871458841878583873606952238967/139788151555099854846287492325559180552099519353093245272893874281466899996157960497006600834552843662097642865302789850411627725506764039509567670
27 23 5 99511255312805083238907446902561164131134069737398013994206574562490356587443858383332134939571952033522669760142369039918594143714827265549665557/139788151555099854846287492325559180552099519353093245272893874281466899996157960497006600834552843662097642865302789850411627725506764039509567670
27 24 3 49969864229116691573845723095794991166874757839285133123600701777971220180528070684523303134784404065417413114874037608450411052284068673184767091/139788151555099854846287492325559180552099519353093245272893874281466899996157960497006600834552843662097642865302789850411627725506764039509567670
27 24 9 1031780785477521338622829239995951412306866648875166256952539294481611815862348579858894003149830939190086627935603078787682435054400573350630785/2541602755547270088114318042282894191856354897328968095870797714208489090839235645400120015173688066583593506641868906371120504100122982536537594
27 24 10 2362167437479963546299011502141918693453363987548140572635965093357644995942908422874580537609124138658961800997898779188477338945047416574293386/9984867968221418203306249451825655753721394239506660376635276734390492856868425749786185773896631690149831633235913560743687694679054574250683405
27 25 0 62033353720709498306306781011742325377530232483113359622941274507512103000498354113617526494468006999713102584069234058728262522288639719859762851/139788151555099854846287492325559180552099519353093245272893874281466899996157960497006600834552843662097642865302789850411627725506764039509567670
27 25 3 77754797834390356539980711313816855174569286869979885649952599773954796995659606383389074340084836662384540281233555791683365203218124319649804819/139788151555099854846287492325559180552099519353093245272893874281466899996157960497006600834552843662097642865302789850411627725506764039509567670
27 26 7 4909333947094927124095318181679615334057320982682220931239207936480415980932562803049182130998551099819541921241860265007854921078024624885506744/13978815155509985484628749232555918055209951935309324527289387428146689999615796049700660083455284366209764286530278985041162772550676403950956767
27 26 8 9069481208415058360533431050876302721152630952627103596050179491666274018683233246651477952456733266390222365288418720033307851472651779065450023/13978815155509985484628749232555918055209951935309324527289387428146689999615796049700660083455284366209764286530278985041162772550676403950956767
27 27 2 34715719780426300097582406327784177489285086483220824101951891116147062201365815179157927064549295726610842613558534792049100364505504109664704251/69894075777549927423143746162779590276049759676546622636446937140733449998078980248503300417276421831048821432651394925205813862753382019754783835
27 27 3 299459811337287434700370805508312532375101949089722903574833855801009475933646099566921122072682809870936889928778146355909015788672429883210219/9984867968221418203306249451825655753721394239506660376635276734390492856868425749786185773896631690149831633235913560743687694679054574250683405
27 27 7 33082137317762615282658744196437225060138959549697738209471209033979321465177642372376925498218346435341420589591413108665350387727170900907608051/69894075777549927423143746162779590276049759676546622636446937140733449998078980248503300417276421831048821432651394925205813862753382019754783835
28 0 10 23785582230790589716946926772073623085044907625482977626700625457195168869430601591823439419191877912350648976645133645684254913396545486389381071/69894075777549927423143746162779590276049759676546622636446937140733449998078980248503300417276421831048821432651394925205813862753382019754783835
28 0 12 46108493546759337706196819390705967191004852051063645009746311683538281128648378656679860998084543918698172456006261279521558949356836533365402764/69894075777549927423143746162779590276049759676546622636446937140733449998078980248503300417276421831048821432651394925205813862753382019754783835
28 1 6 6978106333590614802712503195524279974292432833626840227450881456741446702046569424597994443520992720984312554776588774535383452269290667878852460/13978815155509985484628749232555918055209951935309324527289387428146689999615796049700660083455284366209764286530278985041162772550676403950956767
28 1 16 29680063053228331494089385966429539562197672169415229699071559463530121543624783539705560756894960510384727729620849329860055955605437008225365207/139788151555099854846287492325559180552099519353093245272893874281466899996157960497006600834552843662097642865302789850411627725506764039509567670
28 1 17 8134079762730980843053307253415661669217152392182605495748176273637437794602220296868007691190246215503663151600933031706497088743456232130805429/139788151555099854846287492325559180552099519353093245272893874281466899996157960497006600834552843662097642865302789850411627725506764039509567670
28 1 21 1405208361490950712459126253802175869316238832926778824768766606169310361584521615054681260968723248893339911901275385240045374303302378540908439/6354006888868175220285795105707235479640887243322420239676994285521222727098089113500300037934220166458983766604672265927801260250307456341343985
28 1 31 639180725216739403959494783411655226401556065418936829326229320580022841302893441625050104972899125356324187243530634105120961896155896232443388/69894075777549927423143746162779590276049759676546622636446937140733449998078980248503300417276421831048821432651394925205813862753382019754783835
28 2 3 9136366882381094441516177517880059968448919675506571580465808846813629536843536279380770055305588460005747146330057705103314789463891641788436179/139788151555099854846287492325559180552099519353093245272893874281466899996157960497006600834552843662097642865302789850411627725506764039509567670
28 2 14 8418898688501782839477382156999533321922598861629825829899773741012760299018074292960931846096786716903335318735906233322742708486953662330954687/13978815155509985484628749232555918055209951935309324527289387428146689999615796049700660083455284366209764286530278985041162772550676403950956767
28 2 21 46462797787700932009997493237683787364424611061288415393430328024525667469133681288016512318279388033058542531613669812080885851173335774411584621/139788151555099854846287492325559180552099519353093245272893874281466899996157960497006600834552843662097642865302789850411627725506764039509567670
28 3 9 33208108397855683484326686468481208603661787669181638219378182923607309373788659434989657363609576582086687721894435088082655775308607772357966476/69894075777549927423143746162779590276049759676546622636446937140733449998078980248503300417276421831048821432651394925205813862753382019754783835
28 3 10 6840052542460092538935848126847824780869427197665058364374810980805916693978635102973193845044150539916231048615382605828591624164319529851331544/69894075777549927423143746162779590276049759676546622636446937140733449998078980248503300417276421831048821432651394925205813862753382019754783835
28 3 23 3299221052898406763887543246588777712085130922659443592310787459016389805029478151081082854293595831995215518765973496886802586945702779699720396/69894075777549927423143746162779590276049759676546622636446937140733449998078980248503300417276421831048821432651394925205813862753382019754783835
28 3 26 4314197966140064304364523157709050153755606282312295829727292653352225400145964989961818225881225275693180094254827100271896806568691911969943751/69894075777549927423143746162779590276049759676546622636446937140733449998078980248503300417276421831048821432651394925205813862753382019754783835
28 3 31 22232495818195680331629145163152729025677807604728186630655863123951608725136242569497548128447873601357507049120776634135867069766060025875821668/69894075777549927423143746162779590276049759676546622636446937140733449998078980248503300417276421831048821432651394925205813862753382019754783835
28 4 15 2782056129197268550001041709222172897270676988980891812872812904724873547162411722364396047192330150350682129751832931828242473047252053734527081/13978815155509985484628749232555918055209951935309324527289387428146689999615796049700660083455284366209764286530278985041162772550676403950956767
28 4 24 11196759026312716934627707523333745157939274946328432714416574523421816452453384327336264036262954215859082156778446053212920299503424350216429686/13978815155509985484628749232555918055209951935309324527289387428146689999615796049700660083455284366209764286530278985041162772550676403950956767
28 5 15 6398983180249584696871760996601544045338979083639123324239497424192600328565722031343081336765491914978701349885477618645453470583182120887887851/12708013777736350440571590211414470959281774486644840479353988571042445454196178227000600075868440332917967533209344531855602520500614912682687970
28 5 17 29477163557062974968506184387698099708184925339597739180346040843864164087798465280504195712971152730956235385533643530630917321226051245157372127/69894075777549927423143746162779590276049759676546622636446937140733449998078980248503300417276421831048821432651394925205813862753382019754783835
28 5 26 2089001891645694648737150517509199327400179750773482069113464185523993641267617518244862940838025427083891449099049796809960981327931643885611411/27957630311019970969257498465111836110419903870618649054578774856293379999231592099401320166910568732419528573060557970082325545101352807901913534
28 6 5 39972766721560705058712237324192182460216406471588006121165023112580921290812399355398988038677873223900440688936698901676952201516982199599197471/139788151555099854846287492325559180552099519353093245272893874281466899996157960497006600834552843662097642865302789850411627725506764039509567670
28 6 7 6762374442051998685938586306577736206733357608597686318163291701281544680519870617378752631547172760550810958214199844795815891764749393487266031/27957630311019970969257498465111836110419903870618649054578774856293379999231592099401320166910568732419528573060557970082325545101352807901913534
28 6 16 13042531127177075383774267577848045008330796275123740265745617982696467067522121701164225490484050949669991729443172298159776125635962354425845343/27957630311019970969257498465111836110419903870618649054578774856293379999231592099401320166910568732419528573060557970082325545101352807901913534
28 6 28 112979569627682777001569368462584573794620494699729461740614678427988566447942792698960312245550269584741248297032890565245062426603300049259047/19969735936442836406612498903651311507442788479013320753270553468780985713736851499572371547793263380299663266471827121487375389358109148501366810
28 7 14 7868534709500317206647555803396756115730583935433317664947585076833913105262651903629118966809251376186820264329114009684210340412836284498221341/139788151555099854846287492325559180552099519353093245272893874281466899996157960497006600834552843662097642865302789850411627725506764039509567670
28 7 18 114282102834033886839017652722660243364966526396357027885252535790709685381461030414163688350145867165868675862196319058716186962047226740243333387/139788151555099854846287492325559180552099519353093245272893874281466899996157960497006600834552843662097642865302789850411627725506764039509567670
28 7 23 456860462555200503761147610301436209939147467793117526230289357612900118540882820096692109604803070508672366815235102784488762469017335992320351/139788151555099854846287492325559180552099519353093245272893874281466899996157960497006600834552843662097642865302789850411627725506764039509567670
28 7 27 17180653549010450296861136189200744861463261553509782196463464056310401390893395359117101407992922049533474371962121679226741660577683678775692591/139788151555099854846287492325559180552099519353093245272893874281466899996157960497006600834552843662097642865302789850411627725506764039509567670
28 8 2 1649139433080789083224898302942576272744639103881254346193148174779435011719972624822941258639153395166569503516464316697105455709296799981308874/13978815155509985484628749232555918055209951935309324527289387428146689999615796049700660083455284366209764286530278985041162772550676403950956767
28 8 3 25792968010738250096386358526897053380609954487690017772236565010235010770360972153306847200889498881967896746420893534591296861111079948484509386/69894075777549927423143746162779590276049759676546622636446937140733449998078980248503300417276421831048821432651394925205813862753382019754783835
28 8 7 4307518815027143485094138686264642061630898676007026910088313114863402148169186332639952279483369171106084388633301958983670041151931139836735767/139788151555099854846287492325559180552099519353093245272893874281466899996157960497006600834552843662097642865302789850411627725506764039509567670
28 8 16 1845931728777264748481002011039133327698932519140683586053365929224802443551517672209895292158835166556475075603738962277941438123144730719566777/69894075777549927423143746162779590276049759676546622636446937140733449998078980248503300417276421831048821432651394925205813862753382019754783835
28 8 20 6224976661770773858098957113777280860341150961254395474462101652472788186853039346568168311207463242855810711273522075875336211124466937348256023/69894075777549927423143746162779590276049759676546622636446937140733449998078980248503300417276421831048821432651394925205813862753382019754783835
28 8 21 51261485606692243123011735306441840625722153702103481235370014234943944929257989571967414360166345956565498374908535578967754106544481666755078791/139788151555099854846287492325559180552099519353093245272893874281466899996157960497006600834552843662097642865302789850411627725506764039509567670
28 9 3 1691056237195701892839681580619755846477197126282576595422641238357941324709717281406767322034579599379863437021414110695074840531415189303494421/27957630311019970969257498465111836110419903870618649054578774856293379999231592099401320166910568732419528573060557970082325545101352807901913534
28 9 6 52331133731904363933555404650597574067065207564150412828368429273661520864396713345765399235150045301538649340427729123299892020897935663823761559/139788151555099854846287492325559180552099519353093245272893874281466899996157960497006600834552843662097642865302789850411627725506764039509567670
28 9 18 39500868318608490724266839885931413626324163078764974733706119408007836254106330372103682494614950181829838169883995086818180750975876214584167003/69894075777549927423143746162779590276049759676546622636446937140733449998078980248503300417276421831048821432651394925205813862753382019754783835
28 10 2 60566504600239783190137067880151820363128523588848407151922114138022349508177444504752162311282063536947123696870365896272275786694479734951371049/139788151555099854846287492325559180552099519353093245272893874281466899996157960497006600834552843662097642865302789850411627725506764039509567670
28 10 9 24621618462485165937292853159226650513733519581601208938758055622726575332029779873901558109864029663765198137601534140259887160331658709443748731/69894075777549927423143746162779590276049759676546622636446937140733449998078980248503300417276421831048821432651394925205813862753382019754783835
28 10 11 2725310002717249071051338011541278105591268781912947294859604445271945438538268749495574754867520072510920263020850515783597965286269716879154469/12708013777736350440571590211414470959281774486644840479353988571042445454196178227000600075868440332917967533209344531855602520500614912682687970
28 11 16 22440710321881134365342969026940793353186140730569150044190095449256786189040468387784619195121224887267585761187789053256916446890684713906154644/69894075777549927423143746162779590276049759676546622636446937140733449998078980248503300417276421831048821432651394925205813862753382019754783835
28 11 20 126595170619456602255967488650215631944941768961259670318816756056895805942116748309402093530492874006571715447216853773602889534278491786265417/907715269838310745755113586529605068520126749046060034239570612217317532442584159071471433990602880922711966657810323703971608607186779477334855
28 11 23 37705537317970634684091280509772193263103102735960477977707951475095686751495522240894720020307245645275213582027908131381474921723253438306192082/69894075777549927423143746162779590276049759676546622636446937140733449998078980248503300417276421831048821432651394925205813862753382019754783835
28 12 3 11573500431852994122545587037267386416339182667461496358565386768554337376060639053791872868717331669911504453512819513602113366135975983473756596/69894075777549927423143746162779590276049759676546622636446937140733449998078980248503300417276421831048821432651394925205813862753382019754783835
28 12 5 58320575345696933300598159125512203859710577009085126277881550372179112622018341194711427548559090161137316979138575411603700496617406036281027239/69894075777549927423143746162779590276049759676546622636446937140733449998078980248503300417276421831048821432651394925205813862753382019754783835
28 13 0 10366347285922517761776686560659551897281403486717435637952972368338224998834771261386309955456164348039603628638202764330665686445083455701011142/69894075777549927423143746162779590276049759676546622636446937140733449998078980248503300417276421831048821432651394925205813862753382019754783835
28 13 2 27121469408778165055882388479948031684058794289200111705807735227878251084097489165211294362251766266249509474775654281721799258820581953763569461/139788151555099854846287492325559180552099519353093245272893874281466899996157960497006600834552843662097642865302789850411627725506764039509567670
28 13 10 5442499446324667223537333074485744891679038571849023819894714746629016616614974458167799058159204824721357571227626233905092694433158048380567585/13978815155509985484628749232555918055209951935309324527289387428146689999615796049700660083455284366209764286530278985041162772550676403950956767
28 13 14 7501798622245996406295679995886919231337506474393604818446609370124406549648236845468939195959340090511070084194893540195514029892886938107660015/27957630311019970969257498465111836110419903870618649054578774856293379999231592099401320166910568732419528573060557970082325545101352807901913534
28 14 1 11269245290657278575079796777720608533989491493316018865263228838612024600984190287753394427089822944213186490328960835182039239326259850715982242/69894075777549927423143746162779590276049759676546622636446937140733449998078980248503300417276421831048821432651394925205813862753382019754783835
28 14 8 26839659274270154166418116068233956326437978559088421169664930863640483709603096497527555420514598229265679451709173680103322387327171322009831892/69894075777549927423143746162779590276049759676546622636446937140733449998078980248503300417276421831048821432651394925205813862753382019754783835
28 14 20 31785171212622494681645833316825025415622289624142182601518777438480941687491693463222350569672000657569955490613260409920452236099950847028969701/69894075777549927423143746162779590276049759676546622636446937140733449998078980248503300417276421831048821432651394925205813862753382019754783835
28 15 2 7122684526984603080015553627679571408820979700894145238004695687424562189369745154060110336848755012670332813606304469460145379323318244841306133/69894075777549927423143746162779590276049759676546622636446937140733449998078980248503300417276421831048821432651394925205813862753382019754783835
28 15 6 6773623273182006247056488411995402392200192896059396262936325227591153946227620855771887731479671796522293859651645091610171699729108110257402092/69894075777549927423143746162779590276049759676546622636446937140733449998078980248503300417276421831048821432651394925205813862753382019754783835
28 15 9 11199553595476663619214340824620923295005717415918616227101183245143546772496322847734260469789599004371238951878689072827099356740191132931215122/13978815155509985484628749232555918055209951935309324527289387428146689999615796049700660083455284366209764286530278985041162772550676403950956767
28 16 3 4248945802669192272442783788096115309584514447159278982886632476020176535996812966826188952532705382298855142723675754448974164041277847389869727/19969735936442836406612498903651311507442788479013320753270553468780985713736851499572371547793263380299663266471827121487375389358109148501366810
28 16 6 8853589233290842374467568300097538818013152901297100464802318301524977279762119411515473135823764681660553306803865400055879774380408682595473531/139788151555099854846287492325559180552099519353093245272893874281466899996157960497006600834552843662097642865302789850411627725506764039509567670
28 16 13 37477435630829090329971294877551307834489490803499459094506884992030122756046977338910915208361476256980478837609803624157947458448700766905948619/69894075777549927423143746162779590276049759676546622636446937140733449998078980248503300417276421831048821432651394925205813862753382019754783835
28 16 18 1874076460104748993198417696691872778429698836763019552776525618838602960880299688563283901019799199313153277443827637206930991852857777955222058/9984867968221418203306249451825655753721394239506660376635276734390492856868425749786185773896631690149831633235913560743687694679054574250683405
28 17 8 41183984953759937271059747088617111461176265191821058166117760193426725759026919324315287164584004502568339820215316978279780055776108591771719843/139788151555099854846287492325559180552099519353093245272893874281466899996157960497006600834552843662097642865302789850411627725506764039509567670
28 17 13 12334738480729066893566618772992323461447849562331508152582149448057494387250519400410828994319363449916427682170755463666098120281250056685576241/27957630311019970969257498465111836110419903870618649054578774856293379999231592099401320166910568732419528573060557970082325545101352807901913534
28 17 14 1678657918077026504881575062362747808349273015891574833812062129443304650039929280483507668107819177724871119737895252445516230378382052923180301/6354006888868175220285795105707235479640887243322420239676994285521222727098089113500300037934220166458983766604672265927801260250307456341343985
28 18 1 5910924927258758825361476999926639199423967849301082786824373464692701285895022938402641680690396471553648048881697790534277104518033493894408363/12708013777736350440571590211414470959281774486644840479353988571042445454196178227000600075868440332917967533209344531855602520500614912682687970
28 18 2 54186213675631815430541889379052396242692686980324058603223890850809841853136027763322658193696469055150960847267553334345744608193134733613885371/139788151555099854846287492325559180552099519353093245272893874281466899996157960497006600834552843662097642865302789850411627725506764039509567670
28 18 3 10290881839810846168384677973656876557871593015228638007300937659518671999088340205627442076631006709928276740168280410094417483807630436528595153/69894075777549927423143746162779590276049759676546622636446937140733449998078980248503300417276421831048821432651394925205813862753382019754783835
28 19 0 5582839663997462467471063057508408282391873213531365704576553380764040110409348703346557779786854284119682912829302560913401308955929297211523328/13978815155509985484628749232555918055209951935309324527289387428146689999615796049700660083455284366209764286530278985041162772550676403950956767
28 19 13 11400877071559802938244401486828641909330554915170989019943883557529756450013694799818144748893469596603670503063637327006049920168119768567393832/69894075777549927423143746162779590276049759676546622636446937140733449998078980248503300417276421831048821432651394925205813862753382019754783835
28 19 14 4368428626571830306792004198344129564965691241959829299088612382769070428002648847421766681349811544835248052205892113376108199686516537875681909/9984867968221418203306249451825655753721394239506660376635276734390492856868425749786185773896631690149831633235913560743687694679054574250683405
28 20 0 3782004496444117056171326523308875285989209084785148018183204206252688902732846063899761290635746008817954479563030796391962385673291462847802118/69894075777549927423143746162779590276049759676546622636446937140733449998078980248503300417276421831048821432651394925205813862753382019754783835
28 20 6 8314195682798296820612150577169623377244471406691714849373209694631996407952033838032044337570012174932924532347805673302612972125297704719301776/13978815155509985484628749232555918055209951935309324527289387428146689999615796049700660083455284366209764286530278985041162772550676403950956767
28 20 7 3505870409587760894844523821946085443405456222614700053056812065902968436512280713491902491255802135366606327335619394614398088064800290472924691/9984867968221418203306249451825655753721394239506660376635276734390492856868425749786185773896631690149831633235913560743687694679054574250683405
28 21 0 13520083681439241204588937336098040446182828606959509682346671099931915981766715216529510169256113941715278956115122315956737460328347130054008787/69894075777549927423143746162779590276049759676546622636446937140733449998078980248503300417276421831048821432651394925205813862753382019754783835
28 21 1 5020257595402470899047101408387603065488796131037299974409546289180900484782390045260972524157884854654170773722704698675920692171563187978243846/69894075777549927423143746162779590276049759676546622636446937140733449998078980248503300417276421831048821432651394925205813862753382019754783835
28 21 11 4668521318246201392682518856208540614943466812595437543608247250147330321048170453337528883987493003152670154801233446415741428204861063792957382/6354006888868175220285795105707235479640887243322420239676994285521222727098089113500300037934220166458983766604672265927801260250307456341343985
28 22 4 23768237070231990289814219266757413008744140286004763780781746289085214888078158968298895080920662287058133488552784454712549204752203928591035705/27957630311019970969257498465111836110419903870618649054578774856293379999231592099401320166910568732419528573060557970082325545101352807901913534
28 22 7 1594232572984994912172635984697764203202506471584332513652370438747381648880191676388793634257342504200537696854092350683476111405304771756616847/12708013777736350440571590211414470959281774486644840479353988571042445454196178227000600075868440332917967533209344531855602520500614912682687970
28 22 11 1705203950552479681658700080048354636575623367820884359404534004909813709042528607617697726559382340300530378571925859665322238143695953615801914/69894075777549927423143746162779590276049759676546622636446937140733449998078980248503300417276421831048821432651394925205813862753382019754783835
28 23 0 22150410110103723695146434198030168371658588547970121164319533413725175134862898810691117443082640115047256212742949337251611431685299131347087928/69894075777549927423143746162779590276049759676546622636446937140733449998078980248503300417276421831048821432651394925205813862753382019754783835
28 23 10 47743665667446203727997311964749421904391171128576501472127403727008274863216081437812182974193781716001565219908445587954202431068082888407695907/69894075777549927423143746162779590276049759676546622636446937140733449998078980248503300417276421831048821432651394925205813862753382019754783835
28 24 4 975451080554802536547060577087391444135302726427464841324443989682570078242042448234749680989104998751144745403557674176081975647914686822006764/6354006888868175220285795105707235479640887243322420239676994285521222727098089113500300037934220166458983766604672265927801260250307456341343985
28 24 7 53135791277191453531748055988308225903721815301454537418899279606554888316511835000448010918002044910374493262214952874519684957648302950910260121/139788151555099854846287492325559180552099519353093245272893874281466899996157960497006600834552843662097642865302789850411627725506764039509567670
28 24 8 65192436505702745510504103641328342877401044070234481344856826901895469958321191635394096934790488779197965204209568144018139303604337978515158741/139788151555099854846287492325559180552099519353093245272893874281466899996157960497006600834552843662097642865302789850411627725506764039509567670
28 25 0 5156350134832465066093220549310542597050356933755269323993858111426201856865154096903290009293809347641367539669085224854293744347079211492894886/9984867968221418203306249451825655753721394239506660376635276734390492856868425749786185773896631690149831633235913560743687694679054574250683405
28 25 8 4828517833388953137213028902515113156671037305751391052641418622964291000003271652882895764602822342508464093566828335889393950331975362757788519/9984867968221418203306249451825655753721394239506660376635276734390492856868425749786185773896631690149831633235913560743687694679054574250683405
28 26 2 13102267098840266165754427964171862826207018180260152676635752249101379744476041018518512338463416124100728636129509656746486635407657851011552956/69894075777549927423143746162779590276049759676546622636446937140733449998078980248503300417276421831048821432651394925205813862753382019754783835
28 26 4 25839455988653326790410440994343576931462087248542956794865996471456839721149194694523576851942225442330423074404424390975121500112344979260284126/69894075777549927423143746162779590276049759676546622636446937140733449998078980248503300417276421831048821432651394925205813862753382019754783835
28 26 5 2813850244550575860634443382205831865307332204340319378631380765470475502950340412314655566079161842237969974737950988862200520657579926316631523/6354006888868175220285795105707235479640887243322420239676994285521222727098089113500300037934220166458983766604672265927801260250307456341343985
28 27 1 54782131131499650398352323837228508444819697470136100399600785984724275062947569681531818815392739783293887838230806121752711849343605003602704679/139788151555099854846287492325559180552099519353093245272893874281466899996157960497006600834552843662097642865302789850411627725506764039509567670
28 27 3 85006020423600204447935168488330672107279821882957144873293088296742624933210390815474782019160103878803755027071983728658915876163159035906862991/139788151555099854846287492325559180552099519353093245272893874281466899996157960497006600834552843662097642865302789850411627725506764039509567670
28 28 1 37636839285991419304900060146493494173703934799798603926634932596086698878637062212567712219680342983648715166873008149805199788322412389542966393/69894075777549927423143746162779590276049759676546622636446937140733449998078980248503300417276421831048821432651394925205813862753382019754783835
28 28 2 5767900881668188407006439109868814339493079400251627967023638341309312141259569413690452568119405490372149856845796850646388239683865535813589767/27957630311019970969257498465111836110419903870618649054578774856293379999231592099401320166910568732419528573060557970082325545101352807901913534
28 28 4 35674968574776074201455176483228120507226252752237897584505817382746941532585989003418913554595130242939463247327789297569286950442611581355686049/139788151555099854846287492325559180552099519353093245272893874281466899996157960497006600834552843662097642865302789850411627725506764039509567670
29 0 3 40677462077449126365573624234870852072610742195739456738946568626404399283133653974070930088792458251160222156215400428869329276586457236715540631/139788151555099854846287492325559180552099519353093245272893874281466899996157960497006600834552843662097642865302789850411627725506764039509567670
29 0 10 9415449314381005120705094722337807815488416079070347484193071293488316904473686233824513617471628285965567469499501307255025313467190732280155316/69894075777549927423143746162779590276049759676546622636446937140733449998078980248503300417276421831048821432651394925205813862753382019754783835
29 0 25 80279790848888718239303678646012712848511944999213093565561163068085866904076934055286643510817128839006285770088386807032247821985925338233716407/139788151555099854846287492325559180552099519353093245272893874281466899996157960497006600834552843662097642865302789850411627725506764039509567670
29 1 12 4786868292453262032535362005521785796812592130153113060222915443004154815690534169594029202957946089736675390415205081488829224366463106678555769/69894075777549927423143746162779590276049759676546622636446937140733449998078980248503300417276421831048821432651394925205813862753382019754783835
29 1 23 6142935480514565122742706429539811212915525176344925090374744895970505847223284005433245490362821046033690616499813029012809262365738953567542961/9984867968221418203306249451825655753721394239506660376635276734390492856868425749786185773896631690149831633235913560743687694679054574250683405
29 1 26 22106659121494709531409439150479125988828491311979033943600807425935754251825458040876552781778728419076311726737498640627319801826746238103427339/69894075777549927423143746162779590276049759676546622636446937140733449998078980248503300417276421831048821432651394925205813862753382019754783835
29 2 11 19756558033247910180763725509975441193845925004707133187989811704019226004167182429517262712257768657406299620256262140033554549025493384245760932/69894075777549927423143746162779590276049759676546622636446937140733449998078980248503300417276421831048821432651394925205813862753382019754783835
29 2 18 16816461407417673061687298459642358043642562562590198449652457723728197825505267378416870239209045924385681700336439850174385987437569941642167807/27957630311019970969257498465111836110419903870618649054578774856293379999231592099401320166910568732419528573060557970082325545101352807901913534
29 2 19 2313246921645095596617649858199501135170693790103998092664566036398208408613894106555389173427439532193805017586866617067512670038275366115315253/19969735936442836406612498903651311507442788479013320753270553468780985713736851499572371547793263380299663266471827121487375389358109148501366810
29 3 6 25187265581373534903178893953321211727640522866072112493307616681187917563489377288904560419670647615946156694175987124917434596578689573138327183/139788151555099854846287492325559180552099519353093245272893874281466899996157960497006600834552843662097642865302789850411627725506764039509567670
29 3 17 3539384293447645781796077587477699428973783763827913536877395292980409129031050760395364688026946104417943150698094902122051188802843142668786967/27957630311019970969257498465111836110419903870618649054578774856293379999231592099401320166910568732419528573060557970082325545101352807901913534
29 3 19 48451982253244045517064105217424735839795038833940782547599640567688468393756664703062608487373732762030885208818164107441968592456929376513652826/69894075777549927423143746162779590276049759676546622636446937140733449998078980248503300417276421831048821432651394925205813862753382019754783835
29 4 0 23514832871489801713846679127564284595683607414748755412494118979670217116776616755211028073092516008372672274053684256154894648261428222783402984/69894075777549927423143746162779590276049759676546622636446937140733449998078980248503300417276421831048821432651394925205813862753382019754783835
29 4 22 8082565822460459788052282280283490964262104181528130071949572536971972198178547292614801952146002530900050545546453130615558851675880176185106386/13978815155509985484628749232555918055209951935309324527289387428146689999615796049700660083455284366209764286530278985041162772550676403950956767
29 4 23 5966413793757826769035655633797850859055631354157216864204955476203371890409627030218262583453893168175896430865445015973124956112552916045848921/69894075777549927423143746162779590276049759676546622636446937140733449998078980248503300417276421831048821432651394925205813862753382019754783835
29 5 5 11022768376475593988515396034461726552332168171311705252220861829916474170101652805066234151178807782656237063818391616941882585815607335127848947/139788151555099854846287492325559180552099519353093245272893874281466899996157960497006600834552843662097642865302789850411627725506764039509567670
29 5 16 53821071941421933487364994554158078841814842365946671734103057803722606080896301660825434280099462529865490623327513656430997505902694792547744501/69894075777549927423143746162779590276049759676546622636446937140733449998078980248503300417276421831048821432651394925205813862753382019754783835
29 5 20 21123239295780393883042107182781296316137666449888196552466896844105213664263704370289498123175110819710424554829370920607750127885767119286229721/139788151555099854846287492325559180552099519353093245272893874281466899996157960497006600834552843662097642865302789850411627725506764039509567670
29 6 6 38001950632095175105142450720289666651088131307022890424132357304334153393458297873487319738233790164999324308926827388990162579667147026961658247/69894075777549927423143746162779590276049759676546622636446937140733449998078980248503300417276421831048821432651394925205813862753382019754783835
29 6 23 31892125145454752318001295442489923624961628369523732212314579836399296604620682375015980679042631666049497123724567536215651283086234992793125588/69894075777549927423143746162779590276049759676546622636446937140733449998078980248503300417276421831048821432651394925205813862753382019754783835
29 7 7 21089625089795857725674493790778577969368147041784382590885510255989365968671517328532830980839734585467247729422774018564806522342755675106747909/69894075777549927423143746162779590276049759676546622636446937140733449998078980248503300417276421831048821432651394925205813862753382019754783835
29 7 11 48804450687754069697469252372001012306681612634762240045561426884744084029407462919970469436436687245581573703228620906641007340410626344648035926/69894075777549927423143746162779590276049759676546622636446937140733449998078980248503300417276421831048821432651394925205813862753382019754783835
29 8 8 22610479387365790402171703269157325957754406517193357849456183240460539747104777039385490710398591749126913874405889040425032140241244873895800255/27957630311019970969257498465111836110419903870618649054578774856293379999231592099401320166910568732419528573060557970082325545101352807901913534
29 8 9 5347150923654180567085795195954510152665497353425291205122591615832840252126815060015829456511976983292614698654668929657293404860107934006113279/27957630311019970969257498465111836110419903870618649054578774856293379999231592099401320166910568732419528573060557970082325545101352807901913534
29 9 4 63769377772938371282055284982580444759073595688418714615895504385132514041907198271466006088683401910745305030503025796085160525729753069697468673/139788151555099854846287492325559180552099519353093245272893874281466899996157960497006600834552843662097642865302789850411627725506764039509567670
29 9 5 1809130650140748861226494331868595780385665901991106142286036875682530956913908727576425060520226601025542875932510245997637387089187256832565053/3993947187288567281322499780730262301488557695802664150654110693756197142747370299914474309558652676059932653294365424297475077871621829700273362
29 9 23 6349600513617636710652452863788941739763808547492907838493539623722901231131978380182858813830755357729168588580952722204579325827728490336161071/69894075777549927423143746162779590276049759676546622636446937140733449998078980248503300417276421831048821432651394925205813862753382019754783835
29 10 5 78504295373144532252859475643101750797169126635169736780972544666128530651130454133181134804962974727882740545283095476446324932571766591961355009/139788151555099854846287492325559180552099519353093245272893874281466899996157960497006600834552843662097642865302789850411627725506764039509567670
29 10 8 1249402087394024763059292166143528653658779189016899278183971134399513380754024920453528208265355116173569917869953656550599279034751665433279711/12708013777736350440571590211414470959281774486644840479353988571042445454196178227000600075868440332917967533209344531855602520500614912682687970
29 10 9 8257227729830274983180264418494169648876021354115352094407340863725053198487653236642026779022662164949062393448555484156824774124235069523142377/27957630311019970969257498465111836110419903870618649054578774856293379999231592099401320166910568732419528573060557970082325545101352807901913534
29 10 20 1250858914293935056774896152481553264060742973632171191972188563663691232858993211125304368711530366312064251241485346224917370586310756033284791/27957630311019970969257498465111836110419903870618649054578774856293379999231592099401320166910568732419528573060557970082325545101352807901913534
29 11 6 1014587761605672192703062929334491981593805398995849961461186951502752170836994505362169841868418231727271131878727030621825803162823216433176639/19969735936442836406612498903651311507442788479013320753270553468780985713736851499572371547793263380299663266471827121487375389358109148501366810
29 11 10 2006039632619818818179987104697764436815939377136257943069840407755527473046119358418291760738576803296411724284130486935534120586010694215212691/69894075777549927423143746162779590276049759676546622636446937140733449998078980248503300417276421831048821432651394925205813862753382019754783835
29 11 14 25734791591724102372201215522164441561462200561169955931305176961087315970841352048526965683999352486682784298716687932437555772438996027209381163/27957630311019970969257498465111836110419903870618649054578774856293379999231592099401320166910568732419528573060557970082325545101352807901913534
29 12 3 16651014938325524316296736721631527381898864125437836414639224047908986587651686961014905586752529284925243193572350615037560496550231204100433429/69894075777549927423143746162779590276049759676546622636446937140733449998078980248503300417276421831048821432651394925205813862753382019754783835
29 12 8 8094623502119572932108311652951567537813659244287268880147351135227302637633338682140845026963531222371748944469510547815204229523268477545995511/69894075777549927423143746162779590276049759676546622636446937140733449998078980248503300417276421831048821432651394925205813862753382019754783835
29 12 20 1289955352488709433563962793948471295895349608766329066904581770217061736365541560152787137244581752107195122703129536067229975333710923945952997/1996973593644283640661249890365131150744278847901332075327055346878098571373685149957237154779326338029966326647182712148737538935810914850136681
29 13 0 22792080848345736196164953543717846607580303224042428929646761190663128636561702582216093169845011509890642992357534316580680449864384334079360113/139788151555099854846287492325559180552099519353093245272893874281466899996157960497006600834552843662097642865302789850411627725506764039509567670
29 13 5 24338253559131019320822405198024438211340234230420850522253883110340091136586246906034477297586251732958309686115652020092078910851721397451148317/139788151555099854846287492325559180552099519353093245272893874281466899996157960497006600834552843662097642865302789850411627725506764039509567670
29 13 8 9265781714762309932930013358381689573317898189862996582099322998046368022301001100875603036712158041924869018682960351373886836479065830797905924/13978815155509985484628749232555918055209951935309324527289387428146689999615796049700660083455284366209764286530278985041162772550676403950956767
29 14 4 2267142730994810454311124427895486793523151522896424280989974707821676558696151990272200943790963680510984550506139532464059142311799405370284619/19969735936442836406612498903651311507442788479013320753270553468780985713736851499572371547793263380299663266471827121487375389358109148501366810
29 14 15 54484904603891765526835319860654042341007135979160611566429276102423721780253268694362766038123736908175137543038362802299669923955047102087968628/69894075777549927423143746162779590276049759676546622636446937140733449998078980248503300417276421831048821432651394925205813862753382019754783835
29 14 16 14948343230352650612438981608982688315423186734497052173105499121867720524778359176375662151768624082170475925683087518563873881414073997741638081/139788151555099854846287492325559180552099519353093245272893874281466899996157960497006600834552843662097642865302789850411627725506764039509567670
29 15 12 54098502496748258442201915696370436194645021257597531321658384477345201747776052256307856069522063614180579873370186171930491306103036779978062183/69894075777549927423143746162779590276049759676546622636446937140733449998078980248503300417276421831048821432651394925205813862753382019754783835
29 15 13 15795573280801668980941830466409154081404738418949091314788552663388248250302927992195444347754358216868241559281208753275322556650345239776721652/69894075777549927423143746162779590276049759676546622636446937140733449998078980248503300417276421831048821432651394925205813862753382019754783835
29 16 3 1718854411253076624977499847212872318343125111850344117899187802483015197046809398641464880966211090550377157753629397362445898170140971474396149/9984867968221418203306249451825655753721394239506660376635276734390492856868425749786185773896631690149831633235913560743687694679054574250683405
29 16 13 15045687589283289390050987743308594437024944508106114201178825123332106962446111235167333071300563415862092355357420023488151866976082978225074293/139788151555099854846287492325559180552099519353093245272893874281466899996157960497006600834552843662097642865302789850411627725506764039509567670
29 16 17 100678502208273492706551506721270373658270823279082313421126419923372580275056517680858759429725324978530270301394558263849233284148707460642947291/139788151555099854846287492325559180552099519353093245272893874281466899996157960497006600834552843662097642865302789850411627725506764039509567670
29 17 0 41714795712501569899072587959656305175100518697018949013618933901828769522695019687252032609230819924181034536529046698226146359911231296633221682/69894075777549927423143746162779590276049759676546622636446937140733449998078980248503300417276421831048821432651394925205813862753382019754783835
29 17 2 24726821244667361228923631594205780829331388043639123613126879860266169641908698495665642420095545258248031999856105930118951735126895434666225313/139788151555099854846287492325559180552099519353093245272893874281466899996157960497006600834552843662097642865302789850411627725506764039509567670
29 17 5 31631738885429353819218684812040789372567093915416223632529126617543191308859222626836893195995658555487541792388590523840383270557406011576898993/139788151555099854846287492325559180552099519353093245272893874281466899996157960497006600834552843662097642865302789850411627725506764039509567670
29 18 3 116105011379061698832750504335073340118241470727730541979215424580430799647977951248223454478859467085523923193908499074777073702939242213389907/27957630311019970969257498465111836110419903870618649054578774856293379999231592099401320166910568732419528573060557970082325545101352807901913534
29 18 10 69453911784557687599108210686602584270407833200820786137453515265368842070106497260876861286277608325870745499397952843164562697761249386365917773/69894075777549927423143746162779590276049759676546622636446937140733449998078980248503300417276421831048821432651394925205813862753382019754783835
29 18 13 299802929089171153907318430678645310692645597813020288090766627827061857705076219011760989603329674928532250537341668708616961469569055710782589/139788151555099854846287492325559180552099519353093245272893874281466899996157960497006600834552843662097642865302789850411627725506764039509567670
29 19 0 32469269440659900493065776073182654631524723473626931408989074127797587381281963283084758426485154287418996827973470585217185539113857253558132651/139788151555099854846287492325559180552099519353093245272893874281466899996157960497006600834552843662097642865302789850411627725506764039509567670
29 19 2 7278795122953943993575044316242509425299147391597360177352732575253035616331423072790830164388237370589638461618529709116311958937497448468499214/69894075777549927423143746162779590276049759676546622636446937140733449998078980248503300417276421831048821432651394925205813862753382019754783835
29 19 3 3754503204786203837736824144765757870435241521968299348766913972710825906276688962263407795965336928426601268411158569810160088885088775122979979/19969735936442836406612498903651311507442788479013320753270553468780985713736851499572371547793263380299663266471827121487375389358109148501366810
29 19 5 26826255100918760073684223760055918540917974530349953720604824058798760663430465758660367696028884052657196799123971786313051346507632627059100237/139788151555099854846287492325559180552099519353093245272893874281466899996157960497006600834552843662097642865302789850411627725506764039509567670
29 19 10 11658330792388244813290308167878719081444379055451533565729396102627639600566566496369918419091813030554914987963213312615536669773825305600278698/69894075777549927423143746162779590276049759676546622636446937140733449998078980248503300417276421831048821432651394925205813862753382019754783835
29 19 14 147010315688703214274512025530525972827930059324992507028433496531173613855824733007861676407634524729360893430071372431632913942364247691594987/13978815155509985484628749232555918055209951935309324527289387428146689999615796049700660083455284366209764286530278985041162772550676403950956767
29 19 15 2973349918489271531780779651082517108968755441598110429096597192964336807030896450203501241849000154690504905172607544486048764168672949595593847/27957630311019970969257498465111836110419903870618649054578774856293379999231592099401320166910568732419528573060557970082325545101352807901913534
29 20 11 43365107928868317829460192963285999011386307713367506772557880148814669106502245146263641207982394107005311044797951785659310297602734493154100843/69894075777549927423143746162779590276049759676546622636446937140733449998078980248503300417276421831048821432651394925205813862753382019754783835
29 20 13 26528967848681609593683553199493591264663451963179115863889056991918780891576735102239659209294027724043510387853443139546503565150647526600682992/69894075777549927423143746162779590276049759676546622636446937140733449998078980248503300417276421831048821432651394925205813862753382019754783835
29 21 2 6215090273407458311911026809788164865946733256160709571961860339706675131156083852568690698028681501123139253151954254081683360785402977704494707/69894075777549927423143746162779590276049759676546622636446937140733449998078980248503300417276421831048821432651394925205813862753382019754783835
29 21 3 75756127597323392714634114101744261657916140882773440936438853515045117317933647005197758123613554821877732555905774228340868775560289911116132309/139788151555099854846287492325559180552099519353093245272893874281466899996157960497006600834552843662097642865302789850411627725506764039509567670
29 21 7 51601843410961545507831324604238589162289911957998385192531300087008432415912145786671461314881925837973631803093107113907392228375668172984445947/139788151555099854846287492325559180552099519353093245272893874281466899996157960497006600834552843662097642865302789850411627725506764039509567670
29 22 1 443593889730420087822079414089075969341381350262355460449056653054218725875746621299245107728809907790081410188403077912923836997104580441920603/1270801377773635044057159021141447095928177448664484047935398857104244545419617822700060007586844033291796753320934453185560252050061491268268797
29 22 10 7910530525131272581388977933117999605435920091217525875096004592643701031121491238181715989124489442700902023651914503333565881086705676053030091/27957630311019970969257498465111836110419903870618649054578774856293379999231592099401320166910568732419528573060557970082325545101352807901913534
29 22 11 1914385970333040768129167378289825478926911141067279994290480600007144697194659373401096959245679688396262045475151202918022575247867537110714985/27957630311019970969257498465111836110419903870618649054578774856293379999231592099401320166910568732419528573060557970082325545101352807901913534
29 22 12 598117731534743977689543288838881407181905923754430218236645949746408735832072558516793917750470116424326677127758896410458048202177058929708228/1996973593644283640661249890365131150744278847901332075327055346878098571373685149957237154779326338029966326647182712148737538935810914850136681
29 23 1 305580549510255877216306877842389211741385949158472980300665096196004360906524408149548192072977755639801484145067737744920648046996234183086327/907715269838310745755113586529605068520126749046060034239570612217317532442584159071471433990602880922711966657810323703971608607186779477334855
29 23 3 10454779873387438885497103509459911787084970413667732583608354802325785056124427392300683780227243880413641862145367391345300010266796985585924849/139788151555099854846287492325559180552099519353093245272893874281466899996157960497006600834552843662097642865302789850411627725506764039509567670
29 23 7 2239882391255703274359317728963530002703411950629754160123708064271582372418744459745045049729976236061121134629938095371110778235116845877043829/9984867968221418203306249451825655753721394239506660376635276734390492856868425749786185773896631690149831633235913560743687694679054574250683405
29 23 9 24348446340466747343226686470885233374815343909428545288164645654365170245299290988399556012244474341365264489785861578429912338301134662391488413/69894075777549927423143746162779590276049759676546622636446937140733449998078980248503300417276421831048821432651394925205813862753382019754783835
29 23 11 2218720898619670341995308481111443369362657641347024904921890456423949655967769836445752754378409425568347580426134354293172344108641822666758031/139788151555099854846287492325559180552099519353093245272893874281466899996157960497006600834552843662097642865302789850411627725506764039509567670
29 24 2 100149127709044013769188682449832402380461909199450083698286835907698615880534031294752175398715781859969255773282664054795501463746596728672284971/139788151555099854846287492325559180552099519353093245272893874281466899996157960497006600834552843662097642865302789850411627725506764039509567670
29 24 7 39639023846055841077098809875726778171637610153643161574607038373768284115623929202254425435837061802128387092020125795616126261760167310837282699/139788151555099854846287492325559180552099519353093245272893874281466899996157960497006600834552843662097642865302789850411627725506764039509567670
29 25 0 1113179189347169122935124724693851763172857959481223022807717242797594199909489805348602841994301159081078945173272528744650556471803071749855283/27957630311019970969257498465111836110419903870618649054578774856293379999231592099401320166910568732419528573060557970082325545101352807901913534
29 25 2 20242711544033923487273473303169761716694564862981182418774663761785511440837982262151277991226811009520646364666349761992597758412367322005872593/69894075777549927423143746162779590276049759676546622636446937140733449998078980248503300417276421831048821432651394925205813862753382019754783835
29 25 9 93736832520296162257064922095750398302846099829724765321305960543907906114934546945961030642127715847650955410103727682703179426323014036748546069/139788151555099854846287492325559180552099519353093245272893874281466899996157960497006600834552843662097642865302789850411627725506764039509567670
29 26 3 24526475377272654891722652377731511255973672735979315998467201725382208488767701328289320920143581262114834879557852707801161973819390173128308237/139788151555099854846287492325559180552099519353093245272893874281466899996157960497006600834552843662097642865302789850411627725506764039509567670
29 26 6 807222964399830513342671330031893396705682292159702083208643881764121123055217155567008637437579611424345303275550752561965792497721247097799439/2541602755547270088114318042282894191856354897328968095870797714208489090839235645400120015173688066583593506641868906371120504100122982536537594
29 26 7 35432206567918260860358958398036766238656660274165157348975629529529014869676657806265902427671191885821908152794822875851173582156352638001145144/69894075777549927423143746162779590276049759676546622636446937140733449998078980248503300417276421831048821432651394925205813862753382019754783835
29 27 0 15407155068978016569093259747725563134688743239463627896057454324537976380198304257923042705998757732814578876544300426251980974758140720024853143/69894075777549927423143746162779590276049759676546622636446937140733449998078980248503300417276421831048821432651394925205813862753382019754783835
29 27 4 54486920708571910854050486415054027141361016437082994740389482816195473617880675990580257711277664098234242556107094498953832887995241299729930692/69894075777549927423143746162779590276049759676546622636446937140733449998078980248503300417276421831048821432651394925205813862753382019754783835
29 28 0 13542070508345210930096080152823409921909848854819044791577094987093018365363851402137911681014648964084420623916129726763866857226830527046403561/139788151555099854846287492325559180552099519353093245272893874281466899996157960497006600834552843662097642865302789850411627725506764039509567670
29 28 2 21646870607761721507198042080323210281075357893894736620500150905080200761500569764757284368930860503425945306177561299127695119640830146309942523/69894075777549927423143746162779590276049759676546622636446937140733449998078980248503300417276421831048821432651394925205813862753382019754783835
29 28 6 82952339831231200901795328012089350068038954710484727240316477484213480107792969565354120415676473691161331629031537525392370628998273219843279063/139788151555099854846287492325559180552099519353093245272893874281466899996157960497006600834552843662097642865302789850411627725506764039509567670
29 29 1 1
30 0 4 7231829912774898278760275865378925773721792344472565545357327211963956272323626152113048633567207275428134998816814063545246110071948136410037667/27957630311019970969257498465111836110419903870618649054578774856293379999231592099401320166910568732419528573060557970082325545101352807901913534
30 0 19 43721459853950683972671754212855940187201438740868109679417882325600575777943098590413859394847449315761157829554807692496410023758701915121029879/69894075777549927423143746162779590276049759676546622636446937140733449998078980248503300417276421831048821432651394925205813862753382019754783835
30 0 21 1846336179036188418324253389374379195651347311279930680117685240027432471402060051821602264980694082325955215857540877405121725845184431917704274/69894075777549927423143746162779590276049759676546622636446937140733449998078980248503300417276421831048821432651394925205813862753382019754783835
30 0 30 12493409925251618670494097794203912917784985526434336827036103090391102135849512451970434347060520488782741780394022392882333675939250663381911029/139788151555099854846287492325559180552099519353093245272893874281466899996157960497006600834552843662097642865302789850411627725506764039509567670
30 1 17 123553677563214513035220451705820892276401074526494312405235648765703956436531089484939532007250296986601996708116413256082072314241617081460864377/139788151555099854846287492325559180552099519353093245272893874281466899996157960497006600834552843662097642865302789850411627725506764039509567670
30 1 22 16234473991885341811067040619738288275698444826598932867658225515762943559626871012067068827302546675495646157186376594329555411265146958048703293/139788151555099854846287492325559180552099519353093245272893874281466899996157960497006600834552843662097642865302789850411627725506764039509567670
30 2 8 18012182685468875912854425124948768864922620408200278201435278945965056512943746443573312512573554023469616582446658755744513592577879604928686495/27957630311019970969257498465111836110419903870618649054578774856293379999231592099401320166910568732419528573060557970082325545101352807901913534
30 2 17 15995631565060981747734920447986217050632689973237707987057652605312695236324779269212730401423978236818309281384533883303228519486359808745891022/69894075777549927423143746162779590276049759676546622636446937140733449998078980248503300417276421831048821432651394925205813862753382019754783835
30 2 27 17735974997633511786545525804842902126221037365616438291602174341016226958789669740714577468837117071112941390300428305082602723644646397374353151/139788151555099854846287492325559180552099519353093245272893874281466899996157960497006600834552843662097642865302789850411627725506764039509567670
30 3 6 1528226672370170227281207461231156714134396730391646258643850721941920827074472546438491021961033910036504601263502401882543509445394932961361131/12708013777736350440571590211414470959281774486644840479353988571042445454196178227000600075868440332917967533209344531855602520500614912682687970
30 3 18 67430562261664231854933748338656969295200913350857369059616324969068160970542805907665381758184138699966811751882714707943454912771941689095449269/139788151555099854846287492325559180552099519353093245272893874281466899996157960497006600834552843662097642865302789850411627725506764039509567670
30 3 24 5554709589736375049126046191335948740142024196792776736819519137103760992779595657851781783479733195172928049952154872176019420883547808783914596/13978815155509985484628749232555918055209951935309324527289387428146689999615796049700660083455284366209764286530278985041162772550676403950956767
30 4 7 122681072693197791551024575210455215101540521967148852680541457405614175414253270560861625750893048481189018898109698851869736255759158640844781987/139788151555099854846287492325559180552099519353093245272893874281466899996157960497006600834552843662097642865302789850411627725506764039509567670
30 4 12 17107078861902063295262917115103965450558997385944392592352416875852724581904689936144975083659795180908623967193090998541891469747605398664785683/139788151555099854846287492325559180552099519353093245272893874281466899996157960497006600834552843662097642865302789850411627725506764039509567670
30 5 9 2281930217222595629251280251193153932122135321462421188981959585753357575045340194947549792167981651313102338433196098432758012545442789400160253/13978815155509985484628749232555918055209951935309324527289387428146689999615796049700660083455284366209764286530278985041162772550676403950956767
30 5 11 827312409690688001937922737765174556996147797642064265123210478480154443930401935225018087542078290433407133679828590147067417489687217642266807/1815430539676621491510227173059210137040253498092120068479141224434635064885168318142942867981205761845423933315620647407943217214373558954669710
30 5 17 53265793836690922404554639005709200342174785720030084968587071580961432063063609535204710172132998785594270187624027424759856453346420387053421001/139788151555099854846287492325559180552099519353093245272893874281466899996157960497006600834552843662097642865302789850411627725506764039509567670
30 6 2 167112524246429513680124110620085347408558280116680362192416562114347816469798569581419693208888669360138413301296427534038952675371076455922961/19969735936442836406612498903651311507442788479013320753270553468780985713736851499572371547793263380299663266471827121487375389358109148501366810
30 6 8 1557729915769359751029529823391539262809172650873103922012451587510047042889144283010626943643712858132190739664810580326487056037902146469778746/9984867968221418203306249451825655753721394239506660376635276734390492856868425749786185773896631690149831633235913560743687694679054574250683405
30 6 17 725942145848780818151134225177773968583336600163328462395523937706792083140708181104409668442082161886246801499350817080762311624867681878057217/13978815155509985484628749232555918055209951935309324527289387428146689999615796049700660083455284366209764286530278985041162772550676403950956767
30 6 18 2607278372631326427754894096663743379152808156516676817611369250237399123128334552474640729781559169762581298504071173000121700392929305111148827/139788151555099854846287492325559180552099519353093245272893874281466899996157960497006600834552843662097642865302789850411627725506764039509567670
30 6 21 53471722616742338563423484837647775187962510060951533193903013747110243362942967092134574178438131087050477151694393694647395727803465164924741751/69894075777549927423143746162779590276049759676546622636446937140733449998078980248503300417276421831048821432651394925205813862753382019754783835
30 7 5 47699750795444302058280307802957873637552233252140736668637205900261313189686566848736577130159873005137530219283475719916445645940828889801106967/69894075777549927423143746162779590276049759676546622636446937140733449998078980248503300417276421831048821432651394925205813862753382019754783835
30 7 9 20836649150921417917752361734048192249453865274357718995588315845141700321791808259053845522705763463688751432753566346592969191968530205153297549/69894075777549927423143746162779590276049759676546622636446937140733449998078980248503300417276421831048821432651394925205813862753382019754783835
30 7 10 1357675831184207447111076625773524389043661150048166972221415395330436486600605140712877764410785362222539780614352858696399024844022924800379319/69894075777549927423143746162779590276049759676546622636446937140733449998078980248503300417276421831048821432651394925205813862753382019754783835
30 8 4 23568179600322939963869698230846423302974591677314738367424967629701980500309639651932835096133530613780682669041992133523837394650720221195341734/69894075777549927423143746162779590276049759676546622636446937140733449998078980248503300417276421831048821432651394925205813862753382019754783835
30 8 8 7896920851636414477677051724928678507134551125424940463039592974298078566523612967812306598672791444049376025947431294782484380108868108368343179/69894075777549927423143746162779590276049759676546622636446937140733449998078980248503300417276421831048821432651394925205813862753382019754783835
30 8 12 32132010444860729922330864905371587931565604412927191401421089852368007328999350227765276347470034818336142889011054991877526305452358970637310389/139788151555099854846287492325559180552099519353093245272893874281466899996157960497006600834552843662097642865302789850411627725506764039509567670
30 8 23 9614145900066989150396790401093342047972226069467954342119419822353224362867591854176867978963901759762198836695637109540369744212471654009100859/69894075777549927423143746162779590276049759676546622636446937140733449998078980248503300417276421831048821432651394925205813862753382019754783835
30 8 25 25497648406186437740069546706450704904371177195750787526304823576392325807756921321397305139542361208576984912921613782840718382110285101726685737/139788151555099854846287492325559180552099519353093245272893874281466899996157960497006600834552843662097642865302789850411627725506764039509567670
30 9 3 4154302204532221010802995328933448779191623832191429303630943999484177451641982999935856504437288682510882688038402609879434680558586889721856487/69894075777549927423143746162779590276049759676546622636446937140733449998078980248503300417276421831048821432651394925205813862753382019754783835
30 9 10 1398204437716799530948513894317976332843374006719196720917849914476061784552094166713916768491705407520721202972868690221571091446306938656210671/12708013777736350440571590211414470959281774486644840479353988571042445454196178227000600075868440332917967533209344531855602520500614912682687970
30 9 19 108816346771694477879425484465363946253856647941839713926853333398064804048980796741676668837126198651769024396376052138109420657769431838764515899/139788151555099854846287492325559180552099519353093245272893874281466899996157960497006600834552843662097642865302789850411627725506764039509567670
30 9 20 3641475779728070052411182182415298539291254836479754404341151912598530706910080960802567267571654081289459930074188450053027850355391048041510708/69894075777549927423143746162779590276049759676546622636446937140733449998078980248503300417276421831048821432651394925205813862753382019754783835
30 10 8 704296974580054527049508630299321406182770955388477924285811158351771631185562419290590629867209315470910112863274215860052587167274837780515394/6354006888868175220285795105707235479640887243322420239676994285521222727098089113500300037934220166458983766604672265927801260250307456341343985
30 10 14 11232042887928081685010206410051613002465443637366843280441136159326727393786023873545336638598573737435578913283439281801319762953409943618490744/13978815155509985484628749232555918055209951935309324527289387428146689999615796049700660083455284366209764286530278985041162772550676403950956767
30 10 15 5986594617528919200548119179228989795712060980439149067097333602230325086107674268580120295744250673690915624738182141738636589146309086076660781/69894075777549927423143746162779590276049759676546622636446937140733449998078980248503300417276421831048821432651394925205813862753382019754783835
30 11 13 3814651101327356194212262915784646827537043397738755119609019395872937822169362654439355899212385409627619844213537379910344208974236623627643517/9984867968221418203306249451825655753721394239506660376635276734390492856868425749786185773896631690149831633235913560743687694679054574250683405
30 11 15 79715120680270355860701629655641055807167178049898825427138003991742478317548280850299541900616572457573073992399716554607529466925361361780520993/139788151555099854846287492325559180552099519353093245272893874281466899996157960497006600834552843662097642865302789850411627725506764039509567670
30 11 16 6667915456246512266614181848933069159413733734851848171229598747503292168238602484556076344962875469737891053913549977059279332942089946942037439/139788151555099854846287492325559180552099519353093245272893874281466899996157960497006600834552843662097642865302789850411627725506764039509567670
30 12 9 3554856190371336615590049549669417564127674804047273794445138065142206835507976219673597032392047922599786059816892716165550371400749808982562293/69894075777549927423143746162779590276049759676546622636446937140733449998078980248503300417276421831048821432651394925205813862753382019754783835
30 12 10 37971046167241514562851022922052677048011091745667652356467918892916038199131291375467046946082260621961623070918513964565707476782738785916394027/69894075777549927423143746162779590276049759676546622636446937140733449998078980248503300417276421831048821432651394925205813862753382019754783835
30 12 15 5673634683987415248940534738211499132782198625366339297106776036535040992687942530672531287760422657297482460383197648894911202913978684971165503/13978815155509985484628749232555918055209951935309324527289387428146689999615796049700660083455284366209764286530278985041162772550676403950956767
30 13 9 3172845455596384403500400814255584666495266366794669294325525925602794971223450768661510866178610723521001179153675562066300088713654024693286938/6354006888868175220285795105707235479640887243322420239676994285521222727098089113500300037934220166458983766604672265927801260250307456341343985
30 13 15 35440824745648064721604471795116993385177396892062880224582740067825877337937058461142977247840194301671137314460868488753851868723978391379381093/139788151555099854846287492325559180552099519353093245272893874281466899996157960497006600834552843662097642865302789850411627725506764039509567670
30 13 18 34544726786331333247674202616819324504026262391547640573149563850379533291304985125310384530783213442964479609461058996199173905082397104877873941/139788151555099854846287492325559180552099519353093245272893874281466899996157960497006600834552843662097642865302789850411627725506764039509567670
30 14 1 7400814733073660863372948803392775960314064994568767033878590470432934176496729261835683046111765218838477105731900033878188953291815560223161461/27957630311019970969257498465111836110419903870618649054578774856293379999231592099401320166910568732419528573060557970082325545101352807901913534
30 14 12 21773611958620442438586350939297477784620260060898560258370505266006175756704584564831071995243299318776466921012201982543563266334347620488984317/69894075777549927423143746162779590276049759676546622636446937140733449998078980248503300417276421831048821432651394925205813862753382019754783835
30 14 15 22761223258383888371000055416251100477641011314615281263524628337583939070525828830276445034969492465862639162127864896967268440628109035575989099/139788151555099854846287492325559180552099519353093245272893874281466899996157960497006600834552843662097642865302789850411627725506764039509567670
30 14 16 2605402193864769805803570786696374621689118781702643451659663075693281323552808301992114041324137604606406023749358629926163427553634425845700188/9984867968221418203306249451825655753721394239506660376635276734390492856868425749786185773896631690149831633235913560743687694679054574250683405
30 15 10 2826005222905607819294923032722371397946161566041375041183374504417192964659299420555793178254839567326377507059563234868007173718553795122702815/13978815155509985484628749232555918055209951935309324527289387428146689999615796049700660083455284366209764286530278985041162772550676403950956767
30 15 14 3940128570560217931983827385664399152981718761065746072158885120144841700855814893077513243836376333559927680840117679783381055029535192316057394/6354006888868175220285795105707235479640887243322420239676994285521222727098089113500300037934220166458983766604672265927801260250307456341343985
30 15 17 12422635386859491074847029756859342603520045474616540636782328297054226465368519321871688843802084325257729408112284273248586388835725928664638426/69894075777549927423143746162779590276049759676546622636446937140733449998078980248503300417276421831048821432651394925205813862753382019754783835
30 16 0 1889736911938507478637237570701160243952271582330491747552907260408680745786333535302457834113744171231987819940005041046039901968107073743225079/19969735936442836406612498903651311507442788479013320753270553468780985713736851499572371547793263380299663266471827121487375389358109148501366810
30 16 4 111413449456121719468311798248115614721458289881663751198786030848259288515254161699524047370058999489328087010764344759115296134124118286590606043/139788151555099854846287492325559180552099519353093245272893874281466899996157960497006600834552843662097642865302789850411627725506764039509567670
30 16 8 688479259791299228523410503751611096498878563414365992783522391379402102745430184107515846622619771552074596134473172907911467163904374396199367/6354006888868175220285795105707235479640887243322420239676994285521222727098089113500300037934220166458983766604672265927801260250307456341343985
30 17 6 825512291796552698357105785450725123495127347891651733949307235910118588620246427854456525281172499227731539257027207038458948803780651244908359/1270801377773635044057159021141447095928177448664484047935398857104244545419617822700060007586844033291796753320934453185560252050061491268268797
30 17 16 445289085977082345700053235690721972433050100772832313986091621194125956799371394845603482305671534064065214063907246147101303246280840023360438/1270801377773635044057159021141447095928177448664484047935398857104244545419617822700060007586844033291796753320934453185560252050061491268268797
30 18 8 13145968886103153247371330752282694610858494053813933776570724294254518724861058492851235241943593714356753234077272746501055215512251136020091388/69894075777549927423143746162779590276049759676546622636446937140733449998078980248503300417276421831048821432651394925205813862753382019754783835
30 18 13 56748106891446774175772415410496895665191265622732688859876212846478931273217921755652065175332828116692068198574122178704758647241130883734692447/69894075777549927423143746162779590276049759676546622636446937140733449998078980248503300417276421831048821432651394925205813862753382019754783835
30 19 2 58454386190638645111063162732505887200118041740547668793352753245500099397340775659858004173271928355736643244335921597766389187298191110971209177/139788151555099854846287492325559180552099519353093245272893874281466899996157960497006600834552843662097642865302789850411627725506764039509567670
30 19 5 418574194666830967733486782771467261552781543853728425810824177456160631639501565074616065258377639534174726013485913332145000741928710461643413/12708013777736350440571590211414470959281774486644840479353988571042445454196178227000600075868440332917967533209344531855602520500614912682687970
30 19 13 7672944922312606909015597498256715347490088063015456379562205508394903365078266762132781994343876127148507763481852320599164353004735711346028095/13978815155509985484628749232555918055209951935309324527289387428146689999615796049700660083455284366209764286530278985041162772550676403950956767
30 20 0 46401183482082007332603729553114100329597807738206030890505663896651834224757957222944237315202735384706371045516257115523550804940836129202868617/69894075777549927423143746162779590276049759676546622636446937140733449998078980248503300417276421831048821432651394925205813862753382019754783835
30 20 3 27560737706596660662159254831876688597320345913994163101602865620552725957130752923916127189389559243719791481309139862238001988011386062837059697/139788151555099854846287492325559180552099519353093245272893874281466899996157960497006600834552843662097642865302789850411627725506764039509567670
30 20 10 19425046884339179518920778387454291295583557962687020390279680867610505589511293127201999014757813648965109292961135757126524127613705718266770739/139788151555099854846287492325559180552099519353093245272893874281466899996157960497006600834552843662097642865302789850411627725506764039509567670
30 21 1 14192909119211426971169971620685147507005372668257733082779023536655042159860304043011910467774155308590351711463998284233275490145749075764725049/69894075777549927423143746162779590276049759676546622636446937140733449998078980248503300417276421831048821432651394925205813862753382019754783835
30 21 7 1890238633843637858802779337280557751089043716995786959483093595080526345126424548486281628315909729014150845857537222196330222125054770229337106/13978815155509985484628749232555918055209951935309324527289387428146689999615796049700660083455284366209764286530278985041162772550676403950956767
30 21 9 80652873906113894291747255359409299771441212932102360719368977215560873319943367048176457967336453405792765344400481301326453610647328014759166867/139788151555099854846287492325559180552099519353093245272893874281466899996157960497006600834552843662097642865302789850411627725506764039509567670
30 21 10 2369414614425345604834500070394801651151424782903509758627182808358135781045947975588701129701796469796533127879787951731064182663478034185515929/27957630311019970969257498465111836110419903870618649054578774856293379999231592099401320166910568732419528573060557970082325545101352807901913534
30 22 1 41270750684939009192929815859693418075770701147359266589010893105462470942731295887705843221554053633501559602901499630729787688901453413546109357/69894075777549927423143746162779590276049759676546622636446937140733449998078980248503300417276421831048821432651394925205813862753382019754783835
30 22 11 28623325092610918230213930303086172200279058529187356047436044035270979055347684360797457195722368197547261829749895294476026173851928606208674478/69894075777549927423143746162779590276049759676546622636446937140733449998078980248503300417276421831048821432651394925205813862753382019754783835
30 23 2 118181261458504056658765856484568965593241884878307225315992723827429491624544573310620852047603873404860767901115381978952785846922890432557328703/139788151555099854846287492325559180552099519353093245272893874281466899996157960497006600834552843662097642865302789850411627725506764039509567670
30 23 7 21606890096595798187521635840990214958857634474786019956901150454037408371613387186385748786948970257236874964187407871458841878583873606952238967/139788151555099854846287492325559180552099519353093245272893874281466899996157960497006600834552843662097642865302789850411627725506764039509567670
30 24 1 5971862709579819316779161474784463632230321974861245180157479266667362845647975092004660332189468160557253271684729848819513060565759995405231093/13978815155509985484628749232555918055209951935309324527289387428146689999615796049700660083455284366209764286530278985041162772550676403950956767
30 24 5 376023797876348030773635556026476238735532921333228637405288931972073605475863424745411400097474873653210536746049160763835009665139507023969403/907715269838310745755113586529605068520126749046060034239570612217317532442584159071471433990602880922711966657810323703971608607186779477334855
30 24 8 11080929793172032469678000974818601732262114859581791655452293045546968148197621083083320948823515756965343744781960302292952815708840001882984339/69894075777549927423143746162779590276049759676546622636446937140733449998078980248503300417276421831048821432651394925205813862753382019754783835
30 25 1 7196151611027046869563310579796070620275265418254445375070634803210940032688598240824481390393577531141430195343699278926755603991569775585377607/27957630311019970969257498465111836110419903870618649054578774856293379999231592099401320166910568732419528573060557970082325545101352807901913534
30 25 3 62033353720709498306306781011742325377530232483113359622941274507512103000498354113617526494468006999713102584069234058728262522288639719859762851/139788151555099854846287492325559180552099519353093245272893874281466899996157960497006600834552843662097642865302789850411627725506764039509567670
30 25 4 528736307639574386564837888803316384579868724886750529917115466243670756776549710870960225739311962662656253181593110174875155021877036755228798/1996973593644283640661249890365131150744278847901332075327055346878098571373685149957237154779326338029966326647182712148737538935810914850136681
30 25 9 340178446034636795187536157043168225185867788331080120028667365774510275561295387021389399026079401449389398700252977486309023694920204918350066/9984867968221418203306249451825655753721394239506660376635276734390492856868425749786185773896631690149831633235913560743687694679054574250683405
30 26 0 2640715363624991935465406394852920304150045730607566946251232508673157193793955914772562252550889411823146662348142203400701604526932902681414302/6354006888868175220285795105707235479640887243322420239676994285521222727098089113500300037934220166458983766604672265927801260250307456341343985
30 26 3 7124296824538232797990905354847565828448383859967561991991797505693996313992276491360456531482324136401311039146971677441908667286371598586372413/69894075777549927423143746162779590276049759676546622636446937140733449998078980248503300417276421831048821432651394925205813862753382019754783835
30 26 4 5955139334595153155640630185805381637097386871616960217640033757294020927869768384930378175581939379619913392656186913007758712426119813909590688/69894075777549927423143746162779590276049759676546622636446937140733449998078980248503300417276421831048821432651394925205813862753382019754783835
30 26 7 9915199474157030942308196856344747367106494488970360631275267928802355223739508426991487334612474446129203673647270724315365675206906257326104971/69894075777549927423143746162779590276049759676546622636446937140733449998078980248503300417276421831048821432651394925205813862753382019754783835
30 26 8 17851571144384599237084543422399772097746991419308503386776280353538348400743911882722793597539900338843780041371401373033063158037722420437158441/69894075777549927423143746162779590276049759676546622636446937140733449998078980248503300417276421831048821432651394925205813862753382019754783835
30 27 6 39589060603520640448402701918976841233399541249482097788908600815200215986589146144158416720850547671633780341256759681094129840672612446267747272/69894075777549927423143746162779590276049759676546622636446937140733449998078980248503300417276421831048821432651394925205813862753382019754783835
30 27 7 30305015174029286974741044243802749042650218427064524847538336325533234011489834104344883696425874159415041091394635244111684022080769573487036563/69894075777549927423143746162779590276049759676546622636446937140733449998078980248503300417276421831048821432651394925205813862753382019754783835
30 28 0 18437866848114184665307955979517157863347304956988689820692468394919977868909133493482944020484315996361119097474763974591142480136333959419644179/139788151555099854846287492325559180552099519353093245272893874281466899996157960497006600834552843662097642865302789850411627725506764039509567670
30 28 3 32257236491558508118243686016286096102345824876748018709812004544646751119441918035935588197596078847400106265778386775400614074430969630211817442/69894075777549927423143746162779590276049759676546622636446937140733449998078980248503300417276421831048821432651394925205813862753382019754783835
30 28 6 56835811723868653944492164313469830484060564642608518032577396797253419888364990931652480418876369970936311236271252325019257096508490819666288607/139788151555099854846287492325559180552099519353093245272893874281466899996157960497006600834552843662097642865302789850411627725506764039509567670
30 29 3 54068855735678592186383851545492408078754633281120428264601095238578602859258990526310954544648061010187156097953366212382725763812190104164472127/139788151555099854846287492325559180552099519353093245272893874281466899996157960497006600834552843662097642865302789850411627725506764039509567670
30 29 5 85719295819421262659903640780066772473344886071972817008292779042888297136898969970695646289904782651910486767349423638028901961694573935345095543/139788151555099854846287492325559180552099519353093245272893874281466899996157960497006600834552843662097642865302789850411627725506764039509567670
30 30 0 30533324114502514949728733928564136734646095930440923268899745058617077952596587741648969918636125107574444675604924457185010523390826009348801736/69894075777549927423143746162779590276049759676546622636446937140733449998078980248503300417276421831048821432651394925205813862753382019754783835
30 30 2 1880724088735282737002359960946587147588062424694024472720238837468514284869018552492403965992565451243928908925597494648243772777721500942762185/3993947187288567281322499780730262301488557695802664150654110693756197142747370299914474309558652676059932653294365424297475077871621829700273362
30 30 3 12896160220359929151747425835300356917225142627920542189886024852834744120549135676474522187540802653411241701697028623353074631504859487815287723/139788151555099854846287492325559180552099519353093245272893874281466899996157960497006600834552843662097642865302789850411627725506764039509567670
31 0 7 16577103321044992632435835566224253426861683249494199286791839302650473195070526258384245800604357856806724563588727924242974841961754537005811491/69894075777549927423143746162779590276049759676546622636446937140733449998078980248503300417276421831048821432651394925205813862753382019754783835
31 0 16 17477188940986153009605718331225168164266567900402092276208566682246525101848580840765378938126959899560710814314064701057156807963304044062706826/69894075777549927423143746162779590276049759676546622636446937140733449998078980248503300417276421831048821432651394925205813862753382019754783835
31 0 22 6123848892763140491804847321007303123860425359120554645129268368475748869030368922395709842015099243228275109258746458302649176222490379822953416/13978815155509985484628749232555918055209951935309324527289387428146689999615796049700660083455284366209764286530278985041162772550676403950956767
31 0 25 5220539051703079322077955660293653065619381731047557847800189313457707356008028537375126468469607858540010508454870008392436331715871539571498438/69894075777549927423143746162779590276049759676546622636446937140733449998078980248503300417276421831048821432651394925205813862753382019754783835
31 1 10 1308285142479851458063589190776070816656698147679096704276893001087889700870303604824270034055349250930894057046613970590595046146439138890570277/69894075777549927423143746162779590276049759676546622636446937140733449998078980248503300417276421831048821432651394925205813862753382019754783835
31 1 11 9107969527774942349542013277209659078743615317145943832297294315094884713304261079299477068088825901967471390619974317923586806966624768235717187/69894075777549927423143746162779590276049759676546622636446937140733449998078980248503300417276421831048821432651394925205813862753382019754783835
31 1 14 46049031235351174239388267512279773177209315167842780766029163044051050733589989531569939243627158097787453493381090977221374859671589025876325829/139788151555099854846287492325559180552099519353093245272893874281466899996157960497006600834552843662097642865302789850411627725506764039509567670
31 1 21 71178235189758737807759493233997284318868855471992361404207372121373968286814170340767801550574741382393748526683668721203517809503574542643509501/139788151555099854846287492325559180552099519353093245272893874281466899996157960497006600834552843662097642865302789850411627725506764039509567670
31 1 24 123455413534311084566323331665047376087194413114858716393497463119738010528905089744383274004470991151407853564632398211312239293248046909796958/9984867968221418203306249451825655753721394239506660376635276734390492856868425749786185773896631690149831633235913560743687694679054574250683405
31 2 10 2461661112715310602746102307303340264172487582008755888917522667580687538008055583795044177971399099282066704713359491787047644354553430740183744/9984867968221418203306249451825655753721394239506660376635276734390492856868425749786185773896631690149831633235913560743687694679054574250683405
31 2 19 33134876782388097418052844717167788340309030345896294715728954068968901733944791247670593665284739802306321766347080888890705963531073939281622468/69894075777549927423143746162779590276049759676546622636446937140733449998078980248503300417276421831048821432651394925205813862753382019754783835
31 2 21 19527571206154655785868185294488420086533316256589036698295324398699735498077799914267397506191888333768032733310797593805774388740434065291875159/69894075777549927423143746162779590276049759676546622636446937140733449998078980248503300417276421831048821432651394925205813862753382019754783835
31 3 12 7677935389060006433764271866803464067520635807472352255162389080203264560658285397144731169503341321635554532387954957055784735015515236884410784/69894075777549927423143746162779590276049759676546622636446937140733449998078980248503300417276421831048821432651394925205813862753382019754783835
31 3 16 47416241869246756893304983872359508139765166699236297550793536864114693042959295676650896938907223534601023395077216624960187312723778944514563927/139788151555099854846287492325559180552099519353093245272893874281466899996157960497006600834552843662097642865302789850411627725506764039509567670
31 3 20 23594802499357098128478570285650523094375588363947071293539276577298173952530431041053627849259171414476175035998227659483470076209383816309049059/69894075777549927423143746162779590276049759676546622636446937140733449998078980248503300417276421831048821432651394925205813862753382019754783835
31 3 22 12436762642708629931172149511193612557181068972294500249429577418561365690937373079631016870733392804072940356644537005501036313631548569311553086/69894075777549927423143746162779590276049759676546622636446937140733449998078980248503300417276421831048821432651394925205813862753382019754783835
31 3 26 990581724720325793230505025180894594835953273285820025167570253045319708989297156939390423330761809425455924032826796274171632614017969996995577/27957630311019970969257498465111836110419903870618649054578774856293379999231592099401320166910568732419528573060557970082325545101352807901913534
31 4 8 7081965402183314752606605930656281212475775863356916861059909105595570073176984891726857466219137755559652851105950045172052804702089307738996077/139788151555099854846287492325559180552099519353093245272893874281466899996157960497006600834552843662097642865302789850411627725506764039509567670
31 4 17 9446347387129748621836220701504515341822082203687889754954240727500904258973789400100733046799317203549432708393210256321719895131557187559090913/19969735936442836406612498903651311507442788479013320753270553468780985713736851499572371547793263380299663266471827121487375389358109148501366810
31 4 25 33290877221504149870413670742185645973434584031960550063577140041682500055082224902287306020369242740845980527722184005493767827441887209428467601/69894075777549927423143746162779590276049759676546622636446937140733449998078980248503300417276421831048821432651394925205813862753382019754783835
31 5 3 25887334271883227093941348334959858759942064117718978958760680503262770564752102073899546288258697688201769538119985398696711936250646154015287403/139788151555099854846287492325559180552099519353093245272893874281466899996157960497006600834552843662097642865302789850411627725506764039509567670
31 5 8 982907479910422451640626985564830476553020188356013449268229977330934347674378791096723057347709206267396937911531518103262162983259426579329271/1996973593644283640661249890365131150744278847901332075327055346878098571373685149957237154779326338029966326647182712148737538935810914850136681
31 5 12 3595260736183884885402551952522882025384645881443399234118618030224390852144770297294490758955444212882706939371240761618894441670330305537215193/139788151555099854846287492325559180552099519353093245272893874281466899996157960497006600834552843662097642865302789850411627725506764039509567670
31 5 13 2964430925235940803721407360609879029147242583500708973659891238201023874432469482074424983785646951592527195286025530204833567054116265671715436/9984867968221418203306249451825655753721394239506660376635276734390492856868425749786185773896631690149831633235913560743687694679054574250683405
31 6 9 1
31 7 3 36548190645825369515359142872993511551518215281542948611632340003726943325809446302192872568436681333108883386184066318769347888411548446744525223/139788151555099854846287492325559180552099519353093245272893874281466899996157960497006600834552843662097642865302789850411627725506764039509567670
31 7 12 47295597146755642158566330350560796006099062002817661656372261991174111774772021461300224763065521066632852476217261726686235304942471455954973239/69894075777549927423143746162779590276049759676546622636446937140733449998078980248503300417276421831048821432651394925205813862753382019754783835
31 7 16 1235538087966171573399384107349153855483311437987853335502430042198819017257781610316182677140731456531864932383457154038544175315753240122156567/19969735936442836406612498903651311507442788479013320753270553468780985713736851499572371547793263380299663266471827121487375389358109148501366810
31 8 12 71413594887582496886224266976970173012193284719716297784932962061747728248945612250358349646105607278925494945676609599882553918538923787006622153/139788151555099854846287492325559180552099519353093245272893874281466899996157960497006600834552843662097642865302789850411627725506764039509567670
31 8 18 68374556667517357960063225348589007539906234633376947487960912219719171747212348246648251188447236383172147919626180250529073806967840252502945517/139788151555099854846287492325559180552099519353093245272893874281466899996157960497006600834552843662097642865302789850411627725506764039509567670
31 9 6 46263213382928406131283952789417949560576719573640451258462567992527431279950269440304459257666887679030444500467799862504359850389322758941100587/139788151555099854846287492325559180552099519353093245272893874281466899996157960497006600834552843662097642865302789850411627725506764039509567670
31 9 14 93524938172171448715003539536141230991522799779452794014431306288939468716207691056702141576885955983067198364834989987907267875117441280568467083/139788151555099854846287492325559180552099519353093245272893874281466899996157960497006600834552843662097642865302789850411627725506764039509567670
31 10 7 565802123463830579809169005149564614515151372234380436663674992075878937306915762603431007183324595531779912207933340755110841383630316659452295/2541602755547270088114318042282894191856354897328968095870797714208489090839235645400120015173688066583593506641868906371120504100122982536537594
31 10 20 1975800632083439508305149037133329577341203525094587659207122722132610153532319882796689007990363471051813594433935565616009662716492665877085299/2541602755547270088114318042282894191856354897328968095870797714208489090839235645400120015173688066583593506641868906371120504100122982536537594
31 11 1 6901592068034511876893398034462586740583975968056729678588276389998583189235047406612699137999965373987211756953806435717548026187860918321613547/139788151555099854846287492325559180552099519353093245272893874281466899996157960497006600834552843662097642865302789850411627725506764039509567670
31 11 7 3212938546934397106031235432404998430954296093235778198507841507828073243787745923995452747532261161805059113253314401988015349109751484896441359/19969735936442836406612498903651311507442788479013320753270553468780985713736851499572371547793263380299663266471827121487375389358109148501366810
31 11 8 12764191946157933381413875975645738066780522603503105137217507280874478441003192010006075265255552158141368205746019704966362536618294403439472416/69894075777549927423143746162779590276049759676546622636446937140733449998078980248503300417276421831048821432651394925205813862753382019754783835
31 11 10 287795287236592503700188224475077029927926496486548955830631453493564173398889862859422708724096625481185049429351161846493458116886656096539438/9984867968221418203306249451825655753721394239506660376635276734390492856868425749786185773896631690149831633235913560743687694679054574250683405
31 11 15 2081202923840145319414614912571346784426154563023329841749295114094254431034769315720709913670773254794553616808715563245999000156734486510703076/69894075777549927423143746162779590276049759676546622636446937140733449998078980248503300417276421831048821432651394925205813862753382019754783835
31 11 16 69674906348515254054839800264399557081324635707400157375235600552964639199407153990964471809038099440232600714153298813401352665226091590902716471/139788151555099854846287492325559180552099519353093245272893874281466899996157960497006600834552843662097642865302789850411627725506764039509567670
31 11 20 7001159548700856718876029080776799592106509741121355489952661644859800729341156899975772374798947132633982264302096985100988103138080170758245023/139788151555099854846287492325559180552099519353093245272893874281466899996157960497006600834552843662097642865302789850411627725506764039509567670
31 12 6 27152340033039271554055954527081010963872162160862033080149067111109519345872343383125526327994127982438883587794752450674674573880788400716654673/139788151555099854846287492325559180552099519353093245272893874281466899996157960497006600834552843662097642865302789850411627725506764039509567670
31 12 11 31600110300110790582912373369071665326027672874563929072295727585156699627427852327527205237210961458248544363703890578992681936842412773245905159/69894075777549927423143746162779590276049759676546622636446937140733449998078980248503300417276421831048821432651394925205813862753382019754783835
31 12 16 49435590921839002126406791060334838936172011443103354048153352000043981395429912458826664032136792763161670550100256241751589277941150092301102679/139788151555099854846287492325559180552099519353093245272893874281466899996157960497006600834552843662097642865302789850411627725506764039509567670
31 13 5 58501300112812752313658047377042863806584428535920308443322411338849524785182951702127619163735571460969593898159392633013925829576698654633953899/139788151555099854846287492325559180552099519353093245272893874281466899996157960497006600834552843662097642865302789850411627725506764039509567670
31 13 13 81286851442287102532629444948516316745515090817172936829571462942617375210975008794878981670817272201128048967143397217397701895930065384875613771/139788151555099854846287492325559180552099519353093245272893874281466899996157960497006600834552843662097642865302789850411627725506764039509567670
31 14 3 2056650585328926938949246377450851318206779880971537709314533336111676908343257956901943489840777623798582648358535264000261551968263959838670251/2541602755547270088114318042282894191856354897328968095870797714208489090839235645400120015173688066583593506641868906371120504100122982536537594
31 14 6 1587131177446456502326666199531678849193758804700811647413809848995475244551898684297112539391839209186018300950030513383056345897412230266519021/13978815155509985484628749232555918055209951935309324527289387428146689999615796049700660083455284366209764286530278985041162772550676403950956767
31 14 13 2160211517508861636162455914089113911757807570530110957291288461073983518351957204885716699878336452263082839216609039313335781655624789143502731/27957630311019970969257498465111836110419903870618649054578774856293379999231592099401320166910568732419528573060557970082325545101352807901913534
31 15 2 18832040684742974976674271639964579637966847300991857971804606266797063908681739111908331039659415945438540214132767956662257281983379722634815096/69894075777549927423143746162779590276049759676546622636446937140733449998078980248503300417276421831048821432651394925205813862753382019754783835
31 15 4 2544728454189947987706628603842624575376676890271060131682570022927249007240717682858171025153752714716235552263868637813447854714959532750074519/19969735936442836406612498903651311507442788479013320753270553468780985713736851499572371547793263380299663266471827121487375389358109148501366810
31 15 7 19342112341404654199591816987618045392854027446682638230473420016474841807733809308121868563971157573741829563183050779020454237970547703193161243/139788151555099854846287492325559180552099519353093245272893874281466899996157960497006600834552843662097642865302789850411627725506764039509567670
31 15 9 13014189398326568988059374109897640581710751740915781596273770378851980013049293233454801883308810367264593930440756240177484431549294699106855323/69894075777549927423143746162779590276049759676546622636446937140733449998078980248503300417276421831048821432651394925205813862753382019754783835
31 15 13 19470239934113238401640991805659161346126777795348953492242855406601613647138531359075634624284482229967948073562805106508777538733075381791271978/69894075777549927423143746162779590276049759676546622636446937140733449998078980248503300417276421831048821432651394925205813862753382019754783835
31 16 4 1473966825128450881210190519308590955024381719625607898714948638188232219940117265381482949383838351553999172203098584079352823435184754829374857/139788151555099854846287492325559180552099519353093245272893874281466899996157960497006600834552843662097642865302789850411627725506764039509567670
31 16 8 18391731877406504603892568736929443151742004171484257825163948391971575149622668352110814033279303891255429228334133962073899108009619507820751099/139788151555099854846287492325559180552099519353093245272893874281466899996157960497006600834552843662097642865302789850411627725506764039509567670
31 16 10 19126348567799208104611115272320552173246291915410836913150446234362049473366979116555836232278350929657845707147995532011229025591190542489240989/69894075777549927423143746162779590276049759676546622636446937140733449998078980248503300417276421831048821432651394925205813862753382019754783835
31 16 14 2870069039651661752585979782118702469945681750860916507615838868067905046362491630855487091532788335788324050540546119285159995428236058390187902/9984867968221418203306249451825655753721394239506660376635276734390492856868425749786185773896631690149831633235913560743687694679054574250683405
31 16 16 20744394580921609307879392787509103759800502559554437308046170314816161515393166907212906052936981429467993171450960285121838903442136937209164554/69894075777549927423143746162779590276049759676546622636446937140733449998078980248503300417276421831048821432651394925205813862753382019754783835
31 17 10 33100881496080193291984279443567714495203853766076644592087526768827023896305776302523941225226076544892938038588694850670954525108131997782426147/139788151555099854846287492325559180552099519353093245272893874281466899996157960497006600834552843662097642865302789850411627725506764039509567670
31 17 11 106687270059019661554303212881991466056895665587016600680806347512639876099852184194482659609326767117204704826714094999740673200398632041727141523/139788151555099854846287492325559180552099519353093245272893874281466899996157960497006600834552843662097642865302789850411627725506764039509567670
31 18 0 3359787320396640590122190785792034725867484068374817945898321514735135716624789134570036581629329731026433722518713815973947831296095984958456210/13978815155509985484628749232555918055209951935309324527289387428146689999615796049700660083455284366209764286530278985041162772550676403950956767
31 18 4 71015855332543114733060648125746226525945178006780435798625339136255632803286805912560359324024179988307929926284960389156278242814456539971669577/139788151555099854846287492325559180552099519353093245272893874281466899996157960497006600834552843662097642865302789850411627725506764039509567670
31 18 6 5024917574084333458857848048841800966782785808937804287897902856837130003803323319820839384890766623360767959118670185930838738533049664279047999/19969735936442836406612498903651311507442788479013320753270553468780985713736851499572371547793263380299663266471827121487375389358109148501366810
31 19 6 33962207359283001806782765068817747153146021988436904834383557030383835050973097511321809717164937926106537136770747377395790245189461946149884702/69894075777549927423143746162779590276049759676546622636446937140733449998078980248503300417276421831048821432651394925205813862753382019754783835
31 19 14 35931868418266925616360981093961843122903737688109717802063380110349614947105882737181490700111483904942284295880647547810023617563920073604899133/69894075777549927423143746162779590276049759676546622636446937140733449998078980248503300417276421831048821432651394925205813862753382019754783835
31 20 1 2480987950557479551529876437757069004740019890988951796322259604256474500911996174615524179467273877825339990391103992020751856154135610530764264/69894075777549927423143746162779590276049759676546622636446937140733449998078980248503300417276421831048821432651394925205813862753382019754783835
31 20 2 3970455722424567202512755606184712403144682374317859107751003910655757023071107949942719902007261606903617335516803247332115226135595548456241153/139788151555099854846287492325559180552099519353093245272893874281466899996157960497006600834552843662097642865302789850411627725506764039509567670
31 20 4 17963048940081806900688210327856243059180867412847793535657298496680982191654172372520030515404516185249182443237280800147632196093775424890789283/139788151555099854846287492325559180552099519353093245272893874281466899996157960497006600834552843662097642865302789850411627725506764039509567670
31 20 10 51303971818694706650188293749177105424922644281417056613080135384073525231398652296986159381064010102955465823192546202613701957158537124058261678/69894075777549927423143746162779590276049759676546622636446937140733449998078980248503300417276421831048821432651394925205813862753382019754783835
31 20 13 1028472735408910833965018601764987623044864122111557581068078189747016131681138323134048329607849790838323145938140541366297267665204759698448535/13978815155509985484628749232555918055209951935309324527289387428146689999615796049700660083455284366209764286530278985041162772550676403950956767
31 21 5 431030389251786924071093179550743728461454744824513523552320720695885095041914895425507125445539947798415087545624642303887415013810849051622738/1270801377773635044057159021141447095928177448664484047935398857104244545419617822700060007586844033291796753320934453185560252050061491268268797
31 21 8 839770988521848119986065841590703367466722703839970524383078136408359450377702927274552882141304085493381665775309810881672837036250642216646059/1270801377773635044057159021141447095928177448664484047935398857104244545419617822700060007586844033291796753320934453185560252050061491268268797
31 22 2 139627423713021966916333507629901827741171411472614669370858665213217759559223412582161752815414772885119101755576962303770873119314064457211191293/139788151555099854846287492325559180552099519353093245272893874281466899996157960497006600834552843662097642865302789850411627725506764039509567670
31 22 8 160727842077887929953984695657352810928107880478575902035209068249140436934547914844848019138070776978541109725827546640754606192699582298376377/139788151555099854846287492325559180552099519353093245272893874281466899996157960497006600834552843662097642865302789850411627725506764039509567670
31 23 4 3437615709856297801399498908621127587646518126941026892565008983939159423866814602222972532543012740882671959924762193735088725005221947137404982/13978815155509985484628749232555918055209951935309324527289387428146689999615796049700660083455284366209764286530278985041162772550676403950956767
31 23 9 44513321657107968444314181609447636181606841513909674754580988050753709947462503797949558294964638000993690557965198917074211349851954699489822813/139788151555099854846287492325559180552099519353093245272893874281466899996157960497006600834552843662097642865302789850411627725506764039509567670
31 23 11 60898672799428908387978321629900268494027496569773301592662796391321595810027310676827317214158078252277232708089968995986529125602589868645695037/139788151555099854846287492325559180552099519353093245272893874281466899996157960497006600834552843662097642865302789850411627725506764039509567670
31 24 0 1270529066394563293035098828632045984556312585061690552218723636552990089245755462574243884118094465597777020577958730791931409955930617629028608/13978815155509985484628749232555918055209951935309324527289387428146689999615796049700660083455284366209764286530278985041162772550676403950956767
31 24 1 8006952445930166167849587757771454422979629960448079347131908161479327153967820957695999751265816205652511014845549136221649711984916408545725674/13978815155509985484628749232555918055209951935309324527289387428146689999615796049700660083455284366209764286530278985041162772550676403950956767
31 24 7 4701333643185256023744062646152417647674009389799554627938755630114372756402219629430416448071373694959476251106771118027581650609829377776202485/13978815155509985484628749232555918055209951935309324527289387428146689999615796049700660083455284366209764286530278985041162772550676403950956767
31 25 7 98499330764781077389690428294354753455448248866359887001707303664751049972792682364260482228492827467942406991907269367511505758051896905605446993/139788151555099854846287492325559180552099519353093245272893874281466899996157960497006600834552843662097642865302789850411627725506764039509567670
31 25 9 41288820790318777456597064031204427096651270486733358271186570616715850023365278132746118606060016194155235873395520482900121967454867133904120677/139788151555099854846287492325559180552099519353093245272893874281466899996157960497006600834552843662097642865302789850411627725506764039509567670
31 26 0 652355478618034615327325512966465426188466193729457813389453209601573293321486427911710948669923484874347488425379767045565848811739666370481393/12708013777736350440571590211414470959281774486644840479353988571042445454196178227000600075868440332917967533209344531855602520500614912682687970
31 26 1 50934777553601069572077559690084443820542903818847360149841107507082812279392032179241396340236426279081692877240546116906441738198920881594719364/69894075777549927423143746162779590276049759676546622636446937140733449998078980248503300417276421831048821432651394925205813862753382019754783835
31 26 3 17352489000919262166747697330762564077861356596169286487088155303956506202999741166448753603805122449808575608466720275085097017474984538264083061/139788151555099854846287492325559180552099519353093245272893874281466899996157960497006600834552843662097642865302789850411627725506764039509567670
31 26 8 608645326462730580308367953272573142958146681282054660856341757169430136719900193865737914313895923659448142257990904727837404304763700362761389/6354006888868175220285795105707235479640887243322420239676994285521222727098089113500300037934220166458983766604672265927801260250307456341343985
31 27 0 359223032254973207506203688242704068182123720467099102419419845184324101631880439196473392527256075668939770998253739787634616169953300430215397/27957630311019970969257498465111836110419903870618649054578774856293379999231592099401320166910568732419528573060557970082325545101352807901913534
31 27 2 35178355997123627325561339834995412786764673193325798534495046024586387796713165069345373352727126104437978819092860133156713498247877910090079584/69894075777549927423143746162779590276049759676546622636446937140733449998078980248503300417276421831048821432651394925205813862753382019754783835
31 27 5 381925205817571634931515628167825442456292452249425077154539861452334868245407145250555080564174656916781377259810120806188512981980520483507299/6354006888868175220285795105707235479640887243322420239676994285521222727098089113500300037934220166458983766604672265927801260250307456341343985
31 27 6 59232969871591158189140450394662674903621120414618800994406806054421136793173270966821275394050468622707796072409978227423880362557670266541170939/139788151555099854846287492325559180552099519353093245272893874281466899996157960497006600834552843662097642865302789850411627725506764039509567670
31 28 0 4039666567863899874237535616597278379175564443910712841268825955768095371680369251653663472297328160819534688114647162587936596436160169536173832/9984867968221418203306249451825655753721394239506660376635276734390492856868425749786185773896631690149831633235913560743687694679054574250683405
31 28 5 5945201400357518329068713835228377374545829795595947535366450778622397485188056498132522301599303529330296945121266398155751098242894404714509573/9984867968221418203306249451825655753721394239506660376635276734390492856868425749786185773896631690149831633235913560743687694679054574250683405
31 29 3 29357438343730449152530373443746884051542302693351026710714232204775984970321925861231908550225923905867241482527405109087693852760239170483231157/69894075777549927423143746162779590276049759676546622636446937140733449998078980248503300417276421831048821432651394925205813862753382019754783835
31 29 4 2454947193814578577712990353870273124569116425933705780624028603030575199659556204384711744495721349106909436572237583623046750561281417670784839/12708013777736350440571590211414470959281774486644840479353988571042445454196178227000600075868440332917967533209344531855602520500614912682687970
31 29 5 54068855735678592186383851545492408078754633281120428264601095238578602859258990526310954544648061010187156097953366212382725763812190104164472127/139788151555099854846287492325559180552099519353093245272893874281466899996157960497006600834552843662097642865302789850411627725506764039509567670
31 30 1 57816025263526466920713338318146368372833011843357694448974881479169991703563015203325343812129590847449369516872423714952497571169037283087384263/139788151555099854846287492325559180552099519353093245272893874281466899996157960497006600834552843662097642865302789850411627725506764039509567670
31 30 4 81972126291573387925574154007412812179266507509735550823918992802296908292594945293681257022423252814648273348430366135459130154337726756422183407/139788151555099854846287492325559180552099519353093245272893874281466899996157960497006600834552843662097642865302789850411627725506764039509567670
31 31 0 1
32 0 9 108824503251679985395295772979633028852769542568253596795903824655759702644760185463555888465481836413644354991401810605455420468168255315992233/13978815155509985484628749232555918055209951935309324527289387428146689999615796049700660083455284366209764286530278985041162772550676403950956767
32 0 16 10029377219064312542736332345387953390012107957261064748905301954069337129971291273735212453613652225953675408313776740248682111195388609974371740/13978815155509985484628749232555918055209951935309324527289387428146689999615796049700660083455284366209764286530278985041162772550676403950956767
32 0 25 3840613433193992956497121114188331636345074435480006181588181649421593166999744590501891741376150303842444523225100434187025240887119538660592794/13978815155509985484628749232555918055209951935309324527289387428146689999615796049700660083455284366209764286530278985041162772550676403950956767
32 1 11 2092933967531421701276400623356646253997713365341655212734894322775047348373342659028815887315126131241898368464916492763214143671054501318001443/69894075777549927423143746162779590276049759676546622636446937140733449998078980248503300417276421831048821432651394925205813862753382019754783835
32 1 12 46791582369303750253812073574541984325359963251731293430530636614695632782642176754588442422859108165711883241030949134330625703801795772900033329/139788151555099854846287492325559180552099519353093245272893874281466899996157960497006600834552843662097642865302789850411627725506764039509567670
32 1 21 13936517845438432682491905416987400265856919049148289034159954628080476020707338210066338514038230229382235866399928518159062144928832175230648537/139788151555099854846287492325559180552099519353093245272893874281466899996157960497006600834552843662097642865302789850411627725506764039509567670
32 1 22 5348155957521059179102193720522607389491943594395025170195249599510049749718697158163870580216089500322837644353005658028250827816716220624491637/9984867968221418203306249451825655753721394239506660376635276734390492856868425749786185773896631690149831633235913560743687694679054574250683405
32 2 9 652299598407099267402537734024206251624755243336826688315645984192822972074036373017452277624206038287027911549588602761189847978971833667950419/139788151555099854846287492325559180552099519353093245272893874281466899996157960497006600834552843662097642865302789850411627725506764039509567670
32 2 15 20225841919401573983645635177097665930951475924962676246512152286659922955701003981736596310850559943124418717444692439972213323256518629112838435/27957630311019970969257498465111836110419903870618649054578774856293379999231592099401320166910568732419528573060557970082325545101352807901913534
32 2 16 14924672952388176174868012065117372771933377855752705335650249495759241633067503609856167596115554480490731004298974005446270885237914063226366404/69894075777549927423143746162779590276049759676546622636446937140733449998078980248503300417276421831048821432651394925205813862753382019754783835
32 2 24 4078648227454266655460377287905949550925314386718813340358483936227989489721948497796915905222364473603529678965895518448414745384685466912346134/69894075777549927423143746162779590276049759676546622636446937140733449998078980248503300417276421831048821432651394925205813862753382019754783835
32 3 7 42174164659732932232743055397220859238463653011435733757324238869359282568805417051345055382941682460128766449289927157069244465925993374138003207/69894075777549927423143746162779590276049759676546622636446937140733449998078980248503300417276421831048821432651394925205813862753382019754783835
32 3 9 2323673361463827787139334944694149884948430322169083116916088292605360777562895824067902388513836350378865079938319673097470834758571713642648372/9984867968221418203306249451825655753721394239506660376635276734390492856868425749786185773896631690149831633235913560743687694679054574250683405
32 3 20 11454197587570200680425346152699681842947094409927307060710080223136641986333292428682928314737884918267999423793230056454273553517386650118242024/69894075777549927423143746162779590276049759676546622636446937140733449998078980248503300417276421831048821432651394925205813862753382019754783835
32 4 6 4143610975513217080708755709953252200766959412929774426998581770849573523007787379898376108929432406337297818345602665183752955596780951989370973/19969735936442836406612498903651311507442788479013320753270553468780985713736851499572371547793263380299663266471827121487375389358109148501366810
32 4 10 1317230462908573774759836161473787610067927902851280379608026866451022229265134704029287123637457834094789906343299123355211240514980196502283382/69894075777549927423143746162779590276049759676546622636446937140733449998078980248503300417276421831048821432651394925205813862753382019754783835
32 4 18 89056836453411430003484460286095463199381057537681402292454957632765754418608085973552392140974697613630663700115836598225298654946741115535164573/139788151555099854846287492325559180552099519353093245272893874281466899996157960497006600834552843662097642865302789850411627725506764039509567670
32 4 22 1363684096234196980594433553345955480515277865657204373730913608560863318426078104007642977414085966851165330291509739227831135739471133360302823/9984867968221418203306249451825655753721394239506660376635276734390492856868425749786185773896631690149831633235913560743687694679054574250683405
32 5 9 10204836959254774533255178553047395077320732564367704262570189524835274394866587664355715692849343481110838767216750416201035511803987603135383227/19969735936442836406612498903651311507442788479013320753270553468780985713736851499572371547793263380299663266471827121487375389358109148501366810
32 5 14 52187268428737467388698313462856776259516607520207334601922202601101313456358983687065943534732284510021378578876722675074897549828213669264437649/139788151555099854846287492325559180552099519353093245272893874281466899996157960497006600834552843662097642865302789850411627725506764039509567670
32 5 26 8083512205789482862401464495685319375668891941155990416490172503259332887866431579725323724937577392150196457954407130964740796525318574148723716/69894075777549927423143746162779590276049759676546622636446937140733449998078980248503300417276421831048821432651394925205813862753382019754783835
32 6 13 11290418444401919033364925348159323835917568728684549979308580366935955574652454572689035748540038101628416075963462031733051100096343499151235132/13978815155509985484628749232555918055209951935309324527289387428146689999615796049700660083455284366209764286530278985041162772550676403950956767
32 6 22 2688396711108066451263823884396594219292383206624774547980807061210734424963341477011624334915246264581348210566816953308111672454332904799721635/13978815155509985484628749232555918055209951935309324527289387428146689999615796049700660083455284366209764286530278985041162772550676403950956767
32 7 11 21089625089795857725674493790778577969368147041784382590885510255989365968671517328532830980839734585467247729422774018564806522342755675106747909/69894075777549927423143746162779590276049759676546622636446937140733449998078980248503300417276421831048821432651394925205813862753382019754783835
32 7 17 38033041502190948505467359421467255268960720765244298214952707249208544714714235698406895715861682658053059233620123276822637329720249626946159609/139788151555099854846287492325559180552099519353093245272893874281466899996157960497006600834552843662097642865302789850411627725506764039509567670
32 7 19 59575859873317190889471145322534769344402504504280181876170146520279623344100690141534043157011691833110088172837118536459377351101003062349912243/139788151555099854846287492325559180552099519353093245272893874281466899996157960497006600834552843662097642865302789850411627725506764039509567670
32 8 9 10328486806482583895118417435353606790612338847932438799985876048599380503838678370220277809559488171131758832454561250642526055789086920771836201/27957630311019970969257498465111836110419903870618649054578774856293379999231592099401320166910568732419528573060557970082325545101352807901913534
32 8 15 5995378780962814808180895811808993606249463978961426489029518678881920375058610581208838706931198601277237819834231069561693651452362827500026467/19969735936442836406612498903651311507442788479013320753270553468780985713736851499572371547793263380299663266471827121487375389358109148501366810
32 8 16 2099003002543055986974051566642190516149617148213684811352630149377116129616104298974697310828955118068099271099562095921233722108854074688645518/6354006888868175220285795105707235479640887243322420239676994285521222727098089113500300037934220166458983766604672265927801260250307456341343985
32 9 6 1032155848225496081826545106257938353480580436002573672347909299556070623650953730831705169598587326567837278965354670310569088448558501740158594/69894075777549927423143746162779590276049759676546622636446937140733449998078980248503300417276421831048821432651394925205813862753382019754783835
32 9 8 22937503955689024617646386628347969323149464612239984051124291308066445516375829929369875991132113094182595611265008697292522144783615510630677174/69894075777549927423143746162779590276049759676546622636446937140733449998078980248503300417276421831048821432651394925205813862753382019754783835
32 9 10 4281724462440324825953812579561393200681295787126042021771829895288731427463769108335204479191831347358777338317196029758034983105750476798389604/69894075777549927423143746162779590276049759676546622636446937140733449998078980248503300417276421831048821432651394925205813862753382019754783835
32 9 16 41642691511195081897717001848612289398738418841178022891202906637822202430588427479966514777353890062939611204103835527844687646415457530585558463/69894075777549927423143746162779590276049759676546622636446937140733449998078980248503300417276421831048821432651394925205813862753382019754783835
32 10 10 80944567244294595124820435458088081575882089514596194082325551046707138058781777407807202245949137883525578244470121010167159446466253164746281361/139788151555099854846287492325559180552099519353093245272893874281466899996157960497006600834552843662097642865302789850411627725506764039509567670
32 10 11 18075846390851605739443353710170495579293360740023175792674085118550807178817020247236577548134185110955721142794346115351751959160514864338663338/69894075777549927423143746162779590276049759676546622636446937140733449998078980248503300417276421831048821432651394925205813862753382019754783835
32 10 15 2062899229918368022052759040648191619784609850768245418656377545241649779976558417702385772030485050605511121385816055412814941883589195098723603/12708013777736350440571590211414470959281774486644840479353988571042445454196178227000600075868440332917967533209344531855602520500614912682687970
32 11 3 1513656150210923312142907553968872549943158348028883046341115518590930809909379354539558511604975854071586418605119635657781634148204488418288609/27957630311019970969257498465111836110419903870618649054578774856293379999231592099401320166910568732419528573060557970082325545101352807901913534
32 11 8 2637580550280237502223614832135947923229885934158806947779538251283485887666731172228007698578440388976244027615089899095502419355126625379428811/13978815155509985484628749232555918055209951935309324527289387428146689999615796049700660083455284366209764286530278985041162772550676403950956767
32 11 12 10989743755945964831721266524562799669776372406002751875727184068177167122033487105563698636845307651241218939486349780730176150291540414276229719/27957630311019970969257498465111836110419903870618649054578774856293379999231592099401320166910568732419528573060557970082325545101352807901913534
32 11 18 5089534652151303910473047361154134022120300624134700118475699383479155145977631647421023810651702224577117579869454377751681460975677327224268792/13978815155509985484628749232555918055209951935309324527289387428146689999615796049700660083455284366209764286530278985041162772550676403950956767
32 12 8 75529134602912890476604367085357480780920498500897869719427260176643332455790302999640375412957518743625911455967996251670473704010791317082788427/139788151555099854846287492325559180552099519353093245272893874281466899996157960497006600834552843662097642865302789850411627725506764039509567670
32 12 9 64259016952186964369683125240201699771179020852195375553466614104823567540367657497366225421595324918471731409334793598741154021495972722426779243/139788151555099854846287492325559180552099519353093245272893874281466899996157960497006600834552843662097642865302789850411627725506764039509567670
32 13 7 6174184198735155285835068898724025989372613492703489368789843410926721327932608165856508042290505742685216005565726886962644751988685847205307130/13978815155509985484628749232555918055209951935309324527289387428146689999615796049700660083455284366209764286530278985041162772550676403950956767
32 13 12 11614530340749545021510563485421096987937434507047256462363477798663955907614674478097301354191440420897480601622539515391894640539719089086757401/69894075777549927423143746162779590276049759676546622636446937140733449998078980248503300417276421831048821432651394925205813862753382019754783835
32 13 15 6378074951096425158706717272085846921764197807798102083488544204471382733637553540947421176425726173450807469582619699029377875480111371279220035/27957630311019970969257498465111836110419903870618649054578774856293379999231592099401320166910568732419528573060557970082325545101352807901913534
32 13 17 22926874130767086151382090007047492073677526372973328242825763552514861233414762177509811821136274526196484258487343454854501547139910532886881393/139788151555099854846287492325559180552099519353093245272893874281466899996157960497006600834552843662097642865302789850411627725506764039509567670
32 14 11 30761497430641608966576547846388746390357684564013933618319296298556901228502560894658213801899073894615752427198406329280142298629307388775889063/69894075777549927423143746162779590276049759676546622636446937140733449998078980248503300417276421831048821432651394925205813862753382019754783835
32 14 13 39132578346908318456567198316390843885692075112532689018127640842176548769576419353845086615377347936433069005452988595925671564124074630978894772/69894075777549927423143746162779590276049759676546622636446937140733449998078980248503300417276421831048821432651394925205813862753382019754783835
32 15 3 47625788114464336376662540138038344693569136653070590462233724123098293196716625169900202719910125952577825497879876155571611981790565066073687411/139788151555099854846287492325559180552099519353093245272893874281466899996157960497006600834552843662097642865302789850411627725506764039509567670
32 15 6 16936337921111965400986121926418215672400614895081986559570159571425348616301644594731494890809594067990430535030897962329397497677041546257955501/27957630311019970969257498465111836110419903870618649054578774856293379999231592099401320166910568732419528573060557970082325545101352807901913534
32 15 14 340030628867076884758833752519534431660332192027851000582243286420084714451505106974951075481579425889439304194019267417864920696863238279368307/6354006888868175220285795105707235479640887243322420239676994285521222727098089113500300037934220166458983766604672265927801260250307456341343985
32 16 5 60577649988868437749970138037845880039130514370373220821691658267020413278361810318877636635362528234178060227655848420085172488524376572893236569/139788151555099854846287492325559180552099519353093245272893874281466899996157960497006600834552843662097642865302789850411627725506764039509567670
32 16 6 3026822877982339685350738788965987008196476119165675782155834283987459153227619781142472792391287984561999865560697287398557886470150363529356847/12708013777736350440571590211414470959281774486644840479353988571042445454196178227000600075868440332917967533209344531855602520500614912682687970
32 16 9 30471102747542423706802698797609359861607721689443982427643864132192615895428155289251609348326776591904866430789208882891214120895774380929471103/139788151555099854846287492325559180552099519353093245272893874281466899996157960497006600834552843662097642865302789850411627725506764039509567670
32 16 14 1404031560080296077332411710134371232836367816586691674531288614399256376078561572391832194050851909621156153244551126004645851355905371533084971/12708013777736350440571590211414470959281774486644840479353988571042445454196178227000600075868440332917967533209344531855602520500614912682687970
32 17 5 2468433353447023312736972687632506668332103822542085767413750184344405950099559277737465594020409084451200625758932206901118296278239637144691313/139788151555099854846287492325559180552099519353093245272893874281466899996157960497006600834552843662097642865302789850411627725506764039509567670
32 17 7 456575263880408917206015266109938880742514796300537277634544723728773570552167960170028390703831902593006976716125735239859067023881865558300890/1996973593644283640661249890365131150744278847901332075327055346878098571373685149957237154779326338029966326647182712148737538935810914850136681
32 17 9 357396053231276512890944293807460494767980969433564448861926571770592344589589668713959393583339949140782234049423125730014868624919276869173287/19969735936442836406612498903651311507442788479013320753270553468780985713736851499572371547793263380299663266471827121487375389358109148501366810
32 17 14 4675348970791148715404220043344487671291614227430845405864932156077918077058159833016792369826400988734112646866777013482285029871925403418163684/6354006888868175220285795105707235479640887243322420239676994285521222727098089113500300037934220166458983766604672265927801260250307456341343985
32 18 2 9241314082028716732668150955690931830166669232394799090722894657630923256007161285531157705012470026677986930225953167481626142128371338199571697/69894075777549927423143746162779590276049759676546622636446937140733449998078980248503300417276421831048821432651394925205813862753382019754783835
32 18 11 30721197631034143935125088627468385663463208204060100661028487338326249552355840084887533759823905333229569553933997534107204735530445188309705093/69894075777549927423143746162779590276049759676546622636446937140733449998078980248503300417276421831048821432651394925205813862753382019754783835
32 18 15 544210255717946668279100119629459505134906949819849506994464638995932312540290525056083799135273572202568453608935349520308781547173918059009219/1270801377773635044057159021141447095928177448664484047935398857104244545419617822700060007586844033291796753320934453185560252050061491268268797
32 19 4 6490761834685211560180847804927422886534674120304445848652098916167955557427301482650042123606647263769313715933384686344908505356237667765706770/13978815155509985484628749232555918055209951935309324527289387428146689999615796049700660083455284366209764286530278985041162772550676403950956767
32 19 8 7488053320824773924447901427628495168675277815004878678637288511978734442188494567050617959848637102440450570596894298696254267194438736185249997/13978815155509985484628749232555918055209951935309324527289387428146689999615796049700660083455284366209764286530278985041162772550676403950956767
32 20 4 35622935365652536710035395216274531662246954608216382638108252629377901557995285759642965848280738859703460614432827533244188856576402004561108798/69894075777549927423143746162779590276049759676546622636446937140733449998078980248503300417276421831048821432651394925205813862753382019754783835
32 20 7 34271140411897390713108350946505058613802805068330239998338684511355548440083694488860334568995682971345360818218567391961625006176980015193675037/69894075777549927423143746162779590276049759676546622636446937140733449998078980248503300417276421831048821432651394925205813862753382019754783835
32 21 3 64032023957776462131653378223814918894183378470319804336455020766421782678224313491808842710939288840219910309397015622070758949946474128393435361/139788151555099854846287492325559180552099519353093245272893874281466899996157960497006600834552843662097642865302789850411627725506764039509567670
32 21 10 2459567451395731678603061456508823750776349609965565563808790017695481323076097213632995506423423451492922368333798558750794024859920500316751726/6354006888868175220285795105707235479640887243322420239676994285521222727098089113500300037934220166458983766604672265927801260250307456341343985
32 21 13 21645643666617295785366762058550139140836449463530998532645473125744528210259508305271856982298238889033440452562205935823400228642038904147594337/139788151555099854846287492325559180552099519353093245272893874281466899996157960497006600834552843662097642865302789850411627725506764039509567670
32 22 4 4189393240787980679443279198354423101675763584613885273797028567208165111153433131102425085989906445361395084507773515369776340349148879310877829/27957630311019970969257498465111836110419903870618649054578774856293379999231592099401320166910568732419528573060557970082325545101352807901913534
32 22 11 4184255000698435008210326845389916598870919347948137781516014729241557190495582688132689762516675184579178395280851034376636334481329945705037363/27957630311019970969257498465111836110419903870618649054578774856293379999231592099401320166910568732419528573060557970082325545101352807901913534
32 22 12 1398855862109539662971706601526249743562372924146901857090409397131689835541612591440443237028856221605639649519423815738279490733633855920428453/1996973593644283640661249890365131150744278847901332075327055346878098571373685149957237154779326338029966326647182712148737538935810914850136681
32 23 3 53618680001475766002485473867695811957141424469722043413778472743055718597785701622467307879736025895202659366375881012927179251452560953441475033/69894075777549927423143746162779590276049759676546622636446937140733449998078980248503300417276421831048821432651394925205813862753382019754783835
32 23 11 16275395776074161420658272295083778318908335206824579222668464397677731400293278626035992537540395935846162066275513912278634611300821066313308802/69894075777549927423143746162779590276049759676546622636446937140733449998078980248503300417276421831048821432651394925205813862753382019754783835
32 24 2 9725021956535046054153541560363279439057547473004482614288808310387332113603890871324591085345896828879631515202353568868918551545382181710542321/69894075777549927423143746162779590276049759676546622636446937140733449998078980248503300417276421831048821432651394925205813862753382019754783835
32 24 4 2935151028865818978195342476994749328606688359656465369959662165647516494053985914812647379544542822811169566962439315891975092977773491394568306/6354006888868175220285795105707235479640887243322420239676994285521222727098089113500300037934220166458983766604672265927801260250307456341343985
32 24 6 13792288395771205640777161987813605117295751954607355660178001737019295145283195624574494074969839546383774685934873889094350136288009203435650997/139788151555099854846287492325559180552099519353093245272893874281466899996157960497006600834552843662097642865302789850411627725506764039509567670
32 24 8 7389217189683163861470036561553839850097037002031695141334616933750877498296969848654889228363980819547514760703179391032559040516348595305367535/27957630311019970969257498465111836110419903870618649054578774856293379999231592099401320166910568732419528573060557970082325545101352807901913534
32 24 9 2513205331397360134777764957682666038428171764938105269176301805336595131497221880315118048545682129185650436136823459396596619017615342722745812/69894075777549927423143746162779590276049759676546622636446937140733449998078980248503300417276421831048821432651394925205813862753382019754783835
32 25 5 1
32 26 0 6478666594092962531714550206363843907798814353385089603263754229725386330663047417661666904986887524404734569333593774309374338265746314058840203/139788151555099854846287492325559180552099519353093245272893874281466899996157960497006600834552843662097642865302789850411627725506764039509567670
32 26 1 18959298223948857851066186472695146455506855857699262486605829633650637718686948069261904077039995551967128555410848808299372124554461138160064471/69894075777549927423143746162779590276049759676546622636446937140733449998078980248503300417276421831048821432651394925205813862753382019754783835
32 26 6 1734379791147439574771646712251000795150672605169266012662153832444367967784018489833111377736108455159248203366318153809154711602401735438738155/2541602755547270088114318042282894191856354897328968095870797714208489090839235645400120015173688066583593506641868906371120504100122982536537594
32 27 1 85006020423600204447935168488330672107279821882957144873293088296742624933210390815474782019160103878803755027071983728658915876163159035906862991/139788151555099854846287492325559180552099519353093245272893874281466899996157960497006600834552843662097642865302789850411627725506764039509567670
32 27 4 4499255182493150967425209751910747380656754412404596802795969462322453407297606015013592371517878659952185865381909592819529110166445143629998671/139788151555099854846287492325559180552099519353093245272893874281466899996157960497006600834552843662097642865302789850411627725506764039509567670
32 27 5 5127424128717576191299651506756529362280351888378933676751452337616385911860079840155250285687025564947813765591273017610876593097486841259932197/19969735936442836406612498903651311507442788479013320753270553468780985713736851499572371547793263380299663266471827121487375389358109148501366810
32 27 6 1377060476467415760341638092942823181679316439510248700669866596645331229806397241868491998801279696122286110379292260799487681603868880432902187/139788151555099854846287492325559180552099519353093245272893874281466899996157960497006600834552843662097642865302789850411627725506764039509567670
32 27 7 6506923285758025165743957722539616173260581699784359579437391781220894521411503771781491222632201236292359751665346572428779452945441545360139221/69894075777549927423143746162779590276049759676546622636446937140733449998078980248503300417276421831048821432651394925205813862753382019754783835
32 28 0 25626441124272930505778978780428357729192231663267765441430373759350284279179903039117228260445642225089308755153417936412753019018678589768543141/69894075777549927423143746162779590276049759676546622636446937140733449998078980248503300417276421831048821432651394925205813862753382019754783835
32 28 2 9664986561605067113837030373652669756069058080577947456682197252108562538122710557005681322299156457626428995531240428417756612543682295403104827/19969735936442836406612498903651311507442788479013320753270553468780985713736851499572371547793263380299663266471827121487375389358109148501366810
32 28 5 20880363375318524037870322149133776801231649462512082193257745998006393670939180519732375057567464008534022386277270978661825399663630792150747599/139788151555099854846287492325559180552099519353093245272893874281466899996157960497006600834552843662097642865302789850411627725506764039509567670
32 29 0 1
32 30 1 81972126291573387925574154007412812179266507509735550823918992802296908292594945293681257022423252814648273348430366135459130154337726756422183407/139788151555099854846287492325559180552099519353093245272893874281466899996157960497006600834552843662097642865302789850411627725506764039509567670
32 30 3 24382491189407854541569261290069959084300128283578009730088860748061177947499993851074826774892470249258697202032615184845943133652005390213791577/139788151555099854846287492325559180552099519353093245272893874281466899996157960497006600834552843662097642865302789850411627725506764039509567670
32 30 4 2388109576722758027081719787719743520609491682841406051349001480793486696861644382303608359802651471299333736774272037864753888394073706633828049/9984867968221418203306249451825655753721394239506660376635276734390492856868425749786185773896631690149831633235913560743687694679054574250683405
32 31 1 1331398047054120415030531252904990518115825250904237437212121100608342171934290405805472742877998525025003345324586952709275800427891873574024208/6354006888868175220285795105707235479640887243322420239676994285521222727098089113500300037934220166458983766604672265927801260250307456341343985
32 31 2 50868385680903567022611992085670774446423198846291879224875071845288951501291867302630825446581634135235815319557495739051630396736456412009287012/69894075777549927423143746162779590276049759676546622636446937140733449998078980248503300417276421831048821432651394925205813862753382019754783835
32 31 3 125151759401458166719883151290112003724356659151660902921100948250078131585997670914636422829622969158227694700669791610061418894574714240892301/1996973593644283640661249890365131150744278847901332075327055346878098571373685149957237154779326338029966326647182712148737538935810914850136681
32 32 0 1773910479314805568468642447276780276527812948404551543814251973264570268382807300043945881739468808777560786262586659479696341709872897068922125/3993947187288567281322499780730262301488557695802664150654110693756197142747370299914474309558652676059932653294365424297475077871621829700273362
32 32 1 12709533487747458039824551371211740500324026799594362751713395257214238916422724159520291291166554297979631690334396069507511086315994821620030307/69894075777549927423143746162779590276049759676546622636446937140733449998078980248503300417276421831048821432651394925205813862753382019754783835
32 32 2 52282217803586743870235903928448389872978012559745215735968264702778462769914256676427912391338326758923751965443464629607233593029222998857232681/139788151555099854846287492325559180552099519353093245272893874281466899996157960497006600834552843662097642865302789850411627725506764039509567670
33 0 19 2770886484690912107073176258090121002088820348485847349458229047462364810982806252488748678919488816535572996552853741696533202179398975267435807/27957630311019970969257498465111836110419903870618649054578774856293379999231592099401320166910568732419528573060557970082325545101352807901913534
33 0 22 5325408245727134474779751381053991929429050576148931047924791421639515297364778640938216293203085610982497079958639988791975777529302743684268582/9984867968221418203306249451825655753721394239506660376635276734390492856868425749786185773896631690149831633235913560743687694679054574250683405
33 0 23 4670727608315037424000462881850244411786246322234452168605059012836532888921548023766166303192018275060438069374323754440118257199957341053875317/12708013777736350440571590211414470959281774486644840479353988571042445454196178227000600075868440332917967533209344531855602520500614912682687970
33 1 14 47860359349066175978383818764007601499106660984226444039656757565387898733731269304429170794045136136115312879947827268696476580696570638094166097/139788151555099854846287492325559180552099519353093245272893874281466899996157960497006600834552843662097642865302789850411627725506764039509567670
33 1 18 10901097705617051774560251960094836341814433388219341074285623299747371835020518053192660568727034938328936376905062573413825520734784715145034541/27957630311019970969257498465111836110419903870618649054578774856293379999231592099401320166910568732419528573060557970082325545101352807901913534
33 1 20 18711151838974209997551206880538698671960345713885047930904500108671071043662050463307063598436266417168824050414824857323011770568134912845114434/69894075777549927423143746162779590276049759676546622636446937140733449998078980248503300417276421831048821432651394925205813862753382019754783835
33 2 10 104762607059708903368937735068474954450622847968920476869465239041625740295630282611399694935531155666400535111932661429122583791019651375398257/6354006888868175220285795105707235479640887243322420239676994285521222727098089113500300037934220166458983766604672265927801260250307456341343985
33 2 11 8044746881383378411891912332308174741696240320242641636410011711623402950794490164660382650756533485647648537034060906067966321858395077556723201/69894075777549927423143746162779590276049759676546622636446937140733449998078980248503300417276421831048821432651394925205813862753382019754783835
33 2 16 12849364389929131736143728135492423093630828046477074094824855614064912112550231371669175613054823796147948543792496458322266758860338806872501211/69894075777549927423143746162779590276049759676546622636446937140733449998078980248503300417276421831048821432651394925205813862753382019754783835
33 2 18 14480677852725115087937624364556787866350229163134422623691854194358985405882323520184917344577495656321829697487602328012371237129265608675011257/69894075777549927423143746162779590276049759676546622636446937140733449998078980248503300417276421831048821432651394925205813862753382019754783835
33 2 20 33366897975855504250112166244668980075415610819034359035956097991228266385600002083263428164596726180600988768105975957082861123204166361521167339/69894075777549927423143746162779590276049759676546622636446937140733449998078980248503300417276421831048821432651394925205813862753382019754783835
33 3 12 12000328499446123317395372453394248009179231320263714223710975119501039515604301895461181244520280194943900707444600365161345318361911937219531047/13978815155509985484628749232555918055209951935309324527289387428146689999615796049700660083455284366209764286530278985041162772550676403950956767
33 3 17 1978486656063862167233376779161670046030720615045610303578412308645650484011494154239478838935004171265863579085678619879817454188764466731425720/13978815155509985484628749232555918055209951935309324527289387428146689999615796049700660083455284366209764286530278985041162772550676403950956767
33 4 11 2175725107598807054322404917721692509474123940474765208277004369525126656208768052139197520308240660335805571483710840500334316741424218132161904/6354006888868175220285795105707235479640887243322420239676994285521222727098089113500300037934220166458983766604672265927801260250307456341343985
33 4 13 6788323080833304947632603669770577079281087126628583172335173948901903474398215065836583513349065688660825752969483165464635250283204814667654351/27957630311019970969257498465111836110419903870618649054578774856293379999231592099401320166910568732419528573060557970082325545101352807901913534
33 4 19 57980583783759574913031565786829059947263357029505494829123908407404596187573988020761337821026220691405791527813735532081096505779407167263734027/139788151555099854846287492325559180552099519353093245272893874281466899996157960497006600834552843662097642865302789850411627725506764039509567670
33 5 14 39415700478221604830960606106813046997294766929190805987238370884626517348365050903609038989572332840215499078487489474455605889144238448014129843/69894075777549927423143746162779590276049759676546622636446937140733449998078980248503300417276421831048821432651394925205813862753382019754783835
33 5 19 30478375299328322592183140055966543278754992747355816649208566256106932649713929344894261427704088990833322354163905450750207973609143571740653992/69894075777549927423143746162779590276049759676546622636446937140733449998078980248503300417276421831048821432651394925205813862753382019754783835
33 6 12 17737600780051015006981739140503540529924375045757521096785457326129190665416544732937447314269610419438949154416861656078427586961710094923132885/27957630311019970969257498465111836110419903870618649054578774856293379999231592099401320166910568732419528573060557970082325545101352807901913534
33 6 14 10220029530968955962275759324608295580495528824861127957793317530164189333815047366463872852640958312980579418643696314003897958139642712978780649/27957630311019970969257498465111836110419903870618649054578774856293379999231592099401320166910568732419528573060557970082325545101352807901913534
33 7 9 6140915345077294339671906870790370618001352510492981676240327438339122282339867839395438812451345378028456857966017186568530804402964228361041727/13978815155509985484628749232555918055209951935309324527289387428146689999615796049700660083455284366209764286530278985041162772550676403950956767
33 7 16 29891157597788456198785722115427367768959575359908281100483340172159421994689388494277637927781110206318453285936881092410667242619295958984444598/69894075777549927423143746162779590276049759676546622636446937140733449998078980248503300417276421831048821432651394925205813862753382019754783835
33 7 18 9298341454374999525998489693400369417083421764173433154761959776878416591690252557248468427238584734588083856884427899952492598119264918965130602/69894075777549927423143746162779590276049759676546622636446937140733449998078980248503300417276421831048821432651394925205813862753382019754783835
33 8 7 12735372093816750883381989148072477182907233398172843393597753175548321633197554438893118051861760654680570777210462492627307807449251167456888463/139788151555099854846287492325559180552099519353093245272893874281466899996157960497006600834552843662097642865302789850411627725506764039509567670
33 8 9 2456440312890493226911357612128039375560963938692319190178014753775302446541005428392716440813279163900248076872075036374527042672451500315698652/6354006888868175220285795105707235479640887243322420239676994285521222727098089113500300037934220166458983766604672265927801260250307456341343985
33 8 14 73011092577692252970855635710669837106851079303689379695379796522861924539058286633473721084798941401611614396906676557544724979263579865107308863/139788151555099854846287492325559180552099519353093245272893874281466899996157960497006600834552843662097642865302789850411627725506764039509567670
33 9 5 8196721650708619567547786783337644388635622376849369848699609499564775428832812388131084044288350567418837242572969412760966664789543919825140198/69894075777549927423143746162779590276049759676546622636446937140733449998078980248503300417276421831048821432651394925205813862753382019754783835
33 9 6 19564746371908046308897522336513890108748215671648616920683529208082903302254535124636666001269368014196437233238275761993118838661194306632194168/69894075777549927423143746162779590276049759676546622636446937140733449998078980248503300417276421831048821432651394925205813862753382019754783835
33 9 9 26296641719222073361422099351906962821854941032706256370551163803604018248676919886302735616974296794459166946268804236294891914387865677173786377/139788151555099854846287492325559180552099519353093245272893874281466899996157960497006600834552843662097642865302789850411627725506764039509567670
33 9 16 28251384266354845525426744314167300877311340835368599745244030502911247567490552768536785639922531768109210228547559397361126216337924489169225372/69894075777549927423143746162779590276049759676546622636446937140733449998078980248503300417276421831048821432651394925205813862753382019754783835
33 9 19 209400751133536954445898015087792425836317221807687981869767436677861307189320006870684835231149452598500930045196638555187481648796133011808831/19969735936442836406612498903651311507442788479013320753270553468780985713736851499572371547793263380299663266471827121487375389358109148501366810
33 10 10 32857342735839251921042034107454006406517771454714475467028983063480642930858918656065858780115170493023257306861719072414227965368038987623794109/139788151555099854846287492325559180552099519353093245272893874281466899996157960497006600834552843662097642865302789850411627725506764039509567670
33 10 11 2104515678385911531023887622236118006628824036342984955545430147039253880417227535945203526706907218359030791042421198459672748258193355004615481/3993947187288567281322499780730262301488557695802664150654110693756197142747370299914474309558652676059932653294365424297475077871621829700273362
33 10 13 1512398185261531788154972338174592905162404846653377107353401639618744147758912640129937209986178205750377630543469492359493344140998073942010533/6354006888868175220285795105707235479640887243322420239676994285521222727098089113500300037934220166458983766604672265927801260250307456341343985
33 11 7 24847560006713107879315746067129566265055424468618071121361510378073749592965961379111380938730397338601168971515004671600411576310584193378405607/139788151555099854846287492325559180552099519353093245272893874281466899996157960497006600834552843662097642865302789850411627725506764039509567670
33 11 9 3073464926190169577265089180728645620297837249719462062094081809239046845373596092997894909253874901724741254776869030186244965764163160400377464/13978815155509985484628749232555918055209951935309324527289387428146689999615796049700660083455284366209764286530278985041162772550676403950956767
33 11 10 36301555962781559836811309391350980457427627052448222426820825636768572534396069141790190379400295980993133667689775408735958995867667535089238229/139788151555099854846287492325559180552099519353093245272893874281466899996157960497006600834552843662097642865302789850411627725506764039509567670
33 11 11 3421741880264535096964967504270869830474149666773737935983622869588150672504283503294720030277385808946851977023522819158057678263348621931296371/9984867968221418203306249451825655753721394239506660376635276734390492856868425749786185773896631690149831633235913560743687694679054574250683405
33 12 5 11573500431852994122545587037267386416339182667461496358565386768554337376060639053791872868717331669911504453512819513602113366135975983473756596/69894075777549927423143746162779590276049759676546622636446937140733449998078980248503300417276421831048821432651394925205813862753382019754783835
33 12 10 1983468596377874757894259051067975957254341012863851942254662910710933683013959253755536740415625664356711738662711240983418407616710987855041707/69894075777549927423143746162779590276049759676546622636446937140733449998078980248503300417276421831048821432651394925205813862753382019754783835
33 12 13 56337106749319058542703900074444227902456235996221274335626887461468178939004381940955890808143464496780605240475864170620282089000695048425985532/69894075777549927423143746162779590276049759676546622636446937140733449998078980248503300417276421831048821432651394925205813862753382019754783835
33 13 13 58501300112812752313658047377042863806584428535920308443322411338849524785182951702127619163735571460969593898159392633013925829576698654633953899/139788151555099854846287492325559180552099519353093245272893874281466899996157960497006600834552843662097642865302789850411627725506764039509567670
33 13 17 81286851442287102532629444948516316745515090817172936829571462942617375210975008794878981670817272201128048967143397217397701895930065384875613771/139788151555099854846287492325559180552099519353093245272893874281466899996157960497006600834552843662097642865302789850411627725506764039509567670
33 14 7 550521780824065332720219733017181547801125440248599936348902189699987836411301097529488571400685641824427642776469989107108844054868415540824343/907715269838310745755113586529605068520126749046060034239570612217317532442584159071471433990602880922711966657810323703971608607186779477334855
33 14 10 357193489014245413034893853512423520719001308797460097890668422517329696031283061541982862589917239098284323881340334596862764552318363936510512/907715269838310745755113586529605068520126749046060034239570612217317532442584159071471433990602880922711966657810323703971608607186779477334855
33 15 2 45192120060395405471980240628769648412559405358205045490540685708368067595999875716235267434000086590119662839869628111706216515444010329926536099/139788151555099854846287492325559180552099519353093245272893874281466899996157960497006600834552843662097642865302789850411627725506764039509567670
33 15 7 203219151755946122473276373176537198413939892910761523900899725391080044231532966785288473839926332211083651789736166136153970770886986777239851/19969735936442836406612498903651311507442788479013320753270553468780985713736851499572371547793263380299663266471827121487375389358109148501366810
33 15 8 1316909174681664953900831346077458509578462850644186257487690953425384077241934890087550992239724035087304517654389586804315076224211045722127136/6354006888868175220285795105707235479640887243322420239676994285521222727098089113500300037934220166458983766604672265927801260250307456341343985
33 15 16 32100747794708098765588013735424842269958176015170385725158844760001411195607393215674096127199671987289847537254218833028700868866950898127777811/69894075777549927423143746162779590276049759676546622636446937140733449998078980248503300417276421831048821432651394925205813862753382019754783835
33 16 1 10200320333549514196359972049820384089926655673647481975206176879548414968969511179354316244190195403176544809793966245261739341655033160570752893/139788151555099854846287492325559180552099519353093245272893874281466899996157960497006600834552843662097642865302789850411627725506764039509567670
33 16 5 3543219891719106319194385649358910780500288806827131616337459826738248132041030724824209773370955899715677132814193803596553950690822181069035750/13978815155509985484628749232555918055209951935309324527289387428146689999615796049700660083455284366209764286530278985041162772550676403950956767
33 16 8 8728260543186890097009428672512090748089117415344759595946878842616135916277521745413286708350323047129472315953689013650260177819122873497501335/27957630311019970969257498465111836110419903870618649054578774856293379999231592099401320166910568732419528573060557970082325545101352807901913534
33 16 11 911205670537354121490255854339671999950676107999526659211498017222608564683222592759572305168036011781817716164906549885382804163184743902119157/2541602755547270088114318042282894191856354897328968095870797714208489090839235645400120015173688066583593506641868906371120504100122982536537594
33 16 14 398017708870350290972448430907274919437202594476682897946313974211853067813290740567276530659493378116990758528580257236993758872733786144396967/139788151555099854846287492325559180552099519353093245272893874281466899996157960497006600834552843662097642865302789850411627725506764039509567670
33 17 7 1540398329763874723455234624255192270001764051600794797692510623149325000821517189787208764075494435436959349931056976908878471911929049291835791/1996973593644283640661249890365131150744278847901332075327055346878098571373685149957237154779326338029966326647182712148737538935810914850136681
33 17 11 456575263880408917206015266109938880742514796300537277634544723728773570552167960170028390703831902593006976716125735239859067023881865558300890/1996973593644283640661249890365131150744278847901332075327055346878098571373685149957237154779326338029966326647182712148737538935810914850136681
33 18 8 16637951251359150216131811484919647618338808964211149078246746176874761240342751847897332879851130767475343942714627381185417093987640725332197793/27957630311019970969257498465111836110419903870618649054578774856293379999231592099401320166910568732419528573060557970082325545101352807901913534
33 18 12 11319679059660820753125686980192188492081094906407499976332028679418618758888840251503987287059437964944184630345930588896908451113712082569715741/27957630311019970969257498465111836110419903870618649054578774856293379999231592099401320166910568732419528573060557970082325545101352807901913534
33 19 6 5100791445290166039197606503035731184011557960244960824240145612372323912263586111935880182865356580366440147593465321461347797980924313972058494/69894075777549927423143746162779590276049759676546622636446937140733449998078980248503300417276421831048821432651394925205813862753382019754783835
33 19 10 58235744985161682609853437994900871194605380621095089070717541038105810397512413752133381998184608800493906444688181612590277192979556714154505137/69894075777549927423143746162779590276049759676546622636446937140733449998078980248503300417276421831048821432651394925205813862753382019754783835
33 19 13 6557539347098078774092701664842987897432821095206572741489250490255315688302980384434038236226456450188474840369747991154188871792900991628220204/69894075777549927423143746162779590276049759676546622636446937140733449998078980248503300417276421831048821432651394925205813862753382019754783835
33 20 5 34809606858827934290977002069416157719004126253380980987039684887202437271588131668457864312044927068163404411859924924570166407260522524426757627/69894075777549927423143746162779590276049759676546622636446937140733449998078980248503300417276421831048821432651394925205813862753382019754783835
33 20 9 35084468918721993132166744093363432557045633423165641649407252253531012726490848580045436105231494762885417020791470000635647455492859495328026208/69894075777549927423143746162779590276049759676546622636446937140733449998078980248503300417276421831048821432651394925205813862753382019754783835
33 21 2 1645854407217353661307804660788452684572866317469594235571597342807685711771153234488208876352692630358134711252932939571968779506660550931001583/6354006888868175220285795105707235479640887243322420239676994285521222727098089113500300037934220166458983766604672265927801260250307456341343985
33 21 6 4708152481650821558977990444918782795068020925852826004105396942713537015326935879012091161581527536100849055351739326355832480743646905410342402/6354006888868175220285795105707235479640887243322420239676994285521222727098089113500300037934220166458983766604672265927801260250307456341343985
33 22 2 160727842077887929953984695657352810928107880478575902035209068249140436934547914844848019138070776978541109725827546640754606192699582298376377/139788151555099854846287492325559180552099519353093245272893874281466899996157960497006600834552843662097642865302789850411627725506764039509567670
33 22 6 57342015658809754427450718920807555061358678993114585256829667050528469898922489141429340408683337156335526895660368040596791183877096714841138543/69894075777549927423143746162779590276049759676546622636446937140733449998078980248503300417276421831048821432651394925205813862753382019754783835
33 22 9 24943392395402458061432069788286717618454053486385498857199331112160819761378434299303071998048098572448047964256226222577290751559871027528914207/139788151555099854846287492325559180552099519353093245272893874281466899996157960497006600834552843662097642865302789850411627725506764039509567670
33 23 3 4419202335752176791163888216141528970146339999996285172345714798605935548892425971954260258970709598255736454081132086642393842466969029408138551/27957630311019970969257498465111836110419903870618649054578774856293379999231592099401320166910568732419528573060557970082325545101352807901913534
33 23 5 842962734818827656197865190969534363500038335183566050433887125654992738577993727349248652792966317106893357987542696163163761677102471797978899/19969735936442836406612498903651311507442788479013320753270553468780985713736851499572371547793263380299663266471827121487375389358109148501366810
33 23 8 55895700366303588648541497454032397578433775503413428529064045204426136540824937272895279485074265725535353544492165272028756090716100794941511311/69894075777549927423143746162779590276049759676546622636446937140733449998078980248503300417276421831048821432651394925205813862753382019754783835
33 24 3 51015392245602110506148573510125724039139202206351753212852469703520664926121544445648111713696116442476934565546171486449252154208532998422130333/139788151555099854846287492325559180552099519353093245272893874281466899996157960497006600834552843662097642865302789850411627725506764039509567670
33 24 5 68088198286371052466370454709668234669531697513168679452301377020748269607591797461638751144571873573119445520476345203686686100787270754382628611/139788151555099854846287492325559180552099519353093245272893874281466899996157960497006600834552843662097642865302789850411627725506764039509567670
33 24 10 10342280511563345936884232052882610921714309816786406303870013778598982731222309294859868988142426823250631389640136580137844735255480143352404363/69894075777549927423143746162779590276049759676546622636446937140733449998078980248503300417276421831048821432651394925205813862753382019754783835
33 25 1 20761478699992924099694187885315765490144638452364203679508140053082439966542993858576838776516991201278098377716858691155569941109783032316535927/27957630311019970969257498465111836110419903870618649054578774856293379999231592099401320166910568732419528573060557970082325545101352807901913534
33 25 7 7196151611027046869563310579796070620275265418254445375070634803210940032688598240824481390393577531141430195343699278926755603991569775585377607/27957630311019970969257498465111836110419903870618649054578774856293379999231592099401320166910568732419528573060557970082325545101352807901913534
33 26 2 56791808678709661257389318198607727449842741496286469959811184891632070253602939229984788078813005706948092796521885268459327227345724168743230879/69894075777549927423143746162779590276049759676546622636446937140733449998078980248503300417276421831048821432651394925205813862753382019754783835
33 26 3 12865835454195603898196666422730732026899640017088357201274452877643292708475487968273391389025648596137395319286834997792294819666559416570623953/139788151555099854846287492325559180552099519353093245272893874281466899996157960497006600834552843662097642865302789850411627725506764039509567670
33 26 5 1905528391926418347616027072230427660787770906204564021713864517222780968639513438394804755414454807437723136138883473671525493021250897921783137/19969735936442836406612498903651311507442788479013320753270553468780985713736851499572371547793263380299663266471827121487375389358109148501366810
33 27 0 31441701413429673181489525010953334335905258551845303267010911545601629121591216854289592343849013205659949799184093258978604628927368378926049221/69894075777549927423143746162779590276049759676546622636446937140733449998078980248503300417276421831048821432651394925205813862753382019754783835
33 27 3 50589693772777626312547132560112132991568270182879979749553112003510142399876524287594923106375180445100771379227912072769985628302190985237761613/139788151555099854846287492325559180552099519353093245272893874281466899996157960497006600834552843662097642865302789850411627725506764039509567670
33 27 4 5263010991092576434152261948708075777744146413304531797863787837350699870619800500166498608095927361135394377541338251936886567869967259283941523/27957630311019970969257498465111836110419903870618649054578774856293379999231592099401320166910568732419528573060557970082325545101352807901913534
33 28 4 104113182980323780644832315842331060044873266600855347688388056898719958463571971493587687279957713419158179617975000552842340775064152458153881621/139788151555099854846287492325559180552099519353093245272893874281466899996157960497006600834552843662097642865302789850411627725506764039509567670
33 28 5 35674968574776074201455176483228120507226252752237897584505817382746941532585989003418913554595130242939463247327789297569286950442611581355686049/139788151555099854846287492325559180552099519353093245272893874281466899996157960497006600834552843662097642865302789850411627725506764039509567670
33 29 2 2454947193814578577712990353870273124569116425933705780624028603030575199659556204384711744495721349106909436572237583623046750561281417670784839/12708013777736350440571590211414470959281774486644840479353988571042445454196178227000600075868440332917967533209344531855602520500614912682687970
33 29 4 10253066583921771862858599857544197834712658060711134698729959968011870254536622022615888331372718983811058096637106948232555769939333495011903131/12708013777736350440571590211414470959281774486644840479353988571042445454196178227000600075868440332917967533209344531855602520500614912682687970
33 30 0 39360751663047412473415012234215453541403663746105699367547192082116372045482392506854330498640296723474376757046470468020803339362556010405982099/69894075777549927423143746162779590276049759676546622636446937140733449998078980248503300417276421831048821432651394925205813862753382019754783835
33 30 2 7336831407919435071577641313411662876998412715460767361542125873834595591538636326444622612475955993178038429835446745904815582625929325696762379/27957630311019970969257498465111836110419903870618649054578774856293379999231592099401320166910568732419528573060557970082325545101352807901913534
33 30 4 24382491189407854541569261290069959084300128283578009730088860748061177947499993851074826774892470249258697202032615184845943133652005390213791577/139788151555099854846287492325559180552099519353093245272893874281466899996157960497006600834552843662097642865302789850411627725506764039509567670
33 31 2 125151759401458166719883151290112003724356659151660902921100948250078131585997670914636422829622969158227694700669791610061418894574714240892301/1996973593644283640661249890365131150744278847901332075327055346878098571373685149957237154779326338029966326647182712148737538935810914850136681
33 31 3 1871821834242825473941366739075019147019922188749671172405954398628020439787687479042600731949703368871738631946512920538676120041236200609244380/1996973593644283640661249890365131150744278847901332075327055346878098571373685149957237154779326338029966326647182712148737538935810914850136681
33 32 0 2220036707973761712853857333453482024960744747398112606839858720491626874364562999870528427819183867282371867031778764817778736161748932631351237/3993947187288567281322499780730262301488557695802664150654110693756197142747370299914474309558652676059932653294365424297475077871621829700273362
33 32 1 1773910479314805568468642447276780276527812948404551543814251973264570268382807300043945881739468808777560786262586659479696341709872897068922125/3993947187288567281322499780730262301488557695802664150654110693756197142747370299914474309558652676059932653294365424297475077871621829700273362
33 33 0 48288270616298176588913404147718127571489454863942551585314154009022265627166886376513438081779674082863819312149099205309758515157601169156959319/139788151555099854846287492325559180552099519353093245272893874281466899996157960497006600834552843662097642865302789850411627725506764039509567670
33 33 1 91499880938801678257374088177841052980610064489150693687579720272444634368991074120493162752773169579233823553153690645101869210349162870352608351/139788151555099854846287492325559180552099519353093245272893874281466899996157960497006600834552843662097642865302789850411627725506764039509567670
34 0 20 40517336447503844282407613204692828498374644649548220760706092035163217439039664094412629961528969330468711487109681285862603287269765950075515641/69894075777549927423143746162779590276049759676546622636446937140733449998078980248503300417276421831048821432651394925205813862753382019754783835
34 0 23 29376739330046083140736132958086761777675115026998401875740845105570232559039316154090670455747452500580109945541713639343210575483616069679268194/69894075777549927423143746162779590276049759676546622636446937140733449998078980248503300417276421831048821432651394925205813862753382019754783835
34 1 12 9488186246050815671172814906637849642825030070006100704287913908635277549544075204842849989031678017652888984910867012522151446265918394190816867/27957630311019970969257498465111836110419903870618649054578774856293379999231592099401320166910568732419528573060557970082325545101352807901913534
34 1 15 2969782861220786430604709185390266865392576143232188015647472354007494666178719832155080246606104658085930107188732314669108363139645054215622525/27957630311019970969257498465111836110419903870618649054578774856293379999231592099401320166910568732419528573060557970082325545101352807901913534
34 1 16 7749830601874184433739987186541859801101148828690180167321694296825303891754398531201694965636393028340354740480479321445532867847894679747737071/13978815155509985484628749232555918055209951935309324527289387428146689999615796049700660083455284366209764286530278985041162772550676403950956767
34 2 13 14171457850209232643715802323002789668522131682995224571275338148510206099588094694867463642295885843437506444862252229165363856371052622262697529/139788151555099854846287492325559180552099519353093245272893874281466899996157960497006600834552843662097642865302789850411627725506764039509567670
34 2 16 30537347684886311758371940107410921825901339398297178879995839236686160077630321944146203883387037871009885329508744092946067430474561373103861837/139788151555099854846287492325559180552099519353093245272893874281466899996157960497006600834552843662097642865302789850411627725506764039509567670
34 2 17 47539673010002155222099874947572734528838024135900420910811348448135266909469771928996466654434959973825125545465896764150098219330575022071504152/69894075777549927423143746162779590276049759676546622636446937140733449998078980248503300417276421831048821432651394925205813862753382019754783835
34 3 13 46357368312871229595550132247209939883414217450576492926409332269096002934688826482492296813897833365411031142570971835218776983979661723967499699/139788151555099854846287492325559180552099519353093245272893874281466899996157960497006600834552843662097642865302789850411627725506764039509567670
34 3 15 3352732651923395251374889585969249356716398504004624239452737526942133613921797937489962755914600505979006285297317274760566647020059227343051547/9984867968221418203306249451825655753721394239506660376635276734390492856868425749786185773896631690149831633235913560743687694679054574250683405
34 3 17 46492526115301091731488905874779749674655722846452012994146216635181026466563962889654825437850603212980523728569376168544917683246273132739346313/139788151555099854846287492325559180552099519353093245272893874281466899996157960497006600834552843662097642865302789850411627725506764039509567670
34 4 14 18128849961412228098268019358543325613220285888587529686036260857648607748413055156751776936878727748433385906173705326771845127243616904644976189/27957630311019970969257498465111836110419903870618649054578774856293379999231592099401320166910568732419528573060557970082325545101352807901913534
34 4 17 9828780349607742870989479106568510497199617982031119368542513998644772250818536942649543230031840983986142666886852643310480417857735903256937345/27957630311019970969257498465111836110419903870618649054578774856293379999231592099401320166910568732419528573060557970082325545101352807901913534
34 5 13 7020437042985477399584842091215776724574151656005951402975385496189468982435956267711760790110984738557304437949888030538854127624938308578967969/9984867968221418203306249451825655753721394239506660376635276734390492856868425749786185773896631690149831633235913560743687694679054574250683405
34 5 15 2964430925235940803721407360609879029147242583500708973659891238201023874432469482074424983785646951592527195286025530204833567054116265671715436/9984867968221418203306249451825655753721394239506660376635276734390492856868425749786185773896631690149831633235913560743687694679054574250683405
34 6 14 52128129496052518627475318792826936806453686977335208049389612362565641096720942284898701644047387204708449928241855774337059232266893013218792429/139788151555099854846287492325559180552099519353093245272893874281466899996157960497006600834552843662097642865302789850411627725506764039509567670
34 6 15 87660022059047336218812173532732243745645832375758037223504261918901258899437018212107899190505456457389192937060934076074568493239871026290775241/139788151555099854846287492325559180552099519353093245272893874281466899996157960497006600834552843662097642865302789850411627725506764039509567670
34 7 12 42568934842450778356038482390223175386729019714187572893147494293572266322313608540068839733216000120383098530331782722057114772556748420471153639/139788151555099854846287492325559180552099519353093245272893874281466899996157960497006600834552843662097642865302789850411627725506764039509567670
34 7 14 97219216712649076490249009935336005165370499638905672379746379987894633673844351956937761101336843541714544334971007128354512952950015619038414031/139788151555099854846287492325559180552099519353093245272893874281466899996157960497006600834552843662097642865302789850411627725506764039509567670
34 8 9 3684138010412590771608280851100864786684565847536786531717605688124571196214186960593151403151688142085158759285494074336467741733428379337224963/69894075777549927423143746162779590276049759676546622636446937140733449998078980248503300417276421831048821432651394925205813862753382019754783835
34 8 11 4553782576898686763538133177674653176103874047035022962192418154318137744448444314747760625423205499062955811721451596489768003434298889470882783/6354006888868175220285795105707235479640887243322420239676994285521222727098089113500300037934220166458983766604672265927801260250307456341343985
34 8 14 5965206833533951652917207106265005691436415442823861219761705504655825276215471433230602717043070426572613595188437899936044963192964324901639281/69894075777549927423143746162779590276049759676546622636446937140733449998078980248503300417276421831048821432651394925205813862753382019754783835
34 8 16 10153122587717830599698793250992534860786163868800722300851026250453538336716434392454179417426402772698535149241495389545853120049701531336208978/69894075777549927423143746162779590276049759676546622636446937140733449998078980248503300417276421831048821432651394925205813862753382019754783835
34 9 13 69326479927779918221934686489965246892610858342698285734354000961742440313467865744560065896641139011220108434025222721986924514712463612029028849/139788151555099854846287492325559180552099519353093245272893874281466899996157960497006600834552843662097642865302789850411627725506764039509567670
34 9 15 70461671627319936624352805835593933659488661010394959538539873319724459682690094752446534937911704650877534431277567128424703210794300427480538821/139788151555099854846287492325559180552099519353093245272893874281466899996157960497006600834552843662097642865302789850411627725506764039509567670
34 10 8 4588191351119736524052102244835091886320004964500470045481386010202983840432197046684754573704082305725094045736534637764298230709647425040922986/69894075777549927423143746162779590276049759676546622636446937140733449998078980248503300417276421831048821432651394925205813862753382019754783835
34 10 9 1941989444882344148130869095388292391285543193635357864173808442814580652878710254254373942283158027018393239413689165910280958561980418857948145/13978815155509985484628749232555918055209951935309324527289387428146689999615796049700660083455284366209764286530278985041162772550676403950956767
34 10 12 84971680893226577406822934644740266003236687187294661933969384490648619080497784417112962766102210985126803642785264761302663983929619625158276347/139788151555099854846287492325559180552099519353093245272893874281466899996157960497006600834552843662097642865302789850411627725506764039509567670
34 10 14 23660346240080503496353645136978517381912034065557575096292930221162638784507037802042174495683024306400202092852948940102892625320984444033496011/139788151555099854846287492325559180552099519353093245272893874281466899996157960497006600834552843662097642865302789850411627725506764039509567670
34 10 16 255984727072985941369801710028728948145535623488648950993070312110386792150164164193821500252786348893651664405461521437466506921706093165646789/13978815155509985484628749232555918055209951935309324527289387428146689999615796049700660083455284366209764286530278985041162772550676403950956767
34 11 8 18330963919861503331866631722294160571164752053271327870392162856189965801662520829042481135319013330533043204038811244290763500749628027765797359/139788151555099854846287492325559180552099519353093245272893874281466899996157960497006600834552843662097642865302789850411627725506764039509567670
34 11 11 6563126087956883106341281947554785923247244572732922440651653864802342184364142246491465743619245881202979656212390741585630016415705952319387034/9984867968221418203306249451825655753721394239506660376635276734390492856868425749786185773896631690149831633235913560743687694679054574250683405
34 11 12 5914684480768397605128582667499603411094668656312200646675711463608828722679489643416719857712877598944576894858101644784408798987450535854470367/27957630311019970969257498465111836110419903870618649054578774856293379999231592099401320166910568732419528573060557970082325545101352807901913534
34 12 12 56313824400957550892476101204434234999706648167133766547252468278372917002280653129185298899065802858549991143357352283317933570312716950146436409/139788151555099854846287492325559180552099519353093245272893874281466899996157960497006600834552843662097642865302789850411627725506764039509567670
34 12 16 83474327154142303953811391121124945552392871185959478725641406003093982993877307367821301935487040803547651721945437567093694155194047089363131261/139788151555099854846287492325559180552099519353093245272893874281466899996157960497006600834552843662097642865302789850411627725506764039509567670
34 13 7 5442499446324667223537333074485744891679038571849023819894714746629016616614974458167799058159204824721357571227626233905092694433158048380567585/13978815155509985484628749232555918055209951935309324527289387428146689999615796049700660083455284366209764286530278985041162772550676403950956767
34 13 10 8536315709185318261091416158070173163530913363460300707394672681517673383000821591532861025296079541488406715302652751136070078117518355570389182/13978815155509985484628749232555918055209951935309324527289387428146689999615796049700660083455284366209764286530278985041162772550676403950956767
34 14 9 357193489014245413034893853512423520719001308797460097890668422517329696031283061541982862589917239098284323881340334596862764552318363936510512/907715269838310745755113586529605068520126749046060034239570612217317532442584159071471433990602880922711966657810323703971608607186779477334855
34 14 10 550521780824065332720219733017181547801125440248599936348902189699987836411301097529488571400685641824427642776469989107108844054868415540824343/907715269838310745755113586529605068520126749046060034239570612217317532442584159071471433990602880922711966657810323703971608607186779477334855
34 15 6 539730070171117082431739037265938927346702066046292466872343194404647389898629815737731830097993892585726006114870257864211647242381040100064753/1815430539676621491510227173059210137040253498092120068479141224434635064885168318142942867981205761845423933315620647407943217214373558954669710
34 15 11 41757686999871835062317803847889363001481913978676203528888642183472890945302392159383736594783535665954305016232904385776032033883723674244011138/69894075777549927423143746162779590276049759676546622636446937140733449998078980248503300417276421831048821432651394925205813862753382019754783835
34 15 12 14713562152180169374407978760303157143439632310176318265946163945363269083358680366433776727440242601088130361991971223315266820075976603316559413/139788151555099854846287492325559180552099519353093245272893874281466899996157960497006600834552843662097642865302789850411627725506764039509567670
34 16 7 20881079904163373067224010559206032112378961736685888812368101637438459492632740053862755993390981459456126061367204487338538776775377376606536452/69894075777549927423143746162779590276049759676546622636446937140733449998078980248503300417276421831048821432651394925205813862753382019754783835
34 16 9 18028479995692088561664622483083243874755863977971155760095152118256420138017522337690434188241517388494364378648351592770553019785957955160593851/139788151555099854846287492325559180552099519353093245272893874281466899996157960497006600834552843662097642865302789850411627725506764039509567670
34 16 10 15999502350216204030034969744812774490517146380350062377612503777666712174574991610318130931905872670938205272784005856592799430434010266227180183/27957630311019970969257498465111836110419903870618649054578774856293379999231592099401320166910568732419528573060557970082325545101352807901913534
34 17 5 8735008101720189993941251128692785799264340288241121059081843650121051161036983107541986426024050730900749311575190305582640859147005514928429872/69894075777549927423143746162779590276049759676546622636446937140733449998078980248503300417276421831048821432651394925205813862753382019754783835
34 17 6 5122340650603265751401469476689540141093649012042379636427523182270568114001182668314304080897728497320143558449930759962671151454455075548390183/139788151555099854846287492325559180552099519353093245272893874281466899996157960497006600834552843662097642865302789850411627725506764039509567670
34 17 9 109509622901356592722744011350258210865705564916394617939363131492794392164587166681802384507922736472599200036870761007635054083987346638038470897/139788151555099854846287492325559180552099519353093245272893874281466899996157960497006600834552843662097642865302789850411627725506764039509567670
34 17 10 3843085899849808192129754620612928973385812424087002789469766153079918697747822465902969696842138615188400323415858735824310385885475648032923423/69894075777549927423143746162779590276049759676546622636446937140733449998078980248503300417276421831048821432651394925205813862753382019754783835
34 18 7 1
34 19 5 2865702033173061279965501043821483525522498890201670059087910905030340557045361029425017170904015492278385446251996689013397534594966481671289137/19969735936442836406612498903651311507442788479013320753270553468780985713736851499572371547793263380299663266471827121487375389358109148501366810
34 19 6 54820618976036310284720506969534567008095285918637096372757508784574960522567418464531059402158262578455807582204966163868759929779621990153476011/139788151555099854846287492325559180552099519353093245272893874281466899996157960497006600834552843662097642865302789850411627725506764039509567670
34 19 8 6490761834685211560180847804927422886534674120304445848652098916167955557427301482650042123606647263769313715933384686344908505356237667765706770/13978815155509985484628749232555918055209951935309324527289387428146689999615796049700660083455284366209764286530278985041162772550676403950956767
34 20 8 98328764071671188365696920629772475830682558118182570081884585600399597576637036510834867778915645804870595201815371978743349407887280361941077401/139788151555099854846287492325559180552099519353093245272893874281466899996157960497006600834552843662097642865302789850411627725506764039509567670
34 20 9 11852113225028702226800222628018013157373144203669281767277683017678979237835780605169724998985094025002722868765428091805289317021749802221108347/69894075777549927423143746162779590276049759676546622636446937140733449998078980248503300417276421831048821432651394925205813862753382019754783835
34 20 10 507290315239178915056860755421447954476304937930631761612969218448838398395696079309493801647628851634902912170187476801648562387885259232179245/3993947187288567281322499780730262301488557695802664150654110693756197142747370299914474309558652676059932653294365424297475077871621829700273362
34 21 4 31472552698041444359289931546105553683879905880341164494693551342439661096412824697435316467297205509543769125577553334737419849034781132247612223/69894075777549927423143746162779590276049759676546622636446937140733449998078980248503300417276421831048821432651394925205813862753382019754783835
34 21 7 2449927668646737577597366396381095079556264933569102421623072588991604845862362755647493735894860805818842677165766358865700300161127765486665208/9984867968221418203306249451825655753721394239506660376635276734390492856868425749786185773896631690149831633235913560743687694679054574250683405
34 21 9 21272029398981320020672249842006371035275999261221741190391877675352554980629616261535527798715190680773153566913477078408491912590706529100515156/69894075777549927423143746162779590276049759676546622636446937140733449998078980248503300417276421831048821432651394925205813862753382019754783835
34 22 5 2984540443533264679112518786223806035984093827934464064828620587055442358171339384850723275552893604908266437067062116667959641823086709780920354/13978815155509985484628749232555918055209951935309324527289387428146689999615796049700660083455284366209764286530278985041162772550676403950956767
34 22 6 12552060118740172995693027241972035214691080683432037379617270090204980099156491107073960008593084674713294536991026884609022678876285304913645292/69894075777549927423143746162779590276049759676546622636446937140733449998078980248503300417276421831048821432651394925205813862753382019754783835
34 22 8 42419313441143431031888124989688524881438209853442264932686564115251258108065792217175724030918869131794194710325057457256992974761663165936536773/69894075777549927423143746162779590276049759676546622636446937140733449998078980248503300417276421831048821432651394925205813862753382019754783835
34 23 4 10541199445653687683229250323934790467563433808368297634724378444207530575748981447477687550912271625327092326605516791306074047545454456813551785/13978815155509985484628749232555918055209951935309324527289387428146689999615796049700660083455284366209764286530278985041162772550676403950956767
34 23 5 3437615709856297801399498908621127587646518126941026892565008983939159423866814602222972532543012740882671959924762193735088725005221947137404982/13978815155509985484628749232555918055209951935309324527289387428146689999615796049700660083455284366209764286530278985041162772550676403950956767
34 24 5 13792288395771205640777161987813605117295751954607355660178001737019295145283195624574494074969839546383774685934873889094350136288009203435650997/139788151555099854846287492325559180552099519353093245272893874281466899996157960497006600834552843662097642865302789850411627725506764039509567670
34 24 6 125995863159328649205510330337745575434803767398485889612715872544447604850874764872432106759583004115713868179367915961317277589218754836073916673/139788151555099854846287492325559180552099519353093245272893874281466899996157960497006600834552843662097642865302789850411627725506764039509567670
34 25 2 4361640651650054059883961675505512270838154558910769816768459414039571486409243084737758982741684234909905306786577928680093698380605333438990336/69894075777549927423143746162779590276049759676546622636446937140733449998078980248503300417276421831048821432651394925205813862753382019754783835
34 25 4 1468237286004709254096412001561814766164410123014581545409939880634427814597135439086276929040014375367310073465589601973862383913933878094907883/1996973593644283640661249890365131150744278847901332075327055346878098571373685149957237154779326338029966326647182712148737538935810914850136681
34 25 6 11490098748143277915495108866498524191819779114394933032413883604158330070808853331433993091088170189059021106230668883307364753636581825005401273/69894075777549927423143746162779590276049759676546622636446937140733449998078980248503300417276421831048821432651394925205813862753382019754783835
34 25 7 2654031367591771554390255566112036997637471697730565697916698300330574929961143464311855827046064269224042448338512044133171973748509127988616321/69894075777549927423143746162779590276049759676546622636446937140733449998078980248503300417276421831048821432651394925205813862753382019754783835
34 26 3 70794758073635868293638665484639241534468082283921161602080469363096899967930477051274221858613843081234214979697438514849256579973086714373807593/139788151555099854846287492325559180552099519353093245272893874281466899996157960497006600834552843662097642865302789850411627725506764039509567670
34 26 4 317760432140123505259377030678718080557687325356986634271925649843787705532400434886559563073492935718941886964976253987130951831601996431754848/9984867968221418203306249451825655753721394239506660376635276734390492856868425749786185773896631690149831633235913560743687694679054574250683405
34 26 5 12908949486300451495803509682283577177964762902834854158201289164111394430154775471464109018582019896159648293619136755948507563978249875018238441/27957630311019970969257498465111836110419903870618649054578774856293379999231592099401320166910568732419528573060557970082325545101352807901913534
34 27 0 44294323429009609307590904366987865270000897168139887434660043315266068484419516076598963772221021406803886658854733781012283437285979339456685957/139788151555099854846287492325559180552099519353093245272893874281466899996157960497006600834552843662097642865302789850411627725506764039509567670
34 27 5 95493828126090245538696587958571315282098622184953357838233830966200831511738444420407637062331822255293756206448056069399344288220784700052881713/139788151555099854846287492325559180552099519353093245272893874281466899996157960497006600834552843662097642865302789850411627725506764039509567670
34 28 1 32257236491558508118243686016286096102345824876748018709812004544646751119441918035935588197596078847400106265778386775400614074430969630211817442/69894075777549927423143746162779590276049759676546622636446937140733449998078980248503300417276421831048821432651394925205813862753382019754783835
34 28 3 37636839285991419304900060146493494173703934799798603926634932596086698878637062212567712219680342983648715166873008149805199788322412389542966393/69894075777549927423143746162779590276049759676546622636446937140733449998078980248503300417276421831048821432651394925205813862753382019754783835
34 29 2 10253066583921771862858599857544197834712658060711134698729959968011870254536622022615888331372718983811058096637106948232555769939333495011903131/12708013777736350440571590211414470959281774486644840479353988571042445454196178227000600075868440332917967533209344531855602520500614912682687970
34 29 3 2454947193814578577712990353870273124569116425933705780624028603030575199659556204384711744495721349106909436572237583623046750561281417670784839/12708013777736350440571590211414470959281774486644840479353988571042445454196178227000600075868440332917967533209344531855602520500614912682687970
34 30 2 338896830997888942666515337503366509104775190104532290181589869099053836982264813886812263294847935478817626397542216438172888774153317072991630/1270801377773635044057159021141447095928177448664484047935398857104244545419617822700060007586844033291796753320934453185560252050061491268268797
34 30 3 931904546775746101390643683638080586823402258559951757753808988005190708437353008813247744291996097812979126923392236747387363275908174195277167/1270801377773635044057159021141447095928177448664484047935398857104244545419617822700060007586844033291796753320934453185560252050061491268268797
34 31 1 5022608841814054805255263852802244961525061992418182802464873184912880555163798707694827295056221641433980421280085313218525459822415582767319777/6354006888868175220285795105707235479640887243322420239676994285521222727098089113500300037934220166458983766604672265927801260250307456341343985
34 31 2 1331398047054120415030531252904990518115825250904237437212121100608342171934290405805472742877998525025003345324586952709275800427891873574024208/6354006888868175220285795105707235479640887243322420239676994285521222727098089113500300037934220166458983766604672265927801260250307456341343985
34 32 1 52282217803586743870235903928448389872978012559745215735968264702778462769914256676427912391338326758923751965443464629607233593029222998857232681/139788151555099854846287492325559180552099519353093245272893874281466899996157960497006600834552843662097642865302789850411627725506764039509567670
34 32 2 87505933751513110976051588397110790679121506793348029536925609578688437226243703820578688443214516903173890899859325220804394132477541040652334989/139788151555099854846287492325559180552099519353093245272893874281466899996157960497006600834552843662097642865302789850411627725506764039509567670
34 33 0 91499880938801678257374088177841052980610064489150693687579720272444634368991074120493162752773169579233823553153690645101869210349162870352608351/139788151555099854846287492325559180552099519353093245272893874281466899996157960497006600834552843662097642865302789850411627725506764039509567670
34 33 1 48288270616298176588913404147718127571489454863942551585314154009022265627166886376513438081779674082863819312149099205309758515157601169156959319/139788151555099854846287492325559180552099519353093245272893874281466899996157960497006600834552843662097642865302789850411627725506764039509567670
34 34 0 1
