# exact hook decomposition of the 25-box: a s i value
0 0 0 1/25
0 0 1 1/25
0 0 2 1/25
0 0 3 1/25
0 0 4 1/25
0 0 5 1/25
0 0 6 1/25
0 0 7 1/25
0 0 8 1/25
0 0 9 1/25
0 0 10 1/25
0 0 11 1/25
0 0 12 1/25
0 0 13 1/25
0 0 14 1/25
0 0 15 1/25
0 0 16 1/25
0 0 17 1/25
0 0 18 1/25
0 0 19 1/25
0 0 20 1/25
0 0 21 1/25
0 0 22 1/25
0 0 23 1/25
0 0 24 1/25
1 0 2 3/25
1 0 5 3/25
1 0 10 3/25
1 0 11 3/25
1 0 12 2/25
1 0 13 2/25
1 0 22 3/25
1 0 23 3/25
1 0 24 3/25
1 1 0 3/25
1 1 3 3/25
1 1 6 3/25
1 1 8 3/25
1 1 12 1/25
1 1 14 3/25
1 1 16 3/25
1 1 18 3/25
1 1 20 3/25
2 0 6 930536650026684892331355097062196183334152187489322352541413298/14354788816759299023519793540573191990723591996332993437900426625
2 0 7 1/5
2 0 9 1940421113325174912372603611052442214810566211777276335038672027/14354788816759299023519793540573191990723591996332993437900426625
2 0 10 1/5
2 0 15 1/5
2 0 20 1/5
2 1 0 2405689438338517358538281159583540306477642305521937511309378676/14354788816759299023519793540573191990723591996332993437900426625
2 1 2 2405689438338517358538281159583540306477642305521937511309378676/14354788816759299023519793540573191990723591996332993437900426625
2 1 4 1/5
2 1 8 930536650026684892331355097062196183334152187489322352541413298/14354788816759299023519793540573191990723591996332993437900426625
2 1 21 1/5
2 1 23 1/5
2 2 0 465268325013342446165677548531098091667076093744661176270706649/14354788816759299023519793540573191990723591996332993437900426625
2 2 1 465268325013342446165677548531098091667076093744661176270706649/14354788816759299023519793540573191990723591996332993437900426625
2 2 6 1940421113325174912372603611052442214810566211777276335038672027/14354788816759299023519793540573191990723591996332993437900426625
2 2 11 1/5
2 2 12 1/5
2 2 16 1/5
2 2 17 1/5
3 0 0 1402209387131369579528681426504765472729941818574682334278749871/14354788816759299023519793540573191990723591996332993437900426625
3 0 1 1402209387131369579528681426504765472729941818574682334278749871/14354788816759299023519793540573191990723591996332993437900426625
3 0 12 7/25
3 0 15 5059078682776738385438614280196242539277959613513000364154851891/28709577633518598047039587081146383981447183992665986875800853250
3 0 17 392859585489193287428815665897820904327806813792260904816504811/5741915526703719609407917416229276796289436798533197375160170650
3 0 23 7/25
3 1 0 4351220190370141057450375142067097993309758841095170956590989611/28709577633518598047039587081146383981447183992665986875800853250
3 1 1 883042772752327236663346387644358576035569039701940700075749557/28709577633518598047039587081146383981447183992665986875800853250
3 1 2 7155638964632880216507737995076628938769642478244535625148489353/28709577633518598047039587081146383981447183992665986875800853250
3 1 4 7/25
3 1 7 3208105021893382288347865391828933317715213202863694478605701557/28709577633518598047039587081146383981447183992665986875800853250
3 1 14 1357131361010026191257116503461624096152466792214388593056551223/28709577633518598047039587081146383981447183992665986875800853250
3 1 16 3715757585474633603642061278346753544659322120599780197099133039/28709577633518598047039587081146383981447183992665986875800853250
3 2 6 811235846799221438237676799531560439687392556109543684006417898/14354788816759299023519793540573191990723591996332993437900426625
3 2 8 3208105021893382288347865391828933317715213202863694478605701557/28709577633518598047039587081146383981447183992665986875800853250
3 2 9 811235846799221438237676799531560439687392556109543684006417898/14354788816759299023519793540573191990723591996332993437900426625
3 2 11 3208105021893382288347865391828933317715213202863694478605701557/14354788816759299023519793540573191990723591996332993437900426625
3 2 13 811235846799221438237676799531560439687392556109543684006417898/14354788816759299023519793540573191990723591996332993437900426625
3 2 14 4322924151910573849529023104374233970145889397346696128125105871/28709577633518598047039587081146383981447183992665986875800853250
3 2 18 7/25
3 2 19 185624159774734124986982262137499990522608813212446888259589641/5741915526703719609407917416229276796289436798533197375160170650
3 2 22 185624159774734124986982262137499990522608813212446888259589641/5741915526703719609407917416229276796289436798533197375160170650
3 3 0 883042772752327236663346387644358576035569039701940700075749557/28709577633518598047039587081146383981447183992665986875800853250
3 3 6 3208105021893382288347865391828933317715213202863694478605701557/14354788816759299023519793540573191990723591996332993437900426625
3 3 7 4830576715491825164823218990892054197089998315082781846618537353/28709577633518598047039587081146383981447183992665986875800853250
3 3 14 1179313112232303706192472387442564724253427664192695802021290908/14354788816759299023519793540573191990723591996332993437900426625
3 3 19 1422112187702307365647234614406697512438433490376848376785258141/5741915526703719609407917416229276796289436798533197375160170650
3 3 21 1422112187702307365647234614406697512438433490376848376785258141/5741915526703719609407917416229276796289436798533197375160170650
4 0 5 9/25
4 0 8 1504060599032408809028769473357008944086965428826978387021301212/14354788816759299023519793540573191990723591996332993437900426625
4 0 12 1796003391731832127534822822439870121886658863846923190178410891/28709577633518598047039587081146383981447183992665986875800853250
4 0 20 3145284632777775431411119185313397378203143316041314860505119523/14354788816759299023519793540573191990723591996332993437900426625
4 0 21 60479299583097672990253895547932658634311630275425485938206976/574191552670371960940791741622927679628943679853319737516017065
4 0 22 4255470850944818492178040814756370049943739887951447618370944919/28709577633518598047039587081146383981447183992665986875800853250
4 1 0 9/25
4 1 2 1214554469480782829818370819202780255564343741073846128968950687/14354788816759299023519793540573191990723591996332993437900426625
4 1 8 3663663375000938839438356201249340172573527689852899250622852373/14354788816759299023519793540573191990723591996332993437900426625
4 1 11 3663663375000938839438356201249340172573527689852899250622852373/14354788816759299023519793540573191990723591996332993437900426625
4 1 23 645183623243290866357584644265382273351699756873471170041617607/14354788816759299023519793540573191990723591996332993437900426625
4 2 2 3953169504552564818648754855403568861096149377606031508675202898/14354788816759299023519793540573191990723591996332993437900426625
4 2 4 1214554469480782829818370819202780255564343741073846128968950687/14354788816759299023519793540573191990723591996332993437900426625
4 2 13 3663663375000938839438356201249340172573527689852899250622852373/14354788816759299023519793540573191990723591996332993437900426625
4 2 14 846950748711831556426315118843298005569589147460101001058736047/5741915526703719609407917416229276796289436798533197375160170650
4 2 16 2444288199087276012139979815361030219592884253126108343065217701/14354788816759299023519793540573191990723591996332993437900426625
4 2 17 645183623243290866357584644265382273351699756873471170041617607/14354788816759299023519793540573191990723591996332993437900426625
4 2 22 633105547229733532101918815965690389242028618300769067759490483/28709577633518598047039587081146383981447183992665986875800853250
4 3 3 2449108905520156009619985382046559917009183948779053121653901686/14354788816759299023519793540573191990723591996332993437900426625
4 3 6 1504060599032408809028769473357008944086965428826978387021301212/14354788816759299023519793540573191990723591996332993437900426625
4 3 7 3663663375000938839438356201249340172573527689852899250622852373/14354788816759299023519793540573191990723591996332993437900426625
4 3 10 1504060599032408809028769473357008944086965428826978387021301212/14354788816759299023519793540573191990723591996332993437900426625
4 3 14 1220138840901507502960535150999241641094608100011850053998925387/5741915526703719609407917416229276796289436798533197375160170650
4 3 21 4367096471839235598005150266130339820460858500034918313167513349/28709577633518598047039587081146383981447183992665986875800853250
4 4 3 1504060599032408809028769473357008944086965428826978387021301212/14354788816759299023519793540573191990723591996332993437900426625
4 4 11 1504060599032408809028769473357008944086965428826978387021301212/14354788816759299023519793540573191990723591996332993437900426625
4 4 12 1212117806332985490522716124274147766287271993807033583864191533/28709577633518598047039587081146383981447183992665986875800853250
4 4 17 2944386497072576049416406305685725481144546223553562665210445021/28709577633518598047039587081146383981447183992665986875800853250
4 4 18 2723435774946071636327145859245318897067608865553769294578935884/14354788816759299023519793540573191990723591996332993437900426625
4 4 19 4522540350790056782109541030340966843308793361806406467602535978/14354788816759299023519793540573191990723591996332993437900426625
4 4 20 2022439341255572217056006489292951738457349802638562777139034062/14354788816759299023519793540573191990723591996332993437900426625
5 0 0 4432684930807815401261080413732786511958617077904787297385238214/14354788816759299023519793540573191990723591996332993437900426625
5 0 2 700636059445479666666532871510257412524024352213567854654264913/2870957763351859804703958708114638398144718399266598687580085325
5 0 4 3607029022376597419141068167808281766938885525161406493283315141/28709577633518598047039587081146383981447183992665986875800853250
5 0 13 12/125
5 0 20 6474698702253787746195229010979902203131891126263392501127530639/28709577633518598047039587081146383981447183992665986875800853250
5 1 1 3607029022376597419141068167808281766938885525161406493283315141/28709577633518598047039587081146383981447183992665986875800853250
5 1 2 2018824541916789054891021432793553059657631909475949185526411159/28709577633518598047039587081146383981447183992665986875800853250
5 1 8 5785668839049341393066278921032388987577158710439408816108310161/28709577633518598047039587081146383981447183992665986875800853250
5 1 12 619168516892252487786822713728896304683796219684708927311397513/28709577633518598047039587081146383981447183992665986875800853250
5 1 13 4090425866881056335115339034881967102040672583037690669167183357/28709577633518598047039587081146383981447183992665986875800853250
5 1 19 4090425866881056335115339034881967102040672583037690669167183357/28709577633518598047039587081146383981447183992665986875800853250
5 1 21 1/50
5 1 23 69/250
5 2 5 11/25
5 2 9 6846545319698841747631139394672019964259602246333625409244065269/28709577633518598047039587081146383981447183992665986875800853250
5 2 21 41/250
5 2 22 2261223711587261539498268544730974046196741307381052696786536309/14354788816759299023519793540573191990723591996332993437900426625
5 3 0 1883422148566276169087628744119417963959763400481729815290949501/14354788816759299023519793540573191990723591996332993437900426625
5 3 1 9025185136371585721556350147896127184897875431611627732069060289/28709577633518598047039587081146383981447183992665986875800853250
5 3 10 2583250161078544452639728103651746341446681245377349944398456324/14354788816759299023519793540573191990723591996332993437900426625
5 3 15 46/125
5 3 21 37184661744505400143591038369211776112771112007023290811653463/5741915526703719609407917416229276796289436798533197375160170650
5 4 6 3732856918295547117708981054200458134471699233009167168277731391/14354788816759299023519793540573191990723591996332993437900426625
5 4 12 12013045641855930652910595601975512647152964737088325298040977917/28709577633518598047039587081146383981447183992665986875800853250
5 4 17 7163728565458234099324179100927415418686623542087376186146751117/28709577633518598047039587081146383981447183992665986875800853250
5 4 18 9/125
5 5 3 6846545319698841747631139394672019964259602246333625409244065269/28709577633518598047039587081146383981447183992665986875800853250
5 5 6 2583250161078544452639728103651746341446681245377349944398456324/14354788816759299023519793540573191990723591996332993437900426625
5 5 11 619168516892252487786822713728896304683796219684708927311397513/28709577633518598047039587081146383981447183992665986875800853250
5 5 14 8541788291867126805582079280822441849796088373735343556185192073/28709577633518598047039587081146383981447183992665986875800853250
5 5 15 9/125
5 5 17 5468485593289949041373239214776993533150137414685658039205624313/28709577633518598047039587081146383981447183992665986875800853250
6 0 3 6306719112074364797131827210367575008385969072703732005712202413/14354788816759299023519793540573191990723591996332993437900426625
6 0 14 872794760314170979722532783859200755349487978316727120933623676/2870957763351859804703958708114638398144718399266598687580085325
6 0 21 3684095903114079327775302410909613205590183032045625827520105832/14354788816759299023519793540573191990723591996332993437900426625
6 1 1 5242746103172234724427713152297485428502390941311201419811924241/28709577633518598047039587081146383981447183992665986875800853250
6 1 3 1157771072640470695098465430730484826790298765389424581996019432/14354788816759299023519793540573191990723591996332993437900426625
6 1 11 603924959330690813892179278950896712390800795733373342423821088/2870957763351859804703958708114638398144718399266598687580085325
6 1 18 6633016749388518308928489762752397875147579762175452165542374679/28709577633518598047039587081146383981447183992665986875800853250
6 1 22 1129607170741290375447819588276596424193064548341069261104063526/14354788816759299023519793540573191990723591996332993437900426625
6 1 23 3109904350443707366834510669286685525961239352192306090004088767/14354788816759299023519793540573191990723591996332993437900426625
6 2 15 13/25
6 2 18 3109904350443707366834510669286685525961239352192306090004088767/14354788816759299023519793540573191990723591996332993437900426625
6 2 19 555415618070918414507027846653668744564120868487749523588046461/14354788816759299023519793540573191990723591996332993437900426625
6 2 21 3224978663529837749947962383534777885021963937559781236600069552/14354788816759299023519793540573191990723591996332993437900426625
6 3 7 2392264920356380017810713449119300005965871179792355092871902311/28709577633518598047039587081146383981447183992665986875800853250
6 3 8 5242746103172234724427713152297485428502390941311201419811924241/28709577633518598047039587081146383981447183992665986875800853250
6 3 10 1704239362447018222591916049318095886303607596421281930322224536/14354788816759299023519793540573191990723591996332993437900426625
6 3 13 10480955501196631013099288554957022468294992501684504539774601537/28709577633518598047039587081146383981447183992665986875800853250
6 3 19 7185132383899315846518039826136384306076714177035361962697976089/28709577633518598047039587081146383981447183992665986875800853250
6 4 0 2467432685340552991317988938824624571370698558904557807875845197/28709577633518598047039587081146383981447183992665986875800853250
6 4 1 9686234266257436260032872129898634241850144734875111755604519449/28709577633518598047039587081146383981447183992665986875800853250
6 4 5 347856439636268508391242118659319773325649581335838061400785143/14354788816759299023519793540573191990723591996332993437900426625
6 4 6 2467432685340552991317988938824624571370698558904557807875845197/28709577633518598047039587081146383981447183992665986875800853250
6 4 7 3646984672950528121111079340389667117942136777541378331366308569/28709577633518598047039587081146383981447183992665986875800853250
6 4 18 518304387907367207842804776133722656916074613983502027434249198/14354788816759299023519793540573191990723591996332993437900426625
6 4 20 4354585834271128125395781971811374309215028485900850497704133078/14354788816759299023519793540573191990723591996332993437900426625
6 5 4 4016117361934586390221421800636684003421790310247797543267333237/14354788816759299023519793540573191990723591996332993437900426625
6 5 5 909406644779939541529045782995769176370218355727905059402070791/5741915526703719609407917416229276796289436798533197375160170650
6 5 7 888973077612276284553879249268715254644452771885257975117823281/2870957763351859804703958708114638398144718399266598687580085325
6 5 9 620103276628796118723525744360411211685765589301904196608020693/2870957763351859804703958708114638398144718399266598687580085325
6 5 13 1039546143339003526177464628602905429450327981659244774997393081/28709577633518598047039587081146383981447183992665986875800853250
6 6 0 12461547684089117993142596343371495098981837117281755367540598493/28709577633518598047039587081146383981447183992665986875800853250
6 6 2 9686234266257436260032872129898634241850144734875111755604519449/28709577633518598047039587081146383981447183992665986875800853250
6 6 4 422754162987800764500564376127431487711531793201462223402778631/5741915526703719609407917416229276796289436798533197375160170650
6 6 16 4448024868233039971361296727239097202057543174501808635641842153/28709577633518598047039587081146383981447183992665986875800853250
7 0 4 538986661049056890961886939808128292675358574975845487826341844/2870957763351859804703958708114638398144718399266598687580085325
7 0 9 178948626308257772322546111596153873058108933841011762029250077/14354788816759299023519793540573191990723591996332993437900426625
7 0 21 4785338122745495376613412235243054224597420501613014314062696584/14354788816759299023519793540573191990723591996332993437900426625
7 0 22 6695568762460261419774400494693342429691269685999739922676770744/14354788816759299023519793540573191990723591996332993437900426625
7 1 0 5766381302382495209933647820961941064087492224047267196206696727/28709577633518598047039587081146383981447183992665986875800853250
7 1 1 414746715187610023679619191288483415605082410688280977348459518/14354788816759299023519793540573191990723591996332993437900426625
7 1 9 4655314081708504954180638317409704243701790213530010075154667049/14354788816759299023519793540573191990723591996332993437900426625
7 1 13 1150815500218566386925015227336515510015265206822388016345668847/14354788816759299023519793540573191990723591996332993437900426625
7 1 14 4063124996370667321826265133272024997437744810595706983038653683/28709577633518598047039587081146383981447183992665986875800853250
7 1 19 3219159370268036392854564327421505790638835647970827279428956006/14354788816759299023519793540573191990723591996332993437900426625
7 2 3 19050435447722515382413375703633867289765717259204625041403370/114838310534074392188158348324585535925788735970663947503203413
7 2 8 3957559208347074459931237806934210950732364984269785987585588926/14354788816759299023519793540573191990723591996332993437900426625
7 2 14 4188390010136826103288419881583886658933777658475847571461857058/14354788816759299023519793540573191990723591996332993437900426625
7 2 18 584987862028996911596626289794520429658800990103085400222049998/2870957763351859804703958708114638398144718399266598687580085325
7 2 19 902595857165099479515332440128258821542729745671354747567309401/14354788816759299023519793540573191990723591996332993437900426625
7 3 1 10629871847353443570930866045148922493570653350175762974576896187/28709577633518598047039587081146383981447183992665986875800853250
7 3 2 4419515992829152702823565237717374701154816736682740859835457608/14354788816759299023519793540573191990723591996332993437900426625
7 3 11 2484210563029706525970616897575001053532479854407413966826806457/28709577633518598047039587081146383981447183992665986875800853250
7 3 12 90658461718717342852471076504250673544640741368647421250573541/2870957763351859804703958708114638398144718399266598687580085325
7 3 21 584987862028996911596626289794520429658800990103085400222049998/2870957763351859804703958708114638398144718399266598687580085325
7 4 0 1206008122267146347674016805457624968544071295665374272640197323/28709577633518598047039587081146383981447183992665986875800853250
7 4 3 249262754363610599652408166455587271328537621615968717302593389/574191552670371960940791741622927679628943679853319737516017065
7 4 8 4655314081708504954180638317409704243701790213530010075154667049/14354788816759299023519793540573191990723591996332993437900426625
7 4 11 3483878692077565162649464395172538615495757949090215085407052437/28709577633518598047039587081146383981447183992665986875800853250
7 4 12 1122962468788173322867210461458724171788446620025970751157299971/14354788816759299023519793540573191990723591996332993437900426625
7 5 6 103050997022050258671790154599306782829896314607305344754570093/2870957763351859804703958708114638398144718399266598687580085325
7 5 7 19050435447722515382413375703633867289765717259204625041403370/114838310534074392188158348324585535925788735970663947503203413
7 5 11 3301520811130579987956245781301304363711930919297977740121098946/14354788816759299023519793540573191990723591996332993437900426625
7 5 15 2468774609642558463274180347949807255501314599313541782201049979/14354788816759299023519793540573191990723591996332993437900426625
7 5 18 1137586795982118971225748935074262609228030049456873812326001197/2870957763351859804703958708114638398144718399266598687580085325
7 6 0 205067143109230345412321752445365287124734937517739013132672358/574191552670371960940791741622927679628943679853319737516017065
7 6 5 1812052866261112288486638923672307082058623803716477072729377117/14354788816759299023519793540573191990723591996332993437900426625
7 6 13 4491118062622443541741979356794150582252589804157614035743990568/14354788816759299023519793540573191990723591996332993437900426625
7 6 17 584987862028996911596626289794520429658800990103085400222049998/2870957763351859804703958708114638398144718399266598687580085325
7 7 2 3778610582038816687608691695338057077674256050428774225556338849/14354788816759299023519793540573191990723591996332993437900426625
7 7 6 594187945442913897088976308042649820433260037363958802130119312/2870957763351859804703958708114638398144718399266598687580085325
7 7 15 1917304527595317994337475629650572764742885511800056140063485231/14354788816759299023519793540573191990723591996332993437900426625
7 7 17 1137586795982118971225748935074262609228030049456873812326001197/2870957763351859804703958708114638398144718399266598687580085325
8 0 2 2469661071462512351058216075533159095167447219174309743581449419/28709577633518598047039587081146383981447183992665986875800853250
8 0 6 328629034624046249074321056142546095257356713419349275909012601/28709577633518598047039587081146383981447183992665986875800853250
8 0 7 1844167710021075675755375818315474935235906183006120472585690797/28709577633518598047039587081146383981447183992665986875800853250
8 0 11 8888332832649704743188345966908668836176247003784414616117613997/28709577633518598047039587081146383981447183992665986875800853250
8 0 17 1314365168510701032277899611064922822282996140191232976791556689/28709577633518598047039587081146383981447183992665986875800853250
8 0 19 3573381733940840565006247494917479667695514127874369463115187208/14354788816759299023519793540573191990723591996332993437900426625
8 0 23 6717658348368876865672933563346652861936202477341820864585155331/28709577633518598047039587081146383981447183992665986875800853250
8 1 5 15904723191094828240725601429313495735999301354994936664841428371/28709577633518598047039587081146383981447183992665986875800853250
8 1 22 12804854442423769806313985651832888245447882637671050210959424879/28709577633518598047039587081146383981447183992665986875800853250
8 2 9 1270993521819166616449670413615169542183769602834350769583454/14354788816759299023519793540573191990723591996332993437900426625
8 2 12 1350123724272301558008727765826826084771700893591526857219560188/14354788816759299023519793540573191990723591996332993437900426625
8 2 13 2334234196819098114473818257309779863258948458187740808742487669/5741915526703719609407917416229276796289436798533197375160170650
8 2 16 3608806525029499732038814822019768327080645107670584819179415481/28709577633518598047039587081146383981447183992665986875800853250
8 2 17 2458855708460693021864875913558148562522534055406842918542925957/14354788816759299023519793540573191990723591996332993437900426625
8 2 22 2904549635941990124825787136490268352199479578427144879922430113/14354788816759299023519793540573191990723591996332993437900426625
8 3 0 1381697811544861353602750208484004933431116603393476200876479566/14354788816759299023519793540573191990723591996332993437900426625
8 3 2 143909466307271839193144141703884568887904896300478064541999198/14354788816759299023519793540573191990723591996332993437900426625
8 3 12 1521724415780387295974449791313462304056534111012832802937752527/14354788816759299023519793540573191990723591996332993437900426625
8 3 13 1072871976391948043285523276737022029301904287654364567580257947/14354788816759299023519793540573191990723591996332993437900426625
8 3 17 9273051999314331478813806591478342888449971616262827381499592873/28709577633518598047039587081146383981447183992665986875800853250
8 3 21 11196118294155329504114045653191293421642292579680856222428281901/28709577633518598047039587081146383981447183992665986875800853250
8 4 0 824352848750128704270258517566266216350185419928360227337856012/14354788816759299023519793540573191990723591996332993437900426625
8 4 9 5705597853913260013046781375156597732485534248765437896671625971/28709577633518598047039587081146383981447183992665986875800853250
8 4 14 15913706265763146939948104393159772780303440007342286256365164729/28709577633518598047039587081146383981447183992665986875800853250
8 4 16 2720783908170966842752092138848740517978919448350771134044175263/14354788816759299023519793540573191990723591996332993437900426625
8 5 0 3329970667083274752875029502458276233608973967416978281619153443/28709577633518598047039587081146383981447183992665986875800853250
8 5 4 571064006386205958323599519616845362617126026164564234166974787/2870957763351859804703958708114638398144718399266598687580085325
8 5 12 2008692103023114058582730592759989135803024623872562440083789367/14354788816759299023519793540573191990723591996332993437900426625
8 5 15 4807892975136381507668928346003717182976274602048501425956636811/28709577633518598047039587081146383981447183992665986875800853250
8 5 16 8326394496637317167872873561988247685741792535332014853116298309/28709577633518598047039587081146383981447183992665986875800853250
8 5 19 2517295224753336918221299289007710981342833378477725093271438083/28709577633518598047039587081146383981447183992665986875800853250
8 6 1 17678345080771570996231543396864066172148178932006750602958889413/28709577633518598047039587081146383981447183992665986875800853250
8 6 2 7742071987673254868621046954558818533171578014060651138047824599/28709577633518598047039587081146383981447183992665986875800853250
8 6 6 1644580282536886091093498364861749638063713523299292567397069619/14354788816759299023519793540573191990723591996332993437900426625
8 7 2 3129782587976306533357933742355892237203508441195000831539174332/14354788816759299023519793540573191990723591996332993437900426625
8 7 3 8379558583851461982390709399105765620260925954112959336895810539/14354788816759299023519793540573191990723591996332993437900426625
8 7 4 2845447644931530507771150399111534133259157601025033269465441754/14354788816759299023519793540573191990723591996332993437900426625
8 8 0 11780440803119391803365872260620722574212507100952219937496755611/28709577633518598047039587081146383981447183992665986875800853250
8 8 1 1844167710021075675755375818315474935235906183006120472585690797/28709577633518598047039587081146383981447183992665986875800853250
8 8 2 1381697811544861353602750208484004933431116603393476200876479566/14354788816759299023519793540573191990723591996332993437900426625
8 8 4 3236135869783634332334053092827743390997069405730220870134118404/14354788816759299023519793540573191990723591996332993437900426625
8 8 11 4940742681236242580023373109220573665605155369972721218956915797/28709577633518598047039587081146383981447183992665986875800853250
8 8 14 181711815296979323204271858073223231507448664097506220948059021/5741915526703719609407917416229276796289436798533197375160170650
9 0 1 6340693661707291535505572769044480598000381240299016511530771733/14354788816759299023519793540573191990723591996332993437900426625
9 0 6 8014095155052007488014220771528711392723210756033976926369654892/14354788816759299023519793540573191990723591996332993437900426625
9 1 1 7378459702621914986487352097902792436969169293558878927387655691/28709577633518598047039587081146383981447183992665986875800853250
9 1 10 3322335539424712969681430707972288889322723046971182353545709963/14354788816759299023519793540573191990723591996332993437900426625
9 1 15 6776969245283512726309064821621118847228566901917239307418947613/28709577633518598047039587081146383981447183992665986875800853250
9 1 18 790947760676374439488030874567789491860400170324750393390283002/2870957763351859804703958708114638398144718399266598687580085325
9 2 5 73871500182867188214023871027650491606965524953783047396586318/574191552670371960940791741622927679628943679853319737516017065
9 2 18 159836181145055206029415367404630378759952395527534224018144444/2870957763351859804703958708114638398144718399266598687580085325
9 2 19 278196027894207802417395548719867138145917162623572921834116369/574191552670371960940791741622927679628943679853319737516017065
9 2 22 950783941821429645517446241972419870620352565852284617408427446/2870957763351859804703958708114638398144718399266598687580085325
9 3 3 2198603146155556272860593953803816201740432580628848002556863363/14354788816759299023519793540573191990723591996332993437900426625
9 3 13 3118591373025137658759434813951005060510911276076136011403218031/28709577633518598047039587081146383981447183992665986875800853250
9 3 14 4356093281084239651454768416596461144041264214570881811630026923/14354788816759299023519793540573191990723591996332993437900426625
9 3 17 1438863655394864703827214034074065407631407109242745001981921921/28709577633518598047039587081146383981447183992665986875800853250
9 3 20 5521364875309501917911106746160379410870736008473823117020966363/14354788816759299023519793540573191990723591996332993437900426625
9 4 2 627883990646965559506621314437069246886111504165444074315445074/14354788816759299023519793540573191990723591996332993437900426625
9 4 7 4940652674772486694799401175394406350393116054200614706189229939/28709577633518598047039587081146383981447183992665986875800853250
9 4 13 246239361018262825684481453370066220865805400127076362005300977/2870957763351859804703958708114638398144718399266598687580085325
9 4 18 1231143958325983806057562376194705311969633417590330385152437401/2870957763351859804703958708114638398144718399266598687580085325
9 4 20 7739323784009713915806504981230123808927456752960416549403349383/28709577633518598047039587081146383981447183992665986875800853250
9 5 2 13185051317558288410249491454894320895158467532536382949590102631/28709577633518598047039587081146383981447183992665986875800853250
9 5 3 23651308216692556167821409237904020727812771057029447307891158/2870957763351859804703958708114638398144718399266598687580085325
9 5 6 69057208882537937493607051066029071600175076384806009562360906/14354788816759299023519793540573191990723591996332993437900426625
9 5 9 1790483932875391306078114631153560607771286663009652066265906791/5741915526703719609407917416229276796289436798533197375160170650
9 5 11 781879888586656781167346137993244543097406204956723312242472483/14354788816759299023519793540573191990723591996332993437900426625
9 5 12 2316859687239019053699700999993336305379496435913995239096319153/14354788816759299023519793540573191990723591996332993437900426625
9 6 4 7587303961312354288193612382863337023627206870241892659258614272/14354788816759299023519793540573191990723591996332993437900426625
9 6 5 1887409974064406504903055796269142688820689029657747261626911901/28709577633518598047039587081146383981447183992665986875800853250
9 6 8 747616426013147714173799554694534465353615903855390072350776557/5741915526703719609407917416229276796289436798533197375160170650
9 6 15 790947760676374439488030874567789491860400170324750393390283002/2870957763351859804703958708114638398144718399266598687580085325
9 7 4 3322335539424712969681430707972288889322723046971182353545709963/14354788816759299023519793540573191990723591996332993437900426625
9 7 8 7132832149426877394560712614372238060067291229261406784286870837/28709577633518598047039587081146383981447183992665986875800853250
9 7 16 1035995860599217056834689427011263883196556924651932808230153786/2870957763351859804703958708114638398144718399266598687580085325
9 7 17 4572115799250124144769118780716929310768877422942887302121024627/28709577633518598047039587081146383981447183992665986875800853250
9 8 0 5355925819907296494321080850723650615893180687658749203244491634/14354788816759299023519793540573191990723591996332993437900426625
9 8 1 1759431975437636458251588545679498192929928060269238075159449313/28709577633518598047039587081146383981447183992665986875800853250
9 8 5 16238294018266368600145836834019584556730894557079250394152420669/28709577633518598047039587081146383981447183992665986875800853250
9 9 0 5553713680829770763553962240111975297056749229554325809559832601/14354788816759299023519793540573191990723591996332993437900426625
9 9 3 8592779813498048204175342090842289607570433481299079773708005082/14354788816759299023519793540573191990723591996332993437900426625
9 9 14 208295322431480055790489209618927086096409285479587854632588942/14354788816759299023519793540573191990723591996332993437900426625
10 0 1 1031055313669092003331443183940561277657881212690946317289962957/28709577633518598047039587081146383981447183992665986875800853250
10 0 11 40510742800178234711887735638126824940013046244941464597251182/2870957763351859804703958708114638398144718399266598687580085325
10 0 15 4141086724033625830564061924349757728556903506001882555119270267/28709577633518598047039587081146383981447183992665986875800853250
10 0 17 11566164083907048933012602308237398362916134405761871678709554103/14354788816759299023519793540573191990723591996332993437900426625
10 1 14 414083403170051419146208303348822104939664417960623842188090247/2870957763351859804703958708114638398144718399266598687580085325
10 1 19 1510117673260128488174724245846915410730713190479749585563851662/14354788816759299023519793540573191990723591996332993437900426625
10 1 20 14014865522708077968963502552547762502936667238074826679964013101/28709577633518598047039587081146383981447183992665986875800853250
10 1 23 1506728546517949782052910600683313921530489238805084520565646871/5741915526703719609407917416229276796289436798533197375160170650
10 2 2 647004951780194434586921852222519762619188887720039627526995507/5741915526703719609407917416229276796289436798533197375160170650
10 2 5 4128015082807774428157454744524402358777058489895994345184979673/28709577633518598047039587081146383981447183992665986875800853250
10 2 6 4631052189095362978910996247883710957108479020808022280318860683/28709577633518598047039587081146383981447183992665986875800853250
10 2 7 5688460912577930794360256471203984647971257592091468213827237503/28709577633518598047039587081146383981447183992665986875800853250
10 2 9 394028333031208757241519950471359241223444740762371333680653169/28709577633518598047039587081146383981447183992665986875800853250
10 2 10 1776026007089030750617224151014479371626729387851414720286572191/14354788816759299023519793540573191990723591996332993437900426625
10 2 20 1416188868585457482840060420784273844003508186961020624916200061/5741915526703719609407917416229276796289436798533197375160170650
10 3 0 7532220237901545777901794288440896865996753489066307190847895043/28709577633518598047039587081146383981447183992665986875800853250
10 3 4 1088814208721164218558594863518319570863473282556237724777363727/28709577633518598047039587081146383981447183992665986875800853250
10 3 5 17166395697909086303498699407243580324583521603175243226388803271/28709577633518598047039587081146383981447183992665986875800853250
10 3 19 2922147488986801747080498521943587220003435617868198733786791209/28709577633518598047039587081146383981447183992665986875800853250
10 4 0 10828589695111837337990940101114112895457537203801911972485562757/28709577633518598047039587081146383981447183992665986875800853250
10 4 5 205469042524608928622291858077676675522727948294006810355360952/14354788816759299023519793540573191990723591996332993437900426625
10 4 11 4540111162682882292421544187164377015705033639287711713154527223/28709577633518598047039587081146383981447183992665986875800853250
10 4 12 4715486130032626697265981169452821465912147906329523958440994347/28709577633518598047039587081146383981447183992665986875800853250
10 4 13 366884425703490623379326128661011146207723736442636285816599377/28709577633518598047039587081146383981447183992665986875800853250
10 4 18 3923784067469271619368605889299354053559642805108094662596223821/14354788816759299023519793540573191990723591996332993437900426625
10 5 1 17918689438608162546882044850975183769730960935492205019834852191/28709577633518598047039587081146383981447183992665986875800853250
10 5 12 616832618638033870108722403027154672375642005873049332437009147/28709577633518598047039587081146383981447183992665986875800853250
10 5 16 10101179689447544390549750595615200041478967315764602295708703629/28709577633518598047039587081146383981447183992665986875800853250
10 5 19 72875886824857239499069231528845497861613735536130227820288283/28709577633518598047039587081146383981447183992665986875800853250
10 6 3 16583824974254076581611458859722065678418881064773121784824821687/28709577633518598047039587081146383981447183992665986875800853250
10 6 4 723906493016643502653277928179101564781334179356622857518227227/14354788816759299023519793540573191990723591996332993437900426625
10 6 13 10677939673231234460121572365066115173465634569179619375939577109/28709577633518598047039587081146383981447183992665986875800853250
10 7 0 4716442371899050874565084607997753157204748601346755789709976463/28709577633518598047039587081146383981447183992665986875800853250
10 7 4 329390912150998335998158922257941162800859864755856743866228549/2870957763351859804703958708114638398144718399266598687580085325
10 7 5 1205348173194771885306257640119813255004799282090088891694105941/14354788816759299023519793540573191990723591996332993437900426625
10 7 6 783151792226048416860106024652033908788097298769600837759501928/14354788816759299023519793540573191990723591996332993437900426625
10 7 12 1484569363318494387292532907586116766324704850059196293399671361/5741915526703719609407917416229276796289436798533197375160170650
10 7 16 4649689696337725635848760691547470518512259665872651360761509377/14354788816759299023519793540573191990723591996332993437900426625
10 8 7 4247156318074851021935931230459251404799548293974486451086579682/14354788816759299023519793540573191990723591996332993437900426625
10 8 10 6974939876032953021836241938264291587286357506883538090757608156/14354788816759299023519793540573191990723591996332993437900426625
10 8 14 3132692622651494979747620371849648998637686195474968896056238787/14354788816759299023519793540573191990723591996332993437900426625
10 9 0 1038792907243188369055434150610199625756595259624454022629282467/28709577633518598047039587081146383981447183992665986875800853250
10 9 1 2583150229939183904649882556623608748513396202828138819273950791/14354788816759299023519793540573191990723591996332993437900426625
10 9 2 7741444583464882801374861215783273205039213531890681922101369514/14354788816759299023519793540573191990723591996332993437900426625
10 9 4 4221894441878378264740963843480316507427412622609267987076072767/28709577633518598047039587081146383981447183992665986875800853250
10 9 15 1399850328794449000596850771121051970578978320497311691672428703/14354788816759299023519793540573191990723591996332993437900426625
10 10 2 5398131286324884583828921455483817321241263051457866993835000167/28709577633518598047039587081146383981447183992665986875800853250
10 10 8 1159298662575586538551778746517835631361816964928081734482526388/14354788816759299023519793540573191990723591996332993437900426625
10 10 13 7283023086890422177551178761651451899738669028068703651321463621/28709577633518598047039587081146383981447183992665986875800853250
10 10 14 6854912967576059104277964685487721748871808991641626380839668343/14354788816759299023519793540573191990723591996332993437900426625
11 0 0 9503661112025527992959250607653427973104493934761023587831970757/28709577633518598047039587081146383981447183992665986875800853250
11 0 17 100930859711144329713342153654589082258625144727899913894326709/2870957763351859804703958708114638398144718399266598687580085325
11 0 24 18196607924381626756946914936947065185756438610625964149025615403/28709577633518598047039587081146383981447183992665986875800853250
11 1 6 210893839577132063711328681195216447375979770703699347220694752/574191552670371960940791741622927679628943679853319737516017065
11 1 15 740686251697760735009272498942971032660710307929232011614422562/14354788816759299023519793540573191990723591996332993437900426625
11 1 17 8341756575633236695727304011749809773663387420811277745768635263/14354788816759299023519793540573191990723591996332993437900426625
11 2 0 13226458533215657929828713469701325459912176615287568312165869599/28709577633518598047039587081146383981447183992665986875800853250
11 2 3 6529303795475874771044658678336068104128861262999217338216245666/14354788816759299023519793540573191990723591996332993437900426625
11 2 18 2424511509351190575121556254772922313277284851379983887202492319/28709577633518598047039587081146383981447183992665986875800853250
11 3 16 2993860831561145317888059053719703321928731496837642932296500491/5741915526703719609407917416229276796289436798533197375160170650
11 3 18 5264498304257182694094670607081145118380362217299900470575697387/28709577633518598047039587081146383981447183992665986875800853250
11 3 19 4237887585727844381752310602733361126711582145588935871871326704/14354788816759299023519793540573191990723591996332993437900426625
11 4 2 5940562922757494443360717665348449757459756799807031887031452284/14354788816759299023519793540573191990723591996332993437900426625
11 4 3 1094856630604817922846098532007555499949877000893840826886248869/14354788816759299023519793540573191990723591996332993437900426625
11 4 4 1251495656137963980209303985568681142347064859534115168999625911/5741915526703719609407917416229276796289436798533197375160170650
11 4 15 82528373824334983624964790441679838858810715483460913128075901/14354788816759299023519793540573191990723591996332993437900426625
11 4 20 8216203498455483446329505177707608077174970662626743776711169587/28709577633518598047039587081146383981447183992665986875800853250
11 5 0 1841345888797962140244228018649959914957369361602058012869472317/14354788816759299023519793540573191990723591996332993437900426625
11 5 3 803176845930605032341505087609149152323324863362398667886054383/5741915526703719609407917416229276796289436798533197375160170650
11 5 8 6781308455049564210987829621425157249594294892179446779293940506/14354788816759299023519793540573191990723591996332993437900426625
11 5 12 2138261896637729569234155147916564501287181848559593697128388346/14354788816759299023519793540573191990723591996332993437900426625
11 5 17 3171860922895061044399636067117274888152867471171796557786978997/28709577633518598047039587081146383981447183992665986875800853250
11 6 2 1305227044106463386726271314256448288099719058351075839508010823/28709577633518598047039587081146383981447183992665986875800853250
11 6 4 9973385909921598642842984578424349366072442927461644725233277097/28709577633518598047039587081146383981447183992665986875800853250
11 6 10 5685610968360403005349269552337085585391967476086841846768660719/28709577633518598047039587081146383981447183992665986875800853250
11 6 15 11745353711130133012121061636128500741883054530766424464290904611/28709577633518598047039587081146383981447183992665986875800853250
11 7 3 2363682800522243031479675920468288710740129528931397851777029663/14354788816759299023519793540573191990723591996332993437900426625
11 7 6 1993496799232759065494275362098475689606453569226838395319571411/14354788816759299023519793540573191990723591996332993437900426625
11 7 7 6839203091385435586008894495439369947116333368140029455464774826/14354788816759299023519793540573191990723591996332993437900426625
11 7 11 1020144228981131771302792614650493141973493681475134038210662379/14354788816759299023519793540573191990723591996332993437900426625
11 7 16 2138261896637729569234155147916564501287181848559593697128388346/14354788816759299023519793540573191990723591996332993437900426625
11 8 1 10193181239663243855575802985849006186472334730705641137777998571/14354788816759299023519793540573191990723591996332993437900426625
11 8 3 2421240739978213590828028414985102871677049370791802552547464679/28709577633518598047039587081146383981447183992665986875800853250
11 8 14 5901974414213896745059952694463268736825465160462902047697391429/28709577633518598047039587081146383981447183992665986875800853250
11 9 1 3013224471755311246062407071478330444993369905920712825090393924/14354788816759299023519793540573191990723591996332993437900426625
11 9 8 254320991657734666364088838331751800458230363212033868642498337/5741915526703719609407917416229276796289436798533197375160170650
11 9 11 12548322817446838572782118598923556704639380014324254305897812561/28709577633518598047039587081146383981447183992665986875800853250
11 9 13 4431600457136231825156105073803703692264956175220068788254880578/14354788816759299023519793540573191990723591996332993437900426625
11 10 4 6832430825852342286198678429312664631873277376509746967109843909/28709577633518598047039587081146383981447183992665986875800853250
11 10 5 4835756027144718190349323360341308612379474012025078611782674512/14354788816759299023519793540573191990723591996332993437900426625
11 10 9 112107013837080995323262962388242988885878642676787987770219093/1148383105340743921881583483245855359257887359706639475032034130
11 10 11 4701479703724897248530343935722513701333996262593191495435091496/14354788816759299023519793540573191990723591996332993437900426625
11 11 4 3349516406373349373188237179074253553250364671610740388395534429/28709577633518598047039587081146383981447183992665986875800853250
11 11 9 3223773597583597609043240083250586167839773744921725955925310523/28709577633518598047039587081146383981447183992665986875800853250
11 11 12 11068143814780825532404054909410772130178522788066760265740004149/14354788816759299023519793540573191990723591996332993437900426625
12 0 2 3471222782121950344732733662203877651354723081724345004400511188/14354788816759299023519793540573191990723591996332993437900426625
12 0 4 964246690783300534918944071362495491101163050638306983107601159/2870957763351859804703958708114638398144718399266598687580085325
12 0 6 4431480240020916012190225650704257638970672348284416517379772733/28709577633518598047039587081146383981447183992665986875800853250
12 0 14 611874042565247484204021024194754246833039840330654503297908114/14354788816759299023519793540573191990723591996332993437900426625
12 0 22 6469436836290281027786411344019907635089355293888501511948230323/28709577633518598047039587081146383981447183992665986875800853250
12 1 5 1191869046509683679371170846257423036600646907943182268688510523/5741915526703719609407917416229276796289436798533197375160170650
12 1 16 21548670732021732677752775353062064359014199792946288253605617821/28709577633518598047039587081146383981447183992665986875800853250
12 1 22 600780834474223486215478748398602219714874830001893639376341407/14354788816759299023519793540573191990723591996332993437900426625
12 2 0 1325872758910415209791899648782396605387996328219431278464860321/5741915526703719609407917416229276796289436798533197375160170650
12 2 4 9159376080474631818996753599577505579736638552332829507489263951/14354788816759299023519793540573191990723591996332993437900426625
12 2 7 480134724102889653129747196732464327142524403963021256631277171/14354788816759299023519793540573191990723591996332993437900426625
12 2 21 2801192229811479053827087244614461140748876438977128955235469401/28709577633518598047039587081146383981447183992665986875800853250
12 3 0 368001536163666643670278683652761657363700215761001887840488797/2870957763351859804703958708114638398144718399266598687580085325
12 3 18 3681357194491168699559713327896571124052234929668813677818522378/14354788816759299023519793540573191990723591996332993437900426625
12 3 20 8833423941449797105608686794412812579852855987859170320879460262/14354788816759299023519793540573191990723591996332993437900426625
12 4 1 642294117411899701870263709506136543019409317543016600286347903/2870957763351859804703958708114638398144718399266598687580085325
12 4 11 2357436943436096181710470297107357439685931973019714412844445311/14354788816759299023519793540573191990723591996332993437900426625
12 4 12 11658122103843902796410572923551684126789566403808144520741468/114838310534074392188158348324585535925788735970663947503203413
12 4 15 7328616023283216482906683080491191320091917635122177958531558299/14354788816759299023519793540573191990723591996332993437900426625
12 5 3 1493764133933727945292665942492440256524010440480403409203197513/14354788816759299023519793540573191990723591996332993437900426625
12 5 7 14969711488401688525667045578095373487641859666045643287247291371/28709577633518598047039587081146383981447183992665986875800853250
12 5 17 7160906901496865369286811728084319622432984199719698622195235429/28709577633518598047039587081146383981447183992665986875800853250
12 5 19 1795715487876294130750198944990905179162159622969919073975965712/14354788816759299023519793540573191990723591996332993437900426625
12 6 2 1837397793604258433254198520398417749218709925136095163607422559/14354788816759299023519793540573191990723591996332993437900426625
12 6 3 419837141034629457823107503847333101421226497306117550802630332/2870957763351859804703958708114638398144718399266598687580085325
12 6 5 10936440954980413111590776210177860119763402283056195175503375361/28709577633518598047039587081146383981447183992665986875800853250
12 6 10 4246376375535889670184168497196398590735592598767662492009868429/28709577633518598047039587081146383981447183992665986875800853250
12 6 18 2826796652723741910262585147250979379149252143754381686523230511/14354788816759299023519793540573191990723591996332993437900426625
12 7 0 2318682085711553395387224079403890856581246042212508264505202309/28709577633518598047039587081146383981447183992665986875800853250
12 7 1 11050842618209036825511262741219616960300587836191339382166833743/28709577633518598047039587081146383981447183992665986875800853250
12 7 2 3928833417938873667577013759178420668952830182929586353697324058/14354788816759299023519793540573191990723591996332993437900426625
12 7 3 3611547432385594009649408220999137659722536513288636249227586423/14354788816759299023519793540573191990723591996332993437900426625
12 7 13 129645614474536235844128150083879753607308360912847011639498118/14354788816759299023519793540573191990723591996332993437900426625
12 8 0 6217285190584613255031553119078360175448315516396268531815114371/28709577633518598047039587081146383981447183992665986875800853250
12 8 13 18545671014724781594093073180738780592593837694351230564928339093/28709577633518598047039587081146383981447183992665986875800853250
12 8 15 1973310714104601598957480390664621606702515390959243889528699893/14354788816759299023519793540573191990723591996332993437900426625
12 9 1 11235793841190564202825687244865401590952502981044481490770540477/28709577633518598047039587081146383981447183992665986875800853250
12 9 3 480552209061122455655686734969278056633647045159136324808423942/14354788816759299023519793540573191990723591996332993437900426625
12 9 9 7846634969544388413697495065425641487522104922909798073558673736/14354788816759299023519793540573191990723591996332993437900426625
12 9 13 819409435117012105507536235491143302183177075483636588296117417/28709577633518598047039587081146383981447183992665986875800853250
12 10 4 374179282368164529928319584183208955481138190808629014873156879/14354788816759299023519793540573191990723591996332993437900426625
12 10 5 2695425135935384759945159772310021624243226997231857176995723122/14354788816759299023519793540573191990723591996332993437900426625
12 10 10 3002156276010478077365457448543154240157007693138285197282635749/14354788816759299023519793540573191990723591996332993437900426625
12 10 13 123734176945994984465968318783194001126312605441929688839855229/1148383105340743921881583483245855359257887359706639475032034130
12 10 14 538908072849626748036500220059750572541064923770408075060057641/1148383105340743921881583483245855359257887359706639475032034130
12 11 3 4829731655387374105455101704611862223918764432069220261445623102/14354788816759299023519793540573191990723591996332993437900426625
12 11 11 13058262791665992572027870276753808982311917763570362874608587267/28709577633518598047039587081146383981447183992665986875800853250
12 11 13 5991851531077857264101513395168850551297737364957183478301019779/28709577633518598047039587081146383981447183992665986875800853250
12 12 0 1972846240206737782191704960444906669768127727070006961750269399/5741915526703719609407917416229276796289436798533197375160170650
12 12 2 721061170327271421390439390734593763090935194397755488013207207/5741915526703719609407917416229276796289436798533197375160170650
12 12 7 5230457305599788409862911515091095491469514738240896405392902614/14354788816759299023519793540573191990723591996332993437900426625
12 12 8 2389562984824487604701521147533345417106419954422690908098832496/14354788816759299023519793540573191990723591996332993437900426625
13 0 7 19975111291453058839994710363355776890663953651420029553022957673/28709577633518598047039587081146383981447183992665986875800853250
13 0 15 8734466342065539207044876717790607090783230341245957322777895577/28709577633518598047039587081146383981447183992665986875800853250
13 1 11 6738088284793432053520220661320408575732300480634502827288118421/28709577633518598047039587081146383981447183992665986875800853250
13 1 19 6598804402041894829179646724805581795561027920717834153898502461/28709577633518598047039587081146383981447183992665986875800853250
13 1 21 2172662909926563824983458053459666388898128052591658022869820513/5741915526703719609407917416229276796289436798533197375160170650
13 1 22 4509370397050452039422429427722061665663215328355359780265129803/28709577633518598047039587081146383981447183992665986875800853250
13 2 1 12997156327354854936523987840257245540392033307074941200478721037/14354788816759299023519793540573191990723591996332993437900426625
13 2 5 835701082838512740187324748427397140179604219866966209634187587/28709577633518598047039587081146383981447183992665986875800853250
13 2 19 1879563895970375433804286652204495760483513158649138265209223589/28709577633518598047039587081146383981447183992665986875800853250
13 3 2 8889827688805626723256444699029128564297100891597321397133403644/14354788816759299023519793540573191990723591996332993437900426625
13 3 7 4351827030213665819816659255707345137725037562471484333213239609/14354788816759299023519793540573191990723591996332993437900426625
13 3 13 1113134097740006480446689585836718288701453542264187707553783372/14354788816759299023519793540573191990723591996332993437900426625
13 4 4 7845590218241707832009563443905132870362890327568450702838980069/14354788816759299023519793540573191990723591996332993437900426625
13 4 5 2478197476750063940820507980230488086237830541803531364392785327/5741915526703719609407917416229276796289436798533197375160170650
13 4 8 627409813284862678917920292183677809532250628511428648158966477/28709577633518598047039587081146383981447183992665986875800853250
13 5 6 629035009004941370093439694616927997253867780011955285608223887/14354788816759299023519793540573191990723591996332993437900426625
13 5 7 87526507063517830230405084455391124919367292966607577024486569/28709577633518598047039587081146383981447183992665986875800853250
13 5 10 4836005562257381848803481936829119718101663506963175320802723447/28709577633518598047039587081146383981447183992665986875800853250
13 5 19 2252797554618781562781882067062801714391841763271229340675719546/2870957763351859804703958708114638398144718399266598687580085325
13 6 3 1455691512596811913310887661265480828225836756448408279969554527/28709577633518598047039587081146383981447183992665986875800853250
13 6 12 5666297633188846133218254020102683276895251327991617551487455812/14354788816759299023519793540573191990723591996332993437900426625
13 6 14 863582466255316975240292833846954726394939171379184138763719199/5741915526703719609407917416229276796289436798533197375160170650
13 6 17 864936770651076905390995021479588973290559611857271898507296627/5741915526703719609407917416229276796289436798533197375160170650
13 6 18 7278694670012124464135752103042818101003350664052063306501307969/28709577633518598047039587081146383981447183992665986875800853250
13 7 9 14083012760794494922698501848947634519133941028956320816756873301/28709577633518598047039587081146383981447183992665986875800853250
13 7 11 4291911723403896426978804036768366551656487663610660141577911506/14354788816759299023519793540573191990723591996332993437900426625
13 7 14 6042741425916310270383477158662016359000267636488345775888156937/28709577633518598047039587081146383981447183992665986875800853250
13 8 9 2146522554110759640824836697762693998827099459955689428651989941/28709577633518598047039587081146383981447183992665986875800853250
13 8 14 7816829448758407363231517176308850544904551560382807965625344571/14354788816759299023519793540573191990723591996332993437900426625
13 8 15 10929396181891023679751716030765988892810981411944681515898174167/28709577633518598047039587081146383981447183992665986875800853250
13 9 2 6613344233294416222144932324789918785684378464442311515799057111/14354788816759299023519793540573191990723591996332993437900426625
13 9 6 2332035561301484831186034523583450851502960652096681695261723503/28709577633518598047039587081146383981447183992665986875800853250
13 9 9 465064816473849854932993969254922461293464378850595239261288553/14354788816759299023519793540573191990723591996332993437900426625
13 9 12 12220723972680581061697699969473250635988537653983491670418438419/28709577633518598047039587081146383981447183992665986875800853250
13 10 0 13469161607483238605567012653425535852438870997021240452272701149/28709577633518598047039587081146383981447183992665986875800853250
13 10 10 1998761307016066898399470472984374426986174541575940693181508848/14354788816759299023519793540573191990723591996332993437900426625
13 10 13 2248578682400645128934726696350419855007192782498573007433026881/5741915526703719609407917416229276796289436798533197375160170650
13 11 4 2087220098342328162008322419334464073382061399914384985562202408/14354788816759299023519793540573191990723591996332993437900426625
13 11 6 12267568718416970861511471121238727917341530596418608452338224217/14354788816759299023519793540573191990723591996332993437900426625
13 12 4 5570361605516006951383491160579450406236527628556797224531278278/14354788816759299023519793540573191990723591996332993437900426625
13 12 6 2881100828054776596406897892343332019269201307121456654710301799/28709577633518598047039587081146383981447183992665986875800853250
13 12 8 2937550718886361509573141373528830229940985485686187154405598979/5741915526703719609407917416229276796289436798533197375160170650
13 13 0 17537182236716847285235741394212558847524087715058025373592220361/28709577633518598047039587081146383981447183992665986875800853250
13 13 1 2506015594745188008877389183561801809589446048964691712453739718/14354788816759299023519793540573191990723591996332993437900426625
13 13 3 3556339676893564104443890705858122790953055341480975144937924909/28709577633518598047039587081146383981447183992665986875800853250
13 13 7 1404350902417664840756995339984839268749958422882693819756810463/28709577633518598047039587081146383981447183992665986875800853250
13 13 11 1199673628000145798848181273967259455041190415314909112606418081/28709577633518598047039587081146383981447183992665986875800853250
14 0 2 1539515596398882530464848206623894804259699529816150135349519161/5741915526703719609407917416229276796289436798533197375160170650
14 0 11 1420234157107939229912129284675816858709929252646455071590494254/2870957763351859804703958708114638398144718399266598687580085325
14 0 14 445110396335398746513857495026422007195098936953610328250606789/14354788816759299023519793540573191990723591996332993437900426625
14 0 24 5919437287773995602566338211215897358659195943213464826647101327/28709577633518598047039587081146383981447183992665986875800853250
14 1 2 2577234036274847535868017646766786218759399749311690076848445592/14354788816759299023519793540573191990723591996332993437900426625
14 1 3 10542945903775446823571522181388522250412776679211463862069063201/28709577633518598047039587081146383981447183992665986875800853250
14 1 4 9984677613865189973719691153280188180880303492306486162720106317/28709577633518598047039587081146383981447183992665986875800853250
14 1 20 1513743021664133089006169226472050556317652161262328348657396274/14354788816759299023519793540573191990723591996332993437900426625
14 2 0 3961609327862089587960010135235439655630436774395969909384634374/14354788816759299023519793540573191990723591996332993437900426625
14 2 6 5276439033793004298444450115760543093084876238535132778339069792/14354788816759299023519793540573191990723591996332993437900426625
14 2 20 5116740455104205137115333289577209242008278983401890750176722459/14354788816759299023519793540573191990723591996332993437900426625
14 3 3 129440027964471131310744491224100003168419633702684476481459481/2870957763351859804703958708114638398144718399266598687580085325
14 3 4 6387743268620468468637353839730547493592826629987297375569910126/14354788816759299023519793540573191990723591996332993437900426625
14 3 15 7319845408316474898328717244722144481288667197832273679923219094/14354788816759299023519793540573191990723591996332993437900426625
14 4 7 242740208147869757484148676318712304733104514676921723264208607/14354788816759299023519793540573191990723591996332993437900426625
14 4 12 832007203837131445103563250264139577350646373517606218650180512/14354788816759299023519793540573191990723591996332993437900426625
14 4 17 1499938318221511678868886188995933466196448498042125179953496843/5741915526703719609407917416229276796289436798533197375160170650
14 4 19 19060391218441037247519732283001012886297439726066305092204590797/28709577633518598047039587081146383981447183992665986875800853250
14 5 9 9376575194789282742344519629254785925733131447825102607824274751/28709577633518598047039587081146383981447183992665986875800853250
14 5 12 15165117641080838813897691196779449424132136170100634790746850371/28709577633518598047039587081146383981447183992665986875800853250
14 5 18 2083942398824238245398688127556074315790958187370124738614864064/14354788816759299023519793540573191990723591996332993437900426625
14 6 0 5994672793967962783280903115506624526228599999497280851626636857/28709577633518598047039587081146383981447183992665986875800853250
14 6 3 575301219823270915006124884334491258942207682455089994629001006/14354788816759299023519793540573191990723591996332993437900426625
14 6 6 75594567297159485165621273912370239782642022261166609163487891/574191552670371960940791741622927679628943679853319737516017065
14 6 13 1809880367008495300686811200498393528695273963034227885674659001/5741915526703719609407917416229276796289436798533197375160170650
14 6 17 4367586100001821336015657249430148652362848850014528074184262413/14354788816759299023519793540573191990723591996332993437900426625
14 7 1 17658735015309561221528324339926767021146596156474647493634019507/28709577633518598047039587081146383981447183992665986875800853250
14 7 5 4907540528817498561744550042193158644478973767021271308022644883/28709577633518598047039587081146383981447183992665986875800853250
14 7 15 614330208939153826376671269902645831582161406917006807414418886/2870957763351859804703958708114638398144718399266598687580085325
14 8 2 98583945791002495467136211662794848646971681928569390350563962/2870957763351859804703958708114638398144718399266598687580085325
14 8 10 7247767220300073723555555134786683912159741330543873969426411727/14354788816759299023519793540573191990723591996332993437900426625
14 8 16 6614101867504212822628557347472533835328992256146272516721195088/14354788816759299023519793540573191990723591996332993437900426625
14 9 6 11681430548824916783007609059242582685264083504839823144635223969/28709577633518598047039587081146383981447183992665986875800853250
14 9 10 2596658500699029991806066364318412444352461945127550127675551984/14354788816759299023519793540573191990723591996332993437900426625
14 9 13 11834830083295621280419845293266976407478176597571063475814525313/28709577633518598047039587081146383981447183992665986875800853250
14 10 1 6976940507398311748320925575087940237711824424516016984754869317/28709577633518598047039587081146383981447183992665986875800853250
14 10 2 3893354556225499605217744789505203103017114817138547890842369471/14354788816759299023519793540573191990723591996332993437900426625
14 10 3 6209439068271737975356009859185430683762093509375170935870584726/14354788816759299023519793540573191990723591996332993437900426625
14 10 14 1527049877125811137571152208677176170176942915122532237620075539/28709577633518598047039587081146383981447183992665986875800853250
14 11 0 1029868572131971284793790726248992538832772782050119957061461468/2870957763351859804703958708114638398144718399266598687580085325
14 11 5 1841089191219888519910167981865645859311945617216478730518623857/2870957763351859804703958708114638398144718399266598687580085325
14 12 2 3755296774252262669478772721367524955896616281433684441524855471/28709577633518598047039587081146383981447183992665986875800853250
14 12 3 838686600032168891134164766416475454815701461818106197303138753/28709577633518598047039587081146383981447183992665986875800853250
14 12 9 22775932420445749162209151616206036974861186618757262178846713007/28709577633518598047039587081146383981447183992665986875800853250
14 12 11 1339661838788417324217497977156346595873679630656934058126146019/28709577633518598047039587081146383981447183992665986875800853250
14 13 1 4333717266086850382358335549557549079810156425250940148770050473/14354788816759299023519793540573191990723591996332993437900426625
14 13 7 10021071550672448641161457991015642910913435571082053289130376152/14354788816759299023519793540573191990723591996332993437900426625
14 14 0 1817306576773943785485418073132475238532306412540424906983693897/5741915526703719609407917416229276796289436798533197375160170650
14 14 3 951564311344766927146242186755195679319328535576113968523065179/14354788816759299023519793540573191990723591996332993437900426625
14 14 8 5091496971986003916148696442681952211162384797947631725616830679/28709577633518598047039587081146383981447183992665986875800853250
14 14 10 6314209577486670674585657949645832109492305030432001339109711364/14354788816759299023519793540573191990723591996332993437900426625
15 0 14 4077125952963389779658339484377500482400084725225655498865022733/14354788816759299023519793540573191990723591996332993437900426625
15 0 17 14089466729564549257739950432581372984874616500406740353236308/2870957763351859804703958708114638398144718399266598687580085325
15 0 19 10207215530148086497572754304032784643399134188605304237269222352/14354788816759299023519793540573191990723591996332993437900426625
15 1 17 6013032241126062327792489528823382217060204575521715692131791362/14354788816759299023519793540573191990723591996332993437900426625
15 1 19 1692287279961290251407122479516533051845044897735194083622265063/5741915526703719609407917416229276796289436798533197375160170650
15 1 20 8222076751460022134418995625916954288101550352946585073425945211/28709577633518598047039587081146383981447183992665986875800853250
15 2 1 892364164391101640830128151784848358664482595513391061150998939/14354788816759299023519793540573191990723591996332993437900426625
15 2 2 6097905915306616165951475942071263088608295422517311494228826727/14354788816759299023519793540573191990723591996332993437900426625
15 2 5 742007229998076832729619572110765095030548407844083972579999466/2870957763351859804703958708114638398144718399266598687580085325
15 2 22 3654482587071197053090091586163255068298071939081871019620603629/14354788816759299023519793540573191990723591996332993437900426625
15 3 1 4527260324896784377276185444050667151489327605439298084577448387/14354788816759299023519793540573191990723591996332993437900426625
15 3 8 9827528491862514646243608096522524839234264390893695353322978238/14354788816759299023519793540573191990723591996332993437900426625
15 4 0 12558841433298803961516124200617489113374506094437422368123535949/28709577633518598047039587081146383981447183992665986875800853250
15 4 5 4444859506842117346268119413511881708906748618427273534609953907/28709577633518598047039587081146383981447183992665986875800853250
15 4 17 11101770979880229503954570729553575750633771736814422124676172897/28709577633518598047039587081146383981447183992665986875800853250
15 4 19 604105713497447235300772737463437408532157542986868848391190497/28709577633518598047039587081146383981447183992665986875800853250
15 5 0 21696915188839399013676101541388187917923471302044892568442755173/28709577633518598047039587081146383981447183992665986875800853250
15 5 3 7012662444679199033363485539758196063523712690621094307358098077/28709577633518598047039587081146383981447183992665986875800853250
15 6 1 6772570874228440937591309956855336184805353315007250088663594903/28709577633518598047039587081146383981447183992665986875800853250
15 6 6 8338335313891557299757575226551592839702081206420478510705542742/14354788816759299023519793540573191990723591996332993437900426625
15 6 16 1613787533641225178746710285559086585834078457423614993890926791/28709577633518598047039587081146383981447183992665986875800853250
15 6 17 1823274298932908665593208192814387765701794903697082385917623036/14354788816759299023519793540573191990723591996332993437900426625
15 7 9 4383803719367740614902188624465540450754135331059492272625231151/14354788816759299023519793540573191990723591996332993437900426625
15 7 10 4096292934368354846076364564457681094685892493050066861360005279/14354788816759299023519793540573191990723591996332993437900426625
15 7 13 1174938432604640712508248070329994089056712834444686860783038039/2870957763351859804703958708114638398144718399266598687580085325
15 8 4 395152177660752325408228763554068263332583481334027816591329379/14354788816759299023519793540573191990723591996332993437900426625
15 8 6 7565782219014593226848331786416624817633056182575239024638703099/28709577633518598047039587081146383981447183992665986875800853250
15 8 7 3409803509688470952096065071305163495460509231066689118192508513/5741915526703719609407917416229276796289436798533197375160170650
15 8 16 1652236755370072704447236205547902579923207346044623313508474414/14354788816759299023519793540573191990723591996332993437900426625
15 9 4 200079599307190375908236696130406003351917807577425313414862619/5741915526703719609407917416229276796289436798533197375160170650
15 9 6 11357423418765353751965605741101705639957289555489627679943269447/28709577633518598047039587081146383981447183992665986875800853250
15 9 14 8175878109108646207766398929696324162365152699644616314391635354/14354788816759299023519793540573191990723591996332993437900426625
15 10 7 492011669532534902872993174551224501616206304549604318965682699/28709577633518598047039587081146383981447183992665986875800853250
15 10 8 3964761589564630725321919668675121366466941170687195500483759249/28709577633518598047039587081146383981447183992665986875800853250
15 10 9 3059951545981495045423597118754922091219428871016187992476048757/14354788816759299023519793540573191990723591996332993437900426625
15 10 12 9066450641229221163998740000205096965462589387698405535699656894/14354788816759299023519793540573191990723591996332993437900426625
15 11 5 203802926990077689108867130461379555985880415199281789714035429/2870957763351859804703958708114638398144718399266598687580085325
15 11 9 3583489394125090530895999626910977849550302482418199813312703557/14354788816759299023519793540573191990723591996332993437900426625
15 11 10 12409824660843847289867257853569499075294267763570132526289696719/28709577633518598047039587081146383981447183992665986875800853250
15 11 11 715365405545359487649649588636515291020756306422302481991273193/5741915526703719609407917416229276796289436798533197375160170650
15 11 13 1758958943398497683021705362979278596044862790077562207894514581/14354788816759299023519793540573191990723591996332993437900426625
15 12 1 719522256510353944181006033283805957275261377359727813834902739/1148383105340743921881583483245855359257887359706639475032034130
15 12 2 3528085922404396376631279366057242029830977118590041074841038757/28709577633518598047039587081146383981447183992665986875800853250
15 12 3 3596717649177676532941578441496996509867336220041375227543623009/14354788816759299023519793540573191990723591996332993437900426625
15 13 0 672059821712429301568431119307919552848265377211754394713383454/14354788816759299023519793540573191990723591996332993437900426625
15 13 10 14997465735982504596309100998136654872328455401235557476983350753/28709577633518598047039587081146383981447183992665986875800853250
15 13 11 12367992254111234847593623844393890003422197837006920609390735589/28709577633518598047039587081146383981447183992665986875800853250
15 14 2 19875978512545432869794856730421747929946940187281159662694365819/28709577633518598047039587081146383981447183992665986875800853250
15 14 7 3866203873378962650088263771581487022964918297574684001601243203/28709577633518598047039587081146383981447183992665986875800853250
15 14 8 2483697623797101263578233289571574514267662753905071605752622114/14354788816759299023519793540573191990723591996332993437900426625
15 15 3 19609050193746306197422189254299630336407157829175196841245716057/28709577633518598047039587081146383981447183992665986875800853250
15 15 9 9100527439772291849617397826846753645040026163490790034555137193/28709577633518598047039587081146383981447183992665986875800853250
16 0 8 4897506730259234366793496370104681618929863858719531554396242231/28709577633518598047039587081146383981447183992665986875800853250
16 0 10 2825358555435251149292534040815116004422021442925963753654448379/14354788816759299023519793540573191990723591996332993437900426625
16 0 18 2571531334737064007824348478070367486308619074085904590374608991/5741915526703719609407917416229276796289436798533197375160170650
16 0 23 2651848559351770671269640119529816461065090938832502431111334653/14354788816759299023519793540573191990723591996332993437900426625
16 1 1 3293348187818603978226447882188307520504646330040991142291702517/28709577633518598047039587081146383981447183992665986875800853250
16 1 3 200138706339385204782680903963064257758251471918432223439753343/574191552670371960940791741622927679628943679853319737516017065
16 1 7 7654468625498933983014341111732768075574401371685023328441628401/14354788816759299023519793540573191990723591996332993437900426625
16 1 19 100356877732865863650411777339327421881161323333337904638226781/28709577633518598047039587081146383981447183992665986875800853250
16 2 7 5833678998481987126601519161663634960471117043734209323218988599/28709577633518598047039587081146383981447183992665986875800853250
16 2 20 8125841290286217506835985131328388923279025445159703952847959839/28709577633518598047039587081146383981447183992665986875800853250
16 2 21 7375028672375196706801041394077180048848520751886036799866952406/14354788816759299023519793540573191990723591996332993437900426625
16 3 3 7449855399918517346403910997087182032190011385593610701641903393/28709577633518598047039587081146383981447183992665986875800853250
16 3 10 6749422687341721441378349165381434864285055225974173160190102227/28709577633518598047039587081146383981447183992665986875800853250
16 3 16 1479792468783234921482016144520898546474367252123539762199987959/28709577633518598047039587081146383981447183992665986875800853250
16 3 17 5007272713404934738037528159295332949373023837137175350060858916/14354788816759299023519793540573191990723591996332993437900426625
16 3 19 3015961650665254861700254455566202639751702454700312551647141839/28709577633518598047039587081146383981447183992665986875800853250
16 4 1 12600402193142164768304077856186384309402946082360709117332854771/28709577633518598047039587081146383981447183992665986875800853250
16 4 4 6760918916345362481973940265492712528986079039858509625124763557/28709577633518598047039587081146383981447183992665986875800853250
16 4 5 4674128262015535398380784479733643571529079435223384066671617461/14354788816759299023519793540573191990723591996332993437900426625
16 5 1 10790888194910435500157542230171200211716223057173781855966001059/28709577633518598047039587081146383981447183992665986875800853250
16 5 3 575417602646769912887029693664629176416154149856042111361210742/14354788816759299023519793540573191990723591996332993437900426625
16 5 14 16767854233314622721107985463645925416898652635780120797112430707/28709577633518598047039587081146383981447183992665986875800853250
16 6 10 9388795144811152685753074515806449902659811958905741268511162051/14354788816759299023519793540573191990723591996332993437900426625
16 6 11 4582987667893980814417932256186184968161594393386349145617945332/14354788816759299023519793540573191990723591996332993437900426625
16 6 18 383006004054165523348786768580557119902185644040903023771319242/14354788816759299023519793540573191990723591996332993437900426625
16 7 5 15947983759071313857026608131459555403049177917511625425381036597/28709577633518598047039587081146383981447183992665986875800853250
16 7 17 12761593874447284190012978949686828578398006075154361450419816653/28709577633518598047039587081146383981447183992665986875800853250
16 8 11 8266338622874285527075793553020436415252199602190895830229669502/14354788816759299023519793540573191990723591996332993437900426625
16 8 16 6088450193885013496443999987552755575471392394142097607670757123/14354788816759299023519793540573191990723591996332993437900426625
16 9 3 5281456794200128363688764714761624326519511469874777339383997601/14354788816759299023519793540573191990723591996332993437900426625
16 9 8 5954527839199434127168355166463362442043040334117692234279701141/28709577633518598047039587081146383981447183992665986875800853250
16 9 15 12192136205918907192493702485159772886365120718798739962753156907/28709577633518598047039587081146383981447183992665986875800853250
16 10 1 245241339806797866444875364758049882160408921035414515269141584/14354788816759299023519793540573191990723591996332993437900426625
16 10 4 21128788242929926700984269483467301438611630234538981878944695583/28709577633518598047039587081146383981447183992665986875800853250
16 10 13 7090306710975075613165566868162982778514735916056175966317874499/28709577633518598047039587081146383981447183992665986875800853250
16 11 0 1065063349546965684551170618982827651403876601837549967792017627/28709577633518598047039587081146383981447183992665986875800853250
16 11 2 13335391857168002925033902664517574163144842169615962019620864789/28709577633518598047039587081146383981447183992665986875800853250
16 11 10 6718912388410020310622688668488660177061560840681519471535803203/28709577633518598047039587081146383981447183992665986875800853250
16 11 11 7590210038393609126831825129157321989836904380530955416852167631/28709577633518598047039587081146383981447183992665986875800853250
16 12 0 11385745128772978837688117386130422799422082013057922571908094491/28709577633518598047039587081146383981447183992665986875800853250
16 12 1 428860848830389977700577449962049401982625982346911661197131391/1148383105340743921881583483245855359257887359706639475032034130
16 12 9 1775038728416011786002488297460495724669178183104997232392522894/14354788816759299023519793540573191990723591996332993437900426625
16 12 11 1526116913576923097416028425521867341560548027362639154589714098/14354788816759299023519793540573191990723591996332993437900426625
16 13 2 2860515801235009732980837657913697458617172404098308869220127597/14354788816759299023519793540573191990723591996332993437900426625
16 13 8 152956661365964426174148861370307030462807543781649535306029643/1148383105340743921881583483245855359257887359706639475032034130
16 13 9 19164629496899467926724190231061313302642650589928130754709856981/28709577633518598047039587081146383981447183992665986875800853250
16 14 6 9827949440707798287765400859927422305802024213775855059224610919/14354788816759299023519793540573191990723591996332993437900426625
16 14 7 4526839376051500735754392680645769684921567782557138378675815706/14354788816759299023519793540573191990723591996332993437900426625
16 15 0 19983474667855622763636877146126059051910817343323744974863714189/28709577633518598047039587081146383981447183992665986875800853250
16 15 3 8726102965662975283402709935020324929536366649342241900937139061/28709577633518598047039587081146383981447183992665986875800853250
16 16 0 5462359330068982136216089795873917352773506912099885161493299983/28709577633518598047039587081146383981447183992665986875800853250
16 16 2 1554687082878792305287022908457995025462644956246553177570430379/2870957763351859804703958708114638398144718399266598687580085325
16 16 7 7700347474661692857953268200692516374047227518100569938603249477/28709577633518598047039587081146383981447183992665986875800853250
17 0 0 6387744780273956170619229309771996679707684905239384549608872193/28709577633518598047039587081146383981447183992665986875800853250
17 0 9 2141299351699970902533507762291694568464709920005827358044036583/14354788816759299023519793540573191990723591996332993437900426625
17 0 16 18039234149844700071353342246790998164810079247414947610103907891/28709577633518598047039587081146383981447183992665986875800853250
17 1 1 7475458414401699654734421010728191421286358041515006238253587067/28709577633518598047039587081146383981447183992665986875800853250
17 1 2 3570079119390316663595744201084994210708569006565277315436201414/14354788816759299023519793540573191990723591996332993437900426625
17 1 4 4944302755564481010740894128915931489472232183879827012696337373/28709577633518598047039587081146383981447183992665986875800853250
17 1 8 121508144115843557639620821109123586675124848418694791036303728/2870957763351859804703958708114638398144718399266598687580085325
17 1 22 3967288391806674238988287664120518391260103634976825541807744351/14354788816759299023519793540573191990723591996332993437900426625
17 2 4 3980858266803884374704669121792906155422609702926317801442211987/14354788816759299023519793540573191990723591996332993437900426625
17 2 6 8022333456588433770019129780573581529173034959014059000713673133/28709577633518598047039587081146383981447183992665986875800853250
17 2 10 12725527643322395527611119056986990141428929627799292272202756143/28709577633518598047039587081146383981447183992665986875800853250
17 3 0 5042029670502891775195450831663333085498049649268654037068731273/14354788816759299023519793540573191990723591996332993437900426625
17 3 6 1405408344047548551427688168607291326594802789203974216100680811/5741915526703719609407917416229276796289436798533197375160170650
17 3 11 11598476572275071739510244574783261177477070748108807721159986649/28709577633518598047039587081146383981447183992665986875800853250
17 4 5 709411627286667662940145426770390900298184367757299321185722798/14354788816759299023519793540573191990723591996332993437900426625
17 4 7 1288123913382842950406965064632944977449879697768135406218362299/5741915526703719609407917416229276796289436798533197375160170650
17 4 9 8542919674796602960505113865366431152962000749394091002012404231/14354788816759299023519793540573191990723591996332993437900426625
17 4 16 3764295462437842048114243173708014987677415269522529198312787697/28709577633518598047039587081146383981447183992665986875800853250
17 5 2 125037507871849582485218428499416412653439738705284408556139228/574191552670371960940791741622927679628943679853319737516017065
17 5 3 5560656390442358369343217886775050707971114112883315617609436803/28709577633518598047039587081146383981447183992665986875800853250
17 5 15 16897045849483760553435447769400512640804082944518450830384455047/28709577633518598047039587081146383981447183992665986875800853250
17 6 1 2129330839259293056608366863713490812246825872825993092089184467/14354788816759299023519793540573191990723591996332993437900426625
17 6 2 1643171971472784408620572007982373746167742984532547041035969652/14354788816759299023519793540573191990723591996332993437900426625
17 6 17 6153294362103784400900618191314161982277088524925552460840099237/28709577633518598047039587081146383981447183992665986875800853250
17 6 18 600451105998026348627243645857619715293638310120934165948417831/1148383105340743921881583483245855359257887359706639475032034130
17 7 5 1291695670639755001159058377934586585249633877692897208339921689/28709577633518598047039587081146383981447183992665986875800853250
17 7 12 4761615729341182503497879257651933718257141017402335582293628872/14354788816759299023519793540573191990723591996332993437900426625
17 7 14 17894650504196478038884770187907929959683268080168418502873673817/28709577633518598047039587081146383981447183992665986875800853250
17 8 3 6204767811753960846836065240040677645710270210627793421289903583/14354788816759299023519793540573191990723591996332993437900426625
17 8 6 889078110125297677209320204638986776365373652731928925976904533/28709577633518598047039587081146383981447183992665986875800853250
17 8 13 788701938233503753392613063687445019215049059937826763199431127/14354788816759299023519793540573191990723591996332993437900426625
17 8 15 13833560023418371169372910269051151875231171798802817580845279297/28709577633518598047039587081146383981447183992665986875800853250
17 9 1 6281034388939043542789320580077104003481148794123802096301623343/28709577633518598047039587081146383981447183992665986875800853250
17 9 5 1366477535896265579282916338460981106957954486742742197967166069/14354788816759299023519793540573191990723591996332993437900426625
17 9 8 19695588172787023345684433824147317764050126225056700383564897769/28709577633518598047039587081146383981447183992665986875800853250
17 10 1 1894187565211606404363555051133368051613167967823341144841558122/14354788816759299023519793540573191990723591996332993437900426625
17 10 7 7172263076017614759635184949071728913849421419875064390858098772/14354788816759299023519793540573191990723591996332993437900426625
17 10 12 5288338175530077859521053540368095025261002608634587902200769731/14354788816759299023519793540573191990723591996332993437900426625
17 11 2 2876865892474981348258089063204755879494354200557051147019754491/28709577633518598047039587081146383981447183992665986875800853250
17 11 4 147339969672186051928870788026589625690887239413774262790864229/5741915526703719609407917416229276796289436798533197375160170650
17 11 9 4141843966258570774022606469503049805105526796868964655410356048/14354788816759299023519793540573191990723591996332993437900426625
17 11 13 8406161980082772445545965569401290181643670000651067552003032759/14354788816759299023519793540573191990723591996332993437900426625
17 12 0 3038138781610683005523689441321651680155603416083172588294859756/14354788816759299023519793540573191990723591996332993437900426625
17 12 6 2544740111256826584404509346895504510524386328518927118266182579/28709577633518598047039587081146383981447183992665986875800853250
17 12 10 20088559959040405451587698851607576110611590831980714580944951159/28709577633518598047039587081146383981447183992665986875800853250
17 13 0 73639024329011903948397914139593959475610550768374393786868153/1148383105340743921881583483245855359257887359706639475032034130
17 13 5 4737342060493938485800231711851253227169989538994822629524008368/14354788816759299023519793540573191990723591996332993437900426625
17 13 6 5169614707437807230475390472855950553529920406878890676901397894/14354788816759299023519793540573191990723591996332993437900426625
17 13 10 219657339124838548773456684986653463700877667165714535334372781/5741915526703719609407917416229276796289436798533197375160170650
17 13 11 2978200896902808135955555716654430057326355997940313870803236498/14354788816759299023519793540573191990723591996332993437900426625
17 14 0 7078248428536658651685254269352797446584436135237742080176297413/28709577633518598047039587081146383981447183992665986875800853250
17 14 5 10165473906684028898954441226294584515225967370584964553865570509/14354788816759299023519793540573191990723591996332993437900426625
17 14 6 210022553083823632563712273795152641885430812392558862971850462/14354788816759299023519793540573191990723591996332993437900426625
17 14 9 176067257089246866463605162322822444127990298294639592389942779/5741915526703719609407917416229276796289436798533197375160170650
17 15 0 8726102965662975283402709935020324929536366649342241900937139061/28709577633518598047039587081146383981447183992665986875800853250
17 15 1 9194939537321747573193918246552962210769281536397452408852249481/14354788816759299023519793540573191990723591996332993437900426625
17 15 7 1593595593212127617249040653020134630372254270528840157159215227/28709577633518598047039587081146383981447183992665986875800853250
17 16 2 1316270680473067499416935799656643372682073443020045510009654946/2870957763351859804703958708114638398144718399266598687580085325
17 16 4 5829335243130305525875410002648128069341478413242738099737453579/28709577633518598047039587081146383981447183992665986875800853250
17 16 7 146082606053068002796470617737576359430798466193930580883372799/574191552670371960940791741622927679628943679853319737516017065
17 16 8 2413405283004217387171288195053004213745047839526264631798210261/28709577633518598047039587081146383981447183992665986875800853250
17 17 3 4998999093189340325257683481251876982221165743925616460922085207/28709577633518598047039587081146383981447183992665986875800853250
17 17 4 20721354306262551720185425598322117575912691389688309596848658479/28709577633518598047039587081146383981447183992665986875800853250
17 17 6 1494612117033353000798239000786194711656663429526030409015054782/14354788816759299023519793540573191990723591996332993437900426625
18 0 1 2208866623366287978351610404572295040614153860504200678371962591/5741915526703719609407917416229276796289436798533197375160170650
18 0 5 12/25
18 0 15 776929450519646218540506651866928893456353274733061956711326147/5741915526703719609407917416229276796289436798533197375160170650
18 1 3 479800990294143565698467678081222622353514821526828850531196329/5741915526703719609407917416229276796289436798533197375160170650
18 1 12 202780984743046670870530988829963436527062869114160405112719/574191552670371960940791741622927679628943679853319737516017065
18 1 15 2954055525659808106646026897060585027363018698050990990822734537/5741915526703719609407917416229276796289436798533197375160170650
18 1 21 1153015600451168735177358765599584756103816325132117964877556297/2870957763351859804703958708114638398144718399266598687580085325
18 2 2 1074480406979852780980903245016824253788469990763820546471563293/5741915526703719609407917416229276796289436798533197375160170650
18 2 7 1125867006791993712794141432774784410803935674343661573027767694/2870957763351859804703958708114638398144718399266598687580085325
18 2 13 8088608205822786919318429793035683440630601209802396962829874363/28709577633518598047039587081146383981447183992665986875800853250
18 2 14 360293117389963621551296734268263904850408219855236576158518647/14354788816759299023519793540573191990723591996332993437900426625
18 2 20 1634655545048341425886316633371103677067029822948699149009224094/14354788816759299023519793540573191990723591996332993437900426625
18 3 2 36061426752689910329865578484912166255350778870098124655582647/574191552670371960940791741622927679628943679853319737516017065
18 3 3 10669897850603944822567072500117449680073743211229729160922824949/28709577633518598047039587081146383981447183992665986875800853250
18 3 5 2349268901451091945518402969355600974610571051425885051797652649/14354788816759299023519793540573191990723591996332993437900426625
18 3 14 11538070642377973816942429718072124039384759735079581378503590653/28709577633518598047039587081146383981447183992665986875800853250
18 4 3 284400731411763692060721957322821763224556691736938525918122173/28709577633518598047039587081146383981447183992665986875800853250
18 4 6 13347214864078479961776329435379860865760733940922618952350120499/28709577633518598047039587081146383981447183992665986875800853250
18 4 8 2516438099929739127250371235913810664060442672455838728552577983/14354788816759299023519793540573191990723591996332993437900426625
18 4 9 628451365268368220543842890051138965417794107521981328041255513/5741915526703719609407917416229276796289436798533197375160170650
18 4 11 663820719281432803493353048032040329919139910393238717016680057/5741915526703719609407917416229276796289436798533197375160170650
18 4 14 1791862707709935509257906763100091773828168962759325857568888381/14354788816759299023519793540573191990723591996332993437900426625
18 5 2 9272650922367830512529174201281242453616729524865383498403789219/28709577633518598047039587081146383981447183992665986875800853250
18 5 4 8388355700885791657626473792039268105073510613606442588514777459/28709577633518598047039587081146383981447183992665986875800853250
18 5 8 3824317950964063678267208375573928354002250435521819133189528051/14354788816759299023519793540573191990723591996332993437900426625
18 5 14 339993510833684852034952233667801671475244298315052252250323047/2870957763351859804703958708114638398144718399266598687580085325
18 6 11 4105503515676472075883607264284323745666746274955026740795025481/14354788816759299023519793540573191990723591996332993437900426625
18 6 16 10249285301082826947636186276288868245056845721377966697105401144/14354788816759299023519793540573191990723591996332993437900426625
18 7 0 10837226587953996888543639196872369983830594674553361410792837239/14354788816759299023519793540573191990723591996332993437900426625
18 7 2 3517562228805302134976154343700822006892997321779632027107589386/14354788816759299023519793540573191990723591996332993437900426625
18 8 4 210846112982250852190858794074722759268508107460778636290281853/14354788816759299023519793540573191990723591996332993437900426625
18 8 5 7821894971117307440541718158402344907312240399623758666860317563/28709577633518598047039587081146383981447183992665986875800853250
18 8 12 5939743847054989977977431780780940102587339599840784075943160039/14354788816759299023519793540573191990723591996332993437900426625
18 8 13 8586502742326808946161287773032713350423248178439102784473651903/28709577633518598047039587081146383981447183992665986875800853250
18 9 0 844949333610118685008683403736874472004884702286244039638676362/14354788816759299023519793540573191990723591996332993437900426625
18 9 6 3338688104626842680880337757218644804722850280239854355960636331/28709577633518598047039587081146383981447183992665986875800853250
18 9 12 16488853660838016985341887111673133345458646338682495205382414831/28709577633518598047039587081146383981447183992665986875800853250
18 9 13 3596068600416750505399997702390428443627958984585574617590224682/14354788816759299023519793540573191990723591996332993437900426625
18 10 6 6500740432362903438013488373679458855912230936424299075543750543/28709577633518598047039587081146383981447183992665986875800853250
18 10 10 9353871233732754047754865619045663323580409761618767547436282028/14354788816759299023519793540573191990723591996332993437900426625
18 10 11 3501094733690186513516367469375598478374133533004152705384538651/28709577633518598047039587081146383981447183992665986875800853250
18 11 0 302287884438126219931647249415933782066066006163564608636729906/14354788816759299023519793540573191990723591996332993437900426625
18 11 3 9525057161371924918064691835961329766804827564263773176454803523/14354788816759299023519793540573191990723591996332993437900426625
18 11 8 4527443770949247885523454455195928441852698425905655652808893196/14354788816759299023519793540573191990723591996332993437900426625
18 12 9 476713551248165062565091774003871111449528201539746046433818891/5741915526703719609407917416229276796289436798533197375160170650
18 12 11 8834441904839688429159138306841979350387645458737301087328293258/14354788816759299023519793540573191990723591996332993437900426625
18 12 12 8657126067598395875895851597443069723424252067492654468975172279/28709577633518598047039587081146383981447183992665986875800853250
18 13 2 9088850109853459866020388345044548793495821403216950934641048411/28709577633518598047039587081146383981447183992665986875800853250
18 13 10 2087043513212707410466505641325092155924055768997101305792515651/5741915526703719609407917416229276796289436798533197375160170650
18 13 11 4592754978800800564343335264738187204165541872231764706098613292/14354788816759299023519793540573191990723591996332993437900426625
18 14 0 839548634789810934915769231737427329487564019431777090962804117/5741915526703719609407917416229276796289436798533197375160170650
18 14 3 10086757041377248930369072360327604203866303170017302283778726997/28709577633518598047039587081146383981447183992665986875800853250
18 14 4 579144377225694023571030774843040904407078678516064010580017518/2870957763351859804703958708114638398144718399266598687580085325
18 14 6 4316816822967677103190680406850617043036136970164579515703965244/14354788816759299023519793540573191990723591996332993437900426625
18 15 4 4023455242426061955700647027197458248830118926800754724855189671/5741915526703719609407917416229276796289436798533197375160170650
18 15 9 1718460284277657653707270389031818547459317871732442650304980979/5741915526703719609407917416229276796289436798533197375160170650
18 16 1 6327170091249679105269936136564136278978638427069361716156447099/14354788816759299023519793540573191990723591996332993437900426625
18 16 8 8027618725509619918249857404009055711744953569263631721743979526/14354788816759299023519793540573191990723591996332993437900426625
18 17 1 18791501598276727007320664584106900531513786152485933752012555657/28709577633518598047039587081146383981447183992665986875800853250
18 17 2 9918076035241871039718922497039483449933397840180053123788297593/28709577633518598047039587081146383981447183992665986875800853250
18 18 0 14323504111653986848071803021359155169300921445980435003234755211/28709577633518598047039587081146383981447183992665986875800853250
18 18 5 14386073521864611198967784059787228812146262546685551872566098039/28709577633518598047039587081146383981447183992665986875800853250
19 0 3 7473878152014562265447174588582689302708679243775941694672207147/14354788816759299023519793540573191990723591996332993437900426625
19 0 6 2455910821687753551601152576935954867923270842104491524828948703/14354788816759299023519793540573191990723591996332993437900426625
19 0 13 2384526472749402006480678760243045188883539660362323771216601159/14354788816759299023519793540573191990723591996332993437900426625
19 0 14 2040473370307581199990787614811502631208102250090236447182669616/14354788816759299023519793540573191990723591996332993437900426625
19 1 8 9075277987233341848392926902662120337529754964235268517904872077/28709577633518598047039587081146383981447183992665986875800853250
19 1 13 19634299646285256198646660178484263643917429028430718357895981173/28709577633518598047039587081146383981447183992665986875800853250
19 2 8 14517674900834053536514991401516306586784778923356658449333249817/28709577633518598047039587081146383981447183992665986875800853250
19 2 17 14191902732684544510524595679630077394662405069309328426467603433/28709577633518598047039587081146383981447183992665986875800853250
19 3 4 14845276887556496891206284538166969423398057450135154399883669271/28709577633518598047039587081146383981447183992665986875800853250
19 3 6 12258204671429273095147876507738042824868812783264770064043443657/28709577633518598047039587081146383981447183992665986875800853250
19 3 16 803048037266414030342713017620685866590156879633031205936870161/14354788816759299023519793540573191990723591996332993437900426625
19 4 3 2152840944930370181721744158063013952744412272137794811387592293/5741915526703719609407917416229276796289436798533197375160170650
19 4 12 3944458184085469971296103531110253572119221767401913965654361487/28709577633518598047039587081146383981447183992665986875800853250
19 4 16 7000457362390638583567381379860530322802950432287549426604265149/14354788816759299023519793540573191990723591996332993437900426625
19 5 4 6578347144901574025734274491665294243358832496918306859081661447/28709577633518598047039587081146383981447183992665986875800853250
19 5 6 4210243153027236318673070719579302288528954539726407484632494561/28709577633518598047039587081146383981447183992665986875800853250
19 5 13 475516245954085585864752039461017819197442983266427325677558409/2870957763351859804703958708114638398144718399266598687580085325
19 5 18 6582912438024465921992360737645804628792483561678499637655556576/14354788816759299023519793540573191990723591996332993437900426625
19 6 2 3014904805327357847909855625670899927552836366041863733353713957/28709577633518598047039587081146383981447183992665986875800853250
19 6 3 4595613102540813623825601309373313436253486593683250601896695727/28709577633518598047039587081146383981447183992665986875800853250
19 6 5 8523538841885815282703479453882094681977765553242139931457928969/28709577633518598047039587081146383981447183992665986875800853250
19 6 7 137157993866121165090322647710962391126109680306204427942811396/2870957763351859804703958708114638398144718399266598687580085325
19 6 15 9054746315624720640038216699339988320960127758652058477607118619/28709577633518598047039587081146383981447183992665986875800853250
19 6 16 1074597314739339500829603757885231851720935458992314926028641009/14354788816759299023519793540573191990723591996332993437900426625
19 7 11 16946078275274836943458423053234451268137806285100652631585614549/28709577633518598047039587081146383981447183992665986875800853250
19 7 12 11763499358243761103581164027911932713309377707565334244215238701/28709577633518598047039587081146383981447183992665986875800853250
19 8 2 8788819028800809012352490973236528416951523516361347882309340084/14354788816759299023519793540573191990723591996332993437900426625
19 8 4 1068127817477962075497291173157120357438461560223767367120679537/14354788816759299023519793540573191990723591996332993437900426625
19 8 5 1759526234427271458475395922474148947329584421184282380556215559/28709577633518598047039587081146383981447183992665986875800853250
19 8 11 7236157706533784412864626865884937485337629418311473996384598449/28709577633518598047039587081146383981447183992665986875800853250
19 9 8 357571332648693448473270779775388954612573123486284982948752531/5741915526703719609407917416229276796289436798533197375160170650
19 9 9 5050997719303969725580957304036202279744606879777439574407388/114838310534074392188158348324585535925788735970663947503203413
19 9 14 5970615385219172759962905401257940742262030011208789268876202329/14354788816759299023519793540573191990723591996332993437900426625
19 9 15 13717740770010792853352183053744507153924106632872623529702838937/28709577633518598047039587081146383981447183992665986875800853250
19 10 0 2538325629970668278432356499719799118073956214495917062459480217/5741915526703719609407917416229276796289436798533197375160170650
19 10 2 63397272225341714826938639044755606327802818287671566198369177/5741915526703719609407917416229276796289436798533197375160170650
19 10 7 98514542133627255959940794922949709012460143304183475397653153/229676621068148784376316696649171071851577471941327895006406826
19 10 11 677329071167028217150102404390979346576174183145021861560992431/5741915526703719609407917416229276796289436798533197375160170650
19 11 2 1249731988387561377374759535342405393880798762249297370916023397/2870957763351859804703958708114638398144718399266598687580085325
19 11 6 2087220098342328162008322419334464073382061399914384985562202408/14354788816759299023519793540573191990723591996332993437900426625
19 11 8 7841998186153456456897807157407084964722838698868965414493097/229676621068148784376316696649171071851577471941327895006406826
19 11 11 4484277775732198909931643732052676554194580316453156174383732387/28709577633518598047039587081146383981447183992665986875800853250
19 11 12 3286645001978473491115738631162419860545069208266233172160422476/14354788816759299023519793540573191990723591996332993437900426625
19 12 6 8657126067598395875895851597443069723424252067492654468975172279/28709577633518598047039587081146383981447183992665986875800853250
19 12 12 20052451565920202171143735483703314258022931925173332406825680971/28709577633518598047039587081146383981447183992665986875800853250
19 13 1 9130463950950248834827709635965208620199913477530169736235606007/28709577633518598047039587081146383981447183992665986875800853250
19 13 7 2084068352093369395563237660997486797855127097500356952731575902/14354788816759299023519793540573191990723591996332993437900426625
19 13 8 15410976978381610421085402123186201765537016320135103234102095439/28709577633518598047039587081146383981447183992665986875800853250
19 14 1 11007227011326749729995678046751931768086686318517128759469686757/14354788816759299023519793540573191990723591996332993437900426625
19 14 3 3347561805432549293524115493821260222636905677815864678430739868/14354788816759299023519793540573191990723591996332993437900426625
19 15 5 16369403774631272401609300418372837691927996215503884826250251643/28709577633518598047039587081146383981447183992665986875800853250
19 15 7 264685017305861543308889870726601738081723861329823691965958089/5741915526703719609407917416229276796289436798533197375160170650
19 15 9 5508374386179008964442918654570268799555284235256491794860405581/14354788816759299023519793540573191990723591996332993437900426625
19 16 0 4617255499082151750521251200949041871342059943866246888691083389/5741915526703719609407917416229276796289436798533197375160170650
19 16 1 1124660027621567858886666215280234924947376854666950486469087261/5741915526703719609407917416229276796289436798533197375160170650
19 17 5 18134472257344653810593580051859277689822260838628632387984934899/28709577633518598047039587081146383981447183992665986875800853250
19 17 6 10575105376173944236446007029287106291624923154037354487815918351/28709577633518598047039587081146383981447183992665986875800853250
19 18 2 2229762908112299229381858305781374847866019112819482102598482081/28709577633518598047039587081146383981447183992665986875800853250
19 18 3 3892121683101062651502426791046038380195444615501551060604389924/14354788816759299023519793540573191990723591996332993437900426625
19 18 4 18695571359204173514652875193272932373190275648843402651993591321/28709577633518598047039587081146383981447183992665986875800853250
19 19 0 900903546302491280861371734324415406397752623674811977049651304/2870957763351859804703958708114638398144718399266598687580085325
19 19 1 4009361498288712682064679520359056114973718320329879919364457622/14354788816759299023519793540573191990723591996332993437900426625
19 19 2 9150329092245415503502771420015195431288702803043566385526375009/28709577633518598047039587081146383981447183992665986875800853250
19 19 4 2531490081670844370793739277168922256233518312214540881049049957/28709577633518598047039587081146383981447183992665986875800853250
20 0 10 11975523274051531802389994515563026084842692230155849906093771767/28709577633518598047039587081146383981447183992665986875800853250
20 0 11 620263380424742970084736978114856871739964561141048997677648373/28709577633518598047039587081146383981447183992665986875800853250
20 0 12 4459421474040505509567021096234250949221980468612168227695914439/28709577633518598047039587081146383981447183992665986875800853250
20 0 21 3799180748651910533433939764099280415049254025935396410346432744/14354788816759299023519793540573191990723591996332993437900426625
20 0 23 4056008007697996698129954963035689245544038680886126923640653183/28709577633518598047039587081146383981447183992665986875800853250
20 1 6 1471973633863976309582840257164799553487453337836110108967001326/2870957763351859804703958708114638398144718399266598687580085325
20 1 13 914879351003007649129190785436675332647788116749191274611717714/14354788816759299023519793540573191990723591996332993437900426625
20 1 15 2840479128270261658740921388168198966041051492317664295519693914/14354788816759299023519793540573191990723591996332993437900426625
20 1 18 3239562168166148167735480081144319924597485698085587322934008367/14354788816759299023519793540573191990723591996332993437900426625
20 2 11 7093282485031141106247030466243542426554300849544447742502029427/28709577633518598047039587081146383981447183992665986875800853250
20 2 16 14470279183610826681312895212175278418891333580209987995330831717/28709577633518598047039587081146383981447183992665986875800853250
20 2 17 2567680710722366150662152869639968118746874500262832897003992039/28709577633518598047039587081146383981447183992665986875800853250
20 2 18 4578335254154264108817508533087595017254675062648718240964000067/28709577633518598047039587081146383981447183992665986875800853250
20 3 7 3960739899052564069934841350516181891858597907555884830910945567/28709577633518598047039587081146383981447183992665986875800853250
20 3 12 4333236397093478011639627956179052737313117084540821497650898288/14354788816759299023519793540573191990723591996332993437900426625
20 3 18 16082364940279077953825489818272096614962351916028459049588111107/28709577633518598047039587081146383981447183992665986875800853250
20 4 2 7786341903354839020652454560787672986377723692360517476553529267/14354788816759299023519793540573191990723591996332993437900426625
20 4 6 105671018816845925425341066314012901839642041839567287902617274/14354788816759299023519793540573191990723591996332993437900426625
20 4 15 12058820533111945366361558692649650815968234503490116666561746447/28709577633518598047039587081146383981447183992665986875800853250
20 4 16 866731256063282788522437134293361389044218020775700680326813721/28709577633518598047039587081146383981447183992665986875800853250
20 5 3 449476346858626228478306728601096205458836867386386343975626548/14354788816759299023519793540573191990723591996332993437900426625
20 5 5 14029158852337086023116981384252194289793227303867252402368152329/28709577633518598047039587081146383981447183992665986875800853250
20 5 9 1942314660316395553178414605753799545452525855560680881178859541/14354788816759299023519793540573191990723591996332993437900426625
20 5 17 9896836766831468460609163028184398189831231242904600023123728743/28709577633518598047039587081146383981447183992665986875800853250
20 6 5 747616426013147714173799554694534465353615903855390072350776557/5741915526703719609407917416229276796289436798533197375160170650
20 6 8 4994299100690571895234117861534742330935820894677807302809394093/5741915526703719609407917416229276796289436798533197375160170650
20 7 4 6540051071648063866076417822199663154137412024557494095558132163/14354788816759299023519793540573191990723591996332993437900426625
20 7 5 4151661328600486856496855249319456838659799866260015150669038199/28709577633518598047039587081146383981447183992665986875800853250
20 7 10 111294217331455233656901286604954247971608266852301379433158797/574191552670371960940791741622927679628943679853319737516017065
20 7 11 1139387453473704707017970725074213326049415017393745884638090931/28709577633518598047039587081146383981447183992665986875800853250
20 7 16 2386857920787758534263430566052837554941365858641084338859759972/14354788816759299023519793540573191990723591996332993437900426625
20 8 4 2222824017925101344804472576616198494251400564226893939522232461/14354788816759299023519793540573191990723591996332993437900426625
20 8 8 5486162111152624020324567985064448659882187262598975236900245916/14354788816759299023519793540573191990723591996332993437900426625
20 8 9 6645802687681573658390752978892544836590004169507124261477948248/14354788816759299023519793540573191990723591996332993437900426625
20 9 4 1149518223432842721055217599714312110769182489078710643471334973/2870957763351859804703958708114638398144718399266598687580085325
20 9 5 4025385322857834561505363217790667311965126816198101422396604294/14354788816759299023519793540573191990723591996332993437900426625
20 9 10 4581812376737250856738342324210964124912552734741338798147147466/14354788816759299023519793540573191990723591996332993437900426625
20 10 3 8145349748487561048163783681387761306961498486957822502029841899/14354788816759299023519793540573191990723591996332993437900426625
20 10 11 6209439068271737975356009859185430683762093509375170935870584726/14354788816759299023519793540573191990723591996332993437900426625
20 11 0 2344913432238612090389575868142253100985493342941523093045621517/28709577633518598047039587081146383981447183992665986875800853250
20 11 1 11988589972900892715423639695893867502844654801736459952525246471/14354788816759299023519793540573191990723591996332993437900426625
20 11 13 2387484255478200525802731821216395874772381046251543877704738791/28709577633518598047039587081146383981447183992665986875800853250
20 12 0 691661870245282143672783005074062236436628256045842159275846126/14354788816759299023519793540573191990723591996332993437900426625
20 12 3 20677455735131076090022265431735915506896810090765130223410468479/28709577633518598047039587081146383981447183992665986875800853250
20 12 11 6648798157896957669671755639262344001677117389809172333838692519/28709577633518598047039587081146383981447183992665986875800853250
20 13 0 3993650072575797279978517797414068520668150876987546434055081078/14354788816759299023519793540573191990723591996332993437900426625
20 13 4 4499360857949754856118240092391087625156143712668343846708317244/14354788816759299023519793540573191990723591996332993437900426625
20 13 9 9544948136619130120315396850085070678804533402737856121090996269/28709577633518598047039587081146383981447183992665986875800853250
20 13 10 2178607635848363654530674451451001010994061410616350193183060337/28709577633518598047039587081146383981447183992665986875800853250
20 14 0 8347053147163165793348396287444073694763395697567234805892065767/28709577633518598047039587081146383981447183992665986875800853250
20 14 9 20362524486355432253691190793702310286683788295098752069908787483/28709577633518598047039587081146383981447183992665986875800853250
20 15 1 5159849279437551450325875294020229779954310459935541029048177144/14354788816759299023519793540573191990723591996332993437900426625
20 15 7 9194939537321747573193918246552962210769281536397452408852249481/14354788816759299023519793540573191990723591996332993437900426625
20 16 3 9216599393147050153838476561366439197835900948518670560891993957/28709577633518598047039587081146383981447183992665986875800853250
20 16 6 4626021670438203534916263220852338219699527014767428757197087678/14354788816759299023519793540573191990723591996332993437900426625
20 16 8 10240934899495140823368584078075268344212229014612458800514683937/28709577633518598047039587081146383981447183992665986875800853250
20 17 0 3382075941790623737005278221220363049461283448919390184077603857/14354788816759299023519793540573191990723591996332993437900426625
20 17 1 2167108075560165505350049181091123251610317387760066329962174387/14354788816759299023519793540573191990723591996332993437900426625
20 17 2 7597857592182341077335089878713443498002294930046746109693355221/28709577633518598047039587081146383981447183992665986875800853250
20 17 7 10013352006634678484993842397809967881301687389260327738027941541/28709577633518598047039587081146383981447183992665986875800853250
20 18 2 10690837919203818653855592267811179001291060560494948266231967809/14354788816759299023519793540573191990723591996332993437900426625
20 18 6 3663950897555480369664201272762012989432531435838045171668458816/14354788816759299023519793540573191990723591996332993437900426625
20 19 2 2531490081670844370793739277168922256233518312214540881049049957/28709577633518598047039587081146383981447183992665986875800853250
20 19 4 4532026594798116726297242916761525037395822127139824139011342932/14354788816759299023519793540573191990723591996332993437900426625
20 19 5 17114034362251520223651361970454411650422021426171797716729117429/28709577633518598047039587081146383981447183992665986875800853250
20 20 0 10128482485172658296046896305038377660346183771778951511279324962/14354788816759299023519793540573191990723591996332993437900426625
20 20 1 4226306331586640727472897235534814330377408224554041926621101663/14354788816759299023519793540573191990723591996332993437900426625
21 0 8 3931113319970760428061393656216365823017100383317171814465994893/5741915526703719609407917416229276796289436798533197375160170650
21 0 20 1810802206732959181346523760012910973272336415216025560694175757/5741915526703719609407917416229276796289436798533197375160170650
21 1 9 5847372531572764535000772135363047886115183680506411570159690058/14354788816759299023519793540573191990723591996332993437900426625
21 1 12 8507416285186534488519021405210144104608408315826581867740736567/14354788816759299023519793540573191990723591996332993437900426625
21 2 3 5444180590318109829673462899282890475374016075933197969508759709/14354788816759299023519793540573191990723591996332993437900426625
21 2 7 2484249103166481845938451363532995805340201902738825547607197933/14354788816759299023519793540573191990723591996332993437900426625
21 2 8 3002024848042622972478477485199096265348230435897193830709209881/28709577633518598047039587081146383981447183992665986875800853250
21 2 14 774624805014665643951389961618338925829450190966986475582576803/28709577633518598047039587081146383981447183992665986875800853250
21 2 19 4538034296746063039692945554348588114420533704228879767638575641/14354788816759299023519793540573191990723591996332993437900426625
21 3 5 6844644132707327852504081735191601707642520286638973545816744681/28709577633518598047039587081146383981447183992665986875800853250
21 3 9 10377054701060933637140410663111246773487620225440593192126786879/28709577633518598047039587081146383981447183992665986875800853250
21 3 15 1752381123875402084535792272920112856848642943850178172829850533/14354788816759299023519793540573191990723591996332993437900426625
21 3 17 3991558275999766194161755068501654893309878796443031896098810312/14354788816759299023519793540573191990723591996332993437900426625
21 4 8 10678886443165573992155427472088847783420006042187914194293579/5741915526703719609407917416229276796289436798533197375160170650
21 4 10 27300999123546604237970325422569219616298371736604835649425303263/28709577633518598047039587081146383981447183992665986875800853250
21 4 13 677592038878082969554242260608360063115856112925105827702041046/14354788816759299023519793540573191990723591996332993437900426625
21 5 13 22914869030638738662214602057933300360022426178342468844027876079/28709577633518598047039587081146383981447183992665986875800853250
21 5 16 5794708602879859384824985023213083621424757814323518031772977171/28709577633518598047039587081146383981447183992665986875800853250
21 6 11 5666297633188846133218254020102683276895251327991617551487455812/14354788816759299023519793540573191990723591996332993437900426625
21 6 12 8688491183570452890301539520470508713828340668341375886412970813/14354788816759299023519793540573191990723591996332993437900426625
21 7 6 2602862720588182257335162111875583091271868408380478878616068413/14354788816759299023519793540573191990723591996332993437900426625
21 7 14 2386092851702904868885669867288218831381824138004611298519511248/14354788816759299023519793540573191990723591996332993437900426625
21 7 15 9365833244468211897298961561409390068069899449947903260764846964/14354788816759299023519793540573191990723591996332993437900426625
21 8 2 738270449491723236045774260107736879421218693387064480592357433/2870957763351859804703958708114638398144718399266598687580085325
21 8 3 2775760254006492552507885637215985163669918840123719496134716281/5741915526703719609407917416229276796289436798533197375160170650
21 8 5 2889862409707650547876636166250305570074464614778695434231899459/28709577633518598047039587081146383981447183992665986875800853250
21 8 12 2279104729430626188082890063869391899405469121699024577485899028/14354788816759299023519793540573191990723591996332993437900426625
21 9 0 14873458697395630780858861642838484817567320869360393154774552857/28709577633518598047039587081146383981447183992665986875800853250
21 9 11 13836118936122967266180725438307899163879863123305593721026300393/28709577633518598047039587081146383981447183992665986875800853250
21 10 1 5166479028559433172875714057489294456034598243739035560851337084/14354788816759299023519793540573191990723591996332993437900426625
21 10 6 9188309788199865850644079483083897534688993752593957877049089541/14354788816759299023519793540573191990723591996332993437900426625
21 11 4 2044892118209966209019035112327025415297826032415760520232659286/2870957763351859804703958708114638398144718399266598687580085325
21 11 5 826065645141893595684923595787612982846892366850838167347426039/2870957763351859804703958708114638398144718399266598687580085325
21 12 2 10633015936780636591474606681865310660749620697099899287212898167/28709577633518598047039587081146383981447183992665986875800853250
21 12 7 12580156810907802207005319593893469149035464312958508487119288677/28709577633518598047039587081146383981447183992665986875800853250
21 12 8 2748202442915079624279830402693802085831049491303789550734333203/14354788816759299023519793540573191990723591996332993437900426625
21 13 1 5899647960904272429740427978942473582448065566704553417117666861/28709577633518598047039587081146383981447183992665986875800853250
21 13 3 8086932046969397976997159935348216501494018644199347745724737072/14354788816759299023519793540573191990723591996332993437900426625
21 13 6 1327213115735105932660967846301495479202216227512547593446742449/5741915526703719609407917416229276796289436798533197375160170650
21 14 1 3347561805432549293524115493821260222636905677815864678430739868/14354788816759299023519793540573191990723591996332993437900426625
21 14 5 21929852993431944186286128232269711261622361549526836991561738/2870957763351859804703958708114638398144718399266598687580085325
21 14 8 7164219315501124278549062167675602474716852407722476152540702131/14354788816759299023519793540573191990723591996332993437900426625
21 14 9 3733358430858465730515185237914980737061722103047018421971175936/14354788816759299023519793540573191990723591996332993437900426625
21 15 2 1
21 16 5 1841554230395558516911220123710707982646331909838988421963802617/14354788816759299023519793540573191990723591996332993437900426625
21 16 6 11321369316523975963954358840149918380294487008119122138844284193/28709577633518598047039587081146383981447183992665986875800853250
21 16 7 13705099856203505049262787993575049635860033164868887893028963823/28709577633518598047039587081146383981447183992665986875800853250
21 17 1 5583859884121540029018824134857236946712763064659920463863948819/28709577633518598047039587081146383981447183992665986875800853250
21 17 5 4998999093189340325257683481251876982221165743925616460922085207/28709577633518598047039587081146383981447183992665986875800853250
21 17 7 9063359328103858846381539732518635026256627592040224975507409612/14354788816759299023519793540573191990723591996332993437900426625
21 18 1 10434442008321105624674589281575480280792659996455611533415849003/14354788816759299023519793540573191990723591996332993437900426625
21 18 6 3920346808438193398845204258997711709930931999877381904484577622/14354788816759299023519793540573191990723591996332993437900426625
21 19 4 17114034362251520223651361970454411650422021426171797716729117429/28709577633518598047039587081146383981447183992665986875800853250
21 19 5 11595543271267077823388225110691972331025162566494189159071735821/28709577633518598047039587081146383981447183992665986875800853250
21 20 0 4226306331586640727472897235534814330377408224554041926621101663/14354788816759299023519793540573191990723591996332993437900426625
21 20 3 8439446985044510265027415924229640676003492826501808515236892623/28709577633518598047039587081146383981447183992665986875800853250
21 20 4 11817517985300806327066376685847114644688874717056094507321757301/28709577633518598047039587081146383981447183992665986875800853250
21 21 0 26054402169083076405103433665663666969767019148917020418360711407/28709577633518598047039587081146383981447183992665986875800853250
21 21 2 2655175464435521641936153415482717011680164843748966457440141843/28709577633518598047039587081146383981447183992665986875800853250
22 0 4 8921831987477682447208625318386009017485194851656416198146073949/28709577633518598047039587081146383981447183992665986875800853250
22 0 9 9519928172755523475350344314009973654761263250855558245272450873/14354788816759299023519793540573191990723591996332993437900426625
22 0 10 149577860105973729826054626948085530887892527859690837421975511/5741915526703719609407917416229276796289436798533197375160170650
22 1 5 3422754604937675704729065710272886531222324048977569433758436132/14354788816759299023519793540573191990723591996332993437900426625
22 1 9 3852102203478029534338383087800439860906618102296571792586069518/14354788816759299023519793540573191990723591996332993437900426625
22 1 12 9917054391675380326789611524309845936462330638165766717720312523/28709577633518598047039587081146383981447183992665986875800853250
22 1 18 4242809625011807242115077960689885260726969051951937705391529427/28709577633518598047039587081146383981447183992665986875800853250
22 2 11 9458169577996972754688908415015698123173019938860952800927250059/28709577633518598047039587081146383981447183992665986875800853250
22 2 12 5470810791432698229771676867180421547179515737325360374489193631/28709577633518598047039587081146383981447183992665986875800853250
22 2 15 12/25
22 3 11 7313445249106909890779362804394060875218816695074882593907030072/14354788816759299023519793540573191990723591996332993437900426625
22 3 12 1714151101453984895024505919786332569430352552714025823871085296/14354788816759299023519793540573191990723591996332993437900426625
22 3 16 5327192466198404237715924816392798546074422748544085020122311257/14354788816759299023519793540573191990723591996332993437900426625
22 4 7 13195840302585628964125983889560161016396323642729473360625086033/28709577633518598047039587081146383981447183992665986875800853250
22 4 8 6842634512370709667649435272477616058736683780985960524627964407/14354788816759299023519793540573191990723591996332993437900426625
22 4 15 1828468306191549747614732646630990847577492787964592465919838403/28709577633518598047039587081146383981447183992665986875800853250
22 5 5 5066692778640907158138688390957671904901432455079604588211173483/14354788816759299023519793540573191990723591996332993437900426625
22 5 10 88619278261421219964795962847342318327701512728613538965490771/229676621068148784376316696649171071851577471941327895006406826
22 5 16 4487294844553877103791977900329852632801666327245851695202874141/28709577633518598047039587081146383981447183992665986875800853250
22 5 17 1505743724502627065685368521491698873939981832092116816744642884/14354788816759299023519793540573191990723591996332993437900426625
22 6 3 725474194134059520048314443643210506452299239789850711825475977/28709577633518598047039587081146383981447183992665986875800853250
22 6 7 1796219068571262678076574862795781562761198308553034990996560009/14354788816759299023519793540573191990723591996332993437900426625
22 6 14 4878333060448402634167624582382322069894497627154013236396451451/5741915526703719609407917416229276796289436798533197375160170650
22 7 6 6004337777497739798385368501733850198890872533136281315554688313/14354788816759299023519793540573191990723591996332993437900426625
22 7 13 8350451039261559225134425038839341791832719463196712122345738312/14354788816759299023519793540573191990723591996332993437900426625
22 8 1 2359807734366699100940508372726699240168340143989673026249857999/14354788816759299023519793540573191990723591996332993437900426625
22 8 4 7221702820929598093284889140343338725435568877357304808241784991/14354788816759299023519793540573191990723591996332993437900426625
22 8 8 4641196541036729551166399559980937533842189816080434225692376893/14354788816759299023519793540573191990723591996332993437900426625
22 8 10 132081720426272278127996467522216491277493158905581377716406742/14354788816759299023519793540573191990723591996332993437900426625
22 9 7 27092226073270474644897388812458909102006662369069018918757149087/28709577633518598047039587081146383981447183992665986875800853250
22 9 10 1617351560248123402142198268687474879440521623596967957043704163/28709577633518598047039587081146383981447183992665986875800853250
22 10 5 306510650530890346950859667388693632295695124183893919559568851/1148383105340743921881583483245855359257887359706639475032034130
22 10 7 779361022623713314951812321541494012787308467671659675206164441/14354788816759299023519793540573191990723591996332993437900426625
22 10 9 19488089324998912743364470753346055148480188952725319536399303093/28709577633518598047039587081146383981447183992665986875800853250
22 11 0 7198169680768527492148819416349755138298977107529292513537569807/14354788816759299023519793540573191990723591996332993437900426625
22 11 1 2366198843858406308096153844679324487878937194596533485375180154/14354788816759299023519793540573191990723591996332993437900426625
22 11 10 4790420292132365223274820279544112364545677694207167438987676664/14354788816759299023519793540573191990723591996332993437900426625
22 12 2 718787314844494530250273135818333751951529392355358463215602482/2870957763351859804703958708114638398144718399266598687580085325
22 12 5 613293823526917366948041510713922442114927788176884015949936246/14354788816759299023519793540573191990723591996332993437900426625
22 12 6 14626610626608598990332328244464477728229344289532948633849196593/28709577633518598047039587081146383981447183992665986875800853250
22 12 7 1133701242282243804061688891414144769894538040645137115579151869/5741915526703719609407917416229276796289436798533197375160170650
22 13 2 2779939184239023743011504684054888054143403556250483640543909929/5741915526703719609407917416229276796289436798533197375160170650
22 13 4 5077209792500341676946389800456669157650614799805287576304996806/14354788816759299023519793540573191990723591996332993437900426625
22 13 6 4655462127322795978089284059958605395428936611802993520471309993/28709577633518598047039587081146383981447183992665986875800853250
22 14 4 18157582525995914497000073546077466382947368980817175409201898307/28709577633518598047039587081146383981447183992665986875800853250
22 14 10 10551995107522683550039513535068917598499815011848811466598954943/28709577633518598047039587081146383981447183992665986875800853250
22 15 8 1
22 16 0 80470404019428579108620640263628635981688680617433635426068161/14354788816759299023519793540573191990723591996332993437900426625
22 16 3 1761083826376129937802599483447079346664643229221554786537734456/14354788816759299023519793540573191990723591996332993437900426625
22 16 5 12513234586363740506608573416862484008077260086494005015936624008/14354788816759299023519793540573191990723591996332993437900426625
22 17 0 10972712874968675286514515319352828941262308547413603253822822768/14354788816759299023519793540573191990723591996332993437900426625
22 17 3 6194644912905045604727891224141580051290325478513571181397115229/28709577633518598047039587081146383981447183992665986875800853250
22 17 7 113901394135240373856533043659829209526448283865041837351618497/5741915526703719609407917416229276796289436798533197375160170650
22 18 0 14386073521864611198967784059787228812146262546685551872566098039/28709577633518598047039587081146383981447183992665986875800853250
22 18 5 782521890122736338051027003732220586580664324745302279739974837/28709577633518598047039587081146383981447183992665986875800853250
22 18 6 6770491110765625255010388008813467291360128560617566361747390187/14354788816759299023519793540573191990723591996332993437900426625
22 19 1 2195013723331649629418196266165808591088339323060857384185343371/14354788816759299023519793540573191990723591996332993437900426625
22 19 3 12159775093427649394101597274407383399635252673272136053715083254/14354788816759299023519793540573191990723591996332993437900426625
22 20 1 5897087419915892675476464759288304432592334664579007036543772013/14354788816759299023519793540573191990723591996332993437900426625
22 20 3 8457701396843406348043328781284887558131257331753986401356654612/14354788816759299023519793540573191990723591996332993437900426625
22 21 0 788460298955602570159561934343836923372719968992565698302516339/28709577633518598047039587081146383981447183992665986875800853250
22 21 1 12173101052236461782548662577132663309727231088035135317761041787/14354788816759299023519793540573191990723591996332993437900426625
22 21 2 3574915230090071911782699992537220438620001847603150541976253337/28709577633518598047039587081146383981447183992665986875800853250
22 22 1 847411096457628745855642553038945521847283179138181938105572601/14354788816759299023519793540573191990723591996332993437900426625
22 22 2 13507377720301670277664150987534246468876308817194811499794854024/14354788816759299023519793540573191990723591996332993437900426625
23 0 14 2242039700346454953599332261244081166710882672295881318120083928/14354788816759299023519793540573191990723591996332993437900426625
23 0 16 9521960378333154053804661351109530457379217385544399790664911229/28709577633518598047039587081146383981447183992665986875800853250
23 0 18 2940707570898506817207252241509738238129240252505964889779154833/5741915526703719609407917416229276796289436798533197375160170650
23 1 7 10192535360627347792663039465851914512583168046432245740311894891/28709577633518598047039587081146383981447183992665986875800853250
23 1 10 22509634755808733420217405232860173665418798520832053462082519/229676621068148784376316696649171071851577471941327895006406826
23 1 14 7851668964207579288424685980593473880343333065564867226364321742/14354788816759299023519793540573191990723591996332993437900426625
23 2 9 9921995150073233166229337398056326778752492177072617031662066054/14354788816759299023519793540573191990723591996332993437900426625
23 2 12 4432793666686065857290456142516865211971099819260376406238360571/14354788816759299023519793540573191990723591996332993437900426625
23 3 7 299003057637723895192156475341095453187117217117239587545456811/5741915526703719609407917416229276796289436798533197375160170650
23 3 8 3811774546621334030124657735803848874476264269567394749342972533/28709577633518598047039587081146383981447183992665986875800853250
23 3 12 6332384593837862106618854490773091012200384541222076207187822809/14354788816759299023519793540573191990723591996332993437900426625
23 3 13 5369009305516460163858218993545437908317282277534120887177475522/14354788816759299023519793540573191990723591996332993437900426625
23 4 6 2608937104937389503838312232956478235846534471570670601607095112/14354788816759299023519793540573191990723591996332993437900426625
23 4 11 9643489097413976593023333717720533933104898048628480892424380259/28709577633518598047039587081146383981447183992665986875800853250
23 4 14 9212145952335580088575669161786427653487406059805048904297911759/28709577633518598047039587081146383981447183992665986875800853250
23 4 16 2318034186947131178881979867863232961580905470545557937932185504/14354788816759299023519793540573191990723591996332993437900426625
23 5 6 4207545261721846037936733102799348367405129630388206320327576843/14354788816759299023519793540573191990723591996332993437900426625
23 5 8 3749162410745671134264755543574106387127046668631727525416958068/14354788816759299023519793540573191990723591996332993437900426625
23 5 10 6398081144291781851318304894199737236191415697313059592155891714/14354788816759299023519793540573191990723591996332993437900426625
23 6 6 2482009037901868503528188101350593518391746710084057130710616989/14354788816759299023519793540573191990723591996332993437900426625
23 6 7 11872779778857430519991605439222598472331845286248936307189809636/14354788816759299023519793540573191990723591996332993437900426625
23 7 7 6878648367654735687498896729581537293976099164357601347188975204/14354788816759299023519793540573191990723591996332993437900426625
23 7 10 7476140449104563336020896810991654696747492831975392090711451421/14354788816759299023519793540573191990723591996332993437900426625
23 8 7 3166247448926541242687399263702063694545541249383568382665151321/28709577633518598047039587081146383981447183992665986875800853250
23 8 9 13271449704044691089433244425598600309440076193696048924192966813/28709577633518598047039587081146383981447183992665986875800853250
23 8 12 6135940240273682857459471695922859988730783274793184784471367558/14354788816759299023519793540573191990723591996332993437900426625
23 9 4 5996051480387920346102631879935458174784178720691242943468558829/14354788816759299023519793540573191990723591996332993437900426625
23 9 5 1951558600889712666232012322896859125630470403449553826384209461/28709577633518598047039587081146383981447183992665986875800853250
23 9 7 1617351560248123402142198268687474879440521623596967957043704163/28709577633518598047039587081146383981447183992665986875800853250
23 9 9 5411714315828064539191684842888102756939946834600420178279540836/14354788816759299023519793540573191990723591996332993437900426625
23 9 11 1162567939974396104038371521957464056463970427518069424438370148/14354788816759299023519793540573191990723591996332993437900426625
23 10 0 1274393938091009024655395964560926269319265961582580555615375508/14354788816759299023519793540573191990723591996332993437900426625
23 10 1 7120821258964611411350372559297018964119009302954387449121910353/28709577633518598047039587081146383981447183992665986875800853250
23 10 2 7603875436808002839320241425714191211266338607746333134644634128/14354788816759299023519793540573191990723591996332993437900426625
23 10 6 30657740998047703261903517930393040449255724408430176369271389/229676621068148784376316696649171071851577471941327895006406826
23 11 8 18674440318350920218880452276078641477151432303496054893371429733/28709577633518598047039587081146383981447183992665986875800853250
23 11 9 10035137315167677828159134805067742504295751689169931982429423517/28709577633518598047039587081146383981447183992665986875800853250
23 12 4 1479479028177737610202449627791708870084738204447273066931225561/2870957763351859804703958708114638398144718399266598687580085325
23 12 5 5293769677263029349563202573690487409764208787507983911632695549/28709577633518598047039587081146383981447183992665986875800853250
23 12 10 8621017674478192595451888229538807870835593160685272294855902091/28709577633518598047039587081146383981447183992665986875800853250
23 13 5 9617446756265360537719561828721938763553602457338170808376418257/14354788816759299023519793540573191990723591996332993437900426625
23 13 8 4737342060493938485800231711851253227169989538994822629524008368/14354788816759299023519793540573191990723591996332993437900426625
23 14 2 8833599120973165177244730350724636051500243805384827213106487431/28709577633518598047039587081146383981447183992665986875800853250
23 14 3 10024568358586716675329799359665867973668412395864727298114516159/28709577633518598047039587081146383981447183992665986875800853250
23 14 8 4322246782936143046636299723970077792315768871463259633597374081/28709577633518598047039587081146383981447183992665986875800853250
23 14 10 5529163371022573147828757646785802163962758919953172730982475579/28709577633518598047039587081146383981447183992665986875800853250
23 15 5 6155010069829876262973336017195020331139599620585071635349787994/14354788816759299023519793540573191990723591996332993437900426625
23 15 6 8199778746929422760546457523378171659583992375747921802550638631/14354788816759299023519793540573191990723591996332993437900426625
23 16 1 10431937312911400542066383731616936798753022865192511011142522747/28709577633518598047039587081146383981447183992665986875800853250
23 16 3 15970810587619288017595911552885786090281996585704206741833390381/28709577633518598047039587081146383981447183992665986875800853250
23 16 4 1153414866493954743688645898321830546206082270884634561412470061/14354788816759299023519793540573191990723591996332993437900426625
23 17 4 7988223327256046326854161482824266405534492602977677278952194771/28709577633518598047039587081146383981447183992665986875800853250
23 17 5 2788053141492301955594161774017614654701878705055869013446916572/14354788816759299023519793540573191990723591996332993437900426625
23 17 6 3029049604655589561799420410057377653301786795915314313990965067/5741915526703719609407917416229276796289436798533197375160170650
23 18 2 5098138886998661509946544239742651130999043758856608240738435551/28709577633518598047039587081146383981447183992665986875800853250
23 18 3 2800756201766558347405590653061004999902455016902616792183992849/5741915526703719609407917416229276796289436798533197375160170650
23 18 5 4803828868843572400032544788049353925467932574648147337071226727/14354788816759299023519793540573191990723591996332993437900426625
23 19 0 9664377522522378045979029941795387158843638508505896845650391998/14354788816759299023519793540573191990723591996332993437900426625
23 19 1 2495397570905271348122567332611996240791614164766239208064691256/14354788816759299023519793540573191990723591996332993437900426625
23 19 3 2195013723331649629418196266165808591088339323060857384185343371/14354788816759299023519793540573191990723591996332993437900426625
23 20 1 3053880000039701885929465246983530353282987194617902611242075548/14354788816759299023519793540573191990723591996332993437900426625
23 20 2 1177515065217063734640966298766542874470861912582041863493477401/14354788816759299023519793540573191990723591996332993437900426625
23 20 3 3354727854787275085925513594346968189181176502656205557850651403/28709577633518598047039587081146383981447183992665986875800853250
23 20 4 16892059648217791719973210395299269336758309275609892368479095949/28709577633518598047039587081146383981447183992665986875800853250
23 21 2 2247948693899300449332073367312644653114701730131386987638445807/2870957763351859804703958708114638398144718399266598687580085325
23 21 3 623009069452559355371885340801993745030016669135211699941639518/2870957763351859804703958708114638398144718399266598687580085325
23 22 0 1
23 23 0 1693442698134796070062992409348095523673856486684556824086607924/14354788816759299023519793540573191990723591996332993437900426625
23 23 1 12661346118624502953456801131225096467049735509648436613813818701/14354788816759299023519793540573191990723591996332993437900426625
24 0 12 1097032171433882119112190833001370931775967106314050070760618662/2870957763351859804703958708114638398144718399266598687580085325
24 0 13 1773925591917977685591767875113267466368751292952548616819466663/2870957763351859804703958708114638398144718399266598687580085325
24 1 10 19251202210193080430149550011094284494624388083619615485949118449/28709577633518598047039587081146383981447183992665986875800853250
24 1 11 8604913005416380175720861227818327936659820174991952123028819203/28709577633518598047039587081146383981447183992665986875800853250
24 1 13 426731208954568720584587921116885775081487867027209633411457799/14354788816759299023519793540573191990723591996332993437900426625
24 2 8 66654446054390329835777188733625910134231462008868141981514143/28709577633518598047039587081146383981447183992665986875800853250
24 2 10 497279919040725640727760788885217403870591823566554606520998109/1148383105340743921881583483245855359257887359706639475032034130
24 2 12 5931016533465445377261624981049303044492630031103622599235647451/28709577633518598047039587081146383981447183992665986875800853250
24 2 14 10279908677980621321748165189233019930055526910389630971558738931/28709577633518598047039587081146383981447183992665986875800853250
24 3 9 18332522932457664409899176418035137207959563767225393683674066371/28709577633518598047039587081146383981447183992665986875800853250
24 3 10 10377054701060933637140410663111246773487620225440593192126786879/28709577633518598047039587081146383981447183992665986875800853250
24 4 9 1387941801835145505131681762500614557974338853751230167449070626/14354788816759299023519793540573191990723591996332993437900426625
24 4 10 1408578509971993809069261658577164365148812256061151226375549987/28709577633518598047039587081146383981447183992665986875800853250
24 4 13 24525115519876313227706961897567990500349694029102375314527162011/28709577633518598047039587081146383981447183992665986875800853250
24 5 6 8491049228895119545321598911305910309207558842541890823829421839/28709577633518598047039587081146383981447183992665986875800853250
24 5 9 147460343715803240356203820506041904547455812826110104104559266/14354788816759299023519793540573191990723591996332993437900426625
24 5 11 19923607717191872021005580528828389863144713524471875843762312879/28709577633518598047039587081146383981447183992665986875800853250
24 6 9 1
24 7 7 127387471543825550002400463110456949926231892767072527049335319/2870957763351859804703958708114638398144718399266598687580085325
24 7 8 21576745484091720652478874466774145921379892763404580091513982413/28709577633518598047039587081146383981447183992665986875800853250
24 7 9 5858957433988621894536707983267668560804972301590681513793517647/28709577633518598047039587081146383981447183992665986875800853250
24 8 6 10127358652189353571490967545045386193724377078679409462592622809/14354788816759299023519793540573191990723591996332993437900426625
24 8 8 4227430164569945452028825995527805796999214917653583975307803816/14354788816759299023519793540573191990723591996332993437900426625
24 9 5 15974293315120685099231015645746228017970550983334745808689103063/28709577633518598047039587081146383981447183992665986875800853250
24 9 10 12735284318397912947808571435400155963476633009331241067111750187/28709577633518598047039587081146383981447183992665986875800853250
24 10 5 5984449044086133472679129131126382700809403869554767309254836707/28709577633518598047039587081146383981447183992665986875800853250
24 10 8 897048748752111769784564396777423654090264355684905116254081649/1148383105340743921881583483245855359257887359706639475032034130
24 10 9 149454935314835164873174015292204964190585615494295830096987659/14354788816759299023519793540573191990723591996332993437900426625
24 11 7 1
24 12 4 1387032070354604021124054241035197234063373345539830878713020542/14354788816759299023519793540573191990723591996332993437900426625
24 12 5 22189220309201733963580301486028051687453119628804234932268285209/28709577633518598047039587081146383981447183992665986875800853250
24 12 8 3746293183607656041211177113047937825867317672782090186106526957/28709577633518598047039587081146383981447183992665986875800853250
24 13 3 8979373862686237988601376504591828187506091362786316239413454197/28709577633518598047039587081146383981447183992665986875800853250
24 13 4 191128726652368099618206545909017408316673339354374480595484503/574191552670371960940791741622927679628943679853319737516017065
24 13 6 3539410256322328972347341421984200041473662714771237017146517612/14354788816759299023519793540573191990723591996332993437900426625
24 13 7 3094946925569297132833200437135285295160100232618472572320138679/28709577633518598047039587081146383981447183992665986875800853250
24 14 4 4760551335265743314329205786638508554429028226688171360798779763/28709577633518598047039587081146383981447183992665986875800853250
24 14 5 4079665645108110403633921673117258919189512818000394699077047426/14354788816759299023519793540573191990723591996332993437900426625
24 14 7 3157939001607326785088507589654671517727826025995405223369595727/5741915526703719609407917416229276796289436798533197375160170650
24 15 3 187212237054658283107343945913214357751829757074274066808999066/14354788816759299023519793540573191990723591996332993437900426625
24 15 4 1718460284277657653707270389031818547459317871732442650304980979/5741915526703719609407917416229276796289436798533197375160170650
24 15 5 30153719227573119483614628383505627239988535991958778851025619/28709577633518598047039587081146383981447183992665986875800853250
24 15 6 6155010069829876262973336017195020331139599620585071635349787994/14354788816759299023519793540573191990723591996332993437900426625
24 15 7 3701338939566833783429130290693658119563873671346561720553674308/14354788816759299023519793540573191990723591996332993437900426625
24 16 4 20573412657400383033786885281854594819693541037653979653238459549/28709577633518598047039587081146383981447183992665986875800853250
24 16 6 8136164976118215013252701799291789161753642955012007222562393701/28709577633518598047039587081146383981447183992665986875800853250
24 17 2 5596822003047192964992787352696728516755745611219593821159600218/14354788816759299023519793540573191990723591996332993437900426625
24 17 3 8757966813712106058527006187876463473967846385113399616740826407/14354788816759299023519793540573191990723591996332993437900426625
24 18 1 3920346808438193398845204258997711709930931999877381904484577622/14354788816759299023519793540573191990723591996332993437900426625
24 18 3 6921553258483681007006780233749282221544019677149800793672109157/28709577633518598047039587081146383981447183992665986875800853250
24 18 4 10014006274314424532386711887873451608256908343822584223807261929/28709577633518598047039587081146383981447183992665986875800853250
24 18 5 393332448384410570995568644152822673178439197193883804935232692/2870957763351859804703958708114638398144718399266598687580085325
24 19 0 185893562724464573233904927155727799891190369453036707001778107/14354788816759299023519793540573191990723591996332993437900426625
24 19 1 5655016024233665363914350421436331043869920188176016926285934376/14354788816759299023519793540573191990723591996332993437900426625
24 19 2 8513879229801169086371538191981133146962481438703939804612714142/14354788816759299023519793540573191990723591996332993437900426625
24 20 1 1177515065217063734640966298766542874470861912582041863493477401/14354788816759299023519793540573191990723591996332993437900426625
24 20 2 13177273751542235288878827241806649116252730083750951574406949224/14354788816759299023519793540573191990723591996332993437900426625
24 21 0 933357582739959535888295740569440044153722437378200379568812752/14354788816759299023519793540573191990723591996332993437900426625
24 21 1 2181687764522837240971130963440528680996360908297858120139384838/14354788816759299023519793540573191990723591996332993437900426625
24 21 3 2247948693899300449332073367312644653114701730131386987638445807/2870957763351859804703958708114638398144718399266598687580085325
24 22 1 13507377720301670277664150987534246468876308817194811499794854024/14354788816759299023519793540573191990723591996332993437900426625
24 22 2 847411096457628745855642553038945521847283179138181938105572601/14354788816759299023519793540573191990723591996332993437900426625
24 23 0 12661346118624502953456801131225096467049735509648436613813818701/14354788816759299023519793540573191990723591996332993437900426625
24 23 1 1693442698134796070062992409348095523673856486684556824086607924/14354788816759299023519793540573191990723591996332993437900426625
24 24 0 1
