# exact hook decomposition of the 33-box: a s i value
0 0 0 1/33
0 0 1 1/33
0 0 2 1/33
0 0 3 1/33
0 0 4 1/33
0 0 5 1/33
0 0 6 1/33
0 0 7 1/33
0 0 8 1/33
0 0 9 1/33
0 0 10 1/33
0 0 11 1/33
0 0 12 1/33
0 0 13 1/33
0 0 14 1/33
0 0 15 1/33
0 0 16 1/33
0 0 17 1/33
0 0 18 1/33
0 0 19 1/33
0 0 20 1/33
0 0 21 1/33
0 0 22 1/33
0 0 23 1/33
0 0 24 1/33
0 0 25 1/33
0 0 26 1/33
0 0 27 1/33
0 0 28 1/33
0 0 29 1/33
0 0 30 1/33
0 0 31 1/33
0 0 32 1/33
1 0 12 1/11
1 0 15 1/11
1 0 16 1/11
1 0 17 1/11
1 0 18 1/11
1 0 21 1/11
1 0 22 1/11
1 0 23 1/11
1 0 28 1/11
1 0 29 1/11
1 0 32 1/11
1 1 0 1/11
1 1 2 1/11
1 1 4 1/11
1 1 6 1/11
1 1 8 1/11
1 1 10 1/11
1 1 13 1/11
1 1 19 1/11
1 1 24 1/11
1 1 26 1/11
1 1 30 1/11
2 0 3 5/33
2 0 7 5/33
2 0 9 5/33
2 0 11 19410406597917385630721478073731367933103503458141647422509223615147898386714428069925292982284526062155568984266736177219282/549141540824366662317211464327669663083116125185395685450414406795920712280488546433599550529123734495733692561760636194183857
2 0 15 5/33
2 0 19 2/33
2 0 20 2/33
2 0 27 47152204411096755256213244875077076076971178382512375056328886299509157647284183618995864657609259937327302841401219725106034/549141540824366662317211464327669663083116125185395685450414406795920712280488546433599550529123734495733692561760636194183857
2 0 29 5/33
2 1 0 5/33
2 1 5 5/33
2 1 11 63792857163350290477946925612279187079489848842675880676038413778173421655783836541226154067582706437198020797818208700687363/1098283081648733324634422928655339326166232250370791370900828813591841424560977092867199101058247468991467385123521272388367714
2 1 12 9328515487198641976308171069067447540517895978087197774641532818951747129928426607370612730195614414682650796941061914102357/99843916513521211330402084423212666015112022760981033718257164871985584050997917533381736459840678999224307738501933853487974
2 1 17 5/33
2 1 19 1/11
2 1 21 36051059350170920852455158810933478935622173918305153042218751093812162395214080992155582392257972562026286940683725152800611/1098283081648733324634422928655339326166232250370791370900828813591841424560977092867199101058247468991467385123521272388367714
2 1 22 36051059350170920852455158810933478935622173918305153042218751093812162395214080992155582392257972562026286940683725152800611/1098283081648733324634422928655339326166232250370791370900828813591841424560977092867199101058247468991467385123521272388367714
2 1 25 47152204411096755256213244875077076076971178382512375056328886299509157647284183618995864657609259937327302841401219725106034/549141540824366662317211464327669663083116125185395685450414406795920712280488546433599550529123734495733692561760636194183857
2 1 31 5/33
2 2 2 5/33
2 2 8 5/33
2 2 11 63792857163350290477946925612279187079489848842675880676038413778173421655783836541226154067582706437198020797818208700687363/1098283081648733324634422928655339326166232250370791370900828813591841424560977092867199101058247468991467385123521272388367714
2 2 14 5/33
2 2 21 130355468172364431364881648561087631089564530683329903154876523692830477689782448230147311707476492436680892623486164603012679/1098283081648733324634422928655339326166232250370791370900828813591841424560977092867199101058247468991467385123521272388367714
2 2 22 47152204411096755256213244875077076076971178382512375056328886299509157647284183618995864657609259937327302841401219725106034/549141540824366662317211464327669663083116125185395685450414406795920712280488546433599550529123734495733692561760636194183857
2 2 24 36051059350170920852455158810933478935622173918305153042218751093812162395214080992155582392257972562026286940683725152800611/549141540824366662317211464327669663083116125185395685450414406795920712280488546433599550529123734495733692561760636194183857
2 2 25 36051059350170920852455158810933478935622173918305153042218751093812162395214080992155582392257972562026286940683725152800611/549141540824366662317211464327669663083116125185395685450414406795920712280488546433599550529123734495733692561760636194183857
2 2 28 5/33
3 0 2 6924857181610532716059323875460596157559239793137478687813699622010991608442960241643511522658693981250795655310585974018971/33281305504507070443467361474404222005037340920327011239419054957328528016999305844460578819946892999741435912833977951162658
3 0 4 6924857181610532716059323875460596157559239793137478687813699622010991608442960241643511522658693981250795655310585974018971/33281305504507070443467361474404222005037340920327011239419054957328528016999305844460578819946892999741435912833977951162658
3 0 7 129888364655989202699421721501461256637300028658746047901314275635907722575915396931617029739950949278691599490192755463777461/1098283081648733324634422928655339326166232250370791370900828813591841424560977092867199101058247468991467385123521272388367714
3 0 15 68045561521814778711706003759018404288676839596904783138198542306302713714124429334583881470524235871787470080530792074162837/366094360549577774878140976218446442055410750123597123633609604530613808186992364289066367019415822997155795041173757462789238
3 0 16 37124159954727566717848144887796978114365245065984150756640675641500209283228945536067307335810879168335405375699810379355525/549141540824366662317211464327669663083116125185395685450414406795920712280488546433599550529123734495733692561760636194183857
3 0 20 7/33
3 1 0 6924857181610532716059323875460596157559239793137478687813699622010991608442960241643511522658693981250795655310585974018971/33281305504507070443467361474404222005037340920327011239419054957328528016999305844460578819946892999741435912833977951162658
3 1 9 11672961821934690841961740901360022665897705998405987913374254265615351958448478259815787036109530134817013166569929672283785/122031453516525924959380325406148814018470250041199041211203201510204602728997454763022122339805274332385265013724585820929746
3 1 13 12415854129288492560883026694610526322110337336546078340472993622684777474939546296637473207482589032669240495531694206611698/549141540824366662317211464327669663083116125185395685450414406795920712280488546433599550529123734495733692561760636194183857
3 1 15 9610817988701718989717839681258113723076955883858243087112585927463851658873950969157469109351847794275880382748489811883365/366094360549577774878140976218446442055410750123597123633609604530613808186992364289066367019415822997155795041173757462789238
3 1 16 129888364655989202699421721501461256637300028658746047901314275635907722575915396931617029739950949278691599490192755463777461/1098283081648733324634422928655339326166232250370791370900828813591841424560977092867199101058247468991467385123521272388367714
3 1 18 87046118211488172383049187099403311121921256446474667615769258077493001308727904302758175565731218667947559244950777306099512/549141540824366662317211464327669663083116125185395685450414406795920712280488546433599550529123734495733692561760636194183857
3 1 25 152080668042001153606828767614708822719182090989589902693785040184355644295298455784849388138036270354409476372784753066895/16640652752253535221733680737202111002518670460163505619709527478664264008499652922230289409973446499870717956416988975581329
3 1 26 105503412594909605606772985371861744759885211208960767518449556325584524980838366162701505516542962926231954031128810893844947/549141540824366662317211464327669663083116125185395685450414406795920712280488546433599550529123734495733692561760636194183857
3 1 30 31002870945655758419795539185556984076644576485333990882130495925491529375214086518256222036815728106371706062812997463372111/183047180274788887439070488109223221027705375061798561816804802265306904093496182144533183509707911498577897520586878731394619
3 2 0 1482950512800637824771280810209960278602157756250760659360432391645657680125817645662723830630449872304598254862836171837521/366094360549577774878140976218446442055410750123597123633609604530613808186992364289066367019415822997155795041173757462789238
3 2 1 1482950512800637824771280810209960278602157756250760659360432391645657680125817645662723830630449872304598254862836171837521/366094360549577774878140976218446442055410750123597123633609604530613808186992364289066367019415822997155795041173757462789238
3 2 4 1482950512800637824771280810209960278602157756250760659360432391645657680125817645662723830630449872304598254862836171837521/366094360549577774878140976218446442055410750123597123633609604530613808186992364289066367019415822997155795041173757462789238
3 2 7 9370979443232753673168164438124390672541941616685730070419919005944724867552703998146092909061572883590768354513190017669195/99843916513521211330402084423212666015112022760981033718257164871985584050997917533381736459840678999224307738501933853487974
3 2 9 12415854129288492560883026694610526322110337336546078340472993622684777474939546296637473207482589032669240495531694206611698/549141540824366662317211464327669663083116125185395685450414406795920712280488546433599550529123734495733692561760636194183857
3 2 10 14212498014904141725179540245398816671353559161848354161729455145640169832550981841431329823849164420537436987856497623064949/122031453516525924959380325406148814018470250041199041211203201510204602728997454763022122339805274332385265013724585820929746
3 2 11 104068715136486253991252738465804250695520355884598460997493698727965070584558024158974552662331536466425785199387228622457605/549141540824366662317211464327669663083116125185395685450414406795920712280488546433599550529123734495733692561760636194183857
3 2 12 11672961821934690841961740901360022665897705998405987913374254265615351958448478259815787036109530134817013166569929672283785/122031453516525924959380325406148814018470250041199041211203201510204602728997454763022122339805274332385265013724585820929746
3 2 19 6152431461140477741241266090819477879321318254162033300893432749363841224036820619981109983603914752761464928726011195915145/183047180274788887439070488109223221027705375061798561816804802265306904093496182144533183509707911498577897520586878731394619
3 2 21 68588823828066739159325388826944877483957301683988567713088959829401477636617442442814845614919474409663164458772743718354077/549141540824366662317211464327669663083116125185395685450414406795920712280488546433599550529123734495733692561760636194183857
3 2 22 105503412594909605606772985371861744759885211208960767518449556325584524980838366162701505516542962926231954031128810893844947/549141540824366662317211464327669663083116125185395685450414406795920712280488546433599550529123734495733692561760636194183857
3 2 23 1553083363415885352461960958377861423172626612134395059046500104528399392813547139288395915191803164380159344172517186174015/20338575586087654159896720901024802336411708340199840201867200251700767121499575793837020389967545722064210835620764303488291
3 2 28 7825318809602490430916382534581274929232321255047522230525068191391753311285103633614453253122313726659969168826643479650990/183047180274788887439070488109223221027705375061798561816804802265306904093496182144533183509707911498577897520586878731394619
3 3 3 6924857181610532716059323875460596157559239793137478687813699622010991608442960241643511522658693981250795655310585974018971/33281305504507070443467361474404222005037340920327011239419054957328528016999305844460578819946892999741435912833977951162658
3 3 5 7/33
3 3 14 9370979443232753673168164438124390672541941616685730070419919005944724867552703998146092909061572883590768354513190017669195/99843916513521211330402084423212666015112022760981033718257164871985584050997917533381736459840678999224307738501933853487974
3 3 18 29438451054286574169086578061011465895709436774669871722197434273156846750769666152853850304082906831147466449968145522969791/549141540824366662317211464327669663083116125185395685450414406795920712280488546433599550529123734495733692561760636194183857
3 3 19 10981156670865140945362779788553032257745482012183771819517136025065323078659204292910520353271162572863071663790111935224356/549141540824366662317211464327669663083116125185395685450414406795920712280488546433599550529123734495733692561760636194183857
3 3 23 5962494625479102876337430457267641108012473009527305030622229698981586816914355252010490544715965651167558943488215084016821/549141540824366662317211464327669663083116125185395685450414406795920712280488546433599550529123734495733692561760636194183857
3 3 24 10981156670865140945362779788553032257745482012183771819517136025065323078659204292910520353271162572863071663790111935224356/549141540824366662317211464327669663083116125185395685450414406795920712280488546433599550529123734495733692561760636194183857
3 3 25 23177552136053267988879156650975709147412255230286468651605427734099776063928982884641768783693414379711736893986353983721121/183047180274788887439070488109223221027705375061798561816804802265306904093496182144533183509707911498577897520586878731394619
3 3 28 7825318809602490430916382534581274929232321255047522230525068191391753311285103633614453253122313726659969168826643479650990/183047180274788887439070488109223221027705375061798561816804802265306904093496182144533183509707911498577897520586878731394619
3 3 29 7/33
4 0 6 3/11
4 0 18 1/11
4 0 21 3/11
4 0 30 1/11
4 0 31 3/11
4 1 1 4/33
4 1 3 4/33
4 1 7 3/11
4 1 15 4/33
4 1 18 2/11
4 1 29 2/11
4 2 9 3/11
4 2 12 4/33
4 2 13 5/33
4 2 17 1/11
4 2 24 3/11
4 2 27 1/11
4 3 0 5/33
4 3 1 1/33
4 3 2 5/33
4 3 10 4/33
4 3 17 2/11
4 3 20 1/11
4 3 22 3/11
4 4 0 4/33
4 4 1 4/33
4 4 10 5/33
4 4 12 5/33
4 4 23 2/11
4 4 28 3/11
5 0 2 72623859155405218821379498930619659205533006477353357427685337536059604123647008444628206309788674830045283805208186848753261/549141540824366662317211464327669663083116125185395685450414406795920712280488546433599550529123734495733692561760636194183857
5 0 7 95288173403285677378164061116308575355752378195986554303410666397551097742457504702834322752778436539859430408438530304317904/549141540824366662317211464327669663083116125185395685450414406795920712280488546433599550529123734495733692561760636194183857
5 0 17 42618241126076772427159302824599407297108165900534449582888001406236552989903366304426875841203004135303134947162494082011403/183047180274788887439070488109223221027705375061798561816804802265306904093496182144533183509707911498577897520586878731394619
5 0 22 1/3
5 0 23 75286464527888262942946138331380004405560852328695083875907300812205542465048488455198518552029601423406439484449273586133655/1098283081648733324634422928655339326166232250370791370900828813591841424560977092867199101058247468991467385123521272388367714
5 0 29 65368744697424859851292877064059966800040883168612642431791891944381352237307016001447902314449797019276912487629842541234073/1098283081648733324634422928655339326166232250370791370900828813591841424560977092867199101058247468991467385123521272388367714
5 1 3 80191433013454214441142962961767152438743001671582682470539736701907705237342842943163533533359074894381875458678267637914988/549141540824366662317211464327669663083116125185395685450414406795920712280488546433599550529123734495733692561760636194183857
5 1 18 271080239220094205847147927358972103977965629949044401124322023071179749949613694404187202267147470227668956611447064728193335/1098283081648733324634422928655339326166232250370791370900828813591841424560977092867199101058247468991467385123521272388367714
5 1 28 300725615852152915026848099154386475255369866954984481201817712586232455949685348287618464704966025977878882553543914921555165/1098283081648733324634422928655339326166232250370791370900828813591841424560977092867199101058247468991467385123521272388367714
5 1 30 1/3
5 2 13 54899201159623197659168652424713980083368312406733992147598778790453800757568744794597465371728096080698086521797609459678140/549141540824366662317211464327669663083116125185395685450414406795920712280488546433599550529123734495733692561760636194183857
5 2 14 185671378321005403258131297602230002678322607049085510012188896905400032712620654917703630524227399608743424842648066556854475/1098283081648733324634422928655339326166232250370791370900828813591841424560977092867199101058247468991467385123521272388367714
5 2 16 48293750967938425202153396512518225852123589317671760253322249244951429285153882997989526623898022003435684116134863010745/1754445817330244927531027042580414259051489217844714650001323983373548601535107177104151918623398512765922340452909380812089
5 2 18 21594077741184704951481674214212642898005251087230066863569284477364821168290779709379240361902730331778700057675422829956511/366094360549577774878140976218446442055410750123597123633609604530613808186992364289066367019415822997155795041173757462789238
5 2 19 5149202372055542629734590075627595764712620757982420044223250635288683818249170350808559225124107460747134547610632686655331/366094360549577774878140976218446442055410750123597123633609604530613808186992364289066367019415822997155795041173757462789238
5 2 21 290807896021689511935194837887066437649849897794902039757702303718408265721943875833867848467386221573749355556724483876655583/1098283081648733324634422928655339326166232250370791370900828813591841424560977092867199101058247468991467385123521272388367714
5 2 24 336174931843716957351269792166197833499699255096223211761990830077444062681841875587679946581087183476573277120365069699705407/1098283081648733324634422928655339326166232250370791370900828813591841424560977092867199101058247468991467385123521272388367714
5 2 25 65368744697424859851292877064059966800040883168612642431791891944381352237307016001447902314449797019276912487629842541234073/1098283081648733324634422928655339326166232250370791370900828813591841424560977092867199101058247468991467385123521272388367714
5 3 0 102855747261334672997927525147456068588962373390215879346265065563399198856153339201369649976348836604196022061908611093479631/549141540824366662317211464327669663083116125185395685450414406795920712280488546433599550529123734495733692561760636194183857
5 3 1 22664314247880458556784562185688916150219371718633196875725328861491493618810496258206116442989761709814146603230343455564643/549141540824366662317211464327669663083116125185395685450414406795920712280488546433599550529123734495733692561760636194183857
5 3 2 22664314247880458556784562185688916150219371718633196875725328861491493618810496258206116442989761709814146603230343455564643/549141540824366662317211464327669663083116125185395685450414406795920712280488546433599550529123734495733692561760636194183857
5 3 8 1/3
5 3 12 42618241126076772427159302824599407297108165900534449582888001406236552989903366304426875841203004135303134947162494082011403/183047180274788887439070488109223221027705375061798561816804802265306904093496182144533183509707911498577897520586878731394619
5 3 13 70624579909325976301672373766788479210351518261043629326223150044306173959234219782167805751732231227016197154930471986578483/1098283081648733324634422928655339326166232250370791370900828813591841424560977092867199101058247468991467385123521272388367714
5 3 16 39783257106658470570894639316295775391653628950302731188308914776784003391315579416226743538448015193622717393447397337314955/549141540824366662317211464327669663083116125185395685450414406795920712280488546433599550529123734495733692561760636194183857
5 3 21 29919428705860817526871184052248608555711495027373911871618774453169745505150488701386420438328639520582517920808687763083831/1098283081648733324634422928655339326166232250370791370900828813591841424560977092867199101058247468991467385123521272388367714
5 4 0 80191433013454214441142962961767152438743001671582682470539736701907705237342842943163533533359074894381875458678267637914988/549141540824366662317211464327669663083116125185395685450414406795920712280488546433599550529123734495733692561760636194183857
5 4 1 160382866026908428882285925923534304877486003343165364941079473403815410474685685886327067066718149788763750917356535275829976/549141540824366662317211464327669663083116125185395685450414406795920712280488546433599550529123734495733692561760636194183857
5 4 6 1/3
5 4 9 185671378321005403258131297602230002678322607049085510012188896905400032712620654917703630524227399608743424842648066556854475/1098283081648733324634422928655339326166232250370791370900828813591841424560977092867199101058247468991467385123521272388367714
5 4 28 65368744697424859851292877064059966800040883168612642431791891944381352237307016001447902314449797019276912487629842541234073/1098283081648733324634422928655339326166232250370791370900828813591841424560977092867199101058247468991467385123521272388367714
5 5 2 87759006871503210060906426992914645671952996865812007513394135867755806351038677441698860756929474958718467112148348427076715/549141540824366662317211464327669663083116125185395685450414406795920712280488546433599550529123734495733692561760636194183857
5 5 9 180422982228572371620009678616216439377088143074511613621420707625213775474371709371362736495188423388412370198525690905934763/1098283081648733324634422928655339326166232250370791370900828813591841424560977092867199101058247468991467385123521272388367714
5 5 12 18397485632186190052530859878474999712126959120065071022713599348865748374595361077084185328699633030889497559699798828453470/183047180274788887439070488109223221027705375061798561816804802265306904093496182144533183509707911498577897520586878731394619
5 5 15 293255736935372498423927210711019053012564953461220920542019256143444366217338436655090614370803011970406157301787025682270/549141540824366662317211464327669663083116125185395685450414406795920712280488546433599550529123734495733692561760636194183857
5 5 20 300725615852152915026848099154386475255369866954984481201817712586232455949685348287618464704966025977878882553543914921555165/1098283081648733324634422928655339326166232250370791370900828813591841424560977092867199101058247468991467385123521272388367714
5 5 21 29919428705860817526871184052248608555711495027373911871618774453169745505150488701386420438328639520582517920808687763083831/1098283081648733324634422928655339326166232250370791370900828813591841424560977092867199101058247468991467385123521272388367714
5 5 27 300725615852152915026848099154386475255369866954984481201817712586232455949685348287618464704966025977878882553543914921555165/1098283081648733324634422928655339326166232250370791370900828813591841424560977092867199101058247468991467385123521272388367714
6 0 2 27251520135555419841238095200465583288004173983700614215285737382336092253879715819615784270415877172833110002483212070713008/183047180274788887439070488109223221027705375061798561816804802265306904093496182144533183509707911498577897520586878731394619
6 0 19 114983582223252053522614302376815741953105683050615200199597763669743625564176002143319596746216578408126950113768844530664396/549141540824366662317211464327669663083116125185395685450414406795920712280488546433599550529123734495733692561760636194183857
6 0 28 136074912415152391388345026765829728233255204201553069548735573756533377844177908842438838642004720070788079007121298768823160/549141540824366662317211464327669663083116125185395685450414406795920712280488546433599550529123734495733692561760636194183857
6 0 30 13/33
6 1 0 104659058288858131542739224822730412979850319447845509204239198657120745766599156758902679937272086209116501061144523818881263/366094360549577774878140976218446442055410750123597123633609604530613808186992364289066367019415822997155795041173757462789238
6 1 1 4780482291361522967277026015512820900766519270906193077270026497469373577625129701665346685512686281589322384690404682506179/49921958256760605665201042211606333007556011380490516859128582435992792025498958766690868229920339499612153869250966926743987
6 1 4 68245374124602243666950833243615162554941472290323471846067676617425868548198495194205495045033379344175258787230397318804197/549141540824366662317211464327669663083116125185395685450414406795920712280488546433599550529123734495733692561760636194183857
6 1 24 115790328882054664996934968405364941973851922992103799314572194908297291693123203522236996015732447719868963287579782048072748/549141540824366662317211464327669663083116125185395685450414406795920712280488546433599550529123734495733692561760636194183857
6 1 31 28278535487171964308939916231627801668384643409314913933353717420427877097343942883724404731238223458278576847934403562075827/99843916513521211330402084423212666015112022760981033718257164871985584050997917533381736459840678999224307738501933853487974
6 2 10 69467956617456951086828138993564959452315452610905945104441887334297893929364778119095045762611287273479710528380830704997783/1098283081648733324634422928655339326166232250370791370900828813591841424560977092867199101058247468991467385123521272388367714
6 2 14 115043804810413306997166826951329877014128972942249405605499194031351556112286385428873631276672823830529085073725871634438907/549141540824366662317211464327669663083116125185395685450414406795920712280488546433599550529123734495733692561760636194183857
6 2 17 9187849777881457223158567865497029731664820365323304336308798808013127868580993793751480850045492977338460362247100012348748/549141540824366662317211464327669663083116125185395685450414406795920712280488546433599550529123734495733692561760636194183857
6 2 21 113821222317558599577289521201380080116754992621666932347124983314479530731120102503984080559094915901224633332575438248245321/549141540824366662317211464327669663083116125185395685450414406795920712280488546433599550529123734495733692561760636194183857
6 2 22 100538156897241292885602881178262501058890792990021773741651662314338140417372284466756766313922356778450370145841074634484529/549141540824366662317211464327669663083116125185395685450414406795920712280488546433599550529123734495733692561760636194183857
6 2 23 6761527844365908797136686120154928753134427069816423411387792949412028717018235106733947542090757450306371906513838906916804/183047180274788887439070488109223221027705375061798561816804802265306904093496182144533183509707911498577897520586878731394619
6 2 27 28278535487171964308939916231627801668384643409314913933353717420427877097343942883724404731238223458278576847934403562075827/99843916513521211330402084423212666015112022760981033718257164871985584050997917533381736459840678999224307738501933853487974
6 3 6 134339865611643012163761571772037779772444233931069966495827503619171386115515574177166166351887180615981876239044087719706993/549141540824366662317211464327669663083116125185395685450414406795920712280488546433599550529123734495733692561760636194183857
6 3 12 160619653003369662907505514909094794575942493273592866106556500728405218295207992738652216790734360387578459619070912563880031/1098283081648733324634422928655339326166232250370791370900828813591841424560977092867199101058247468991467385123521272388367714
6 3 14 101284680968882650885371022632297566018613743039876167450724663191283875998209102560120131052981980667790248359694985048118370/549141540824366662317211464327669663083116125185395685450414406795920712280488546433599550529123734495733692561760636194183857
6 3 19 30719017926054149045588326447104890449324070855395689506772431581626226225912830683974228244464244370951307652468304046514711/183047180274788887439070488109223221027705375061798561816804802265306904093496182144533183509707911498577897520586878731394619
6 3 25 80253573364143566494192822817797714799487511780572503507488283466102054266317579146554923687650084427531254426299557913734117/549141540824366662317211464327669663083116125185395685450414406795920712280488546433599550529123734495733692561760636194183857
6 3 29 121593081199700308366736620619349067713254354461787092845556822820564216150207604257019072615689150955574321539563274182280457/1098283081648733324634422928655339326166232250370791370900828813591841424560977092867199101058247468991467385123521272388367714
6 4 1 13509186282064015856763452357781587309071049660778370799789535529582408213440652264641857766214252174324071220219238893334827/1098283081648733324634422928655339326166232250370791370900828813591841424560977092867199101058247468991467385123521272388367714
6 4 2 81988620167652945718776277811589663260298482051055606560396353603464045994979913811827595977767623882337457194376768962850284/549141540824366662317211464327669663083116125185395685450414406795920712280488546433599550529123734495733692561760636194183857
6 4 5 81988620167652945718776277811589663260298482051055606560396353603464045994979913811827595977767623882337457194376768962850284/549141540824366662317211464327669663083116125185395685450414406795920712280488546433599550529123734495733692561760636194183857
6 4 7 13/33
6 4 12 101284680968882650885371022632297566018613743039876167450724663191283875998209102560120131052981980667790248359694985048118370/549141540824366662317211464327669663083116125185395685450414406795920712280488546433599550529123734495733692561760636194183857
6 4 27 121593081199700308366736620619349067713254354461787092845556822820564216150207604257019072615689150955574321539563274182280457/1098283081648733324634422928655339326166232250370791370900828813591841424560977092867199101058247468991467385123521272388367714
6 5 0 39559932230672507045619341566354549041978157873571539499910039491302875640397835233759828282497783456429721227802713969490255/366094360549577774878140976218446442055410750123597123633609604530613808186992364289066367019415822997155795041173757462789238
6 5 3 13/33
6 5 10 67022791631747536247073527493665365657567491969740998587693465900553843167032212269315944327455471414870807046079963932610611/1098283081648733324634422928655339326166232250370791370900828813591841424560977092867199101058247468991467385123521272388367714
6 5 13 13/33
6 5 17 23633275103892217860169989064050270625879710425916730794254900163418613015384711470314311282339714607015040330174869908528615/549141540824366662317211464327669663083116125185395685450414406795920712280488546433599550529123734495733692561760636194183857
6 6 4 148083111654693714215587016340012280477801243691802101210156180605209563562296992794788267284621425154144074646190459363753080/549141540824366662317211464327669663083116125185395685450414406795920712280488546433599550529123734495733692561760636194183857
6 6 15 102507263461737358305248328382247362915987723360458640709098873908155901379375385485009681770559888597094700100845418434311956/549141540824366662317211464327669663083116125185395685450414406795920712280488546433599550529123734495733692561760636194183857
6 6 17 82222679928639631913838270021782576656584442151009370474935495059919815228320680164807839144287616246175584381303901713561544/549141540824366662317211464327669663083116125185395685450414406795920712280488546433599550529123734495733692561760636194183857
6 6 20 13/33
7 0 1 36691756734296565473955892430356471044130421183016446155319980432677012289230151655596512305137325698013144182959227092807573/183047180274788887439070488109223221027705375061798561816804802265306904093496182144533183509707911498577897520586878731394619
7 0 5 177177521917302333243377341892744120569079461203955735077676209704871660299287528227554297920817230179464534531496271169409949/549141540824366662317211464327669663083116125185395685450414406795920712280488546433599550529123734495733692561760636194183857
7 0 12 62588606795376122500108767419577406429055369428270387822941324143849153246620048828577492973561028844683887632886226816555775/549141540824366662317211464327669663083116125185395685450414406795920712280488546433599550529123734495733692561760636194183857
7 0 25 7381486737362907783402136212010323072318149296448897188290256727746994883958907941136230471086425865835031031425942849251682/20338575586087654159896720901024802336411708340199840201867200251700767121499575793837020389967545722064210835620764303488291
7 1 7 21144265689905478433386276638038222329568670609397523043621596914208517960347944983663772667207601722653731788283098836902876/183047180274788887439070488109223221027705375061798561816804802265306904093496182144533183509707911498577897520586878731394619
7 1 14 163992775305847753919875993646261161745617382780320942335052366110460764222205076182834322692053267135625479880571366076552397/1098283081648733324634422928655339326166232250370791370900828813591841424560977092867199101058247468991467385123521272388367714
7 1 16 29297669176021807568106821003376917664931336613363768708559064728118836097099982641009559457071749512868603237243404694619128/549141540824366662317211464327669663083116125185395685450414406795920712280488546433599550529123734495733692561760636194183857
7 1 28 5/11
7 1 31 5/22
7 2 0 5/11
7 2 1 4228318820633737330428410114150371269860266465254643813020696087331300704842555723232266794975446072849131418102337980463552/16640652752253535221733680737202111002518670460163505619709527478664264008499652922230289409973446499870717956416988975581329
7 2 6 15550366782884329000804284517702944318566286561918539552997688903687889412899089721044204912299882841518791874587366469105055/183047180274788887439070488109223221027705375061798561816804802265306904093496182144533183509707911498577897520586878731394619
7 2 10 14789586661976019097476583503118780315843775884045113924716383376459208292410656215395034162475258157644976414008313228364139/183047180274788887439070488109223221027705375061798561816804802265306904093496182144533183509707911498577897520586878731394619
7 2 20 22992456041689752597408705146736857412239029197216298297315435631194178592420058641387562640335631198720093850780536370919708/183047180274788887439070488109223221027705375061798561816804802265306904093496182144533183509707911498577897520586878731394619
7 3 4 62058998071362197675282127047972332683024681691420005054926040479112802082150319627487674382659630776699857993801846041003769/183047180274788887439070488109223221027705375061798561816804802265306904093496182144533183509707911498577897520586878731394619
7 3 9 15500032379332643627324266240952462687843776384813140218755766081618295969580851853269560444881743691620164308328236643501779/99843916513521211330402084423212666015112022760981033718257164871985584050997917533381736459840678999224307738501933853487974
7 3 12 38268164277446205722122152535906248585368393137049722330263816305224369447298727443806108827843535917687365850358911061874639/366094360549577774878140976218446442055410750123597123633609604530613808186992364289066367019415822997155795041173757462789238
7 3 16 20028374737071020068899853641332249761168065480826255962462167950167738548217710108404071062957267998653833282637402721736437/49921958256760605665201042211606333007556011380490516859128582435992792025498958766690868229920339499612153869250966926743987
7 4 9 328719226394946976751443493465586240509278573571960626184972397462126664589600217280943517405504214388299731300899066188920301/1098283081648733324634422928655339326166232250370791370900828813591841424560977092867199101058247468991467385123521272388367714
7 4 14 30475164296523482066557675315436560757267521002234929659657587113587923275707682862188578146104557078226914437448936653717043/99843916513521211330402084423212666015112022760981033718257164871985584050997917533381736459840678999224307738501933853487974
7 4 15 6335602672172702886366011334747381217227090673128172086047018542753634887156123933738855859123765395563079185860930388974066/549141540824366662317211464327669663083116125185395685450414406795920712280488546433599550529123734495733692561760636194183857
7 4 20 290846045732566053874540520975543286076961299728134056123849104622161394911166117181091172531731203636643343117885491228417673/1098283081648733324634422928655339326166232250370791370900828813591841424560977092867199101058247468991467385123521272388367714
7 4 21 169392758838399051091405836140582296583131400331085387918538654985842081685536294352781543536256562695336469689408679137793/1848961416917059469081520081911345666946518940018167291078836386518251556499961435803365489997049611096746439601887663953481
7 4 23 30200498165107549155277396407406984645215412903191397740067855110988742731905440208060102935077994073872230525567795594345093/1098283081648733324634422928655339326166232250370791370900828813591841424560977092867199101058247468991467385123521272388367714
7 5 5 10577654675089613103849651114497081323050484624358444974889676669976581500509511756496127915047046921041737396834305719832057/183047180274788887439070488109223221027705375061798561816804802265306904093496182144533183509707911498577897520586878731394619
7 5 6 102239234781144645000149631116132081548415951570093155595069467081420675403712325702720261116163805211321857959840678526122277/366094360549577774878140976218446442055410750123597123633609604530613808186992364289066367019415822997155795041173757462789238
7 5 8 3240939938445133284265050317683075911243954568628639905373733509284668095405968097885567973490295377035390628461234918367130/49921958256760605665201042211606333007556011380490516859128582435992792025498958766690868229920339499612153869250966926743987
7 5 17 60210807719577923511259698539273697600354323103601229801232201762127141450078205969763884409531601300633495931304408506986937/183047180274788887439070488109223221027705375061798561816804802265306904093496182144533183509707911498577897520586878731394619
7 5 19 22962066503849104681740809668629536447704245940235596622512046185365201209943858707270703597947984117305524051382474305645062/549141540824366662317211464327669663083116125185395685450414406795920712280488546433599550529123734495733692561760636194183857
7 5 26 5/22
7 6 4 21144265689905478433386276638038222329568670609397523043621596914208517960347944983663772667207601722653731788283098836902876/183047180274788887439070488109223221027705375061798561816804802265306904093496182144533183509707911498577897520586878731394619
7 6 5 40699305341231855771078915821796300499549141825421514293297672465162555326678730336411659483643326555471022624255646304813815/549141540824366662317211464327669663083116125185395685450414406795920712280488546433599550529123734495733692561760636194183857
7 6 17 39679698949047450224119294436833654571785750978285126183387242165463699680160193283153128463935144083291678315098204418139996/549141540824366662317211464327669663083116125185395685450414406795920712280488546433599550529123734495733692561760636194183857
7 6 18 26444753882069671905236148261093338657201703668269134557785143962559990415854963148454871354313970442205780158047512498553494/549141540824366662317211464327669663083116125185395685450414406795920712280488546433599550529123734495733692561760636194183857
7 6 21 7381486737362907783402136212010323072318149296448897188290256727746994883958907941136230471086425865835031031425942849251682/20338575586087654159896720901024802336411708340199840201867200251700767121499575793837020389967545722064210835620764303488291
7 6 24 109559896063202449603515985281074293788786914859761650106842339441916142092225826774366359862948282240455587155764204430625085/1098283081648733324634422928655339326166232250370791370900828813591841424560977092867199101058247468991467385123521272388367714
7 6 26 5/22
7 7 3 36691756734296565473955892430356471044130421183016446155319980432677012289230151655596512305137325698013144182959227092807573/183047180274788887439070488109223221027705375061798561816804802265306904093496182144533183509707911498577897520586878731394619
7 7 6 3006050834147459019598055201862103621785289082518620136002766354349653259589638552499474832633717645849794350468588935589173/33281305504507070443467361474404222005037340920327011239419054957328528016999305844460578819946892999741435912833977951162658
7 7 8 103875554542537139896517974096294330069691685133589357546673986124143388958288040642589160702685994658153901444569854613657712/549141540824366662317211464327669663083116125185395685450414406795920712280488546433599550529123734495733692561760636194183857
7 7 11 111103267541708410109403697124074484431213975443782673219482078185340783390495149885924579983425326251213919564476341079445409/1098283081648733324634422928655339326166232250370791370900828813591841424560977092867199101058247468991467385123521272388367714
7 7 20 70418800584901487193017670260098899525164638893473322683544105950601453789303118637492133925458404167157632469940959813503949/1098283081648733324634422928655339326166232250370791370900828813591841424560977092867199101058247468991467385123521272388367714
7 7 23 389659686504403607048494436834989036286773198945143518484443484918011778162763760892542322436255112755665951536745464836814785/1098283081648733324634422928655339326166232250370791370900828813591841424560977092867199101058247468991467385123521272388367714
8 0 1 46041169637277568451739411760526189349784524025742872399202873973182789373736785249209881583329669335115712084335180831661428/183047180274788887439070488109223221027705375061798561816804802265306904093496182144533183509707911498577897520586878731394619
8 0 7 8613561506260740946169606548543655270990742306741089159769863237719581831901939445477901442155022024572878363422850820657848/49921958256760605665201042211606333007556011380490516859128582435992792025498958766690868229920339499612153869250966926743987
8 0 8 2939106126133465085941525803196173053100873175181297329207950537273911064266843378387226490147157174268997791695300460498059/61015726758262962479690162703074407009235125020599520605601600755102301364498727381511061169902637166192632506862292910464873
8 0 12 68485609201129089071956800711620448495650314552864596284622774416163523979316354555776958804773285369585475278089521192375839/549141540824366662317211464327669663083116125185395685450414406795920712280488546433599550529123734495733692561760636194183857
8 0 32 24592365667481725745410780452413875675478468289390979471982551112203135605626545758272332522147976031342048767528501037233875/61015726758262962479690162703074407009235125020599520605601600755102301364498727381511061169902637166192632506862292910464873
8 1 0 48255862625492464471418112416952439664487941915183659445817781739248040007761247976761758406519860830818356335361090029966103/183047180274788887439070488109223221027705375061798561816804802265306904093496182144533183509707911498577897520586878731394619
8 1 7 81567517946761031873787735310396547438075384609049720385580420440024588288718217101335990970445417165462317263378948929028097/1098283081648733324634422928655339326166232250370791370900828813591841424560977092867199101058247468991467385123521272388367714
8 1 15 136665970478877689407377474092151420207294070541570373993536131619624454044883882344429906232400774693843555862400290664543118/549141540824366662317211464327669663083116125185395685450414406795920712280488546433599550529123734495733692561760636194183857
8 1 18 66517607354362572491488483960726284110626635297130560409134639763664913354438280359812431528975899124515485098865763766249984/183047180274788887439070488109223221027705375061798561816804802265306904093496182144533183509707911498577897520586878731394619
8 1 30 54742802865086692168440666894567595662881261404715583398461600895090208009293941057558158010025942706314907529980619352956859/1098283081648733324634422928655339326166232250370791370900828813591841424560977092867199101058247468991467385123521272388367714
8 2 2 4649534013661549115387868129365293704296705413789338348090761004784226446849591616696620071550564296644828446657471908822532/549141540824366662317211464327669663083116125185395685450414406795920712280488546433599550529123734495733692561760636194183857
8 2 6 37846453049741817890071841059214312288310937781531950833377930588096527679868251151099377451570532271626870714014474526881593/549141540824366662317211464327669663083116125185395685450414406795920712280488546433599550529123734495733692561760636194183857
8 2 7 294716322492122864849426065686514810685763080288205509169606522604729587698427314453980017241241279289538769259495958186264433/1098283081648733324634422928655339326166232250370791370900828813591841424560977092867199101058247468991467385123521272388367714
8 2 9 13441813275307628973894242551910415874385089690119890182901644583287217303635014403724993807451387462632403307737770390108162/183047180274788887439070488109223221027705375061798561816804802265306904093496182144533183509707911498577897520586878731394619
8 2 12 81799424933859556978795637695733988391157038518630534486877756443538792627765855070984086070728020948901036962494019907063792/549141540824366662317211464327669663083116125185395685450414406795920712280488546433599550529123734495733692561760636194183857
8 2 14 3050863462185960711955419074680086053193939359443325057614500077838085806129184908324761873303904855874333683552736738718591/33281305504507070443467361474404222005037340920327011239419054957328528016999305844460578819946892999741435912833977951162658
8 2 15 10003748657085023981160416275456729182718688520152644189054604780474453548902404816342909456787723319863110131569002063454268/61015726758262962479690162703074407009235125020599520605601600755102301364498727381511061169902637166192632506862292910464873
8 2 20 96789542715285851408852195733035433211146438144792775496429069398676222024632953822209720871695874945199864922892204828014074/549141540824366662317211464327669663083116125185395685450414406795920712280488546433599550529123734495733692561760636194183857
8 3 3 355260987470816944261990664037996261382967184198602722823594249972136857660416827011441809822585623846912843979182445710343183/1098283081648733324634422928655339326166232250370791370900828813591841424560977092867199101058247468991467385123521272388367714
8 3 17 300359512163245316955038216473893302624652636963151017581548643600048125999282442206855305836998276580397663328825808007814781/1098283081648733324634422928655339326166232250370791370900828813591841424560977092867199101058247468991467385123521272388367714
8 3 25 24592365667481725745410780452413875675478468289390979471982551112203135605626545758272332522147976031342048767528501037233875/61015726758262962479690162703074407009235125020599520605601600755102301364498727381511061169902637166192632506862292910464873
8 4 9 190414991432651558846153624066894468153561177216634340803107544170132084768750798479499859853147576930271221412255044642851781/1098283081648733324634422928655339326166232250370791370900828813591841424560977092867199101058247468991467385123521272388367714
8 4 14 27779424908407460431669040216752344903645830643795971435886015948765916027059752866159208460873631041418583320830507095377547/183047180274788887439070488109223221027705375061798561816804802265306904093496182144533183509707911498577897520586878731394619
8 4 15 6195169212556489705650103155521132372520789396701899461953773746327378979465846331463521309847421909478568081813819318139301/122031453516525924959380325406148814018470250041199041211203201510204602728997454763022122339805274332385265013724585820929746
8 4 25 51276015579145956355348559796514406888333084043698938078720862377744129147270526202372762181726457906640515359097198993633179/1098283081648733324634422928655339326166232250370791370900828813591841424560977092867199101058247468991467385123521272388367714
8 4 26 511039390711533505370504478170304178422753534240843607671662333379494768279694258298271681929071238289289502988197005816808327/1098283081648733324634422928655339326166232250370791370900828813591841424560977092867199101058247468991467385123521272388367714
8 4 28 6839978420108285228975060940079000662612353690917864476357667458607140854872798650384880807801867357302640705703589249975302/61015726758262962479690162703074407009235125020599520605601600755102301364498727381511061169902637166192632506862292910464873
8 5 0 46041169637277568451739411760526189349784524025742872399202873973182789373736785249209881583329669335115712084335180831661428/183047180274788887439070488109223221027705375061798561816804802265306904093496182144533183509707911498577897520586878731394619
8 5 3 210521206105803253276954481026875512702667611446956468246529684302448118628571372344388030116511557148691566538995179459422003/1098283081648733324634422928655339326166232250370791370900828813591841424560977092867199101058247468991467385123521272388367714
8 5 16 10153945545097005898010133665912727442195386701604736532697730795682744007510066825208618810770702963136232694543793766795204/549141540824366662317211464327669663083116125185395685450414406795920712280488546433599550529123734495733692561760636194183857
8 5 17 85355205585844448923019435632757346172045765319660578085592404625996686409462470454802163879919884657670764821109780019773581/1098283081648733324634422928655339326166232250370791370900828813591841424560977092867199101058247468991467385123521272388367714
8 5 19 92417459635132284195127752115205114115554258212656349222241875609423935185508793103610895255777961569482475143486178032770581/1098283081648733324634422928655339326166232250370791370900828813591841424560977092867199101058247468991467385123521272388367714
8 5 20 71843595982803177766202537124907605038689282392822622495717151877184406240439849504555092358707154524807017343567407505922257/1098283081648733324634422928655339326166232250370791370900828813591841424560977092867199101058247468991467385123521272388367714
8 5 22 8692360683642546842370342968667986711857459213221607939141617904582904419098782462321461645932895346894967147008588954362529/33281305504507070443467361474404222005037340920327011239419054957328528016999305844460578819946892999741435912833977951162658
8 5 26 54742802865086692168440666894567595662881261404715583398461600895090208009293941057558158010025942706314907529980619352956859/1098283081648733324634422928655339326166232250370791370900828813591841424560977092867199101058247468991467385123521272388367714
8 6 2 72548326577084952530555891075819987206227103436612874422757429342494407427579463398468493563175156500677412518629569719293419/549141540824366662317211464327669663083116125185395685450414406795920712280488546433599550529123734495733692561760636194183857
8 6 10 8577540065638500182882639911687253434502645427822468085649798927475403763825450557240568181636191199702471218365226847568439/61015726758262962479690162703074407009235125020599520605601600755102301364498727381511061169902637166192632506862292910464873
8 6 15 891706383196670559517202621023868356848345430942469073960659815350894059419000797875533880293892793072281388285572306935873/183047180274788887439070488109223221027705375061798561816804802265306904093496182144533183509707911498577897520586878731394619
8 6 21 92978097005472050580241275699609404198112880536415376359483514474449710152909459366407201874437211516023498222298063225267243/366094360549577774878140976218446442055410750123597123633609604530613808186992364289066367019415822997155795041173757462789238
8 6 23 514506177997474241183596585268357367197301711601860252991403071896840847141717673153457077757370723088963895159080426176132007/1098283081648733324634422928655339326166232250370791370900828813591841424560977092867199101058247468991467385123521272388367714
8 7 4 233314373511235176325772064483895257442845318212518732868611905204318261152760502911653606686775914363044039313289256076437611/549141540824366662317211464327669663083116125185395685450414406795920712280488546433599550529123734495733692561760636194183857
8 7 5 29226291129969359796802498068635371420111556851604313481734045116466723664175961633863060627608390780400785173121062295273504/183047180274788887439070488109223221027705375061798561816804802265306904093496182144533183509707911498577897520586878731394619
8 7 24 20740753993020309691002900512533481034539648765278546557872760567472934557745468965486978359956604344680663429918926657447794/49921958256760605665201042211606333007556011380490516859128582435992792025498958766690868229920339499612153869250966926743987
8 8 2 22854804021951510791503201480805622903588176552486375862690419643334872696673893851416645148313652188942218254866863439640738/61015726758262962479690162703074407009235125020599520605601600755102301364498727381511061169902637166192632506862292910464873
8 8 4 1361429977679193131160989088459858663505314369590046191465433361460303046814666822714081612461276116306464772701275290897650/16640652752253535221733680737202111002518670460163505619709527478664264008499652922230289409973446499870717956416988975581329
8 8 5 19029571495523104674615614348317068244376385063579345964083736622781316343585286342898697778911470050417571162240027734692599/183047180274788887439070488109223221027705375061798561816804802265306904093496182144533183509707911498577897520586878731394619
8 8 6 134828300006319617496810798908446888126045735883892566579773823126255063268834870042189275213370492605437825110966230405658817/1098283081648733324634422928655339326166232250370791370900828813591841424560977092867199101058247468991467385123521272388367714
8 8 11 9251283451152035522017780392809381976816810539901192117745128183112575080828553555086331860418513746860956022586245338120496/549141540824366662317211464327669663083116125185395685450414406795920712280488546433599550529123734495733692561760636194183857
8 8 13 23744524833711819149554348628006808769619573458858979498410360942524090314429607528994344855680071251166160193862037647159801/99843916513521211330402084423212666015112022760981033718257164871985584050997917533381736459840678999224307738501933853487974
8 8 15 51276015579145956355348559796514406888333084043698938078720862377744129147270526202372762181726457906640515359097198993633179/1098283081648733324634422928655339326166232250370791370900828813591841424560977092867199101058247468991467385123521272388367714
8 8 16 632153559075596301546428950886299155933639429510178428691900969657647438262188481907608176454589771968419996906483728634931/40677151172175308319793441802049604672823416680399680403734400503401534242999151587674040779935091444128421671241528606976582
9 0 2 16197718624141638955059992234183433346396237217296970677536570827458591448800640423045869427641025888455486614275632558993060/61015726758262962479690162703074407009235125020599520605601600755102301364498727381511061169902637166192632506862292910464873
9 0 8 8721812092598850253334635667289630944391369720622066564316449716899269706713516678927026173754738988741305612313278223382311/1098283081648733324634422928655339326166232250370791370900828813591841424560977092867199101058247468991467385123521272388367714
9 0 10 12310672381410696137010380222051493295277161404192078217747378059930924956641808304635201508361351951240593591465380752240801/49921958256760605665201042211606333007556011380490516859128582435992792025498958766690868229920339499612153869250966926743987
9 0 11 228634879423341503058558623767608945038316987977319188766470411461057516343189581536963876093522995286727397398203831438097420/549141540824366662317211464327669663083116125185395685450414406795920712280488546433599550529123734495733692561760636194183857
9 0 14 69897783083866652058662820352397152413977083891959733817470948740092127043353102797544239815958530509779466645600568677617861/1098283081648733324634422928655339326166232250370791370900828813591841424560977092867199101058247468991467385123521272388367714
9 1 3 389560343295389483554549863857122916265871216657513624449063075888855939549604051031293184156344288507893009718657226321709523/1098283081648733324634422928655339326166232250370791370900828813591841424560977092867199101058247468991467385123521272388367714
9 1 21 30762324141432497136679678516533969294259500102812855111541904175366805273950632075870964374944783262142152071479535727619702/549141540824366662317211464327669663083116125185395685450414406795920712280488546433599550529123734495733692561760636194183857
9 1 22 23428016998345136517874905581425718371930800322308209576233547953284182196017735220354322463047920607073711118013267470886462/549141540824366662317211464327669663083116125185395685450414406795920712280488546433599550529123734495733692561760636194183857
9 1 24 230072030611542552087625462225558582852357549918846669768162293719051806090420842758566817775869469240595735793407835530401686/549141540824366662317211464327669663083116125185395685450414406795920712280488546433599550529123734495733692561760636194183857
9 1 31 140197994850703469595512972151179868863265333025342277539890246007579897890594621726321707674178834263951177439062768608842491/1098283081648733324634422928655339326166232250370791370900828813591841424560977092867199101058247468991467385123521272388367714
9 2 2 219009297747413957648121589831605586439388274194391730064584723409240876672360496979877524923844692540930858249217215101599017/1098283081648733324634422928655339326166232250370791370900828813591841424560977092867199101058247468991467385123521272388367714
9 2 12 73370368340389750935586082382458344008395087493046718746950393848990231489297271704716093401910935160894818437484462342719887/183047180274788887439070488109223221027705375061798561816804802265306904093496182144533183509707911498577897520586878731394619
9 2 29 194175541609606527356210492495763538148026815525063359602001421355406716739003256642101484804032839249817387196631940800557407/549141540824366662317211464327669663083116125185395685450414406795920712280488546433599550529123734495733692561760636194183857
9 2 30 50700490639767806660363859537456599380419820167992609150538884377845725474826452374822046114871486985532841856133401629334561/1098283081648733324634422928655339326166232250370791370900828813591841424560977092867199101058247468991467385123521272388367714
9 3 9 92579502294781480913675194026875716191704802154013349964995714037385461054506266929402770218389055489065342451278826458879354/549141540824366662317211464327669663083116125185395685450414406795920712280488546433599550529123734495733692561760636194183857
9 3 17 245817558734268691401499187181054979089099146322050243269661909099393806619402876195635559299640696624633741173606233351739858/549141540824366662317211464327669663083116125185395685450414406795920712280488546433599550529123734495733692561760636194183857
9 3 18 187651035881055213333249190325447403101562891838371847022250675289899251103192226468435026587782198697522168946407414213814599/549141540824366662317211464327669663083116125185395685450414406795920712280488546433599550529123734495733692561760636194183857
9 3 28 23093443914261276668787892794291564700749284870960245193506108369242193503387176840126194423311783684512439990468162169750046/549141540824366662317211464327669663083116125185395685450414406795920712280488546433599550529123734495733692561760636194183857
9 4 0 11887581771415448611604207162475857695224993317153929517657122445572608050511131516790144249400992973131707187985569824390981/549141540824366662317211464327669663083116125185395685450414406795920712280488546433599550529123734495733692561760636194183857
9 4 3 235820871336511983886317018491378580167908912608793387962630715279856371495192113055808916691899433435606585808807200652368507/1098283081648733324634422928655339326166232250370791370900828813591841424560977092867199101058247468991467385123521272388367714
9 4 18 128521366411761955879690743681392705946291846904734759752230346804721765058301179053940472201713284800021472225515376322230652/549141540824366662317211464327669663083116125185395685450414406795920712280488546433599550529123734495733692561760636194183857
9 4 26 581644313945866531765516008476223618715289657318220604398423159811396306848160358669928951464119480009554440487712179442755941/1098283081648733324634422928655339326166232250370791370900828813591841424560977092867199101058247468991467385123521272388367714
9 5 1 8721812092598850253334635667289630944391369720622066564316449716899269706713516678927026173754738988741305612313278223382311/1098283081648733324634422928655339326166232250370791370900828813591841424560977092867199101058247468991467385123521272388367714
9 5 5 104193468650362258928385686759679288359087708847105750877548963653652168769240832465879605423793844018933215322800350589209619/1098283081648733324634422928655339326166232250370791370900828813591841424560977092867199101058247468991467385123521272388367714
9 5 16 97759042270329458743011065164858736652032346801921904640688442629354959784350546978069507826768501537879320154035840594610950/549141540824366662317211464327669663083116125185395685450414406795920712280488546433599550529123734495733692561760636194183857
9 5 19 86100371681274617125314471781281526195497188824259937006318728375569210071072562763808681013626014256947905378514955005643565/549141540824366662317211464327669663083116125185395685450414406795920712280488546433599550529123734495733692561760636194183857
9 5 23 170747524611261390838335586914337819776096015202755150025767873402122534542985521421747162340984918642743676078618673329670945/549141540824366662317211464327669663083116125185395685450414406795920712280488546433599550529123734495733692561760636194183857
9 5 27 138076961890020641019690179253707120807751035072594785056706655703598288644102740697570883548970008554325530483034352857962432/549141540824366662317211464327669663083116125185395685450414406795920712280488546433599550529123734495733692561760636194183857
9 6 0 80691920523366032302070986864399858496479808836859420447338591591812853003995135412612625968988062515933635263293256634488373/549141540824366662317211464327669663083116125185395685450414406795920712280488546433599550529123734495733692561760636194183857
9 6 7 3529891373272266156674427874503359874574526849843784407686710449295274223550986905268991339594071975494936113615018622484113/549141540824366662317211464327669663083116125185395685450414406795920712280488546433599550529123734495733692561760636194183857
9 6 10 84952665281210130791234262614493656960449800527933919799317356304017792743918999372096251212937487131358015260972338926125866/549141540824366662317211464327669663083116125185395685450414406795920712280488546433599550529123734495733692561760636194183857
9 6 11 70354843558548477811440746825785129958755592421056363504819112995227209542090529326739939489854786872909899998316557184305393/549141540824366662317211464327669663083116125185395685450414406795920712280488546433599550529123734495733692561760636194183857
9 6 16 133460694741277579678694606227487715435372591413250782334475223161248263633223859172209739749789494828306305756914611015308435/549141540824366662317211464327669663083116125185395685450414406795920712280488546433599550529123734495733692561760636194183857
9 6 23 121996860683210641856729441511076570899827923218043247172479600739214299422490148880274013985462644247726253975290849735487844/549141540824366662317211464327669663083116125185395685450414406795920712280488546433599550529123734495733692561760636194183857
9 6 25 2133660692118342991865560195644079390181183098845323200668768101198678294355974901999034498152699513425053723354911352690115/40677151172175308319793441802049604672823416680399680403734400503401534242999151587674040779935091444128421671241528606976582
9 6 26 50700490639767806660363859537456599380419820167992609150538884377845725474826452374822046114871486985532841856133401629334561/1098283081648733324634422928655339326166232250370791370900828813591841424560977092867199101058247468991467385123521272388367714
9 7 1 623622992493035488172545232346390587151318107765591146984645594472342762616273294365823971405236228006345976731532302848708191/1098283081648733324634422928655339326166232250370791370900828813591841424560977092867199101058247468991467385123521272388367714
9 7 6 32377895301272575538345610336890856203312885049139394020725180918353873440712952885113874248201900022647781031856771114747131/366094360549577774878140976218446442055410750123597123633609604530613808186992364289066367019415822997155795041173757462789238
9 7 7 11111346496311743704881868487866636511941988057815742477253521123200774213077279819900927031960620501812627733939839848923029/99843916513521211330402084423212666015112022760981033718257164871985584050997917533381736459840678999224307738501933853487974
9 7 20 70354843558548477811440746825785129958755592421056363504819112995227209542090529326739939489854786872909899998316557184305393/549141540824366662317211464327669663083116125185395685450414406795920712280488546433599550529123734495733692561760636194183857
9 7 25 114591904675353973470258818280172908856102433979696147594580718018774106194533803173643430577129141651419360226447303488654025/1098283081648733324634422928655339326166232250370791370900828813591841424560977092867199101058247468991467385123521272388367714
9 8 2 87411212981816502900797291139880763319624616691013902282336050609073929019788197132704456545372405786144977486862176081331529/1098283081648733324634422928655339326166232250370791370900828813591841424560977092867199101058247468991467385123521272388367714
9 8 5 528151335935272079497494181254000929736621768639107462671413080535589863553745978578871392155197122976154067021045230482880883/1098283081648733324634422928655339326166232250370791370900828813591841424560977092867199101058247468991467385123521272388367714
9 8 7 133619669521574320736256720203380958273644821270879544760584587827793298018421323079746950428168282044275959617235052418300225/549141540824366662317211464327669663083116125185395685450414406795920712280488546433599550529123734495733692561760636194183857
9 8 19 107740596844248050381809007927347858281348111249455458212955253395795517975300135498064675750670688070308210690571880493777426/549141540824366662317211464327669663083116125185395685450414406795920712280488546433599550529123734495733692561760636194183857
9 9 0 223592899998035688299264739979964392856149936589093256809485308057235555106987138592972728571106428008478298720643964077165897/549141540824366662317211464327669663083116125185395685450414406795920712280488546433599550529123734495733692561760636194183857
9 9 2 5727559770309062780980187804482011350260719448243684834397165879445430092071098219557227735372567112635447925134133971214146/183047180274788887439070488109223221027705375061798561816804802265306904093496182144533183509707911498577897520586878731394619
9 9 3 3481794976866435492506492832589360830964674109953100568634126510264860639095323478824448365373622525793843408190577049006236/549141540824366662317211464327669663083116125185395685450414406795920712280488546433599550529123734495733692561760636194183857
9 9 6 182552732771242848476683213803459150774209917472227062013896434266827718143072082442628548361327201453267681554687738117745026/549141540824366662317211464327669663083116125185395685450414406795920712280488546433599550529123734495733692561760636194183857
9 9 19 40777144589098167235272151432736908190336479556463737185069013441085429371706902420167380675066260390095841700945318345541420/183047180274788887439070488109223221027705375061798561816804802265306904093496182144533183509707911498577897520586878731394619
10 0 14 196823867858620001447245721461624613059353271660719144741751338724367002337654608565587320792690361621592877753607701145248040/549141540824366662317211464327669663083116125185395685450414406795920712280488546433599550529123734495733692561760636194183857
10 0 26 17237136584571208438910017617742797631563282535874230707162904704603229444910081067542984135239973201455246721451270567933196/49921958256760605665201042211606333007556011380490516859128582435992792025498958766690868229920339499612153869250966926743987
10 0 29 3662700586930007338811745220039203798872305591559472663467195194275925317259154322808121684924452904024347271293061938512701/20338575586087654159896720901024802336411708340199840201867200251700767121499575793837020389967545722064210835620764303488291
10 0 31 21272084896117723298012809376605257835671498219318080338752282025156067494275293136406706251944479749825241515758762153942578/183047180274788887439070488109223221027705375061798561816804802265306904093496182144533183509707911498577897520586878731394619
10 1 3 110874247776691354345681022956621387543699732177201835180622437491856828743983611674734834858762782372232140693131086826843813/549141540824366662317211464327669663083116125185395685450414406795920712280488546433599550529123734495733692561760636194183857
10 1 14 152629839938704238209161574019619717993538808002714473272148738327582541840838102801248756816752014875692199331149067341959869/549141540824366662317211464327669663083116125185395685450414406795920712280488546433599550529123734495733692561760636194183857
10 1 30 113423342861714090809169625058885417067995363890687118131325657653338135001408629183693403872035286768644930542735207947867483/366094360549577774878140976218446442055410750123597123633609604530613808186992364289066367019415822997155795041173757462789238
10 1 31 8555736208622217299897365167637069032880336234773977763011462555294380681003991717190803929300444969988293090620568155820663/40677151172175308319793441802049604672823416680399680403734400503401534242999151587674040779935091444128421671241528606976582
10 2 6 221748495553382708691362045913242775087399464354403670361244874983713657487967223349469669717525564744464281386262173653687626/549141540824366662317211464327669663083116125185395685450414406795920712280488546433599550529123734495733692561760636194183857
10 2 17 67323721443554576972146876788311239446847141566607532198884223330349392149461490021647465521898966254897090796704913379014080/549141540824366662317211464327669663083116125185395685450414406795920712280488546433599550529123734495733692561760636194183857
10 2 25 260069323827429376653702541626115648548869519264384482890285308481857662643059833062482415289699203496372320378793549161482151/549141540824366662317211464327669663083116125185395685450414406795920712280488546433599550529123734495733692561760636194183857
10 3 0 110874247776691354345681022956621387543699732177201835180622437491856828743983611674734834858762782372232140693131086826843813/549141540824366662317211464327669663083116125185395685450414406795920712280488546433599550529123734495733692561760636194183857
10 3 10 89827698847284070601488770553426350396846206548089306288470942702268177123826367202850224261565861988492354329689767877527729/549141540824366662317211464327669663083116125185395685450414406795920712280488546433599550529123734495733692561760636194183857
10 3 16 21517131689984131200264545193788321548105837709003419461022054875581644242391651585329733969561716561064852626138521863104611/549141540824366662317211464327669663083116125185395685450414406795920712280488546433599550529123734495733692561760636194183857
10 3 21 101665999824454657868663731566164133994901785910610600939973218310202113397887122774276030100722995955811852125189724594125508/183047180274788887439070488109223221027705375061798561816804802265306904093496182144533183509707911498577897520586878731394619
10 3 25 21924463037043132563785930925341201609758991019269321700379316795607721976625547647856667137064385706508788537232085844331180/549141540824366662317211464327669663083116125185395685450414406795920712280488546433599550529123734495733692561760636194183857
10 4 0 238579460020632885310726272524622943509192347486231782833277639560092715434509099692101242750679594125052936391625681660364096/549141540824366662317211464327669663083116125185395685450414406795920712280488546433599550529123734495733692561760636194183857
10 4 6 127705212243941530965045249568001555965492615309029947652655202068235886690525488017366407891916811752820795698494594833520283/549141540824366662317211464327669663083116125185395685450414406795920712280488546433599550529123734495733692561760636194183857
10 4 15 28304610607809527233427181843086557843204238697089085099254211328426598227921059382481233373898821741176085583719209531834280/549141540824366662317211464327669663083116125185395685450414406795920712280488546433599550529123734495733692561760636194183857
10 4 17 33000612975800800084667878326462305612572340903357882755145276082178799764302771215851598532457367157569082092689079074330414/549141540824366662317211464327669663083116125185395685450414406795920712280488546433599550529123734495733692561760636194183857
10 4 19 110096549628022452757596659609206676697040201761443054671246931717822307942701556297642679205355118246834354178733555463633813/549141540824366662317211464327669663083116125185395685450414406795920712280488546433599550529123734495733692561760636194183857
10 4 21 11455095348159465965748222456289623455614381028243932438835146039164404220528571828156388774816021472280438616498515630500971/549141540824366662317211464327669663083116125185395685450414406795920712280488546433599550529123734495733692561760636194183857
10 5 2 533966188613421236105525279585850369970888237859483146295984969999595245491697028644032189689244834563311826244585426445732483/1098283081648733324634422928655339326166232250370791370900828813591841424560977092867199101058247468991467385123521272388367714
10 5 3 127705212243941530965045249568001555965492615309029947652655202068235886690525488017366407891916811752820795698494594833520283/549141540824366662317211464327669663083116125185395685450414406795920712280488546433599550529123734495733692561760636194183857
10 5 13 21924463037043132563785930925341201609758991019269321700379316795607721976625547647856667137064385706508788537232085844331180/549141540824366662317211464327669663083116125185395685450414406795920712280488546433599550529123734495733692561760636194183857
10 5 15 130063494550749384338140334236702056953346033975261638910471581498858018068617621968485239640296734069363919015689197528034051/1098283081648733324634422928655339326166232250370791370900828813591841424560977092867199101058247468991467385123521272388367714
10 5 27 67497023961296688566547476923050692045747382939724023494151612182850471833180185462117760835371752720066235695896643529449127/549141540824366662317211464327669663083116125185395685450414406795920712280488546433599550529123734495733692561760636194183857
10 6 7 164941226981227243207289311376638292134895921467384089731815184104303842865288394089639965529639918431258327924928110528683335/1098283081648733324634422928655339326166232250370791370900828813591841424560977092867199101058247468991467385123521272388367714
10 6 9 98900366430970032972457239342994557246210594145244638413732680458587117862993318203598925382279487080685526188216701023636459/1098283081648733324634422928655339326166232250370791370900828813591841424560977092867199101058247468991467385123521272388367714
10 6 11 83043124459322954199864180122156928664490865731156067686623525879807117421576150043112337851695347694939634731787592011287805/183047180274788887439070488109223221027705375061798561816804802265306904093496182144533183509707911498577897520586878731394619
10 6 16 56030456913433053875915216200460817466363423395204372772589965625017959883873080052547697172692662884980953769941818128053515/183047180274788887439070488109223221027705375061798561816804802265306904093496182144533183509707911498577897520586878731394619
10 7 5 7/11
10 7 15 4751164479025756934758856102855317395447797839170464461270537213631625614813976679615233208249494228306808276283719018552733/99843916513521211330402084423212666015112022760981033718257164871985584050997917533381736459840678999224307738501933853487974
10 7 23 145457524933017597463805904070208731358019799842927998358533111075921367144691411859719306128577584970342264453585882989580783/549141540824366662317211464327669663083116125185395685450414406795920712280488546433599550529123734495733692561760636194183857
10 7 25 2081400256250604596727744904482396666462322782488630706740241777264878524135374182900769195980115168327326333619076304841121/40677151172175308319793441802049604672823416680399680403734400503401534242999151587674040779935091444128421671241528606976582
10 8 1 600007049163678446340357351619494104859573565181622597614067473645311970493992104530073229836605265913884627981296835950779359/1098283081648733324634422928655339326166232250370791370900828813591841424560977092867199101058247468991467385123521272388367714
10 8 2 164941226981227243207289311376638292134895921467384089731815184104303842865288394089639965529639918431258327924928110528683335/1098283081648733324634422928655339326166232250370791370900828813591841424560977092867199101058247468991467385123521272388367714
10 8 11 3040131346041072032024689548932531668467257044544406513758469679167520967083765492045426183465343436741399178466484619798318/16640652752253535221733680737202111002518670460163505619709527478664264008499652922230289409973446499870717956416988975581329
10 8 19 21887360008598174436157276932077990458275177459325111629463156387241409702252692842235901484371420280846521010066575796276631/549141540824366662317211464327669663083116125185395685450414406795920712280488546433599550529123734495733692561760636194183857
10 8 24 14818569441320088683472033594250643022728907310533938397993474040447734661610447681335995769091129543283173569729198234943795/183047180274788887439070488109223221027705375061798561816804802265306904093496182144533183509707911498577897520586878731394619
10 9 1 98900366430970032972457239342994557246210594145244638413732680458587117862993318203598925382279487080685526188216701023636459/1098283081648733324634422928655339326166232250370791370900828813591841424560977092867199101058247468991467385123521272388367714
10 9 13 310461864844766829774975876628315265957677842724765890318284451003843447290793198942618406891984339173309540510741719002014665/1098283081648733324634422928655339326166232250370791370900828813591841424560977092867199101058247468991467385123521272388367714
10 9 20 9280029331489408944758895353340215869753326988567698374084659511351835578240575727815436745054894373652877805920151709161666/20338575586087654159896720901024802336411708340199840201867200251700767121499575793837020389967545722064210835620764303488291
10 9 23 8536330294207653585000430163802629363439279823551142271283639478018715371918158473588553843228152116373496222948848184908483/49921958256760605665201042211606333007556011380490516859128582435992792025498958766690868229920339499612153869250966926743987
10 10 15 55811844250618204834692088525971004882815661575878732886814083484487790524902414718360444524262422099409248096750175471076947/1098283081648733324634422928655339326166232250370791370900828813591841424560977092867199101058247468991467385123521272388367714
10 10 16 159845205367040946828397101686073557105695971768817080235108125301314020284481819623863252121802671281277363148792792239942753/549141540824366662317211464327669663083116125185395685450414406795920712280488546433599550529123734495733692561760636194183857
10 10 18 327529244760281107092621364555903129443133088644164296313520760256341822201867163718979410472377990790776288547524682642876729/549141540824366662317211464327669663083116125185395685450414406795920712280488546433599550529123734495733692561760636194183857
10 10 20 67722337143471011957693907645414948185758467968949884916756958992041949063376711463153331345623722747950833634136147151651803/1098283081648733324634422928655339326166232250370791370900828813591841424560977092867199101058247468991467385123521272388367714
11 0 1 265005606023520663321342901182436157737869621519598012501923568193881576827770282658753492828820074614165391425707531246533740/549141540824366662317211464327669663083116125185395685450414406795920712280488546433599550529123734495733692561760636194183857
11 0 4 50940142806415113359905111336000244593645524470316628977418654380512667830363506353720445550738703276526198251948159805333085/183047180274788887439070488109223221027705375061798561816804802265306904093496182144533183509707911498577897520586878731394619
11 0 27 131315506381600658916153229137232771564309930254847786016234875460501131961627744713684721048087550051989706380208625531650862/549141540824366662317211464327669663083116125185395685450414406795920712280488546433599550529123734495733692561760636194183857
11 1 4 85736294331345863930902705918303677924744212048472611675775492110654640530890996110602490045084001796603859979598770049062120/549141540824366662317211464327669663083116125185395685450414406795920712280488546433599550529123734495733692561760636194183857
11 1 12 67716281413436979360631645641100813953078514377569161053175301059558616057305972735673395143436279795798109203826994729483118/549141540824366662317211464327669663083116125185395685450414406795920712280488546433599550529123734495733692561760636194183857
11 1 22 226365482406536967832870896997188903270230102077021656021210780839450144348355290705607657657666239150766342172735743667535135/1098283081648733324634422928655339326166232250370791370900828813591841424560977092867199101058247468991467385123521272388367714
11 1 24 46529256275597571140907118825690288005942569600317653935570145355963189842153919166019827432217913862807184321369298802921395/549141540824366662317211464327669663083116125185395685450414406795920712280488546433599550529123734495733692561760636194183857
11 1 27 86808025986230587490552341751535671146584643315074570221425439527178669497808934612164032052513395456407886031863856679263317/549141540824366662317211464327669663083116125185395685450414406795920712280488546433599550529123734495733692561760636194183857
11 1 28 298337883228974352955564407384889520835302269610901721107725276645681048356302156912671954054078048017466963877467688199372679/1098283081648733324634422928655339326166232250370791370900828813591841424560977092867199101058247468991467385123521272388367714
11 2 0 492438579936243598362408213832076770098039681533476149073123653267708902085946676342956240199051865213789955830823682347836151/1098283081648733324634422928655339326166232250370791370900828813591841424560977092867199101058247468991467385123521272388367714
11 2 4 125324035857181320752114634249485260382755307405812399507867441929448491528089721634212602313066122962905593412974576976531236/549141540824366662317211464327669663083116125185395685450414406795920712280488546433599550529123734495733692561760636194183857
11 2 7 355196429998127084767785446324292035302681954025690422811970276465235539418850973255817656233063357851866242466748436087469091/1098283081648733324634422928655339326166232250370791370900828813591841424560977092867199101058247468991467385123521272388367714
11 3 2 273031446667419021837341100079220336017819159634045109433514610750847242305037358079637072659726673780263070164357810528904983/1098283081648733324634422928655339326166232250370791370900828813591841424560977092867199101058247468991467385123521272388367714
11 3 7 2158207185789064714504942667167657779914287518685254348047862468179353262181352988415917647216997424400796794872427486488869/13559050390725102773264480600683201557607805560133226801244800167800511414333050529224680259978363814709473890413842868992194
11 3 14 325218426466200030461090736267769354987677900861620329637718671459233284009625071362936349486972001917369887287248417726932171/549141540824366662317211464327669663083116125185395685450414406795920712280488546433599550529123734495733692561760636194183857
11 4 3 117729407278310646778531755773212395320059799064162616751395563815396495367721734552543163600569194882861121571883215191836827/549141540824366662317211464327669663083116125185395685450414406795920712280488546433599550529123734495733692561760636194183857
11 4 4 6284751564686261779047327593286293656497775906175243712473411609212312215140260135106742473007678302646154949724306665592652/183047180274788887439070488109223221027705375061798561816804802265306904093496182144533183509707911498577897520586878731394619
11 4 12 2158207185789064714504942667167657779914287518685254348047862468179353262181352988415917647216997424400796794872427486488869/13559050390725102773264480600683201557607805560133226801244800167800511414333050529224680259978363814709473890413842868992194
11 4 25 75607493695650036524039444608756958279398366862276386168779449455581040613824794588145990353656216788181762226342659497537015/183047180274788887439070488109223221027705375061798561816804802265306904093496182144533183509707911498577897520586878731394619
11 4 27 82305740467000031846584543033440055173517423506919136507829408510799135368027668942723951664394161994314460292759132113728194/549141540824366662317211464327669663083116125185395685450414406795920712280488546433599550529123734495733692561760636194183857
11 4 28 10681510849059978563589780596398211130214553201470827634328280876054143959666121825153048047920197771894725984389384797620427/366094360549577774878140976218446442055410750123597123633609604530613808186992364289066367019415822997155795041173757462789238
11 5 13 22024683887683374003212000783050575201187279184312710776077849206392891312440163810160804032325121636329026664891184123091482/183047180274788887439070488109223221027705375061798561816804802265306904093496182144533183509707911498577897520586878731394619
11 5 19 11487926750799812229119809315371764412059586977029907691017340918771232455857366370276273560931199408386362001921199929117536/49921958256760605665201042211606333007556011380490516859128582435992792025498958766690868229920339499612153869250966926743987
11 5 21 17346185037401843415865557166477138420326048515567028435603194884142636103182299920534545074611430799457204174653330022462094/61015726758262962479690162703074407009235125020599520605601600755102301364498727381511061169902637166192632506862292910464873
11 5 23 10133483736290931739735371189716321438908071538712388421016746314044777320914734596047596183799954847745305664097827251068838/61015726758262962479690162703074407009235125020599520605601600755102301364498727381511061169902637166192632506862292910464873
11 5 25 109383275939283629386849204303687390213791750396613816811410638286571760511863714280838857936202705269674041997193469142838127/549141540824366662317211464327669663083116125185395685450414406795920712280488546433599550529123734495733692561760636194183857
11 6 6 8466297219305780618153013740767279173885044524694893873541406749288798466536742531943204927345521741879595785525970122226328/549141540824366662317211464327669663083116125185395685450414406795920712280488546433599550529123734495733692561760636194183857
11 6 9 7624563885450917421923487083765818599742095972654762570064076489026297925949761282618810220332694853440206298004180347798170/61015726758262962479690162703074407009235125020599520605601600755102301364498727381511061169902637166192632506862292910464873
11 6 10 1988738197154034943854710295860999413948826774929345644157445805037133098162607550036713748936706220934641365691969247377585/3697922833834118938163040163822691333893037880036334582157672773036503112999922871606730979994099222193492879203775327906962
11 6 22 48809140853647821878913745849323890182143132631652818375915667201188860500433218107515098034344381403570552688387380004969493/1098283081648733324634422928655339326166232250370791370900828813591841424560977092867199101058247468991467385123521272388367714
11 6 24 50773991977268174933288571657663219483026624837991230366985925332262179051013374041292504294836964854104240314915306567905960/183047180274788887439070488109223221027705375061798561816804802265306904093496182144533183509707911498577897520586878731394619
11 7 6 248944680225344208729607008965396013501289068653253335871910283330540782200865553045140849188977624792241323799090199339613003/549141540824366662317211464327669663083116125185395685450414406795920712280488546433599550529123734495733692561760636194183857
11 7 8 307261885391994236104523744408042957071949856223204606523912218169683160699723647213703468783906170011547076759480104366662163/1098283081648733324634422928655339326166232250370791370900828813591841424560977092867199101058247468991467385123521272388367714
11 7 17 57516586835631279638783920687879198070251519722140299615600460550044788185866945848360306942417267579656625710342328711438396/549141540824366662317211464327669663083116125185395685450414406795920712280488546433599550529123734495733692561760636194183857
11 7 20 82305740467000031846584543033440055173517423506919136507829408510799135368027668942723951664394161994314460292759132113728194/549141540824366662317211464327669663083116125185395685450414406795920712280488546433599550529123734495733692561760636194183857
11 7 22 13487181200788048099948238873865835604166370382961220386236290639388852351733109981045416682763190247495488759657847692146365/1098283081648733324634422928655339326166232250370791370900828813591841424560977092867199101058247468991467385123521272388367714
11 8 3 265005606023520663321342901182436157737869621519598012501923568193881576827770282658753492828820074614165391425707531246533740/549141540824366662317211464327669663083116125185395685450414406795920712280488546433599550529123734495733692561760636194183857
11 8 14 57516586835631279638783920687879198070251519722140299615600460550044788185866945848360306942417267579656625710342328711438396/549141540824366662317211464327669663083116125185395685450414406795920712280488546433599550529123734495733692561760636194183857
11 8 18 25179927551690524373009404717483811919443887104850819259210042005777149696316813102942861195320710255767963936190086248467969/61015726758262962479690162703074407009235125020599520605601600755102301364498727381511061169902637166192632506862292910464873
11 9 0 273031446667419021837341100079220336017819159634045109433514610750847242305037358079637072659726673780263070164357810528904983/1098283081648733324634422928655339326166232250370791370900828813591841424560977092867199101058247468991467385123521272388367714
11 9 12 16232966195898624383973319966925208877365719790721760980049184758456803744689222660210029010838449797860484282659590250656439/40677151172175308319793441802049604672823416680399680403734400503401534242999151587674040779935091444128421671241528606976582
11 9 19 10086570249387521126053484656641311171418401664527368032953388278786824294389067324587440404389846028366685819556555467257321/366094360549577774878140976218446442055410750123597123633609604530613808186992364289066367019415822997155795041173757462789238
11 9 23 356701836943888881051641735499214416945283451393676610907126049526300008266163520988128923892713112583871181868684858689966915/1098283081648733324634422928655339326166232250370791370900828813591841424560977092867199101058247468991467385123521272388367714
11 10 1 117729407278310646778531755773212395320059799064162616751395563815396495367721734552543163600569194882861121571883215191836827/549141540824366662317211464327669663083116125185395685450414406795920712280488546433599550529123734495733692561760636194183857
11 10 5 320965991273551870500602801995469414248551257436530925721572669046399621024164684121751260108883861620582235871626142249711911/1098283081648733324634422928655339326166232250370791370900828813591841424560977092867199101058247468991467385123521272388367714
11 10 8 30013871224522156244384670716380840059790866362388374530731735446035016997106735951442831191509170762042585859068805944294800/183047180274788887439070488109223221027705375061798561816804802265306904093496182144533183509707911498577897520586878731394619
11 10 22 361775048471427223110448590815160080918816196631604964492074604238438710818728523931704526599170193032907390953715864089213349/1098283081648733324634422928655339326166232250370791370900828813591841424560977092867199101058247468991467385123521272388367714
11 11 8 240416404476417875954633579645251346746177131332934942523495163517389008417778410689592402087771274594373504382942712850754259/1098283081648733324634422928655339326166232250370791370900828813591841424560977092867199101058247468991467385123521272388367714
11 11 19 121029761430743155913159737678971504395057795673173121340950717725919774530588180806580285608675669665039750055651357591814560/549141540824366662317211464327669663083116125185395685450414406795920712280488546433599550529123734495733692561760636194183857
11 11 20 300429272834831278253290113922208497884411997076841492745489723498478936827464348268572704764995107502712052704831614324642373/549141540824366662317211464327669663083116125185395685450414406795920712280488546433599550529123734495733692561760636194183857
11 11 21 1660956515685175594098849534191997206790614837536355578272529736183888158565958225255635358126071117954475024401401744966621/122031453516525924959380325406148814018470250041199041211203201510204602728997454763022122339805274332385265013724585820929746
12 0 24 7734032515556036634256742601090833844706900601320906358676525741802608875326258914856812523746686188444610498777943107703623/16640652752253535221733680737202111002518670460163505619709527478664264008499652922230289409973446499870717956416988975581329
12 0 27 8906620236697498587476938136111277157811769858842599261033001736861655133173394007373476886226760311426107457639045867877706/16640652752253535221733680737202111002518670460163505619709527478664264008499652922230289409973446499870717956416988975581329
12 1 19 225130975487395627641565725610344891997367093663787997813410631548057803630700018469401217211428056113854347180221783145079841/1098283081648733324634422928655339326166232250370791370900828813591841424560977092867199101058247468991467385123521272388367714
12 1 25 193313617722062691923199163495368669959011342070633849275597395115663482555994385849540178437191632187917180038645148498222848/549141540824366662317211464327669663083116125185395685450414406795920712280488546433599550529123734495733692561760636194183857
12 1 29 162174956905737437715486292018085698083614157521911891512074463937485551939429434232905842324145382833926225955336397415614059/366094360549577774878140976218446442055410750123597123633609604530613808186992364289066367019415822997155795041173757462789238
12 2 1 15207234235171160822175938870113857669888492973091753198093767133602029302118500571149955585315670448456924959067149359661159/61015726758262962479690162703074407009235125020599520605601600755102301364498727381511061169902637166192632506862292910464873
12 2 5 272750879390906752243759068257894383909083966334340141981988529299049554542325959593968201832749011640665439024992451112690933/549141540824366662317211464327669663083116125185395685450414406795920712280488546433599550529123734495733692561760636194183857
12 2 16 95089088019228817306018326132177461111786738126858814991447259053482588318538080786968151301960457860584836092597012152969632/549141540824366662317211464327669663083116125185395685450414406795920712280488546433599550529123734495733692561760636194183857
12 2 27 14812155099230215122616873368857699677749661322123649898044904746990101900186000304104532375524410319457030937522276230524287/183047180274788887439070488109223221027705375061798561816804802265306904093496182144533183509707911498577897520586878731394619
12 3 0 12613786681615067302328578691065686028762261580665893570804676993231379245857155601611922449186675985817884094645652713621418/61015726758262962479690162703074407009235125020599520605601600755102301364498727381511061169902637166192632506862292910464873
12 3 1 23892440313448527113855208502752921779516212304662167097712151335422337115181214014984285207026432588984193699327673908521289/122031453516525924959380325406148814018470250041199041211203201510204602728997454763022122339805274332385265013724585820929746
12 3 3 38355192591191903259774589474789292687253477957975142793942899559797892879246426282361545646860665093783895874322561942040354/183047180274788887439070488109223221027705375061798561816804802265306904093496182144533183509707911498577897520586878731394619
12 3 16 159735592010782873696790964934867096088093744093708563319917923143526844801272872503423726263099488109915364454767978372075598/549141540824366662317211464327669663083116125185395685450414406795920712280488546433599550529123734495733692561760636194183857
12 3 17 106600618989908202215582168972910733333157275241577799343442022049034517220893063202309203702286441163353623970479129970097269/1098283081648733324634422928655339326166232250370791370900828813591841424560977092867199101058247468991467385123521272388367714
12 4 1 19369739554463109369354757789535149668358812410258205504715296133573724034491489348236682472175349484530312546255579947169695/366094360549577774878140976218446442055410750123597123633609604530613808186992364289066367019415822997155795041173757462789238
12 4 7 22554335882858015440008515309559091747620118784874759801084995397814432663131846855259133122190635207928678427462273655374511/122031453516525924959380325406148814018470250041199041211203201510204602728997454763022122339805274332385265013724585820929746
12 4 8 284280520389430195600536463420856351991624749240773169143716779339337195695250448405009620565651614604079242979093431911269612/549141540824366662317211464327669663083116125185395685450414406795920712280488546433599550529123734495733692561760636194183857
12 4 23 65231633340128411926331016923945174436514469135074856688457730903920842996494859637273689772704513377065548765129985450124759/549141540824366662317211464327669663083116125185395685450414406795920712280488546433599550529123734495733692561760636194183857
12 4 24 69080266290252321256273528405549499288148153662223932256284473062137140552912693520295117432646723852114379074573617462849644/549141540824366662317211464327669663083116125185395685450414406795920712280488546433599550529123734495733692561760636194183857
12 5 7 7594714171376465239917205687116814234471320115965650801066759704980381579285827747840533521223507712804264902154916695937635/99843916513521211330402084423212666015112022760981033718257164871985584050997917533381736459840678999224307738501933853487974
12 5 13 58208476865039713143950188164897141231884746530505630333510207602868433759437248524765931867302360918039253870928333319844836/549141540824366662317211464327669663083116125185395685450414406795920712280488546433599550529123734495733692561760636194183857
12 5 21 107979648953513003021639405451830062136527767921899957383694136165509998657139221098857774507435239289325810815145828961192439/366094360549577774878140976218446442055410750123597123633609604530613808186992364289066367019415822997155795041173757462789238
12 5 23 287192662586486885821257536705884950356847466134229039635495816567395181849270413647424022533939222223282265506261517604893370/549141540824366662317211464327669663083116125185395685450414406795920712280488546433599550529123734495733692561760636194183857
12 6 4 186084561543556300835712023882346031475865557336255869735426741592185253865646458169418993533671693006392235801236466470736617/1098283081648733324634422928655339326166232250370791370900828813591841424560977092867199101058247468991467385123521272388367714
12 6 8 131735798416908184942805555009196423071342012263314471349021407627269404517240874650747614683684547892688705931331292478263613/549141540824366662317211464327669663083116125185395685450414406795920712280488546433599550529123734495733692561760636194183857
12 6 11 56935522760539872679178502949007876407495585464555381040580253209130266544176523629819411939651885910387828373766212831810073/183047180274788887439070488109223221027705375061798561816804802265306904093496182144533183509707911498577897520586878731394619
12 6 12 179929740948675252246521847460107889563499503251006783886308458499754611662337644075249360633910510944530497938958501301213241/1098283081648733324634422928655339326166232250370791370900828813591841424560977092867199101058247468991467385123521272388367714
12 6 17 63592022879723082795753464800222650269604826234783744168784639495290575366726049771059522942692426896420134639033221334515096/549141540824366662317211464327669663083116125185395685450414406795920712280488546433599550529123734495733692561760636194183857
12 7 2 771411461514162260823683782279457537721613274328633223064469209224163237235481357066977730032973250422288519843555001066551061/1098283081648733324634422928655339326166232250370791370900828813591841424560977092867199101058247468991467385123521272388367714
12 7 3 3935015668793717630206870850670326504352437869262285298203516288739505718023458897395101202819316032345824225548928747279864/49921958256760605665201042211606333007556011380490516859128582435992792025498958766690868229920339499612153869250966926743987
12 7 15 80100425140369758648729329220378201782955114306129290425294082005136353842993213352509714854416421952523577439296612960553215/366094360549577774878140976218446442055410750123597123633609604530613808186992364289066367019415822997155795041173757462789238
12 8 6 169313288226781963646024224087021563859643083267334760122142131323208142733666535921827500221868051545637035993630805370007945/366094360549577774878140976218446442055410750123597123633609604530613808186992364289066367019415822997155795041173757462789238
12 8 11 95810159367905128683845460460008821984126313718990052177409965366033902397245627545088600253681764219950273910363902963278471/366094360549577774878140976218446442055410750123597123633609604530613808186992364289066367019415822997155795041173757462789238
12 8 20 59743389929599173465810953318618325417971141707634668600957897337074277810308215888038095282750216421371304329589589321790211/549141540824366662317211464327669663083116125185395685450414406795920712280488546433599550529123734495733692561760636194183857
12 8 24 91712979502736850356595984188505758899490887998273798400128364424983366773812085345187304533048794425981423376178984372464022/549141540824366662317211464327669663083116125185395685450414406795920712280488546433599550529123734495733692561760636194183857
12 9 0 5511016008955863660272750416422546582210931698140187083727924064459087562681935367685158224154461324658852543390404337501399/99843916513521211330402084423212666015112022760981033718257164871985584050997917533381736459840678999224307738501933853487974
12 9 1 7507215055283811502325744211368573175210883335750997949793625321380204976383767980720062277681298298984461458801648823403644/549141540824366662317211464327669663083116125185395685450414406795920712280488546433599550529123734495733692561760636194183857
12 9 4 215458056624041858113137568226491611317211027464979953685320135161113456261352630903618455050881369343142959362831958565819116/549141540824366662317211464327669663083116125185395685450414406795920712280488546433599550529123734495733692561760636194183857
12 9 22 197243787397189161713498683066323648259022726696595803236531375972601379632001002017995108645141019711988388500986536632468935/366094360549577774878140976218446442055410750123597123633609604530613808186992364289066367019415822997155795041173757462789238
12 10 0 544363301245091049381769365840275189203892565876647138789985023345998410810052556237963125947613082677566606139933252221365537/1098283081648733324634422928655339326166232250370791370900828813591841424560977092867199101058247468991467385123521272388367714
12 10 3 7276380424955723711202012597695412165472720084458252910584811969577681744713090782469582767220572951138913323003603683790466/549141540824366662317211464327669663083116125185395685450414406795920712280488546433599550529123734495733692561760636194183857
12 10 6 10440179709464383398884869750033900269275933939813349317265842511644601660944942294651410661322686643769046066002406779644499/122031453516525924959380325406148814018470250041199041211203201510204602728997454763022122339805274332385265013724585820929746
12 10 15 222702701084275688620142854934684105103955419433453791217140791850943117656496937206217056812144530308850768871779575891310377/549141540824366662317211464327669663083116125185395685450414406795920712280488546433599550529123734495733692561760636194183857
12 11 5 228421660167473928491101626975711333302689153108720380507353426934392919236856258878868019416648253258614082132097806712175499/1098283081648733324634422928655339326166232250370791370900828813591841424560977092867199101058247468991467385123521272388367714
12 11 15 121466455308012368175367493513878023798327535101207710283199175205356239341576211115860790101983342749724105298121664899043437/1098283081648733324634422928655339326166232250370791370900828813591841424560977092867199101058247468991467385123521272388367714
12 11 20 80100425140369758648729329220378201782955114306129290425294082005136353842993213352509714854416421952523577439296612960553215/366094360549577774878140976218446442055410750123597123633609604530613808186992364289066367019415822997155795041173757462789238
12 11 21 169364563584045917340588606834871787905450073080825136278131321812227734817854994271647048992122202375186155125137320631829711/366094360549577774878140976218446442055410750123597123633609604530613808186992364289066367019415822997155795041173757462789238
12 12 1 135073404892301085575052249440968610348398267424143803563323032233047028446988352844903265563931859284446822353660828820078807/549141540824366662317211464327669663083116125185395685450414406795920712280488546433599550529123734495733692561760636194183857
12 12 2 5511016008955863660272750416422546582210931698140187083727924064459087562681935367685158224154461324658852543390404337501399/99843916513521211330402084423212666015112022760981033718257164871985584050997917533381736459840678999224307738501933853487974
12 12 15 12429752357501869862421422907862355385414903060836058496056684505280832120716460262845211104575327884269761230639396607871307/549141540824366662317211464327669663083116125185395685450414406795920712280488546433599550529123734495733692561760636194183857
12 12 17 28514981811120350800502657843633584200954786945521967451220394848757325911730926843129972141454412730557226036634066572119839/122031453516525924959380325406148814018470250041199041211203201510204602728997454763022122339805274332385265013724585820929746
12 12 18 10469932330165589331521974569874195632578516680073927468159181276386561957778616467054452834128368984598703634995159288855281/33281305504507070443467361474404222005037340920327011239419054957328528016999305844460578819946892999741435912833977951162658
12 12 20 140512987855065308351726247978478668610601527769152275350825679646563262423793492606198714456208129016014585693079518138649273/1098283081648733324634422928655339326166232250370791370900828813591841424560977092867199101058247468991467385123521272388367714
13 0 0 14854914076606515179683926479965318941522043116034247109211370445706247372918325633475419373726153358136035170881715314815702/20338575586087654159896720901024802336411708340199840201867200251700767121499575793837020389967545722064210835620764303488291
13 0 5 11375731334401335597296225839486944428116856851338030210042508819836537385345599489996240765453133850517222449254425320841971/61015726758262962479690162703074407009235125020599520605601600755102301364498727381511061169902637166192632506862292910464873
13 0 9 5075253194042081343342157423691505756552138821158749067924980598147021860398150991088562283271043241267304544962721645175796/61015726758262962479690162703074407009235125020599520605601600755102301364498727381511061169902637166192632506862292910464873
13 1 4 80638248554576250640071920608028235224790517153623604048715628966380860761488885957218102972389751205029118225217865905394432/549141540824366662317211464327669663083116125185395685450414406795920712280488546433599550529123734495733692561760636194183857
13 1 5 133604121164544515687118358213605664665840937102101408195294372571008359705579957120557008074777984224056970341905785472445595/1098283081648733324634422928655339326166232250370791370900828813591841424560977092867199101058247468991467385123521272388367714
13 1 10 23761531419059141366856845620729389157644643631483975114728179067069418685883361866868203640300039984258516180268150885687710/183047180274788887439070488109223221027705375061798561816804802265306904093496182144533183509707911498577897520586878731394619
13 1 16 98754375366203376001673633876139179579771789098583318584238763456760169793340805294884475878507715539898476591615345586891636/549141540824366662317211464327669663083116125185395685450414406795920712280488546433599550529123734495733692561760636194183857
13 1 21 463324524128274707462672387749022496945398838975372266751256581772134491630437582041227713439874311372004128066340158617223723/1098283081648733324634422928655339326166232250370791370900828813591841424560977092867199101058247468991467385123521272388367714
13 2 3 28701799819523151551018621494814437294635905930068908423957221053509344085887583506756523378624775502425976355546872752608841/183047180274788887439070488109223221027705375061798561816804802265306904093496182144533183509707911498577897520586878731394619
13 2 4 123822591863627982557245739934180999685720855981667064571599856501201431682002408734047698934510320549065142240940007903720566/549141540824366662317211464327669663083116125185395685450414406795920712280488546433599550529123734495733692561760636194183857
13 2 22 14221278642329119388576074309877613207542591316501037883227154218239209833109151086275358846439484029749109559866227731526995/99843916513521211330402084423212666015112022760981033718257164871985584050997917533381736459840678999224307738501933853487974
13 2 28 521993033938718136939482902409436957744006598345532374498387077867751188517446112409535615606643850551541037349831515018476591/1098283081648733324634422928655339326166232250370791370900828813591841424560977092867199101058247468991467385123521272388367714
13 3 7 713784801657999506529418574819225807558816067077244526565526896068353956131515447806526029840550414907476588292127384516685329/1098283081648733324634422928655339326166232250370791370900828813591841424560977092867199101058247468991467385123521272388367714
13 3 22 18939311117635994439858268835330306146378089429525886552413536056367588076216194600166402921887527859689964640090877900002739/1098283081648733324634422928655339326166232250370791370900828813591841424560977092867199101058247468991467385123521272388367714
13 3 24 60926494812182970610857680833463868743506348977336826297148063577853313392207575076751111382634921037383472031883834995279941/183047180274788887439070488109223221027705375061798561816804802265306904093496182144533183509707911498577897520586878731394619
13 4 1 75580222470543644982970922099866745182222458178327564282360122755328812592959078968323646689701187345012566878104998369116261/366094360549577774878140976218446442055410750123597123633609604530613808186992364289066367019415822997155795041173757462789238
13 4 7 3560968370857376426442700517545502647138829294393760214677119130650582646435443363737314037791068694616813040789844535083556/183047180274788887439070488109223221027705375061798561816804802265306904093496182144533183509707911498577897520586878731394619
13 4 8 240935436817362497165418119778026926528529505878821660343921132464047334407664857946658814042728920154413094329771313464991822/549141540824366662317211464327669663083116125185395685450414406795920712280488546433599550529123734495733692561760636194183857
13 4 25 33482339125203012436001610881310201970879353482891163279803951419441529280741589080589695334267241316354783416811325740048541/99843916513521211330402084423212666015112022760981033718257164871985584050997917533381736459840678999224307738501933853487974
13 5 8 157425771212720156304393042981132709591101119587392759085494581715292631576822523368557747815558701739801005080274729351952854/549141540824366662317211464327669663083116125185395685450414406795920712280488546433599550529123734495733692561760636194183857
13 5 11 22850283298670068594193565405615311538566967442062625808322323853546661129213160951687588187169831440127045773366314893581194/549141540824366662317211464327669663083116125185395685450414406795920712280488546433599550529123734495733692561760636194183857
13 5 20 13614406045631391299071027746476798030992725052246099654205030858596555507942559863279778625594278649365637495318892973716931/122031453516525924959380325406148814018470250041199041211203201510204602728997454763022122339805274332385265013724585820929746
13 5 26 615201318215270353145610462163552101627961550841665704225349724726793839577422685457190421422441894787320545958369147133847239/1098283081648733324634422928655339326166232250370791370900828813591841424560977092867199101058247468991467385123521272388367714
13 6 0 5621002433438418633860860385556234876133481008954476561017436525317918208932169832023263365044969447428460253733543411710907/99843916513521211330402084423212666015112022760981033718257164871985584050997917533381736459840678999224307738501933853487974
13 6 12 376455909791517405799809309369381813628715698761831600524744846712148839439629506980797984794706328422578366347618147649088035/1098283081648733324634422928655339326166232250370791370900828813591841424560977092867199101058247468991467385123521272388367714
13 6 20 283393930406420548828008297645361892508046654007163599238964759121076416881558572343245206716124216205698223688148257547544527/1098283081648733324634422928655339326166232250370791370900828813591841424560977092867199101058247468991467385123521272388367714
13 6 24 376602214682972765034135857399477036392001606503296928965927405980119067941535145390900012531922260441477732296685889662915175/1098283081648733324634422928655339326166232250370791370900828813591841424560977092867199101058247468991467385123521272388367714
13 7 3 3821198366110034972420922807821831987487345249100104407354917687931995094513916676096645757178145224015638322472657349028148/549141540824366662317211464327669663083116125185395685450414406795920712280488546433599550529123734495733692561760636194183857
13 7 9 12298257632668953233812300313252209412504099455952538949377287110490886547742977504696530148645841011696606592693813224730335/366094360549577774878140976218446442055410750123597123633609604530613808186992364289066367019415822997155795041173757462789238
13 7 14 116538020324775968286755505348091464504550830639846028347514388916615977935300633420894516112095965374890900432955175349165339/1098283081648733324634422928655339326166232250370791370900828813591841424560977092867199101058247468991467385123521272388367714
13 7 16 64890230620943223009736735911840881010314960268323487509674656669933966402827493673619350855102031632270729890416215334227/129958949431869994631927929080030685855665867988497381481579554323966563076674605711418660638770260204883136329845139319414
13 7 25 129606850905379749682034507186960094677007567212428574648737401483425615574374848181421522969796806936378483321210635625800899/366094360549577774878140976218446442055410750123597123633609604530613808186992364289066367019415822997155795041173757462789238
13 8 3 17105102074791691000728358658720261640832602095591029254003931372573107526538083617962657626217247081531633761234392795558799/1098283081648733324634422928655339326166232250370791370900828813591841424560977092867199101058247468991467385123521272388367714
13 8 6 227757458481033908099769728742913873230628632342447261977314298247980966545571307529763662589636410874559226015831312936342531/549141540824366662317211464327669663083116125185395685450414406795920712280488546433599550529123734495733692561760636194183857
13 8 19 88839379958098846384745445801355130279161685164134724280237683730125062684289301223321493307126097461452989575869065784952020/183047180274788887439070488109223221027705375061798561816804802265306904093496182144533183509707911498577897520586878731394619
13 8 21 8420616623934612647789312518423685126288388418681588364615471212959637076141871531798196219090983217463578352309987182764703/99843916513521211330402084423212666015112022760981033718257164871985584050997917533381736459840678999224307738501933853487974
13 9 8 50936416280762797516998217145297360948373476958200232302741527744595162245003247585001252210995433602295285413212659523751207/549141540824366662317211464327669663083116125185395685450414406795920712280488546433599550529123734495733692561760636194183857
13 9 9 47467212620924863288528131858139289137026591462454336630869967012338310638122886438148876667623616597312763936263568821118521/99843916513521211330402084423212666015112022760981033718257164871985584050997917533381736459840678999224307738501933853487974
13 9 12 13422821731816167280991070294492775816744498109784794083909124069208916068007344975440005086133980753871404879785543367440029/366094360549577774878140976218446442055410750123597123633609604530613808186992364289066367019415822997155795041173757462789238
13 9 13 11690768909406804878537711012729363987997870349303232991182335004707082278892962582898291216079920389407407021350144755635657/1098283081648733324634422928655339326166232250370791370900828813591841424560977092867199101058247468991467385123521272388367714
13 9 20 36051883254039601193386258705529011803062475033754038796406226712168773090008870301831076377908057448357978997439976279383218/549141540824366662317211464327669663083116125185395685450414406795920712280488546433599550529123734495733692561760636194183857
13 9 23 41439818914223136234567933335456952871593477176810733702526796867856857932633547362995916940255453989906381652184353199839/129958949431869994631927929080030685855665867988497381481579554323966563076674605711418660638770260204883136329845139319414
13 10 0 34598861717116477298217265649668187656349585484480717395708678001235798023137805440507084941859165731959807627835800152523881/1098283081648733324634422928655339326166232250370791370900828813591841424560977092867199101058247468991467385123521272388367714
13 10 1 223951527070019989008235331169771252863113610104615536872411371860627939560034673631821562689820849652660356337400803191347661/366094360549577774878140976218446442055410750123597123633609604530613808186992364289066367019415822997155795041173757462789238
13 10 19 60926494812182970610857680833463868743506348977336826297148063577853313392207575076751111382634921037383472031883834995279941/183047180274788887439070488109223221027705375061798561816804802265306904093496182144533183509707911498577897520586878731394619
13 10 21 13135334924229528323176792247787083729751870354221542552498819270800963752244908035360329875558114038612838146090026345060602/549141540824366662317211464327669663083116125185395685450414406795920712280488546433599550529123734495733692561760636194183857
13 11 2 21187145825438658684677591216071081887622522049064464900079369830095478186164564758534142270050695819407753794985844489698163/40677151172175308319793441802049604672823416680399680403734400503401534242999151587674040779935091444128421671241528606976582
13 11 17 54770048771238059678645809520772694382366107078507117733335194266226960405147241811380073817396922611900498461329868698472155/549141540824366662317211464327669663083116125185395685450414406795920712280488546433599550529123734495733692561760636194183857
13 11 20 257123260557961492181654713149787725048542913298720514133967120579474489377068756272524546965007988128472547395968204857423323/1098283081648733324634422928655339326166232250370791370900828813591841424560977092867199101058247468991467385123521272388367714
13 11 21 26594464376908654768196938938347833564524837931719344833008053177889183891195100748582094194512808085864081390045921485358280/183047180274788887439070488109223221027705375061798561816804802265306904093496182144533183509707911498577897520586878731394619
13 12 2 12094159679068411758789770258333140117414818871262546339339685127233049830834741085926436549896197180333682117848133461464495/40677151172175308319793441802049604672823416680399680403734400503401534242999151587674040779935091444128421671241528606976582
13 12 3 701636950897540231721936826565663444752385476674624614851857390778377094228089839789740538726243920448900001107056460672123625/1098283081648733324634422928655339326166232250370791370900828813591841424560977092867199101058247468991467385123521272388367714
13 12 16 35051909708172987712581152557340549121823332086039002443399962189085992450174621878722387742403112336778983417282604128351362/549141540824366662317211464327669663083116125185395685450414406795920712280488546433599550529123734495733692561760636194183857
13 13 4 244836783892641217789491719362247762157492729289123983111841756456352835785999334208952012162382983742415124357100828531580885/549141540824366662317211464327669663083116125185395685450414406795920712280488546433599550529123734495733692561760636194183857
13 13 7 163444636738547136885543981884415170694359162005222215610724872995612804448853149811485714071269283917841303109650952954205101/1098283081648733324634422928655339326166232250370791370900828813591841424560977092867199101058247468991467385123521272388367714
13 13 9 124103289700376540959106787401589040886632450806558250226981667307014893154616928313557136624945013522338532380103859180866351/549141540824366662317211464327669663083116125185395685450414406795920712280488546433599550529123734495733692561760636194183857
13 13 15 196958297724150670251681933243250549383622728174204688612457093069493162230891418010695089412322190544118768539460944009268141/1098283081648733324634422928655339326166232250370791370900828813591841424560977092867199101058247468991467385123521272388367714
14 0 4 1657962773637609483408611744721329718451235979394309779745488254367652178704508188335197469649972085523820281350739572725805/33281305504507070443467361474404222005037340920327011239419054957328528016999305844460578819946892999741435912833977951162658
14 0 15 1766826547435334924905060505324914121285060999555187585833064664495497391946651387076720426819252684685259178854257144961714/20338575586087654159896720901024802336411708340199840201867200251700767121499575793837020389967545722064210835620764303488291
14 0 28 34480462147803093925043668460036058200679813024798471340013070827481367119252985793982400684938564966786193697798673411933103/122031453516525924959380325406148814018470250041199041211203201510204602728997454763022122339805274332385265013724585820929746
14 0 31 106306252871159380068612076275277593183638308641935462745687428644603289904222045934025512557851943415850262816771486658847611/183047180274788887439070488109223221027705375061798561816804802265306904093496182144533183509707911498577897520586878731394619
14 1 2 26988148205658387269954278086660571359404836409659517706418242911894216046139140730260289171890362376051390436255360946469859/61015726758262962479690162703074407009235125020599520605601600755102301364498727381511061169902637166192632506862292910464873
14 1 9 69513801303775096720696466811516564848886641552817019218146721807836526826355316797748347910152076960920495160103520782497224/183047180274788887439070488109223221027705375061798561816804802265306904093496182144533183509707911498577897520586878731394619
14 1 24 32568934354038628908511187037724942100604224280002989479403351721787729128723443156003968083884747409503231051717275109487818/183047180274788887439070488109223221027705375061798561816804802265306904093496182144533183509707911498577897520586878731394619
14 2 2 50346872537284318748277381791801589196019753676511604844015347153689700505537093944782330753167950067601173384319680139893317/1098283081648733324634422928655339326166232250370791370900828813591841424560977092867199101058247468991467385123521272388367714
14 2 20 327291005852489616121155290924650336438500260229586890963454799554289653828842229937490532670080146607802822807719394839238048/549141540824366662317211464327669663083116125185395685450414406795920712280488546433599550529123734495733692561760636194183857
14 2 21 65980197094079333397589280929295803829862210185029349084494585666282013875138293370470632153870247083747059937819717304357131/366094360549577774878140976218446442055410750123597123633609604530613808186992364289066367019415822997155795041173757462789238
14 2 27 32568934354038628908511187037724942100604224280002989479403351721787729128723443156003968083884747409503231051717275109487818/183047180274788887439070488109223221027705375061798561816804802265306904093496182144533183509707911498577897520586878731394619
14 3 1 296614299550985353327810197719747000736065656281998642835937903398986315171586153791033368374107022933042252667454638065695603/1098283081648733324634422928655339326166232250370791370900828813591841424560977092867199101058247468991467385123521272388367714
14 3 4 45218845911324587616197144885505766779103526059994242330102618821029634624774013434164465591172262879111048189421557323028997/122031453516525924959380325406148814018470250041199041211203201510204602728997454763022122339805274332385265013724585820929746
14 3 10 23281830900005089640527095398736027359061589659650202796186340785770189581312929305096688159825631506124915530652547416928959/99843916513521211330402084423212666015112022760981033718257164871985584050997917533381736459840678999224307738501933853487974
14 3 23 15399892110641188523893375286660458163173041476965812926213065795568479152442510645846885845056459286561291990454955203243621/122031453516525924959380325406148814018470250041199041211203201510204602728997454763022122339805274332385265013724585820929746
14 4 1 1970729239284745973549929157225643693086163273535826362575128330330086377190448012317321946448191180260377455311503703966399/49921958256760605665201042211606333007556011380490516859128582435992792025498958766690868229920339499612153869250966926743987
14 4 4 78257151405236484643103705850409033246587477435506337280337330713226031647820865315499689916092739628786356215521310285457812/549141540824366662317211464327669663083116125185395685450414406795920712280488546433599550529123734495733692561760636194183857
14 4 5 115315196460663018300411293926540428510485034246781760353467920449017521341191900072893433763469285301989165485491574948059095/549141540824366662317211464327669663083116125185395685450414406795920712280488546433599550529123734495733692561760636194183857
14 4 27 112744302407651338807449975987299736945345915472143688903006955991697066697198700351714821759602256501296646534383206617570261/1098283081648733324634422928655339326166232250370791370900828813591841424560977092867199101058247468991467385123521272388367714
14 4 28 185012680081672856173948170551725501486281906505427768917852844002798450529187668489238983039220318887630463723419737938834287/366094360549577774878140976218446442055410750123597123633609604530613808186992364289066367019415822997155795041173757462789238
14 5 0 128844348645804961562634318798760725156680733019802120597555319452389818509974113803775393284503377115489569640944372564786949/1098283081648733324634422928655339326166232250370791370900828813591841424560977092867199101058247468991467385123521272388367714
14 5 3 199694479496455093662302249325205815467093976341523861236541010707650668330363768510090730498592679340495560320695189896790591/1098283081648733324634422928655339326166232250370791370900828813591841424560977092867199101058247468991467385123521272388367714
14 5 24 128290708917745544901581060088562130923742923501577564844455413905300156286773201758888829545858568755913709193646951654465029/183047180274788887439070488109223221027705375061798561816804802265306904093496182144533183509707911498577897520586878731394619
14 6 0 135628226797556855832915396021835374546270199435718957231137411286675894547911624080500343341868863975202760190007564127549731/549141540824366662317211464327669663083116125185395685450414406795920712280488546433599550529123734495733692561760636194183857
14 6 2 47521904472181217349524537078337470267163141483445470648393262043287634095388581144602873853212177356632061199047540379858554/549141540824366662317211464327669663083116125185395685450414406795920712280488546433599550529123734495733692561760636194183857
14 6 6 23376938858648063863203831907717289414801225630269402402086305320531883612104399606617529020504401020362604579074491034669181/40677151172175308319793441802049604672823416680399680403734400503401534242999151587674040779935091444128421671241528606976582
14 6 25 1244511974392092024235056801810207683206573784138131485005397818241401354908122136275547939684772330592684181609874141203497/13559050390725102773264480600683201557607805560133226801244800167800511414333050529224680259978363814709473890413842868992194
14 7 0 791093924929897583695004082682903424489037654694011504651712555013778262091751881685306309966804879564237098756053590323371/3508891634660489855062054085160828518102978435689429300002647966747097203070214354208303837246797025531844680905818761624178
14 7 8 234496273562350575383777290224163576410488467387483644949013777836833682441407531218387568117257986422822382652775947772075092/549141540824366662317211464327669663083116125185395685450414406795920712280488546433599550529123734495733692561760636194183857
14 7 19 381678136020974230170332070327263401480186529676598480046815228198861463643443691462923089804121568842216407907324603073002407/1098283081648733324634422928655339326166232250370791370900828813591841424560977092867199101058247468991467385123521272388367714
14 8 3 279676712432398978339074227872626338209701854974088145991083210640780755332111567834580850185840694883081053298893673650469029/1098283081648733324634422928655339326166232250370791370900828813591841424560977092867199101058247468991467385123521272388367714
14 8 11 14179629677487941518888507120169722259202296189099092634694218601699064954250926552583010331367131045619074852256257627979980/183047180274788887439070488109223221027705375061798561816804802265306904093496182144533183509707911498577897520586878731394619
14 8 15 150480509444518588567404840029814256447296903994261064640331560949651715806452820137320257999676211772659186743382746575909024/549141540824366662317211464327669663083116125185395685450414406795920712280488546433599550529123734495733692561760636194183857
14 8 18 144189190754123173349069326000688713835574270091195513273639056480520949296818108480826557628283854763117836408108186606066919/366094360549577774878140976218446442055410750123597123633609604530613808186992364289066367019415822997155795041173757462789238
14 9 0 14429302676669473906161458819797372365081498585409894996697110091703323129657462207139992308664039301045469979117322090573434/49921958256760605665201042211606333007556011380490516859128582435992792025498958766690868229920339499612153869250966926743987
14 9 13 185414835232815961387303696211652277441325816667475218685785245634041042127091910306239607591266855022845718781332424108003313/1098283081648733324634422928655339326166232250370791370900828813591841424560977092867199101058247468991467385123521272388367714
14 9 14 163828610231829584408967791165131195146672537426590416536544061352130763441338376645341200355994299308445230128933059344817526/549141540824366662317211464327669663083116125185395685450414406795920712280488546433599550529123734495733692561760636194183857
14 9 16 13208718098443701819908638402252009404331407338947351116543423697203022091057780062541816884688523486835725872527908145437427/99843916513521211330402084423212666015112022760981033718257164871985584050997917533381736459840678999224307738501933853487974
14 9 18 6803914887924947137479807425172797941784606069038709274035631253712916872061593334735404235156077354085437885885258555461228/61015726758262962479690162703074407009235125020599520605601600755102301364498727381511061169902637166192632506862292910464873
14 10 2 4123216178360584179679629891967353382054935736693943964034843828495882160076062717415845706479519375835942195520667933921595/13559050390725102773264480600683201557607805560133226801244800167800511414333050529224680259978363814709473890413842868992194
14 10 11 237621178220234283088604503733654139276705352508983149406723161245822602363579621515570880378691833540827930992169997184065250/549141540824366662317211464327669663083116125185395685450414406795920712280488546433599550529123734495733692561760636194183857
14 10 17 289060214761057439903163899938675423666371750680615611000560140992029764867656769725373838076022732467100205302007175372588019/1098283081648733324634422928655339326166232250370791370900828813591841424560977092867199101058247468991467385123521272388367714
14 11 8 4990302361634821605048907458521829203390081970565395439013649096464660865931349513587310167415712315058275668533397090238175/122031453516525924959380325406148814018470250041199041211203201510204602728997454763022122339805274332385265013724585820929746
14 11 10 291974911907998476490576632502526748103085551116428979876222514272036066140405746346803128559465488659604599674386214302515189/1098283081648733324634422928655339326166232250370791370900828813591841424560977092867199101058247468991467385123521272388367714
14 11 11 125161012692909849230939204696769487827756549562834325330457749019906962708203499308136112847032748754050277075414146797237673/1098283081648733324634422928655339326166232250370791370900828813591841424560977092867199101058247468991467385123521272388367714
14 11 16 122734634177557721112117975476143630989308482807004661115262011940620801229337530225503520603358515596773760689778336969164895/549141540824366662317211464327669663083116125185395685450414406795920712280488546433599550529123734495733692561760636194183857
14 11 19 390765167437996162243230973377059365426262446342430184512501684550474845460310641138967026938290789548740505977363663538141487/1098283081648733324634422928655339326166232250370791370900828813591841424560977092867199101058247468991467385123521272388367714
14 12 5 187442358266436544426332711548972231573512164386109834887336203381613517000810699756271147381719247769101812281134918878517055/366094360549577774878140976218446442055410750123597123633609604530613808186992364289066367019415822997155795041173757462789238
14 12 13 261821442248916547713725868579986929877539791882927938249658799742507092485722868413526804214555547701140925926837457444747610/549141540824366662317211464327669663083116125185395685450414406795920712280488546433599550529123734495733692561760636194183857
14 12 14 12313122351590595927973056848448771690616173446605989739502603961986688587099256771332050483978630281880096426441600863321329/1098283081648733324634422928655339326166232250370791370900828813591841424560977092867199101058247468991467385123521272388367714
14 13 1 208395838938485092704881614526337092054040546129898834376853955698759699007734619809114111527497556031243694929292547010253567/366094360549577774878140976218446442055410750123597123633609604530613808186992364289066367019415822997155795041173757462789238
14 13 6 62724056852093606888219229205684874853909395800771546624547527534814665870337831949682815541103341492305797457158974392549733/1098283081648733324634422928655339326166232250370791370900828813591841424560977092867199101058247468991467385123521272388367714
14 13 7 155287923962862905309121450454210882634541183115154772008121497326974002417647704807187860219149801888447997928373285452620493/549141540824366662317211464327669663083116125185395685450414406795920712280488546433599550529123734495733692561760636194183857
14 13 15 1512055455385736803232059923670021361835134090151723895901157944042419042911211998118155007520482661038401621541486152421459/16640652752253535221733680737202111002518670460163505619709527478664264008499652922230289409973446499870717956416988975581329
14 14 16 574392692192708880617322509380663072719820440347053141430650909212052467032669228350389758840169107443761135494821697045575595/1098283081648733324634422928655339326166232250370791370900828813591841424560977092867199101058247468991467385123521272388367714
14 14 17 5171389548651725894472338553278650898144301947751736830935629210257136210131409113416795707149064600822545423944246753435359/49921958256760605665201042211606333007556011380490516859128582435992792025498958766690868229920339499612153869250966926743987
14 14 18 136706606461895491446236323700848644562412389057733339729864687251377320301805621340546612220266313443203416767308715589071407/366094360549577774878140976218446442055410750123597123633609604530613808186992364289066367019415822997155795041173757462789238
15 0 15 61383761875176990041610842791076922777888081742502598649551245999060837792663051663072549031934184624685037927078780953219473/366094360549577774878140976218446442055410750123597123633609604530613808186992364289066367019415822997155795041173757462789238
15 0 22 257990643661983736446190247423270114516782396531131856639354687725334038730095058246084375339305449088216299364124536062265010/549141540824366662317211464327669663083116125185395685450414406795920712280488546433599550529123734495733692561760636194183857
15 0 23 398150508699234881617209905435568328799003212081019861673465700143990833722797821385812703283834016940979672614035857404179275/1098283081648733324634422928655339326166232250370791370900828813591841424560977092867199101058247468991467385123521272388367714
15 1 1 63728239761846143694666578425430160431947710732978007322241138354456826021318808081306380680328742186219108809459795512345283/366094360549577774878140976218446442055410750123597123633609604530613808186992364289066367019415822997155795041173757462789238
15 1 5 673056687624154348013644618087400851034691344289773526376561166842979297032288277384333423024366584223775100643096985570084877/1098283081648733324634422928655339326166232250370791370900828813591841424560977092867199101058247468991467385123521272388367714
15 1 29 117020837369520272768389287645823996917848886941041911278772115842745824732366195619473267996447329104517479026022450140623494/549141540824366662317211464327669663083116125185395685450414406795920712280488546433599550529123734495733692561760636194183857
15 2 0 51088033803240878072845225138284672578412990881828885629169019394633814589831687960173003534050429582321047917799706128789565/549141540824366662317211464327669663083116125185395685450414406795920712280488546433599550529123734495733692561760636194183857
15 2 4 5549132624365880774529233629624694519386897505715700099230079513555576687563821493662707180206834735944854944427092929194762/549141540824366662317211464327669663083116125185395685450414406795920712280488546433599550529123734495733692561760636194183857
15 2 8 29670220128311425850776011999044174360135655350800348710765962787338677181773237916843582353417336715598520326117348917035217/183047180274788887439070488109223221027705375061798561816804802265306904093496182144533183509707911498577897520586878731394619
15 2 26 305643187491132603166678417171117697829094170571671351497272460097270418468217772779247269194474067487727420225967924940096911/1098283081648733324634422928655339326166232250370791370900828813591841424560977092867199101058247468991467385123521272388367714
15 2 30 167114746844172882889446507318045949326908123639742918560720792984720053482442957893072972104918284191205679072131885276696949/366094360549577774878140976218446442055410750123597123633609604530613808186992364289066367019415822997155795041173757462789238
15 3 1 371015132057941378578557790306766700935497161477983934552492635380026959026138670983230756667480508439595416540139435934479223/1098283081648733324634422928655339326166232250370791370900828813591841424560977092867199101058247468991467385123521272388367714
15 3 2 19467474435199709720063776777827250596916269844539903622584041456939757294776579174587388466619949288324378220714639703883987/1098283081648733324634422928655339326166232250370791370900828813591841424560977092867199101058247468991467385123521272388367714
15 3 10 25977619588302467824355485191851669098986621375921040913860815643845775647630379183017709676527365352016211844061650603045312/183047180274788887439070488109223221027705375061798561816804802265306904093496182144533183509707911498577897520586878731394619
15 3 26 440289626337885237463330776859332239945411357139374629516090822852665170042781316717988326977513840510711588262063352840909903/1098283081648733324634422928655339326166232250370791370900828813591841424560977092867199101058247468991467385123521272388367714
15 3 29 111645131287892191926337673560303120094487733653366657726496420039134884311498250893286370887468978640738731036233940290822729/1098283081648733324634422928655339326166232250370791370900828813591841424560977092867199101058247468991467385123521272388367714
15 4 18 243410951951892790235051631390665556568423902605248129211021149946589936636440508092034273434198996734067933220026438303401489/549141540824366662317211464327669663083116125185395685450414406795920712280488546433599550529123734495733692561760636194183857
15 4 24 186006462518520271733729954898174177023375661366258854061721719215638730244898121263101265827502101575918359634415183569973458/549141540824366662317211464327669663083116125185395685450414406795920712280488546433599550529123734495733692561760636194183857
15 4 27 39908042117984533449476626012943309830438853737962900725890512544564015133049972359488003755807545395249133235773004773602970/183047180274788887439070488109223221027705375061798561816804802265306904093496182144533183509707911498577897520586878731394619
15 5 2 129599626430768556135694931694553221617146006259894736526018523952244855455734236446589729951714561503572874884879716362827267/366094360549577774878140976218446442055410750123597123633609604530613808186992364289066367019415822997155795041173757462789238
15 5 6 34028589339520631613280228571692094271934523068849209838588031816559448050709214443078243648165526735668792227757564252558822/549141540824366662317211464327669663083116125185395685450414406795920712280488546433599550529123734495733692561760636194183857
15 5 10 153192507748176096394082749454720648852585777385260789209806854168444239055376282222790951400592843386155566908773878830139751/1098283081648733324634422928655339326166232250370791370900828813591841424560977092867199101058247468991467385123521272388367714
15 5 12 37122936633554727745276899633690819176844739036911942739715845098910271322263091625733973794495725133332703746123114400124896/549141540824366662317211464327669663083116125185395685450414406795920712280488546433599550529123734495733692561760636194183857
15 5 16 2878249602901862956389487224617272963599063472626196662676696404405638134144008425198450359600502779423335984228843469945553/13559050390725102773264480600683201557607805560133226801244800167800511414333050529224680259978363814709473890413842868992194
15 5 21 180850424827049941648592662512194075513125788711602137279546224978866491526788806725940045789547712223299986889810566098788933/1098283081648733324634422928655339326166232250370791370900828813591841424560977092867199101058247468991467385123521272388367714
15 6 3 176684929112897773382427380357800399730633857823451953128624102862875988629712595941007338994290746417752076692212219078283148/549141540824366662317211464327669663083116125185395685450414406795920712280488546433599550529123734495733692561760636194183857
15 6 19 720380107476500803057695980650021402141011456180377679467611541564800328127711325044101615066482802235802634140565962935240653/1098283081648733324634422928655339326166232250370791370900828813591841424560977092867199101058247468991467385123521272388367714
15 6 24 24533115946436974811872187289717124563953078543509785175969066301289119173840575941082808003183173920160597598530871296560765/1098283081648733324634422928655339326166232250370791370900828813591841424560977092867199101058247468991467385123521272388367714
15 7 0 37922626581693399479482810858847850501993975170572160503128868967382216955488025790357743526201580564474513060552340622316086/549141540824366662317211464327669663083116125185395685450414406795920712280488546433599550529123734495733692561760636194183857
15 7 5 37336319879044781090132224880173072589963124989049708997104064798190332369822650055058097012285395219082086652546893607051812/183047180274788887439070488109223221027705375061798561816804802265306904093496182144533183509707911498577897520586878731394619
15 7 13 487079546047859458444871732600095709607319437745589126957567524755550956031797984821958703580261055791843959929847875950622925/1098283081648733324634422928655339326166232250370791370900828813591841424560977092867199101058247468991467385123521272388367714
15 7 18 311340363163218380689792225056509480015146112349759668954379162112384040399267156134176328351870880756181879157287353550801745/1098283081648733324634422928655339326166232250370791370900828813591841424560977092867199101058247468991467385123521272388367714
15 8 0 142283191644975104773805355618710972665890606070889209359565821158858717572723175612869408216308277116398898556858203830638516/183047180274788887439070488109223221027705375061798561816804802265306904093496182144533183509707911498577897520586878731394619
15 8 7 223478328175490162123672503237245519787794697368504683638657644440457170161927192836947090492554057683267264281731872131762641/1098283081648733324634422928655339326166232250370791370900828813591841424560977092867199101058247468991467385123521272388367714
15 8 9 21105603603392533867918291705827970383093916576951431104776242198231948962710846353035561267843748609806729500640177272773977/1098283081648733324634422928655339326166232250370791370900828813591841424560977092867199101058247468991467385123521272388367714
15 9 2 330093330020193618390649448292184140255134165943321441996289636510871937621379392499656215987502963469642088158520728899061631/1098283081648733324634422928655339326166232250370791370900828813591841424560977092867199101058247468991467385123521272388367714
15 9 3 628519446114689640247254707994223939394163088414525978830853428941839543174325812641359112298831798640581067970314253437235083/1098283081648733324634422928655339326166232250370791370900828813591841424560977092867199101058247468991467385123521272388367714
15 9 4 6348650250629548454387216925860511205315227091497452276076624915414997443875994896644716944177850312783828590667558638730500/49921958256760605665201042211606333007556011380490516859128582435992792025498958766690868229920339499612153869250966926743987
15 10 6 279508339087791810958224663216496453538823383091234002169793314173975022018144131920462618737242375824982118310387016552450353/1098283081648733324634422928655339326166232250370791370900828813591841424560977092867199101058247468991467385123521272388367714
15 10 10 544640924591859725302616473106435172548838130784548221464423178921633412495180496356319239838092627200140553368005440535419473/1098283081648733324634422928655339326166232250370791370900828813591841424560977092867199101058247468991467385123521272388367714
15 10 21 15229656553837877131865655129578205559920596471944952625922906694235166113758470255023180137939581442574706302507156405583216/61015726758262962479690162703074407009235125020599520605601600755102301364498727381511061169902637166192632506862292910464873
15 11 4 470898349090521955104900424641333945182112848548864079624872467071100445931685851129322254429404228048506568326111222664481587/1098283081648733324634422928655339326166232250370791370900828813591841424560977092867199101058247468991467385123521272388367714
15 11 5 19196398217682739912164410260044057497461867410254277406703517764687219996829620714834758308942463027565419086460054928293777/183047180274788887439070488109223221027705375061798561816804802265306904093496182144533183509707911498577897520586878731394619
15 11 13 380372236537594041024744634112379512189011178066956710213942862486320241800364903878085859421258651151645230403041374863444/61015726758262962479690162703074407009235125020599520605601600755102301364498727381511061169902637166192632506862292910464873
15 11 18 25950911508079469176399190874298921000462627885542380116174360185735606094981145428892563133120534307518529744501454036493075/122031453516525924959380325406148814018470250041199041211203201510204602728997454763022122339805274332385265013724585820929746
15 11 19 135900719710861507365248960585513957887891172592657492503157513368121719720538320159514841553760499144585960215440944539071899/549141540824366662317211464327669663083116125185395685450414406795920712280488546433599550529123734495733692561760636194183857
15 12 1 110148256583881641949953196890079978772240819010194895375444563593686665658395879738974818299645078271780801458305506404469137/1098283081648733324634422928655339326166232250370791370900828813591841424560977092867199101058247468991467385123521272388367714
15 12 11 633569961940484302130278300270962553357154356449117486748525003533193534804180659792465240134519666051004840683817459081863123/1098283081648733324634422928655339326166232250370791370900828813591841424560977092867199101058247468991467385123521272388367714
15 12 16 118021452703848679037783292913021610093437358408649429600424935049545496522988155290942714189625137450806791267685008135332857/366094360549577774878140976218446442055410750123597123633609604530613808186992364289066367019415822997155795041173757462789238
15 12 19 500505012821343440841552755231963756524999685530699975584441316324734529436087462930900055207312316261369178343282496036883/1098283081648733324634422928655339326166232250370791370900828813591841424560977092867199101058247468991467385123521272388367714
15 13 1 10890071597344173701059923734345264277350801692212863531131214837578795932681439582186461406370965749150029359728151139698733/33281305504507070443467361474404222005037340920327011239419054957328528016999305844460578819946892999741435912833977951162658
15 13 3 49831166299233996735378736996706143300726764468707463333889069009592848093227476654904153130940391515899291943114624892241019/1098283081648733324634422928655339326166232250370791370900828813591841424560977092867199101058247468991467385123521272388367714
15 13 9 14458639705983065192502224039329769992872485128688688360619514166668208896953674251020322935672395673708024064775683877354700/549141540824366662317211464327669663083116125185395685450414406795920712280488546433599550529123734495733692561760636194183857
15 13 14 330081136612587732689531130173289960863592029900841017159185313304405946447677380749050537822860208203100538089913146065679553/549141540824366662317211464327669663083116125185395685450414406795920712280488546433599550529123734495733692561760636194183857
15 14 7 15618091364024388829898422075814999841497131910945642463591806792964918094857842155493008000829671803138618101835346091871172/49921958256760605665201042211606333007556011380490516859128582435992792025498958766690868229920339499612153869250966926743987
15 14 12 34979077327883800489628783054628956289508750702496410043027065249460762829730194985034100485606020923415172640003824202082217/366094360549577774878140976218446442055410750123597123633609604530613808186992364289066367019415822997155795041173757462789238
15 14 13 66054972353318258835783094641145550723170193150338954874138500900494192416661942761624422618893997107144318851694497856532736/549141540824366662317211464327669663083116125185395685450414406795920712280488546433599550529123734495733692561760636194183857
15 14 17 517637894949908851236205104541231359338428709921820096824450866597242553151590094968001778345388632337883631259743190047889807/1098283081648733324634422928655339326166232250370791370900828813591841424560977092867199101058247468991467385123521272388367714
15 15 4 2168801040481890139914041729458311137935487082161887998471094114434214801597468241789763621619031675041588308225676776478948/61015726758262962479690162703074407009235125020599520605601600755102301364498727381511061169902637166192632506862292910464873
15 15 9 19040234224198938567566991066861896131092453516633473767840219012723152257907124073975365402744959096947199463128404039454325/33281305504507070443467361474404222005037340920327011239419054957328528016999305844460578819946892999741435912833977951162658
15 15 14 12185834702185986233448462126557239276397052885430817576289987428272209853136213468023641362391396863832468246998036744625103/1098283081648733324634422928655339326166232250370791370900828813591841424560977092867199101058247468991467385123521272388367714
15 15 17 209365549409654171576405505096044957040472731978770967506665952341944661884075678302886328108064925888814372522611860182564411/549141540824366662317211464327669663083116125185395685450414406795920712280488546433599550529123734495733692561760636194183857
16 0 3 9/11
16 0 9 2/11
16 1 16 2553610391021789758630313472994598448356041537895228859082071287958439136810126810710158085882499147799147069633403465886981/183047180274788887439070488109223221027705375061798561816804802265306904093496182144533183509707911498577897520586878731394619
16 1 22 148765393571063178099803782362937007671369602229445092231852788659411206509266001389824379587100360867183787341309429667211211/549141540824366662317211464327669663083116125185395685450414406795920712280488546433599550529123734495733692561760636194183857
16 1 26 39757336737719710401492322317016327366562727243719036144652316534265110006081285398391564024947248972452676318409282235698935/1098283081648733324634422928655339326166232250370791370900828813591841424560977092867199101058247468991467385123521272388367714
16 1 27 82852588380306279942393462308275710307421563271201197459775388001222585190611449313877536593756055933094694633854745558102719/122031453516525924959380325406148814018470250041199041211203201510204602728997454763022122339805274332385265013724585820929746
16 2 2 82517733232454188477055005276557235780282052471530029936298630552738080945597419157220899175293219590359792205664876233074039/366094360549577774878140976218446442055410750123597123633609604530613808186992364289066367019415822997155795041173757462789238
16 2 5 79215722443961844806545147472294220649660988206430125570467431050526702019673503302982855777461427448821896417618431440124955/366094360549577774878140976218446442055410750123597123633609604530613808186992364289066367019415822997155795041173757462789238
16 2 8 438891210342894856606372302200753388438385043546176512602164680391531281210789421504556155409868731895273514232882116942084415/1098283081648733324634422928655339326166232250370791370900828813591841424560977092867199101058247468991467385123521272388367714
16 2 23 15835591297871851652477288018911960767092553162794035616215086217319617677670445816548334617283163270786255001889930220607847/99843916513521211330402084423212666015112022760981033718257164871985584050997917533381736459840678999224307738501933853487974
16 3 2 297024502263909161873056060027446398612935686426652453948092114437214398819272816937129756473093428752272231983909122744318084/549141540824366662317211464327669663083116125185395685450414406795920712280488546433599550529123734495733692561760636194183857
16 3 9 90895718831261202129296702918429493207708967919398679789062705955466781156985181624476638696397316820032804233913923587069712/549141540824366662317211464327669663083116125185395685450414406795920712280488546433599550529123734495733692561760636194183857
16 3 19 5670660181064049807412503299509584966432725807442816772814069660019187990423389862035558116502813182974552833900714860833205/122031453516525924959380325406148814018470250041199041211203201510204602728997454763022122339805274332385265013724585820929746
16 3 24 52451162738915264795689081814759699506297236779096754580161188131805529685922863669042421643827519432143136418905971620896086/549141540824366662317211464327669663083116125185395685450414406795920712280488546433599550529123734495733692561760636194183857
16 3 29 166504372350985618771626709438481878814453935853510243310870169602695313322804859647581444383085620335800064344956802736301105/1098283081648733324634422928655339326166232250370791370900828813591841424560977092867199101058247468991467385123521272388367714
16 4 6 465002413264259585281287704525227406832710530095963029059651146241536717295881699948981988307145187178549934408075148912354759/1098283081648733324634422928655339326166232250370791370900828813591841424560977092867199101058247468991467385123521272388367714
16 4 21 633280668384473739353135224130111919333521720274828341841177667350304707265095392918217112751102281812917450715446123476012955/1098283081648733324634422928655339326166232250370791370900828813591841424560977092867199101058247468991467385123521272388367714
16 5 1 64726775210452065204371414357048516074081975329809768720138593772893069831227286319313913897397872451797997116813261810562663/122031453516525924959380325406148814018470250041199041211203201510204602728997454763022122339805274332385265013724585820929746
16 5 4 82950641469876340753986446497010867947439777611314805203137862054235655354966009652313271032294323971872291919326135277749627/549141540824366662317211464327669663083116125185395685450414406795920712280488546433599550529123734495733692561760636194183857
16 5 17 85555826265169402646370358954346490883502767978958171515965584868669534261616912084875576720450017490884832472316487134980406/549141540824366662317211464327669663083116125185395685450414406795920712280488546433599550529123734495733692561760636194183857
16 5 26 59576389761524416998122196179729321279203127073985832993791525263331138948921890839665393492059311333257054096305557089281227/366094360549577774878140976218446442055410750123597123633609604530613808186992364289066367019415822997155795041173757462789238
16 6 1 115020640270955987056665098635839361333708333601055087661417160557801367706535236781764258021801727360618480100042839547634650/549141540824366662317211464327669663083116125185395685450414406795920712280488546433599550529123734495733692561760636194183857
16 6 2 256680877423552435457145792770774821599514720102896373195748693059198384085639201521276890586180952715843544538708398200509429/1098283081648733324634422928655339326166232250370791370900828813591841424560977092867199101058247468991467385123521272388367714
16 6 3 2/11
16 6 25 21960373819462388706606222471274529122403505376480071339617060970624099460709194499041608807410442395407794890884537812985379/1098283081648733324634422928655339326166232250370791370900828813591841424560977092867199101058247468991467385123521272388367714
16 6 26 194956358418382051848268273647592960373336656083671341803057204351222518749781194108294306350685630580265235008419394786313829/549141540824366662317211464327669663083116125185395685450414406795920712280488546433599550529123734495733692561760636194183857
16 7 17 101399870476509510848732576358565035325140903438836536455356883504450594058734891022329392867082740688792384770694123846028379/183047180274788887439070488109223221027705375061798561816804802265306904093496182144533183509707911498577897520586878731394619
16 7 19 81647309798279376590337911750658185702564471622962025361447918760856310034761291122203790642625170809785512749892754885366240/183047180274788887439070488109223221027705375061798561816804802265306904093496182144533183509707911498577897520586878731394619
16 8 1 6200917190267068947773642205510552555407425053822277150761760605895822624538015185514616951654487526994868950869635058159411/549141540824366662317211464327669663083116125185395685450414406795920712280488546433599550529123734495733692561760636194183857
16 8 4 579257657529123722426985210705189548469250454203653372182420941687785985657352041164905420675488798198229790766850460124326451/1098283081648733324634422928655339326166232250370791370900828813591841424560977092867199101058247468991467385123521272388367714
16 8 11 506623589739075464311890433539128672586166946059493444416884350692263793654549021331264446479449695739247856454931542147722441/1098283081648733324634422928655339326166232250370791370900828813591841424560977092867199101058247468991467385123521272388367714
16 9 5 70951360416848696817910158430748261134569188277059435617670243081697612385475707597975698297685618596027450750689578018613017/1098283081648733324634422928655339326166232250370791370900828813591841424560977092867199101058247468991467385123521272388367714
16 9 9 183002907126869391934872481729950448202458874103156343441025029902564506445504529516421661105096742175519198128660791885226021/1098283081648733324634422928655339326166232250370791370900828813591841424560977092867199101058247468991467385123521272388367714
16 9 16 24440957742564257127039210349629209933844449084431687812878921534581529398254327406173518064510904436772121317854670788425733/99843916513521211330402084423212666015112022760981033718257164871985584050997917533381736459840678999224307738501933853487974
16 9 18 103975062005213282580005640967161103510140490064034024228937814391480994233773518152912432200920338878438092131303668443976068/549141540824366662317211464327669663083116125185395685450414406795920712280488546433599550529123734495733692561760636194183857
16 9 20 95817224230988080009870205036511076153186888484238985047819887744912501020399965330477534105790436205171186922964969566590856/549141540824366662317211464327669663083116125185395685450414406795920712280488546433599550529123734495733692561760636194183857
16 9 22 175893706464405682304457282641374948230260490965281007346949999454395491840852287318113110332423609248208843639232247790711765/1098283081648733324634422928655339326166232250370791370900828813591841424560977092867199101058247468991467385123521272388367714
16 10 11 24601177747516427503138616599624443267052168487937381801876196298433026476506884412301911905991967023718727084137376579856929/99843916513521211330402084423212666015112022760981033718257164871985584050997917533381736459840678999224307738501933853487974
16 10 13 78458472790841122756956111621799559317210336177754571059651136818727525574927950968812870056806032849533329931246637230671113/183047180274788887439070488109223221027705375061798561816804802265306904093496182144533183509707911498577897520586878731394619
16 10 20 356919289681005885558161476328673094325396379936952744722283833396712979869833658519000849751499634633361407610530306625914817/1098283081648733324634422928655339326166232250370791370900828813591841424560977092867199101058247468991467385123521272388367714
16 11 1 273298989832218625786202717759202853721262955092748722795223627308409415417785012058816126034754187150058712970376966881715625/1098283081648733324634422928655339326166232250370791370900828813591841424560977092867199101058247468991467385123521272388367714
16 11 7 630594633774935816101457288966777941549832618549390818866592199324658583088886109394722017682259731923764735670580298972723549/1098283081648733324634422928655339326166232250370791370900828813591841424560977092867199101058247468991467385123521272388367714
16 11 10 10799414335643271263709051218297696160840926484925101624389610386598523669683665078536719852290752773202440915698000362996030/61015726758262962479690162703074407009235125020599520605601600755102301364498727381511061169902637166192632506862292910464873
16 12 4 317760207594320105150857011669622002094533557944241307103626229350169240698904524114541572755510189249691120212359421470025/16640652752253535221733680737202111002518670460163505619709527478664264008499652922230289409973446499870717956416988975581329
16 12 5 97817774686090384825382603876407802928404362310568325337786024242067454238967620743007661240995355272214890576079077280371832/549141540824366662317211464327669663083116125185395685450414406795920712280488546433599550529123734495733692561760636194183857
16 12 12 10655832770811428693773599059014656260050150872598652724176472114118743528644946065754046159201641667185545486410999701364369/183047180274788887439070488109223221027705375061798561816804802265306904093496182144533183509707911498577897520586878731394619
16 12 16 39178865136219645016986863097873103711048686769997843751427813508982017538386005449144585746049218399290570379869840262827027/122031453516525924959380325406148814018470250041199041211203201510204602728997454763022122339805274332385265013724585820929746
16 12 20 465130575724482050728177795897382797211445224759762283848508279705044727179570427352798486104740270359829583700052835436972943/1098283081648733324634422928655339326166232250370791370900828813591841424560977092867199101058247468991467385123521272388367714
16 13 0 104588707483947764682114376487423661710495038884043990757153665446579378518568231175720313452901878649044567589340241500723506/183047180274788887439070488109223221027705375061798561816804802265306904093496182144533183509707911498577897520586878731394619
16 13 6 25369845745202576256896247458337637333391971153270211679965161697133539392024908022195943837260714873367738332063383590474494/549141540824366662317211464327669663083116125185395685450414406795920712280488546433599550529123734495733692561760636194183857
16 13 11 160523268343488578894003856260170888821245725471993363331653151808407169832426171500306811806443067995656765371539293931109527/549141540824366662317211464327669663083116125185395685450414406795920712280488546433599550529123734495733692561760636194183857
16 13 16 1499463766176733730908128216572428842333130663878792065676821119716420227282811314664722864445888353926529881519310126376646/16640652752253535221733680737202111002518670460163505619709527478664264008499652922230289409973446499870717956416988975581329
16 14 8 201355496941143016285452416841905558064166243360859242551457720070555879632274234920683027531098892190175163175965378622886935/549141540824366662317211464327669663083116125185395685450414406795920712280488546433599550529123734495733692561760636194183857
16 14 9 155809953484969863715828525990636386482212944054639368300850466970138063638502480292641440753095754181251025832633357243232297/1098283081648733324634422928655339326166232250370791370900828813591841424560977092867199101058247468991467385123521272388367714
16 14 15 13647407364420531510433087925513021188447680428538936616726681918561103085297368736468998692741072991906569216318613173685225/1098283081648733324634422928655339326166232250370791370900828813591841424560977092867199101058247468991467385123521272388367714
16 14 16 170782157819764699676217470513308568536071520822185317719154201182230451813525718066648364631798627928466724338100360198519618/549141540824366662317211464327669663083116125185395685450414406795920712280488546433599550529123734495733692561760636194183857
16 14 17 53907497270512973023369832002236467950718159965673892653345933307956624193268960106597659708782642222859373992382489843085539/549141540824366662317211464327669663083116125185395685450414406795920712280488546433599550529123734495733692561760636194183857
16 14 18 3487973488022797792640085273831305881529989890462552733424361617348015752683609893192298084956832597059421230076038392839364/49921958256760605665201042211606333007556011380490516859128582435992792025498958766690868229920339499612153869250966926743987
16 15 0 78458472790841122756956111621799559317210336177754571059651136818727525574927950968812870056806032849533329931246637230671113/183047180274788887439070488109223221027705375061798561816804802265306904093496182144533183509707911498577897520586878731394619
16 15 14 104588707483947764682114376487423661710495038884043990757153665446579378518568231175720313452901878649044567589340241500723506/183047180274788887439070488109223221027705375061798561816804802265306904093496182144533183509707911498577897520586878731394619
16 16 4 14099794630211538054723874392710213720502811450933062039066154166709785911795512722407449498404448597989003327834698532049707/183047180274788887439070488109223221027705375061798561816804802265306904093496182144533183509707911498577897520586878731394619
16 16 14 399799476328198039723826511300049094768692828789467990740236577830667541064091998214901522043150578501172528836790245365413661/1098283081648733324634422928655339326166232250370791370900828813591841424560977092867199101058247468991467385123521272388367714
16 16 15 613884837539266056582253170999028949074522552875725007926195310760915168026112018317852882024670198902360836319722835830655811/1098283081648733324634422928655339326166232250370791370900828813591841424560977092867199101058247468991467385123521272388367714
17 0 12 17/33
17 0 30 16/33
17 1 4 252922227012122955651174287913057075330573964011401960603004038786382094841109630032559827602664240955198472543279871676391274/549141540824366662317211464327669663083116125185395685450414406795920712280488546433599550529123734495733692561760636194183857
17 1 9 267843375832227769266290893605494806487333249141240080347335435395988505602361982716163229537245611605304879125157471536356675/1098283081648733324634422928655339326166232250370791370900828813591841424560977092867199101058247468991467385123521272388367714
17 1 10 4388196435516718236590615184301935145431325608300977516408114100529857356704280613455696339852076800730152573490346546184633/1098283081648733324634422928655339326166232250370791370900828813591841424560977092867199101058247468991467385123521272388367714
17 1 14 48211204108655802835474994746288947489810819389987568680686504792441810160848605630049904027916673861959999612443371505362829/366094360549577774878140976218446442055410750123597123633609604530613808186992364289066367019415822997155795041173757462789238
17 1 18 6035236539160546267937950498530840361160027802672467183738456226635002640586896959095276174011200964706864883552689193722167/122031453516525924959380325406148814018470250041199041211203201510204602728997454763022122339805274332385265013724585820929746
17 1 25 60628157089165300455663152656892014076223519602215740567685783052759208835931839975226661162985234203396812774504696846727934/549141540824366662317211464327669663083116125185395685450414406795920712280488546433599550529123734495733692561760636194183857
17 2 1 221152411463801519578104197669413350137688604604624522159062599154619225726747023135188098942493446213985503373206987775801539/549141540824366662317211464327669663083116125185395685450414406795920712280488546433599550529123734495733692561760636194183857
17 2 23 379432504638154328251599718120542870742209463423455807432112326597563872151279180976198288648713825895160302595094815519259935/1098283081648733324634422928655339326166232250370791370900828813591841424560977092867199101058247468991467385123521272388367714
17 2 25 15369884569443053489956402585834398324463877172368778054004788645853129801362109601075621506193112242189014584619284795323414/549141540824366662317211464327669663083116125185395685450414406795920712280488546433599550529123734495733692561760636194183857
17 2 28 81935328314696616748900670008100319499905941131116321014193903797777613784493215472824457170720175394652682204257970575619291/366094360549577774878140976218446442055410750123597123633609604530613808186992364289066367019415822997155795041173757462789238
17 3 0 138684201890537353143977304317990477679000313091167400687737173408260951425138930531836316601464799147590983172825118973361006/549141540824366662317211464327669663083116125185395685450414406795920712280488546433599550529123734495733692561760636194183857
17 3 4 11311642056031785933064307013827571833409901949108808498300107996131836984573835693206027751946418780094091453185766409873145/1098283081648733324634422928655339326166232250370791370900828813591841424560977092867199101058247468991467385123521272388367714
17 3 10 159846306626281178612621012615456610478638151679144990106169912701013281118553348539517333532787684759272489651839426435098079/1098283081648733324634422928655339326166232250370791370900828813591841424560977092867199101058247468991467385123521272388367714
17 3 22 283904161753265432860355776110738514800711977819980513482476525105249692876825298020636654446004085662776383992446915921786085/1098283081648733324634422928655339326166232250370791370900828813591841424560977092867199101058247468991467385123521272388367714
17 3 29 121950855810693406980142408093111891231823864246740752479469306990974903576915583183388817374859893831380817893466308558296131/366094360549577774878140976218446442055410750123597123633609604530613808186992364289066367019415822997155795041173757462789238
17 4 3 74195410991511620012865774604890019090488182803310257947677896396789687715200632870345237935037460711299547309520835798727990/183047180274788887439070488109223221027705375061798561816804802265306904093496182144533183509707911498577897520586878731394619
17 4 23 629930212643066412099469433070151000078959600188911546131477397071086296953368718029625631885602232159175653672102604018249633/1098283081648733324634422928655339326166232250370791370900828813591841424560977092867199101058247468991467385123521272388367714
17 4 28 23180403056597192457758847955848211544343553362018277083284038140017001316404577615502041562420472564494447594293653577750141/1098283081648733324634422928655339326166232250370791370900828813591841424560977092867199101058247468991467385123521272388367714
17 5 4 39211929294254895688084374428574551984616471102707237883214570313566709022329145405965224669359607241755531063507298047486207/122031453516525924959380325406148814018470250041199041211203201510204602728997454763022122339805274332385265013724585820929746
17 5 10 8993801098704375985076156831586238596588826596768403680481008353688732230616372450004783688454052375407429554863482776405261/183047180274788887439070488109223221027705375061798561816804802265306904093496182144533183509707911498577897520586878731394619
17 5 14 230470970469404335843735539269550308908383683621938602623003876882536216658772183171161125634428896521074342740924897767520095/366094360549577774878140976218446442055410750123597123633609604530613808186992364289066367019415822997155795041173757462789238
17 6 5 251197643466264910760862223203394113615883949565248168851526769299748316285053678956584649470241532900562323269939592315682991/1098283081648733324634422928655339326166232250370791370900828813591841424560977092867199101058247468991467385123521272388367714
17 6 7 691602462805941688703272205038491313195210432206465162233224844454244796785595608360318113424180739154290761171589871319501261/1098283081648733324634422928655339326166232250370791370900828813591841424560977092867199101058247468991467385123521272388367714
17 6 23 2879314358824568984634972229878775913984034603686630366964392589589783546117181584264747003033799943270635197814663125058953/20338575586087654159896720901024802336411708340199840201867200251700767121499575793837020389967545722064210835620764303488291
17 7 0 8379560923352135403913245961244385302378750618004937481037296337691860266801231640262344955894666394384060233644287884475342/549141540824366662317211464327669663083116125185395685450414406795920712280488546433599550529123734495733692561760636194183857
17 7 4 4693939300555460820059691055411319034030778884096473686732865087271314832219110501176088905491809242822368585678406676490406/49921958256760605665201042211606333007556011380490516859128582435992792025498958766690868229920339499612153869250966926743987
17 7 20 2321945549156159480593619299743264151995683516157370640064969976085777092055887359448534399867571785755022056807730364809968/6779525195362551386632240300341600778803902780066613400622400083900255707166525264612340129989181907354736945206921434496097
17 7 22 13495784883273394103768188132799694821237745536652794159953040743903790895756047062363719453237076201649472295972232858031842/61015726758262962479690162703074407009235125020599520605601600755102301364498727381511061169902637166192632506862292910464873
17 7 24 179588994163794993030644760282499118703608732203707368130475659740162326340945799603795466144412165969301540620477619596420063/549141540824366662317211464327669663083116125185395685450414406795920712280488546433599550529123734495733692561760636194183857
17 8 0 34171006880685405643388674796321808855894418155959677514579569099848154520947868615676199566690502854018134603620839200118436/183047180274788887439070488109223221027705375061798561816804802265306904093496182144533183509707911498577897520586878731394619
17 8 1 485874198104520740398518292624824116195843835081524218985237818734737808817908957966096637318333228023593019240485166321269533/1098283081648733324634422928655339326166232250370791370900828813591841424560977092867199101058247468991467385123521272388367714
17 8 14 66926212337023312965972320917570273385534858371788210672980321821251455003428107686268786229832791595588076328029561629820835/366094360549577774878140976218446442055410750123597123633609604530613808186992364289066367019415822997155795041173757462789238
17 8 16 103302102624515105738827812249936768339208665619072227404586307397130161803548300074119453825136424528500664638611192988462530/549141540824366662317211464327669663083116125185395685450414406795920712280488546433599550529123734495733692561760636194183857
17 9 1 236666671625623685966630963640496953705085887920672130076303906462522220323572700319647423494821134539386230962290086417820419/1098283081648733324634422928655339326166232250370791370900828813591841424560977092867199101058247468991467385123521272388367714
17 9 2 733824393006685329557892353536263117809533767738007819898156181804296906387171111050199518658509102846012609414195739662021207/1098283081648733324634422928655339326166232250370791370900828813591841424560977092867199101058247468991467385123521272388367714
17 9 17 63896008508212154554949805739289627325806297356055710463184362662511148925116640748676079452458615803034272373517723154263044/549141540824366662317211464327669663083116125185395685450414406795920712280488546433599550529123734495733692561760636194183857
17 10 5 96239932198190843863842968628317401251116190680475133874341814660397946402905049349432352986546664206265268163531699175667/122031453516525924959380325406148814018470250041199041211203201510204602728997454763022122339805274332385265013724585820929746
17 10 16 19723051285117045154110056003986133985299561086895851220279794966683079663804631421789421305773239881088822457856740359845561/99843916513521211330402084423212666015112022760981033718257164871985584050997917533381736459840678999224307738501933853487974
17 10 18 221612296064085555224590099771766533639983036541231389136893646539578890078621382714620140056745743704957404014235953551307128/549141540824366662317211464327669663083116125185395685450414406795920712280488546433599550529123734495733692561760636194183857
17 10 22 19874489363385954540693523925013814928941407255288634227231577252146644844738965288824104336562337405078142847506974365221422/49921958256760605665201042211606333007556011380490516859128582435992792025498958766690868229920339499612153869250966926743987
17 11 4 10639753795386420502881788649332558948417984825835838978794698510862952578799992728790755433100560321253740664052949400992919/61015726758262962479690162703074407009235125020599520605601600755102301364498727381511061169902637166192632506862292910464873
17 11 5 134819941486091228193522654588568250304778430651360147537839542324878803232950666874952623401023661676406702223641478144589929/1098283081648733324634422928655339326166232250370791370900828813591841424560977092867199101058247468991467385123521272388367714
17 11 17 185680774947733550923106768928910662223256020820995660249328814382986126329667127270451180804972358300995174843814201303928612/549141540824366662317211464327669663083116125185395685450414406795920712280488546433599550529123734495733692561760636194183857
17 11 18 133528673983406475180938180173654563447806017070798267082009023101819074083430767444370172750489668310167667086432767472682673/366094360549577774878140976218446442055410750123597123633609604530613808186992364289066367019415822997155795041173757462789238
17 12 6 58014593566164378221152720121370677036396548066612140948303356297983802936891031955386430111695302147274855455838656136628508/549141540824366662317211464327669663083116125185395685450414406795920712280488546433599550529123734495733692561760636194183857
17 12 12 6/11
17 12 19 191595197717638650104852490936660988001383508835840443347339555881980157190603761878067911037906395350785913890416178497091427/549141540824366662317211464327669663083116125185395685450414406795920712280488546433599550529123734495733692561760636194183857
17 13 6 17962628480906120684502248717698652098974306724948247081165037527607246236084779327321787076470483021896808496803987625225194/549141540824366662317211464327669663083116125185395685450414406795920712280488546433599550529123734495733692561760636194183857
17 13 8 222842487832409643268883883818487078946837111307054415389551705684873700050249207225185226950419179170417370898681855843376353/366094360549577774878140976218446442055410750123597123633609604530613808186992364289066367019415822997155795041173757462789238
17 13 13 256705461780833201276153893199056980753666768057571334644285382718131665960942639801323269441037483252299112309489243633608245/1098283081648733324634422928655339326166232250370791370900828813591841424560977092867199101058247468991467385123521272388367714
17 13 14 42673510637499036861936362267973060275039616020100749149884937672603345041943005031226937007202056351694333634998578527527251/366094360549577774878140976218446442055410750123597123633609604530613808186992364289066367019415822997155795041173757462789238
17 13 15 9104367496361841596803799761504623548986686881858048475903425746064130851288257641995765591405313129039542219382750391598269/1098283081648733324634422928655339326166232250370791370900828813591841424560977092867199101058247468991467385123521272388367714
17 14 2 431021299651062135963465298067884652366773164473437573481510741702201574207804593505920740039632152144937647534993488628671823/1098283081648733324634422928655339326166232250370791370900828813591841424560977092867199101058247468991467385123521272388367714
17 14 6 46961183582098902908667428525211143506342693121640224555428939036676272891345090828194476952265997015718980435523661818765605/99843916513521211330402084423212666015112022760981033718257164871985584050997917533381736459840678999224307738501933853487974
17 14 18 25114793765763876112602652801688682538281576926551887884933290414366808091396083375189852423948224945603492132961250625545706/183047180274788887439070488109223221027705375061798561816804802265306904093496182144533183509707911498577897520586878731394619
17 15 5 272117494291361697669849611268416398983236578255908879579423457977163589877125953215318439444668658525727898955576629185056559/1098283081648733324634422928655339326166232250370791370900828813591841424560977092867199101058247468991467385123521272388367714
17 15 6 165439409720172845238235333382895511111931866096760715737003935483959126814742694293521525948961239159899381417714553586854657/366094360549577774878140976218446442055410750123597123633609604530613808186992364289066367019415822997155795041173757462789238
17 15 15 164923679098426545624933658619118196923600036912300172055196774581400227119811528385658041883347546493020670957400491221373592/549141540824366662317211464327669663083116125185395685450414406795920712280488546433599550529123734495733692561760636194183857
17 16 9 58220755072704894663789095516657879631581608064315953098162536553671784973742455220173369818325950186252579011980908005690959/1098283081648733324634422928655339326166232250370791370900828813591841424560977092867199101058247468991467385123521272388367714
17 16 10 73689722590978642921461204261480005463380893046912798875093917454052037135014192944551312277118405505635321217871833449466943/183047180274788887439070488109223221027705375061798561816804802265306904093496182144533183509707911498577897520586878731394619
17 16 15 2607884622807902341051624377566836770162484260076233150765657359643293293406645565385145088478420570066514493379022420393025/6779525195362551386632240300341600778803902780066613400622400083900255707166525264612340129989181907354736945206921434496097
17 16 16 175446682135276393191503458403973856988042833892648854128066280051643903245272898387324353243706953420627530876907731582205047/1098283081648733324634422928655339326166232250370791370900828813591841424560977092867199101058247468991467385123521272388367714
17 17 0 110948687624309342427540750377957865179697049309557108659106761569250655014234694752977623030546551130481893752420896562384953/183047180274788887439070488109223221027705375061798561816804802265306904093496182144533183509707911498577897520586878731394619
17 17 8 97097395958802033951457983790251893400143029784841360707844797284262817772846957062169126815580233451863112210472875186617785/366094360549577774878140976218446442055410750123597123633609604530613808186992364289066367019415822997155795041173757462789238
17 17 11 24056265045686789641566418820379861618926917949922002001817608793984824752408734303335479436239579700517687602212867628005089/366094360549577774878140976218446442055410750123597123633609604530613808186992364289066367019415822997155795041173757462789238
17 17 13 56691461444691396929310540751142865748791580268263906395986783633108736729884107854961542300135347825087893816270686902485445/1098283081648733324634422928655339326166232250370791370900828813591841424560977092867199101058247468991467385123521272388367714
17 17 15 12438511444719402360794677804554004282048531040894724421214242308485830169917742397858001819373374926345729354667977667703929/1098283081648733324634422928655339326166232250370791370900828813591841424560977092867199101058247468991467385123521272388367714
18 0 9 38180681376405333705895377537950937458733697244041673487554426074223492046657848792884040667406499559051426587521531766656927/122031453516525924959380325406148814018470250041199041211203201510204602728997454763022122339805274332385265013724585820929746
18 0 19 88837083132002490352984823806545235268850417056158244423462810791340019302428548282397366954959839980854057822960400624624259/366094360549577774878140976218446442055410750123597123633609604530613808186992364289066367019415822997155795041173757462789238
18 0 32 81357616644179641703735009899024197205179620667656929373741757758301656372295134814008439031118242169573728727824380769097099/183047180274788887439070488109223221027705375061798561816804802265306904093496182144533183509707911498577897520586878731394619
18 1 1 200191983221469569960621340966983383596713806978570031079782710633587028474142492160080727252946801024186565903190617838367765/366094360549577774878140976218446442055410750123597123633609604530613808186992364289066367019415822997155795041173757462789238
18 1 20 110904326226810498073393021287703427135311471825779922271771431468997397693166640570789821620235384356798304577973733458020849/549141540824366662317211464327669663083116125185395685450414406795920712280488546433599550529123734495733692561760636194183857
18 1 25 48934888182632787657695777357986707527999963691255813373695479201581796288127885691302855442850496461552972264769319901960060/549141540824366662317211464327669663083116125185395685450414406795920712280488546433599550529123734495733692561760636194183857
18 1 29 178028703165438043290381308463008906049467958401009806370546860349921951175960563862771565173235304282205133728463312153302601/1098283081648733324634422928655339326166232250370791370900828813591841424560977092867199101058247468991467385123521272388367714
18 2 4 54528036865787923518483460966475980401559435432632634694379683411692981881814354210606990945499854260262285769387172673628816/549141540824366662317211464327669663083116125185395685450414406795920712280488546433599550529123734495733692561760636194183857
18 2 6 1277656602901808073418716761918813445669147934194300408876008241736310091129594748110455922546027869108707745304294235050782/6779525195362551386632240300341600778803902780066613400622400083900255707166525264612340129989181907354736945206921434496097
18 2 7 52974410781320917505750694786589612995083517997880851603544211183194717004487884574232226824200903237977434856432014477203669/549141540824366662317211464327669663083116125185395685450414406795920712280488546433599550529123734495733692561760636194183857
18 2 23 283649240264757184241584684392096293704731682993054971354838271387393598073808529694485268974727636880352489452406938801876863/1098283081648733324634422928655339326166232250370791370900828813591841424560977092867199101058247468991467385123521272388367714
18 2 24 4960956062926566790657816227095534832981634100504110668846448353314996578798650473601026145233379811242363198665054696587129/99843916513521211330402084423212666015112022760981033718257164871985584050997917533381736459840678999224307738501933853487974
18 2 28 58562811192887521322701456821046325160963598249994921889807170197882117368672091507600250160487372448650653291893047504657010/549141540824366662317211464327669663083116125185395685450414406795920712280488546433599550529123734495733692561760636194183857
18 2 29 110476218670849136553949462593060266992543761785848849787652072785580498423720199092164874586559939749028748955539298267413379/549141540824366662317211464327669663083116125185395685450414406795920712280488546433599550529123734495733692561760636194183857
18 3 8 150524018246728902467715238494479405684582319311746926397162051558079486005811306316642953694940064881386745801071026997226231/1098283081648733324634422928655339326166232250370791370900828813591841424560977092867199101058247468991467385123521272388367714
18 3 23 947759063402004422166707690160859920481649931059044444503666762033761938555165786550556147363307404110080639322450245391141483/1098283081648733324634422928655339326166232250370791370900828813591841424560977092867199101058247468991467385123521272388367714
18 4 1 1654027669662891627225811447655854743041002294024236344950823698235842190518486977289994481561254387851902771658851641117735/11093768501502356814489120491468074001679113640109003746473018319109509338999768614820192939982297666580478637611325983720886
18 4 4 231060394780800967940171004836068382492543898470879732129352132183364711683829522140221046828906961784299212625898731926988117/366094360549577774878140976218446442055410750123597123633609604530613808186992364289066367019415822997155795041173757462789238
18 4 5 96750995387278105308020409285815895000808793859075532218543940465663274146505917765482137527737999883374331172903491250451376/549141540824366662317211464327669663083116125185395685450414406795920712280488546433599550529123734495733692561760636194183857
18 4 8 23925583617573969551256881128786384562961870065800855962776494992536182177573240081931115920743199737241355252895890817922423/549141540824366662317211464327669663083116125185395685450414406795920712280488546433599550529123734495733692561760636194183857
18 5 5 355007807564589195340712062786353707292731210925575385920841061914956226815290508946523896882374604264718731979395128966438419/1098283081648733324634422928655339326166232250370791370900828813591841424560977092867199101058247468991467385123521272388367714
18 5 10 298924840648310585269965043132183613864565892372946585572895884141950992732177478991958035248234598210213909520739015368994745/1098283081648733324634422928655339326166232250370791370900828813591841424560977092867199101058247468991467385123521272388367714
18 5 19 20197746974356070182897537397127363864042506685103154518504175797042463864250413860396234951256284841660670164699414911497025/49921958256760605665201042211606333007556011380490516859128582435992792025498958766690868229920339499612153869250966926743987
18 6 0 30910313930010703224796175379416094621789733445157688022836294733994636172331508392002630301589824409283825793698702719461182/61015726758262962479690162703074407009235125020599520605601600755102301364498727381511061169902637166192632506862292910464873
18 6 12 30105412828252259254893987323658312387445391575441832582765306021107665192167218989508430868312812756908806713163590191003691/61015726758262962479690162703074407009235125020599520605601600755102301364498727381511061169902637166192632506862292910464873
18 7 9 141266018301436560494150003014664618267889154929141255264670595374311515408490687499564383655293779362162159514867369744749946/549141540824366662317211464327669663083116125185395685450414406795920712280488546433599550529123734495733692561760636194183857
18 7 13 109935991728326651960594487361704463325942839028328434977320680977893322061473395124011226198975060204675714034709229732175881/1098283081648733324634422928655339326166232250370791370900828813591841424560977092867199101058247468991467385123521272388367714
18 7 20 103801060247186253555957521298593288320798518171790893718323060653826162553310116941527729508674623879578120801744208554200287/1098283081648733324634422928655339326166232250370791370900828813591841424560977092867199101058247468991467385123521272388367714
18 7 21 77835217194787550954426666692387764247439566845757543834571069952535264713349475236947491015893346061400377505985838136636985/183047180274788887439070488109223221027705375061798561816804802265306904093496182144533183509707911498577897520586878731394619
18 7 24 22500448316936998733835152301897625416512530372974044778069576916047886808185892396807738657441691635747827703569677632111624/183047180274788887439070488109223221027705375061798561816804802265306904093496182144533183509707911498577897520586878731394619
18 8 4 429171045592782855550812438111799105905631047774194950081689270047675437813857041403164293960314447117010919358386643064796363/1098283081648733324634422928655339326166232250370791370900828813591841424560977092867199101058247468991467385123521272388367714
18 8 13 25599994471649277040092630634418870808054158761883275877685505565243611736044915814216515716974528243702434617557522407294649/366094360549577774878140976218446442055410750123597123633609604530613808186992364289066367019415822997155795041173757462789238
18 8 22 296156026320501318981666299320141803918219363155473296593041513424217575769492652010692629973504718571674580956231031050843702/549141540824366662317211464327669663083116125185395685450414406795920712280488546433599550529123734495733692561760636194183857
18 9 5 86524961005164988226030693312840182888495598049995594558407424074920730776556960169307298454270042093604560009238126709170235/183047180274788887439070488109223221027705375061798561816804802265306904093496182144533183509707911498577897520586878731394619
18 9 8 66435782086194476561859121930925556849920946928317457454910130083313658226766807074989615431215588243027689925501256850378117/549141540824366662317211464327669663083116125185395685450414406795920712280488546433599550529123734495733692561760636194183857
18 9 12 8742781767689929814015188334330678093811564815853857232161958640024527310472094084238570287519953329972382188017347813407006/183047180274788887439070488109223221027705375061798561816804802265306904093496182144533183509707911498577897520586878731394619
18 9 18 227389370358107493453395377085638756954235061596810319035453580919581498129122682487720283614300290885678600897770073244258819/1098283081648733324634422928655339326166232250370791370900828813591841424560977092867199101058247468991467385123521272388367714
18 9 20 166415690481107369817034017824824289618312317722249426212138676215961061456146470708224374130776029078271751191215838307889215/1098283081648733324634422928655339326166232250370791370900828813591841424560977092867199101058247468991467385123521272388367714
18 10 14 3217498573469881820988031551885418780258155775856054969968950446070658883269100097937363426643960188453973796532194153038431/366094360549577774878140976218446442055410750123597123633609604530613808186992364289066367019415822997155795041173757462789238
18 10 15 8243787343904491066847338983448923952961130278681874870595122710966564407406444208142770941828715624167155399911423609680687/16640652752253535221733680737202111002518670460163505619709527478664264008499652922230289409973446499870717956416988975581329
18 10 16 65604473603649687114478575589035997742966890252499063625068190548882521565383801551134135245729733016790274868776348667749162/549141540824366662317211464327669663083116125185395685450414406795920712280488546433599550529123734495733692561760636194183857
18 10 21 413331674023327894530577309913982093444089404145221337281507482232071153891576871733695858126160891197492657602218034354828755/1098283081648733324634422928655339326166232250370791370900828813591841424560977092867199101058247468991467385123521272388367714
18 11 0 34045302696920368636704091332111525848484065828788934181590817882814488679573243229352808428097000754354047483466785309781732/183047180274788887439070488109223221027705375061798561816804802265306904093496182144533183509707911498577897520586878731394619
18 11 3 74259216137653109227671959512948554620599294188159992244340477506592962279348280797739587299177240987862424658975881871855248/183047180274788887439070488109223221027705375061798561816804802265306904093496182144533183509707911498577897520586878731394619
18 11 13 159967482435644906042419762369081521411210514266385833166806690776455119847559576222376309538465486579846860059680864039053275/1098283081648733324634422928655339326166232250370791370900828813591841424560977092867199101058247468991467385123521272388367714
18 11 16 127152548224543881515992994943241600207949025253270792988202110724393021390859170443028538454613454047189886363096792070280803/549141540824366662317211464327669663083116125185395685450414406795920712280488546433599550529123734495733692561760636194183857
18 11 19 11394463252186596124586957109804707174874508498723464400676709676718518726056677198737113415636541287980639827663607039643651/366094360549577774878140976218446442055410750123597123633609604530613808186992364289066367019415822997155795041173757462789238
18 12 2 85683581696481125407704120980855844263679264431865910044036924197953800547911856716316003845806487312089766458658850082583385/366094360549577774878140976218446442055410750123597123633609604530613808186992364289066367019415822997155795041173757462789238
18 12 7 22107419594470945588719600412141108265739622287053858635408845658274805342273160676041854831754892303063376918163546961240003/49921958256760605665201042211606333007556011380490516859128582435992792025498958766690868229920339499612153869250966926743987
18 12 20 354869105480929145459479356645667411528922766760008750789723436515934305387231987845330283222220376387803793547946688993337493/1098283081648733324634422928655339326166232250370791370900828813591841424560977092867199101058247468991467385123521272388367714
18 13 0 78458472790841122756956111621799559317210336177754571059651136818727525574927950968812870056806032849533329931246637230671113/183047180274788887439070488109223221027705375061798561816804802265306904093496182144533183509707911498577897520586878731394619
18 13 17 165410742503573141725881033283074136004840729206927834209646048557840206070567695108152503623307151413871398495898961493647947/1098283081648733324634422928655339326166232250370791370900828813591841424560977092867199101058247468991467385123521272388367714
18 13 18 462121502400113446366805225641467834258129504097336110333275944121636065040841691946169377094104120480396007040142487510693089/1098283081648733324634422928655339326166232250370791370900828813591841424560977092867199101058247468991467385123521272388367714
18 14 2 62296934818818253383885998118239755100867066636798598747841021487755508260468544935975203840295862663600688614884796738360816/183047180274788887439070488109223221027705375061798561816804802265306904093496182144533183509707911498577897520586878731394619
18 14 3 255637601782625880786909834314252489670501810102488698387502926131025936584202783487117866253026706168375720388854070636256543/549141540824366662317211464327669663083116125185395685450414406795920712280488546433599550529123734495733692561760636194183857
18 14 10 68878475956159090347753622122313023770942752207967436528192204164218064901813717635791898483820101283347604085248418369554311/1098283081648733324634422928655339326166232250370791370900828813591841424560977092867199101058247468991467385123521272388367714
18 14 16 144347793214412952409533649195082792449083478137054945110584628239038436927946538641320247026598779389764208571255932316135421/1098283081648733324634422928655339326166232250370791370900828813591841424560977092867199101058247468991467385123521272388367714
18 15 1 45232821280178875446199589554550458694485595224430654504992482960409933408749189000415831558387152766780147020811450481158207/1098283081648733324634422928655339326166232250370791370900828813591841424560977092867199101058247468991467385123521272388367714
18 15 7 319548125512879484222479887956336303174971443870576411336211003286360192544994506111828078195512801923541983431197561045665471/549141540824366662317211464327669663083116125185395685450414406795920712280488546433599550529123734495733692561760636194183857
18 15 13 137984669780931826914421187729372087040601255801735964574471441352903702020746297214375704369611570792534423746771566605292855/366094360549577774878140976218446442055410750123597123633609604530613808186992364289066367019415822997155795041173757462789238
18 16 1 421850793425547749984873428779525985140695370783559269964032872434636140936467440012673949346243300753754909650247567726101079/1098283081648733324634422928655339326166232250370791370900828813591841424560977092867199101058247468991467385123521272388367714
18 16 9 305799322339042436439391762537257524530215405283529076296997704706805095090084697430527554316911179991942438398757647348296021/1098283081648733324634422928655339326166232250370791370900828813591841424560977092867199101058247468991467385123521272388367714
18 16 11 61772160980690523035026289556425969415886912383950504106633039408400031422404159237332932899182164707628339512419342885661769/183047180274788887439070488109223221027705375061798561816804802265306904093496182144533183509707911498577897520586878731394619
18 17 3 137288901637795594734220474423379953560891114359081032808728158059772944892239532242184080018459091363253570021646875844686886/549141540824366662317211464327669663083116125185395685450414406795920712280488546433599550529123734495733692561760636194183857
18 17 10 45879968454706159692799291490614192000021418245542265414754322324760274105066370084289788151790038314171099545772210156671170/183047180274788887439070488109223221027705375061798561816804802265306904093496182144533183509707911498577897520586878731394619
18 17 12 53343989774716855427594424117250215872646796297742207989505171056107532379376096120477237727161281598248894981876683057956221/366094360549577774878140976218446442055410750123597123633609604530613808186992364289066367019415822997155795041173757462789238
18 17 15 388393498320754610726402958513143619426381123286149088826331050355411293007971519515660498929105211585186962859964210585098259/1098283081648733324634422928655339326166232250370791370900828813591841424560977092867199101058247468991467385123521272388367714
18 18 6 179493104762450096715581090179833385996322787917259547910389513112291943500192053786943114782980989153594519105105261908616377/549141540824366662317211464327669663083116125185395685450414406795920712280488546433599550529123734495733692561760636194183857
18 18 10 233317368769465777293065897568420717258013249072356415348049949251468607549294390165028856812865507347126285914841360548003851/1098283081648733324634422928655339326166232250370791370900828813591841424560977092867199101058247468991467385123521272388367714
18 18 11 505979503354367353910194850727251836915573425463915859731999838115788930011298595128284014679419983337152060998469388023131109/1098283081648733324634422928655339326166232250370791370900828813591841424560977092867199101058247468991467385123521272388367714
19 0 15 134302624918846198632040280336121107669871238796191128083450053892555175735353747666837846995532410675907857385510149826478191/549141540824366662317211464327669663083116125185395685450414406795920712280488546433599550529123734495733692561760636194183857
19 0 17 118241402145707401382932944301687665727238981881046104740970764220851332425593278610465921788540312030113805298201732681941444/183047180274788887439070488109223221027705375061798561816804802265306904093496182144533183509707911498577897520586878731394619
19 0 27 60114709468398259536372351086485558231527940746066243144052060240811539268354962935363938167970387729484419281645288321881334/549141540824366662317211464327669663083116125185395685450414406795920712280488546433599550529123734495733692561760636194183857
19 1 1 34113290135402198307297576119599873121617454797451481518570231927034765149421557664278917448677084583159762435522608758221000/549141540824366662317211464327669663083116125185395685450414406795920712280488546433599550529123734495733692561760636194183857
19 1 3 193466154755024421732355647063822441915326202334400666191765169486142304980722909222266864837871893951380599449909425332489957/1098283081648733324634422928655339326166232250370791370900828813591841424560977092867199101058247468991467385123521272388367714
19 1 5 2082718864493986995347892452820503576394301296107159527887324175868098844043023069479355303611911701871808155083127862935499/122031453516525924959380325406148814018470250041199041211203201510204602728997454763022122339805274332385265013724585820929746
19 1 6 70403514909061998319996377714787448337979598090062324264086929920944228604652827740980414230559669157634256235077725747113400/183047180274788887439070488109223221027705375061798561816804802265306904093496182144533183509707911498577897520586878731394619
19 1 9 6049116144366127672068568827637209599279046844825838272676011088878722594101584569381722527733325647186258630848016294167445/49921958256760605665201042211606333007556011380490516859128582435992792025498958766690868229920339499612153869250966926743987
19 1 11 131172116106015912311927158390094652304052903824990459168771719593909715493436016859389911298511510686508880058847882909326038/549141540824366662317211464327669663083116125185395685450414406795920712280488546433599550529123734495733692561760636194183857
19 2 23 45524721259526060716074116487111501303714873229796775559558167958454140122491174017502265990596431552979650676943774715215655/366094360549577774878140976218446442055410750123597123633609604530613808186992364289066367019415822997155795041173757462789238
19 2 26 4529662170733578764781576353097876075718519106539721139744685582587606962710898290740071893333695395132090415139047499909610/6779525195362551386632240300341600778803902780066613400622400083900255707166525264612340129989181907354736945206921434496097
19 2 29 75967882070438460863861736664049632662895845140655406527838415112428892078112682571600218788799840107043261946721417752454643/366094360549577774878140976218446442055410750123597123633609604530613808186992364289066367019415822997155795041173757462789238
19 3 5 430403124295633225242490249846268493791423804516722598642640891981008782342419989639510484735323811139762602094980979037940949/1098283081648733324634422928655339326166232250370791370900828813591841424560977092867199101058247468991467385123521272388367714
19 3 6 252926875136932775452295952574696604833413752771912963959287588294254525370984428181943662813104216263652587054205286688920848/549141540824366662317211464327669663083116125185395685450414406795920712280488546433599550529123734495733692561760636194183857
19 3 28 162026207079234548487340773659677622707980940310242844339612745022323591476588246863801290696715225324399608920129719972585069/1098283081648733324634422928655339326166232250370791370900828813591841424560977092867199101058247468991467385123521272388367714
19 4 0 30331809777930535184133441975203308311618522107702562322198227404068833265754280361188622961166146742208614058124552124959537/549141540824366662317211464327669663083116125185395685450414406795920712280488546433599550529123734495733692561760636194183857
19 4 3 60610309935510109037949250329398613605091547604603733916446530766817978679712571161410809851661627174113757437940875519985871/366094360549577774878140976218446442055410750123597123633609604530613808186992364289066367019415822997155795041173757462789238
19 4 19 249262420384360603428699465744423736062972103284999466097079665541765430403204479457462303936151145326289698924954169136647835/366094360549577774878140976218446442055410750123597123633609604530613808186992364289066367019415822997155795041173757462789238
19 4 23 54000635566630058433104948241732830269402126743288323107926884928976765390358690144101256886238429002919893959293517084273761/549141540824366662317211464327669663083116125185395685450414406795920712280488546433599550529123734495733692561760636194183857
19 5 0 93577765059510664170729543014418682938928485158318945189584904683132368728909462162272558655516849709031141581929436775719484/549141540824366662317211464327669663083116125185395685450414406795920712280488546433599550529123734495733692561760636194183857
19 5 1 350951605167092323512525893988262226314202490143589129083260469638825280696699897498878565235855174199959015685900061468402075/1098283081648733324634422928655339326166232250370791370900828813591841424560977092867199101058247468991467385123521272388367714
19 5 5 24171102040639225257005319093699389535859489152767153522703227810676870664242728476688370620668046001886202578679314648402607/183047180274788887439070488109223221027705375061798561816804802265306904093496182144533183509707911498577897520586878731394619
19 5 22 15654569942517857042238664223999393596522396412634786641568631337032816161485389366536848599119993196620866772026016667620017/49921958256760605665201042211606333007556011380490516859128582435992792025498958766690868229920339499612153869250966926743987
19 5 24 23582931794463822103051807049352245878507711305332041395889759435989408956107778039944841868903489678823267272371360930156885/366094360549577774878140976218446442055410750123597123633609604530613808186992364289066367019415822997155795041173757462789238
19 6 10 65045960980860331767175320663400662463134107462272113103227620839511614301387826894490073096708458785481419001842364872664255/1098283081648733324634422928655339326166232250370791370900828813591841424560977092867199101058247468991467385123521272388367714
19 6 15 118606884574164312374643477771613523668478593634345652353839402102736261708697637429207474987554200691278204967067335785367346/549141540824366662317211464327669663083116125185395685450414406795920712280488546433599550529123734495733692561760636194183857
19 6 17 104333510750881499404317532339685044992958514562919052565240615770923939866596646069314665292471727604701880757114558295932663/1098283081648733324634422928655339326166232250370791370900828813591841424560977092867199101058247468991467385123521272388367714
19 6 20 3303250869224672107602348364851952813888139658778753357707994483346326350541443280807440620815985149930952409755742460401701/549141540824366662317211464327669663083116125185395685450414406795920712280488546433599550529123734495733692561760636194183857
19 6 22 402139435937701438913270954640231111222075260323075769359091333934296673227219157970269636561154947654117744427869725137401773/1098283081648733324634422928655339326166232250370791370900828813591841424560977092867199101058247468991467385123521272388367714
19 6 24 282943903092512085585167468739091554523330901436275624450174449874944021047295300513094894891171963264748026183048467590830929/1098283081648733324634422928655339326166232250370791370900828813591841424560977092867199101058247468991467385123521272388367714
19 7 4 177795174807712221925266763725097292122244292810265918599661032191554222277227249081549888491942332478907627536279450068526643/1098283081648733324634422928655339326166232250370791370900828813591841424560977092867199101058247468991467385123521272388367714
19 7 7 215962474559298857012944647369663175330403769680035854717911328242917096894729359513096999626073259957352727551218989825467837/549141540824366662317211464327669663083116125185395685450414406795920712280488546433599550529123734495733692561760636194183857
19 7 25 488562957722423388683266870190915683383180418200453742865345124914453008494291124759455213314158616597854302484803842668905397/1098283081648733324634422928655339326166232250370791370900828813591841424560977092867199101058247468991467385123521272388367714
19 8 3 111327378307414364407071919025193353260088558905250626203725315131406955625619604601984368413689662644276494114859402628639265/1098283081648733324634422928655339326166232250370791370900828813591841424560977092867199101058247468991467385123521272388367714
19 8 9 38029094146881704653792448640595376223662169389337460317429173157310106053122503124346012791598492407946543732459152360584459/366094360549577774878140976218446442055410750123597123633609604530613808186992364289066367019415822997155795041173757462789238
19 8 12 155666985851179926623414112272421136221513516495518472643751814762077286371434866054733075979255920055551829912913964055275363/549141540824366662317211464327669663083116125185395685450414406795920712280488546433599550529123734495733692561760636194183857
19 8 19 132277734854843599279478076253551502996652193925695525440203657105159717050933101115920229406606606636043396766308360258471327/549141540824366662317211464327669663083116125185395685450414406795920712280488546433599550529123734495733692561760636194183857
19 8 22 204343243423143530286047601526233539693444497499324065080548760462873010014727742615987916796406026212890935162347261132977339/1098283081648733324634422928655339326166232250370791370900828813591841424560977092867199101058247468991467385123521272388367714
19 8 23 30878578688494421391380561710060342035127088318592100832118758263719044638842100644960722233877083175756623763497500972501451/366094360549577774878140976218446442055410750123597123633609604530613808186992364289066367019415822997155795041173757462789238
19 9 3 21873591750712191959163928514073860921237445610223906054625782574919213130435747977296572420104705969731927956233156838587319/61015726758262962479690162703074407009235125020599520605601600755102301364498727381511061169902637166192632506862292910464873
19 9 13 321269226898719526715629687641898981618573115941368202719493464598982733507163386711431503972651119825130983206953326046986289/1098283081648733324634422928655339326166232250370791370900828813591841424560977092867199101058247468991467385123521272388367714
19 9 21 383289203237194342653842527760110847965385113445392859198071262644312854705970242564429293523711641711161698704371123246809683/1098283081648733324634422928655339326166232250370791370900828813591841424560977092867199101058247468991467385123521272388367714
19 10 1 48189963743277320047764402257527718572743748691242720764053755945021474134622996266084600026836983577221458200479531667524367/366094360549577774878140976218446442055410750123597123633609604530613808186992364289066367019415822997155795041173757462789238
19 10 4 433022982778589016634668901381219153767824378266340864450760243424989199436757104453884287362891153537605272749043580222203994/549141540824366662317211464327669663083116125185395685450414406795920712280488546433599550529123734495733692561760636194183857
19 10 10 37528705184223480840067109886339871642287789021683530095733586118456158986135539279679997301253880753305260955794153958133992/549141540824366662317211464327669663083116125185395685450414406795920712280488546433599550529123734495733692561760636194183857
19 10 16 12609814493276369541657699347638119627776669721014419515679886669886285311322816601816731649446449677981943112407209025118641/1098283081648733324634422928655339326166232250370791370900828813591841424560977092867199101058247468991467385123521272388367714
19 11 0 200644746039595125398580297066233850829262130151175937634750696329989187123128350577798231464920953254016581410083975525650859/366094360549577774878140976218446442055410750123597123633609604530613808186992364289066367019415822997155795041173757462789238
19 11 2 26891615845323628260698736247909595825609463305696955044214321046568579952814719866779911990605078646761161568349393311795275/366094360549577774878140976218446442055410750123597123633609604530613808186992364289066367019415822997155795041173757462789238
19 11 21 7697666592481056734381219050239055300029953148151346164146921508558668950613849658027123531327210616465447336818910479185728/20338575586087654159896720901024802336411708340199840201867200251700767121499575793837020389967545722064210835620764303488291
19 12 5 340320457477242921704659586255607025588887032591325215563248154962865965080609752112370336431099015139732167127958361192072885/1098283081648733324634422928655339326166232250370791370900828813591841424560977092867199101058247468991467385123521272388367714
19 12 12 55094676541427435693265640487233930760508239044617544288171998045882125430897949752396382643418209675103312907467437178594853/183047180274788887439070488109223221027705375061798561816804802265306904093496182144533183509707911498577897520586878731394619
19 12 18 427394564922925788770169499476328716014295783511760889608548670353682706894979642240450468766639195801115340550758288124725711/1098283081648733324634422928655339326166232250370791370900828813591841424560977092867199101058247468991467385123521272388367714
19 13 16 15141188986076801490825552520629682160185539796284713554032706358947843781216841607565566545527558145944188074897678849204683/16640652752253535221733680737202111002518670460163505619709527478664264008499652922230289409973446499870717956416988975581329
19 13 18 1499463766176733730908128216572428842333130663878792065676821119716420227282811314664722864445888353926529881519310126376646/16640652752253535221733680737202111002518670460163505619709527478664264008499652922230289409973446499870717956416988975581329
19 14 1 26713603333471169304685551891347154263134342309930622113978906747056475477502367469772807676020187813242521018171255996096721/49921958256760605665201042211606333007556011380490516859128582435992792025498958766690868229920339499612153869250966926743987
19 14 5 775245912671995678503513909522765232175200138747917957618524541458175876241684621906663854551364366255218124045985433499059/20338575586087654159896720901024802336411708340199840201867200251700767121499575793837020389967545722064210835620764303488291
19 14 7 23799449663297792385046525953228888790226956834408780142514483183987190109678138997968514526130855509733066888527107218342725/99843916513521211330402084423212666015112022760981033718257164871985584050997917533381736459840678999224307738501933853487974
19 14 10 206926582731804117056639250445954833147319386881433533114233224893998375532414509971583824252590250715286408251472247663520691/1098283081648733324634422928655339326166232250370791370900828813591841424560977092867199101058247468991467385123521272388367714
19 15 0 9293301016063136389944429076211727351400050009691190497964921950453966239537185154857734597241430562009473340709206225342033/49921958256760605665201042211606333007556011380490516859128582435992792025498958766690868229920339499612153869250966926743987
19 15 1 3424414325101031315905723610693473111138171554037691723115395245014102958463706833435135064281257278872226967294034552791304/549141540824366662317211464327669663083116125185395685450414406795920712280488546433599550529123734495733692561760636194183857
19 15 10 336416896587387088231868938924757235451065629001454684396661757272998581900604140561000281345990457866561373042444986640395650/549141540824366662317211464327669663083116125185395685450414406795920712280488546433599550529123734495733692561760636194183857
19 15 16 107073918735184042480048081953889953655511774523300213853023112822914398786511662335729053549196283168195885804220346522234540/549141540824366662317211464327669663083116125185395685450414406795920712280488546433599550529123734495733692561760636194183857
19 16 1 29781251132761803927274967174560464580190349284220160810742267804984375002839348716444003148320734840959489728864367433936073/1098283081648733324634422928655339326166232250370791370900828813591841424560977092867199101058247468991467385123521272388367714
19 16 2 330859128148234028261238423617760456629404230847614159616926171901623916464292829667842032271489924113858004245285592987739686/549141540824366662317211464327669663083116125185395685450414406795920712280488546433599550529123734495733692561760636194183857
19 16 8 12326774976348589823777912552886604494764649678525542147158612181321491413016729842880940405058996543114905663760173302392493/33281305504507070443467361474404222005037340920327011239419054957328528016999305844460578819946892999741435912833977951162658
19 17 1 109893484888717475762644288496134725329365426869763953160271935277598317838742079589956331614881151601933679378921197654279943/1098283081648733324634422928655339326166232250370791370900828813591841424560977092867199101058247468991467385123521272388367714
19 17 3 46402422254887464308555674130135947291499207872806737245472108896584839963294359670460067512166409046304770167748540275520565/122031453516525924959380325406148814018470250041199041211203201510204602728997454763022122339805274332385265013724585820929746
19 17 5 25818469680818396451028240765414366538870701051020095063699694924938220361184074572462847467076882972117268818782461090337887/1098283081648733324634422928655339326166232250370791370900828813591841424560977092867199101058247468991467385123521272388367714
19 17 9 181649775595070091214583110740855569558167750531582229155869401106680442230467233890213104788930584333557835138693583721354933/366094360549577774878140976218446442055410750123597123633609604530613808186992364289066367019415822997155795041173757462789238
19 18 2 487351230572532409376058889283315211217584534685531290933707372538789489577099993669380938565779573655596982533860556668036465/1098283081648733324634422928655339326166232250370791370900828813591841424560977092867199101058247468991467385123521272388367714
19 18 5 54319485897245437208118618426913607229625666671546356044989491207559638261022819608334759215553130607148205914318606578884327/549141540824366662317211464327669663083116125185395685450414406795920712280488546433599550529123734495733692561760636194183857
19 18 13 55810319920190004538014089168688544498821820260240818653015828737548073162425717775683182673484626013508221195669278062506955/122031453516525924959380325406148814018470250041199041211203201510204602728997454763022122339805274332385265013724585820929746
19 19 0 22160445866247179255543890604287374679706799153997856314026955205586851821312937976979577746408045632834393781323881705409847/99843916513521211330402084423212666015112022760981033718257164871985584050997917533381736459840678999224307738501933853487974
19 19 8 230392108080319528934032866705119108038899525992343974419234024685597296845500426739690527937829064963680755800729221039225222/549141540824366662317211464327669663083116125185395685450414406795920712280488546433599550529123734495733692561760636194183857
19 19 13 393733960959375294955374398597939988611658407692127002608064256959191460835533921641042689972100837102927541927500131550408953/1098283081648733324634422928655339326166232250370791370900828813591841424560977092867199101058247468991467385123521272388367714
20 0 9 12041116027460383336178602152299346327643646459320636502150285978254793885295943714905174621602361651437572439937300611245553/366094360549577774878140976218446442055410750123597123633609604530613808186992364289066367019415822997155795041173757462789238
20 0 19 232517088462411576800799730897244742984995189752373009965799612570259180748684585129209370316861659388226924751619729086482305/1098283081648733324634422928655339326166232250370791370900828813591841424560977092867199101058247468991467385123521272388367714
20 0 25 4113589458806353295600248220570232458370462021248295749961332687260340572902449124699889362960701106398976996998064077639594/6779525195362551386632240300341600778803902780066613400622400083900255707166525264612340129989181907354736945206921434496097
20 0 28 81620576388655681968923589784409442971145636899116269967421223875321344673103959195946065038472572706146734769201630445267261/549141540824366662317211464327669663083116125185395685450414406795920712280488546433599550529123734495733692561760636194183857
20 1 4 3892479514986247587636891477686393013503316100361173472574329293028151857767193457440922211344007231704943052394254772595949/183047180274788887439070488109223221027705375061798561816804802265306904093496182144533183509707911498577897520586878731394619
20 1 10 290581548424029924277802251730424475590281027113302378961235319000229206464421796334027221834732622827647108579937131449305109/1098283081648733324634422928655339326166232250370791370900828813591841424560977092867199101058247468991467385123521272388367714
20 1 16 153471629520874292025907023870344055951780216190582763533398351823124681160724259479411066312835859258154678872958355261913619/1098283081648733324634422928655339326166232250370791370900828813591841424560977092867199101058247468991467385123521272388367714
20 1 26 105145837768985270467482050698075406090525185077456531261791527835053104298204646051519213273769157252572656559376709506928882/183047180274788887439070488109223221027705375061798561816804802265306904093496182144533183509707911498577897520586878731394619
20 2 1 3657885173538352758844258037440439866161372514890610126001903971253517426948336070923333425598109303839528694182712522137056/61015726758262962479690162703074407009235125020599520605601600755102301364498727381511061169902637166192632506862292910464873
20 2 22 435461468776617703862907888396282937091769380726290121552469907312346470305786762421261880771263985380207925928250556834699749/1098283081648733324634422928655339326166232250370791370900828813591841424560977092867199101058247468991467385123521272388367714
20 2 24 167951882435959328444900293549792826793577302024734767271159027412175661284464073742725746357777562734751307860483674580069372/549141540824366662317211464327669663083116125185395685450414406795920712280488546433599550529123734495733692561760636194183857
20 2 29 29008434986278512691390867609504757544044840036333414726445175552508924222354681520429525101184710074738369664334948999451357/122031453516525924959380325406148814018470250041199041211203201510204602728997454763022122339805274332385265013724585820929746
20 3 4 153823918981303532051945777692062928611371261866607175551024446665883031730267609250793418344896449819587356001365206912605491/549141540824366662317211464327669663083116125185395685450414406795920712280488546433599550529123734495733692561760636194183857
20 3 7 31403720076348709756037906935787381920401368776114963580290020952985133579588800128401411172711868321872568138536251504635299/183047180274788887439070488109223221027705375061798561816804802265306904093496182144533183509707911498577897520586878731394619
20 3 20 301106461614017000997151965828244588710540756990443619158519897271082279811454536797601898666091679710528632144786674767672469/549141540824366662317211464327669663083116125185395685450414406795920712280488546433599550529123734495733692561760636194183857
20 4 0 121588645231919437882669856754791957118262578762070705827903570769621794258372580231434849394624139761475687639678609044228939/549141540824366662317211464327669663083116125185395685450414406795920712280488546433599550529123734495733692561760636194183857
20 4 2 33825904859646592777508381610396243863989229103376182712868493385039885438006643731662963715871403991271028427157901557099464/183047180274788887439070488109223221027705375061798561816804802265306904093496182144533183509707911498577897520586878731394619
20 4 4 210879085107739880853418536886598350256438944650088037677257285960021352923005235004896125901295034565120105116436616042931827/1098283081648733324634422928655339326166232250370791370900828813591841424560977092867199101058247468991467385123521272388367714
20 4 7 147090425639758337116871462865593199496444257858768275096851141927445723497728945003151831357491910318589911388260009638127075/366094360549577774878140976218446442055410750123597123633609604530613808186992364289066367019415822997155795041173757462789238
20 5 4 579474435060686581933690665804146622409804455223796619545621956661269732650082764908885536969422355871923021713303319405492597/1098283081648733324634422928655339326166232250370791370900828813591841424560977092867199101058247468991467385123521272388367714
20 5 21 15054466415554936213316441826637134650654138546671687658216766842017126424927915811289998476066966937942696842853934203732533/99843916513521211330402084423212666015112022760981033718257164871985584050997917533381736459840678999224307738501933853487974
20 5 25 9680360695912567433226198379069253126706765613849785486728102534548127758442204592655072456280600953273527075351765799165669/122031453516525924959380325406148814018470250041199041211203201510204602728997454763022122339805274332385265013724585820929746
20 5 27 24189660886702667041383237940596449496261034600814374339479045350677286491882492063657084431414824383882995860059889504484203/99843916513521211330402084423212666015112022760981033718257164871985584050997917533381736459840678999224307738501933853487974
20 6 6 55479661681600825678867514031772787835865030917730358004033992980722814038043605638370671382470742469036920090442599510958115/549141540824366662317211464327669663083116125185395685450414406795920712280488546433599550529123734495733692561760636194183857
20 6 8 417405742407458477374405909318473240011774112922081214101392999168651307763247671782851935845439186603044986630429343715920244/549141540824366662317211464327669663083116125185395685450414406795920712280488546433599550529123734495733692561760636194183857
20 6 15 53166016988098918076760048580406457495797559956294757446408288234187454265199822319312261803692059637469084003970184692550327/549141540824366662317211464327669663083116125185395685450414406795920712280488546433599550529123734495733692561760636194183857
20 6 16 2565568860800937909686443599668575304408824598809928433175458490262126245999716299229409055280193976242522426324278697195019/61015726758262962479690162703074407009235125020599520605601600755102301364498727381511061169902637166192632506862292910464873
20 7 0 92861118093543095509895995599029350380145205930774727018767470372889826488630799905238618144213417342289883902810589749141517/549141540824366662317211464327669663083116125185395685450414406795920712280488546433599550529123734495733692561760636194183857
20 7 3 9018941609733840784463422675726134469388001310922747585607868339562758526704144249299380571683060550078711296406529514877677/49921958256760605665201042211606333007556011380490516859128582435992792025498958766690868229920339499612153869250966926743987
20 7 22 39674673891527924242024202143961425948855878314941192776662264965315615777568017754007527344044072344730887155386469086820877/61015726758262962479690162703074407009235125020599520605601600755102301364498727381511061169902637166192632506862292910464873
20 8 2 407865749222072347848632808340307322204894676962348742099645469766688858278320668822182085118644055508813863964203222193811409/1098283081648733324634422928655339326166232250370791370900828813591841424560977092867199101058247468991467385123521272388367714
20 8 9 164595405183229790792670301262264562729941082412366103119256459093142040755184189215332527203027941729607452949011666076641248/549141540824366662317211464327669663083116125185395685450414406795920712280488546433599550529123734495733692561760636194183857
20 8 21 361226522060201395200449517790502878501455408583710422562670425638868484772288045614351961533547530023438615261294718041273809/1098283081648733324634422928655339326166232250370791370900828813591841424560977092867199101058247468991467385123521272388367714
20 9 5 161416095273761626223246717538173974770550705025716688676898165054438342378074327509095929632118261299122474667572062023843176/549141540824366662317211464327669663083116125185395685450414406795920712280488546433599550529123734495733692561760636194183857
20 9 15 5991598909457106337671245908633378904319262555127755603246396879937089452750066966830003617484883859996851826030052424271015/11093768501502356814489120491468074001679113640109003746473018319109509338999768614820192939982297666580478637611325983720886
20 9 21 182282599064956544758476148624286865097523847361710188825639192369192883982571808132836883663007444253534105011401958337850877/1098283081648733324634422928655339326166232250370791370900828813591841424560977092867199101058247468991467385123521272388367714
20 10 3 70773604470746149585975897329014673751859141317650438273173465398125821488868394997025696849520559563552040207444408962927770/183047180274788887439070488109223221027705375061798561816804802265306904093496182144533183509707911498577897520586878731394619
20 10 20 112273575804042737853094590780208547275846233744148123543631336867181082604627787147507486660187351935025857313142469768466849/183047180274788887439070488109223221027705375061798561816804802265306904093496182144533183509707911498577897520586878731394619
20 11 6 26723366236286545896088308910778785478632381718730075486189999492153360182602390960994170027240329402182705686521557835832511/33281305504507070443467361474404222005037340920327011239419054957328528016999305844460578819946892999741435912833977951162658
20 11 16 6557939268220524547379052563625436526404959201596935753229055465175167834396914883466408792706563597558730226312420115330147/33281305504507070443467361474404222005037340920327011239419054957328528016999305844460578819946892999741435912833977951162658
20 12 0 13495262013176206303892102759363922491996927157590832219689634188169556644234022931676829553285921881422292213167118775792332/20338575586087654159896720901024802336411708340199840201867200251700767121499575793837020389967545722064210835620764303488291
20 12 13 6843313572911447856004618141660879844414781182609007982177566063531210477265552862160190836681623840641918622453645527695959/20338575586087654159896720901024802336411708340199840201867200251700767121499575793837020389967545722064210835620764303488291
20 13 2 60457563606576229509017125303186879607938987714833649200179216878938444031301387751644440898130453779524761240116139691794349/99843916513521211330402084423212666015112022760981033718257164871985584050997917533381736459840678999224307738501933853487974
20 13 18 39386352906944981821384959120025786407173035046147384518077947993047140019696529781737295561710225219699546498385794161693625/99843916513521211330402084423212666015112022760981033718257164871985584050997917533381736459840678999224307738501933853487974
20 14 0 11493880573463871165936475929848815146771185657656203069977718044682797134129307835499333370150428732503552768343904695452341/61015726758262962479690162703074407009235125020599520605601600755102301364498727381511061169902637166192632506862292910464873
20 14 5 198679320330576373042951339245744286438820798003111261517979909473291635595556377401397649373666824011206976169411066887074309/366094360549577774878140976218446442055410750123597123633609604530613808186992364289066367019415822997155795041173757462789238
20 14 18 98451756778218174839570781393609264735962838174548643695763386789225389786660139874672717424846426590927502261699262403000883/366094360549577774878140976218446442055410750123597123633609604530613808186992364289066367019415822997155795041173757462789238
20 15 8 3940334187921715565406517993522806409432457637879400930609471490887925935584659961279852636487877160504460998696617225818072/49921958256760605665201042211606333007556011380490516859128582435992792025498958766690868229920339499612153869250966926743987
20 15 13 95058827653849134407009509471132924682829657661103066689925315571838225665236885847346540889981928035570504261504963954086762/183047180274788887439070488109223221027705375061798561816804802265306904093496182144533183509707911498577897520586878731394619
20 15 16 220621381795680387876711237985520018530870118185413075143934273680638849993346629317481548857811301623473108791582954847924779/549141540824366662317211464327669663083116125185395685450414406795920712280488546433599550529123734495733692561760636194183857
20 16 5 422308497055620031080993018770873935267947277070473258072999218963549146007550591655853390964521574967303336268450242653184005/1098283081648733324634422928655339326166232250370791370900828813591841424560977092867199101058247468991467385123521272388367714
20 16 6 15340698851477515053496573515359103868726994959963377953330211248883983815178687658486999605338348530151779457013552640971191/99843916513521211330402084423212666015112022760981033718257164871985584050997917533381736459840678999224307738501933853487974
20 16 16 84537816204476771327494600202585874723714671456786825890199545148428076097743489494664785739167343365415745804653658447416768/183047180274788887439070488109223221027705375061798561816804802265306904093496182144533183509707911498577897520586878731394619
20 17 1 317964186686870281814107462974730828759869538851070150015016832479637469560164646199877664082235427899960677079425786505018227/549141540824366662317211464327669663083116125185395685450414406795920712280488546433599550529123734495733692561760636194183857
20 17 10 125580116732935808929272582157960157916572416503505637827301878515960166480969029729574516535164001265905940570482095300437301/549141540824366662317211464327669663083116125185395685450414406795920712280488546433599550529123734495733692561760636194183857
20 17 11 9599748854960051961257401744998061491515833620983627055281426890938461476304988227649760901065845939078824991986614035338939/49921958256760605665201042211606333007556011380490516859128582435992792025498958766690868229920339499612153869250966926743987
20 18 1 267989238115324596126254035908047749952536696985850333148220956130167780580808911144740706589980240783775509583170083124981873/549141540824366662317211464327669663083116125185395685450414406795920712280488546433599550529123734495733692561760636194183857
20 18 2 44339573816249729534645172056416320565186030643815740618676718752609296723147871571317507162257570979093232128882463925761473/549141540824366662317211464327669663083116125185395685450414406795920712280488546433599550529123734495733692561760636194183857
20 18 7 2439089435936660234056933774311966204159162180865141908124281491643191518065202884151067651826827654329689390119636007393757/11093768501502356814489120491468074001679113640109003746473018319109509338999768614820192939982297666580478637611325983720886
20 18 8 77385201209285103380329356356508843639676579735270058154243198717870436554869480634708992007638635895696884025857404518299693/366094360549577774878140976218446442055410750123597123633609604530613808186992364289066367019415822997155795041173757462789238
20 19 9 69957488695877095775765790944166552558985569717819454254265920078025242146772094189769602729589548117324704582509090434192871/183047180274788887439070488109223221027705375061798561816804802265306904093496182144533183509707911498577897520586878731394619
20 19 10 14043479350289621201379427791610869364633099576877417867791739131669880963633520376265275990409695044079480694463696699278585/549141540824366662317211464327669663083116125185395685450414406795920712280488546433599550529123734495733692561760636194183857
20 19 11 210743112766181904703041170866705837656784418691080230674100558433628559630326583635553137943582824273123939928885213428262993/549141540824366662317211464327669663083116125185395685450414406795920712280488546433599550529123734495733692561760636194183857
20 19 12 121919576805392810527682100997713842795252287288583252551357134181625713787233397073985440262366955086854268573891858108694/584815272443414975843675680860138086350496405948238216667107994457849533845035725701383972874466170921974113484303126937363
20 20 1 21130790492784963773707029668514671198468966798589252036945234091382639121659062609504498102104218025469163767618755223200295/183047180274788887439070488109223221027705375061798561816804802265306904093496182144533183509707911498577897520586878731394619
20 20 3 30710602287385370170405204224390099262633427078144245546624231177671396295054543039978326194677543456238339371149734886105748/49921958256760605665201042211606333007556011380490516859128582435992792025498958766690868229920339499612153869250966926743987
20 20 12 147932544184772699121633128853834557598741526930041228326712161567387435669911385165324468081358102400704468176257286777419744/549141540824366662317211464327669663083116125185395685450414406795920712280488546433599550529123734495733692561760636194183857
21 0 4 7911551905037038474372536373133627234503380197543685544206820130191296973908496289572525523374749397284527409491641737585364/49921958256760605665201042211606333007556011380490516859128582435992792025498958766690868229920339499612153869250966926743987
21 0 7 388632184021394043702137572006875170825407089049806185441241884187029538096308183662636121165647804094004985344144870554505841/1098283081648733324634422928655339326166232250370791370900828813591841424560977092867199101058247468991467385123521272388367714
21 0 29 535596755716524434496089556439524356181750796975024103487036886540603353038681990833967418378355178157202796770560283606983865/1098283081648733324634422928655339326166232250370791370900828813591841424560977092867199101058247468991467385123521272388367714
21 1 5 106471275557053225758192112906927168252964552712316944380892081808398238141725121514691578126861230228081861178600460823604461/1098283081648733324634422928655339326166232250370791370900828813591841424560977092867199101058247468991467385123521272388367714
21 1 6 283130040816037620343974364471453377024859694095096148935684660703363061164246134120601838558673086345980145200767946016052051/1098283081648733324634422928655339326166232250370791370900828813591841424560977092867199101058247468991467385123521272388367714
21 1 8 151125707527502768609704137481144895209431490891939621269142943528464286692976223606245744342695339480518815314937150845815568/549141540824366662317211464327669663083116125185395685450414406795920712280488546433599550529123734495733692561760636194183857
21 1 24 9121163736295381701009311546274690941595398453628077134771135211252445243121292752073136823729321944339962135000927557580587/549141540824366662317211464327669663083116125185395685450414406795920712280488546433599550529123734495733692561760636194183857
21 1 25 5881636708303729968345902321547266796762942801094589102673089600009797899739557644170726091513088326783148846125404677907862/16640652752253535221733680737202111002518670460163505619709527478664264008499652922230289409973446499870717956416988975581329
21 2 3 154345380455265735888051866614408783733069469131729653392847581211797560007608598637776660131083135996151921165040005978785778/183047180274788887439070488109223221027705375061798561816804802265306904093496182144533183509707911498577897520586878731394619
21 2 16 28701799819523151551018621494814437294635905930068908423957221053509344085887583506756523378624775502425976355546872752608841/183047180274788887439070488109223221027705375061798561816804802265306904093496182144533183509707911498577897520586878731394619
21 3 21 95610816538069976429262243807322674272231781274832637468164153386420900547079419354017765403426111084623457031100700681993041/549141540824366662317211464327669663083116125185395685450414406795920712280488546433599550529123734495733692561760636194183857
21 3 27 403671328863033940125437635301826972904232720300755027530468205681888509770046883275620930471799730127599353964394693589222604/549141540824366662317211464327669663083116125185395685450414406795920712280488546433599550529123734495733692561760636194183857
21 3 29 49859395423262745762511585218520015906651623609808020451782047727611301963362243803960854653897893283510881566265241922968212/549141540824366662317211464327669663083116125185395685450414406795920712280488546433599550529123734495733692561760636194183857
21 4 2 46476647453144482483802322309296881236715836136438301191629737486715187780607963101228153284279396731085806048858775725572718/549141540824366662317211464327669663083116125185395685450414406795920712280488546433599550529123734495733692561760636194183857
21 4 9 337125584990908671436507955604513846729846361455727554058230691683298372886825894475325012839130445926937602700393561126618443/1098283081648733324634422928655339326166232250370791370900828813591841424560977092867199101058247468991467385123521272388367714
21 4 16 50837452207575029444997076987609246645008211778872725484690982483370367068359477746418529837968713866782648662198632149060783/549141540824366662317211464327669663083116125185395685450414406795920712280488546433599550529123734495733692561760636194183857
21 4 21 10347664358119139909136248271064917447003082310388195265405117972776294313139878710518696178696265030089672550896041280106175/33281305504507070443467361474404222005037340920327011239419054957328528016999305844460578819946892999741435912833977951162658
21 4 25 37509395586409002056469996918645157986972679473605219955264631477792371607100053208243958012940675979305613136907255544829749/183047180274788887439070488109223221027705375061798561816804802265306904093496182144533183509707911498577897520586878731394619
21 5 7 29828275515257711324721311749060281451236087593006183894908654061096805795157628567820344589729710180866804832234895629120893/1098283081648733324634422928655339326166232250370791370900828813591841424560977092867199101058247468991467385123521272388367714
21 5 11 131492981615795214122439906378775934168865646034640704864963004918596970385096821525865203600982451875697206934569603557740798/549141540824366662317211464327669663083116125185395685450414406795920712280488546433599550529123734495733692561760636194183857
21 5 13 24908645602416684877686683729739671002483515460563307929904650338402810762932727059546390622413345582802997606441192588711307/122031453516525924959380325406148814018470250041199041211203201510204602728997454763022122339805274332385265013724585820929746
21 5 17 239178313913031330940305851935916576726761424955086719874198372306722685442946749058648883929483244648962071761636577407467751/1098283081648733324634422928655339326166232250370791370900828813591841424560977092867199101058247468991467385123521272388367714
21 5 22 3832849354919777332252484166783807165450010507409883108464857840415019805194090020865925070861996033886444911727926330308583/49921958256760605665201042211606333007556011380490516859128582435992792025498958766690868229920339499612153869250966926743987
21 5 24 28643336973207620990642349663989978109805730605036650849603005761341362219112727577114622019598398602168369793836164407900765/122031453516525924959380325406148814018470250041199041211203201510204602728997454763022122339805274332385265013724585820929746
21 6 4 489166702656356724767219212264739399757352181994546160483360129303985935808648979206220936952087315340864609300205294168707681/1098283081648733324634422928655339326166232250370791370900828813591841424560977092867199101058247468991467385123521272388367714
21 6 21 140249502271573384196661248702651222555571182251101597884901468956718190122822561982207016665422945896101738253208722950991719/366094360549577774878140976218446442055410750123597123633609604530613808186992364289066367019415822997155795041173757462789238
21 6 26 94183936088828223638609985141323129371083260811470208381382138708850459191930213857178557054945657981148780531844904683342438/549141540824366662317211464327669663083116125185395685450414406795920712280488546433599550529123734495733692561760636194183857
21 7 1 53683948580682018963605554387577955022236208440209766877638790605937767303458052479902483241348561818067666165654724061040093/549141540824366662317211464327669663083116125185395685450414406795920712280488546433599550529123734495733692561760636194183857
21 7 8 33310179907003025992429202457740145277167617111611975280320337862427639664738739701842381133982069194717170425946485436927727/549141540824366662317211464327669663083116125185395685450414406795920712280488546433599550529123734495733692561760636194183857
21 7 9 36021378868188705281572755568149764366811630146754996833469360199901139634324121856313228860663368495516604642456621868625546/549141540824366662317211464327669663083116125185395685450414406795920712280488546433599550529123734495733692561760636194183857
21 7 12 48282635739854589055654580016496752185597987470427337468739192192591268805233861837318305357935809297749733108422396453643291/122031453516525924959380325406148814018470250041199041211203201510204602728997454763022122339805274332385265013724585820929746
21 7 23 139236115092764840886105561226644275721139817246597285233106368840662304036276836085072722121612395431705634893201347190797121/366094360549577774878140976218446442055410750123597123633609604530613808186992364289066367019415822997155795041173757462789238
21 8 8 171290311347595163609702114207177059907765633526842405024671866777550998448233261058480425907188721226922141260771334982213538/549141540824366662317211464327669663083116125185395685450414406795920712280488546433599550529123734495733692561760636194183857
21 8 20 377851229476771498707509350120492603175350491658553280425742540018369713832255285375119124621935013268811551300989301211970319/549141540824366662317211464327669663083116125185395685450414406795920712280488546433599550529123734495733692561760636194183857
21 9 1 154758787017478332560928404801000630734975547850411450622013825813542715995864514298517539249336830169882237900397212763919111/366094360549577774878140976218446442055410750123597123633609604530613808186992364289066367019415822997155795041173757462789238
21 9 5 61783254884457148671278391757067339386529354580774996859639231983914247586670323078395917590235025078522541660752936689015645/366094360549577774878140976218446442055410750123597123633609604530613808186992364289066367019415822997155795041173757462789238
21 9 6 329974669598145986019119663962605240700191102021002822262717967757405854705233862381567103780647714946377012934639707427778343/1098283081648733324634422928655339326166232250370791370900828813591841424560977092867199101058247468991467385123521272388367714
21 9 18 118682286344780894918682875018530175101526441056229206193151672442064679108138718354891626758884188299876033505431116601785103/1098283081648733324634422928655339326166232250370791370900828813591841424560977092867199101058247468991467385123521272388367714
21 10 3 84170642327034935623464223952154807303031474130613927156322312649056890780886426580857488078536263835328369543603502671213271/183047180274788887439070488109223221027705375061798561816804802265306904093496182144533183509707911498577897520586878731394619
21 10 4 9539552719064847145660969241710358051435872391756748659785576175107363628468111256920686168558599844953428393122468169917489/1098283081648733324634422928655339326166232250370791370900828813591841424560977092867199101058247468991467385123521272388367714
21 10 5 106601406875892470984379027767399828702818114164520813989062049067100181891791234367632798786825638774160365550380872568314115/549141540824366662317211464327669663083116125185395685450414406795920712280488546433599550529123734495733692561760636194183857
21 10 14 123505620405224640593072853388633488963657101622103143774995087796064117487869317796622629614940002862074336122672014351514123/366094360549577774878140976218446442055410750123597123633609604530613808186992364289066367019415822997155795041173757462789238
21 11 1 37242735918058417569897567963247434980845168402945442191584309266821634750996800402162288048594822873493782823549380063386931/1098283081648733324634422928655339326166232250370791370900828813591841424560977092867199101058247468991467385123521272388367714
21 11 4 141304570191564850994939852180185574093870635313011797421848736693793044818336415018391666301286445006689880642841863138643049/366094360549577774878140976218446442055410750123597123633609604530613808186992364289066367019415822997155795041173757462789238
21 11 10 238826536492506153309546058365820127127163417014140485472808878210256310467363814605015667278809296569185210625232059719764640/549141540824366662317211464327669663083116125185395685450414406795920712280488546433599550529123734495733692561760636194183857
21 11 19 79736781085484023730306843709947457324724171000264782749040268911564017210121709099915239774087358979766769560491091734761178/549141540824366662317211464327669663083116125185395685450414406795920712280488546433599550529123734495733692561760636194183857
21 12 4 51183240594893130744207825973261633471347193995103495505105561695827190172127690573873364724350350934896756938965891010093/99843916513521211330402084423212666015112022760981033718257164871985584050997917533381736459840678999224307738501933853487974
21 12 7 81059941411362698771729874225005923103320839385989015564813826755469400168261589729568880312772787224095720484432704598622055/366094360549577774878140976218446442055410750123597123633609604530613808186992364289066367019415822997155795041173757462789238
21 12 14 427270120884050701940523509947307839444042456539439092877915586073389562482149459541089926553980626729448179671947266895695263/549141540824366662317211464327669663083116125185395685450414406795920712280488546433599550529123734495733692561760636194183857
21 13 11 53499735031752122365240026526700799152294074563657423394496893391143150772236394871841826888426250114736960992850523395374220/549141540824366662317211464327669663083116125185395685450414406795920712280488546433599550529123734495733692561760636194183857
21 13 15 18062935588871477095979130111179074330674144957352622283090473248513003293530322533459655760526996958394546247092774502081960/49921958256760605665201042211606333007556011380490516859128582435992792025498958766690868229920339499612153869250966926743987
21 13 19 296949514315028291896201006577999046293406456090859416941922307671134525279418603693701510274900517838656722850889593275908077/549141540824366662317211464327669663083116125185395685450414406795920712280488546433599550529123734495733692561760636194183857
21 14 9 680206930009822295360607489815891624151610142077995841815713201844082813651880254703919297460758918312305695768521133949156801/1098283081648733324634422928655339326166232250370791370900828813591841424560977092867199101058247468991467385123521272388367714
21 14 11 360474232138728553496047611525030862279000477940844334786030839383364466620185410407872816399462435706163453292721217282943101/1098283081648733324634422928655339326166232250370791370900828813591841424560977092867199101058247468991467385123521272388367714
21 14 18 872756356063370845117694353248739995994267126544715065137648066127184004377445875081924048454941135954518728216347290246482/16640652752253535221733680737202111002518670460163505619709527478664264008499652922230289409973446499870717956416988975581329
21 15 2 1
21 16 0 479038074051813070407374822061365034303703161885480229885129446906577590051723881300798365560393381184204818792258805467948895/1098283081648733324634422928655339326166232250370791370900828813591841424560977092867199101058247468991467385123521272388367714
21 16 4 166929506593164616648507359528864694499473257884407980731610621780895819160481746413290049353499404091225298647431478558725473/549141540824366662317211464327669663083116125185395685450414406795920712280488546433599550529123734495733692561760636194183857
21 16 6 25944181310053729175457580685113172987598415701499561777498011193042926926208156249074603344623207238619269912399955436633443/99843916513521211330402084423212666015112022760981033718257164871985584050997917533381736459840678999224307738501933853487974
21 17 0 93634741132039373494367762808125643323611984248183392519992177266562594727046309385956904269985685348452287366703202104158829/1098283081648733324634422928655339326166232250370791370900828813591841424560977092867199101058247468991467385123521272388367714
21 17 6 166590430702843605525086184951778547450788032878136892889993527399528489485129694176333712716060147190729571901867938189223065/549141540824366662317211464327669663083116125185395685450414406795920712280488546433599550529123734495733692561760636194183857
21 17 7 81054302017837759563845612082829157934190045113030986388123780657871516528412239295339990667557906115957107903569204317408224/183047180274788887439070488109223221027705375061798561816804802265306904093496182144533183509707911498577897520586878731394619
21 17 8 16277042833008817486647430183778078299187061128212724995510942965039790710919172364656192532718447992926278307308062541248143/183047180274788887439070488109223221027705375061798561816804802265306904093496182144533183509707911498577897520586878731394619
21 17 12 38164846834167433768794861759030073157128028712039898661770792142724443256549363410474481894405951372507156761624697968363789/549141540824366662317211464327669663083116125185395685450414406795920712280488546433599550529123734495733692561760636194183857
21 17 14 3716572112530803416444939608651008075508501831597375658499885167768373638194732782549569455223820621080441054856398939032325/366094360549577774878140976218446442055410750123597123633609604530613808186992364289066367019415822997155795041173757462789238
21 18 0 429211660754975792583676979264945434294645256720198930444948869495993259976099980312524809713668666228112319046449522163943285/549141540824366662317211464327669663083116125185395685450414406795920712280488546433599550529123734495733692561760636194183857
21 18 2 119929880069390869733534485062724228788470868465196755005465537299927452304388566121074740815455068267621373515311114030240572/549141540824366662317211464327669663083116125185395685450414406795920712280488546433599550529123734495733692561760636194183857
21 19 11 789124735198162689984843312834789156956612363253461757870271697246674791571016344230194427777268409051665183814069809366505/122031453516525924959380325406148814018470250041199041211203201510204602728997454763022122339805274332385265013724585820929746
21 19 12 726412071713014280431936248325544407107403924911929620150283425774759661144406791953709918862603793505255452637318902656374707/1098283081648733324634422928655339326166232250370791370900828813591841424560977092867199101058247468991467385123521272388367714
21 19 13 182384443659467789996311545257140908323109407094790297464856471270930845146215576907708716172824129902373472915937870723847231/549141540824366662317211464327669663083116125185395685450414406795920712280488546433599550529123734495733692561760636194183857
21 20 8 139004547392544267771268490356228352295536743597598616107771935830550602304396242412727106641126219683289312106920705215125268/549141540824366662317211464327669663083116125185395685450414406795920712280488546433599550529123734495733692561760636194183857
21 20 11 346767174321598669193912738123942057441338114583669868084618140943530961335989580505223131014720571810192484224986476213261306/549141540824366662317211464327669663083116125185395685450414406795920712280488546433599550529123734495733692561760636194183857
21 20 12 63369819110223725352030235847499253346241267004127201258024330021839148640102723515649312873276943002251896229853454765797283/549141540824366662317211464327669663083116125185395685450414406795920712280488546433599550529123734495733692561760636194183857
21 21 1 411104571280973287944601326128988154493180715369731077741057997622900693692731851527142508489206980984802957697905292711384922/549141540824366662317211464327669663083116125185395685450414406795920712280488546433599550529123734495733692561760636194183857
21 21 8 118302245092548317127896482258488130498603952834190182101430978082512685818925039302735725764361944112146931929775937785130524/549141540824366662317211464327669663083116125185395685450414406795920712280488546433599550529123734495733692561760636194183857
21 21 9 2192747161205006360523739548910375343481272997941602845325047898945259196536850622635701808394978822087089214897711744185379/61015726758262962479690162703074407009235125020599520605601600755102301364498727381511061169902637166192632506862292910464873
22 0 10 72997984202991748921737528799449242127007621941093799481183720493087107461584805560224908864894202545778297743958668462801568/549141540824366662317211464327669663083116125185395685450414406795920712280488546433599550529123734495733692561760636194183857
22 0 14 66307426182961146475890726776500807237763260062177018235487733476671718065037325838832739499837951464285895972069237596758489/549141540824366662317211464327669663083116125185395685450414406795920712280488546433599550529123734495733692561760636194183857
22 0 23 150467342836480380698147350939759242993553873477618119579865656567477687103465458598474487622928694088179742174862438784481052/549141540824366662317211464327669663083116125185395685450414406795920712280488546433599550529123734495733692561760636194183857
22 0 26 299294852511005721622248482107001169518419852144055091457033231465882835915662651605389456829867546057423242702389141252147183/1098283081648733324634422928655339326166232250370791370900828813591841424560977092867199101058247468991467385123521272388367714
22 0 28 219442722692861050820623233516919571931162887264958404850721361051485563385139261266745372253058226737556270639351441448138313/1098283081648733324634422928655339326166232250370791370900828813591841424560977092867199101058247468991467385123521272388367714
22 1 2 28480694301853396802491324370679798648990731790885501025946848683653330648859702343840675528021125956851002751801268972134571/61015726758262962479690162703074407009235125020599520605601600755102301364498727381511061169902637166192632506862292910464873
22 1 20 7139353000115425360780417032582831973607540560910343958136405678617481569413289900402198152312618682230371615143444750468381/183047180274788887439070488109223221027705375061798561816804802265306904093496182144533183509707911498577897520586878731394619
22 1 22 245739859376604403356869748479245745936889584635978979110613304216594170203420123974539228454013347165079879545728204645918311/549141540824366662317211464327669663083116125185395685450414406795920712280488546433599550529123734495733692561760636194183857
22 1 30 25657373730735411655578545414557233384487332748716165231870247390594121529091231663287647865982397672303673404390676547649264/549141540824366662317211464327669663083116125185395685450414406795920712280488546433599550529123734495733692561760636194183857
22 2 4 438102013493621957562278685147110333500553878674785683171921823957650036426376169886892585626798443928726063592488153914603869/1098283081648733324634422928655339326166232250370791370900828813591841424560977092867199101058247468991467385123521272388367714
22 2 9 53159508099711898232073886036841052342934194445229238180800268170334054064243409346026183534797656529600689404773892190163918/549141540824366662317211464327669663083116125185395685450414406795920712280488546433599550529123734495733692561760636194183857
22 2 16 411422688149586156778220609626680614093982654267089366439922491073363965137246177526973995813083542140969771245329517302102919/1098283081648733324634422928655339326166232250370791370900828813591841424560977092867199101058247468991467385123521272388367714
22 2 26 58834622498760961573129142282365704070737984539685194764917289115378678133593796988060185143714747492341317645027652462913983/1098283081648733324634422928655339326166232250370791370900828813591841424560977092867199101058247468991467385123521272388367714
22 2 30 7600431027940041114240610865954597255917213090797513651133333918616421521388557252110906127732311124566259439193469484401737/99843916513521211330402084423212666015112022760981033718257164871985584050997917533381736459840678999224307738501933853487974
22 3 1 137011753218501861146321578258267274173547437511255884642119200113715601072001043597203597447495627898602243502683468349209343/1098283081648733324634422928655339326166232250370791370900828813591841424560977092867199101058247468991467385123521272388367714
22 3 6 53958266691930291567051313326978426159086046160804251665099771627498266931329514691496573788044112538699743089503753928518672/183047180274788887439070488109223221027705375061798561816804802265306904093496182144533183509707911498577897520586878731394619
22 3 8 6473700153414571582824971750453295204034824077181094853191019993880163628749249503680653046598023981326218896221246364820424/549141540824366662317211464327669663083116125185395685450414406795920712280488546433599550529123734495733692561760636194183857
22 3 9 15633252060426529068203023950209689826530226200658264624622425315941031511151327880202245763711803962127152863418946014146848/549141540824366662317211464327669663083116125185395685450414406795920712280488546433599550529123734495733692561760636194183857
22 3 11 4860121830082904253995712953250240932822690802688353504094081421439708547350584063111974786893882517592540491231297318797329/16640652752253535221733680737202111002518670460163505619709527478664264008499652922230289409973446499870717956416988975581329
22 3 27 24776343915045075638183674919941783946430985669236356912934065388952097045096296198896357029715569437513842467569933879044371/99843916513521211330402084423212666015112022760981033718257164871985584050997917533381736459840678999224307738501933853487974
22 4 5 255086728808772592990003483303723676311523815028482786318006192277775870797810814783396383260148825428032738708988801032823102/549141540824366662317211464327669663083116125185395685450414406795920712280488546433599550529123734495733692561760636194183857
22 4 24 294054812015594069327207981023945986771592310156912899132408214518144841482677731650203167268974909067700953852771835161360755/549141540824366662317211464327669663083116125185395685450414406795920712280488546433599550529123734495733692561760636194183857
22 5 6 723508198626258126407413578163558892977115349522813484438444348714460502248421686872881830413424999886164226788484108304883239/1098283081648733324634422928655339326166232250370791370900828813591841424560977092867199101058247468991467385123521272388367714
22 5 7 41731482354768448614544997247902371316863414591690942895371422974687269514594359555187649225244763674539574490893412723518931/1098283081648733324634422928655339326166232250370791370900828813591841424560977092867199101058247468991467385123521272388367714
22 5 25 106360088163745168316290226721500890563629659737037894351993987763716178275971283439577101290271426594335784046343585608651173/549141540824366662317211464327669663083116125185395685450414406795920712280488546433599550529123734495733692561760636194183857
22 5 27 60161612170108206489941949900438140372497083391105577431512533187630648123009239779987709419517426121046007875728290071331599/549141540824366662317211464327669663083116125185395685450414406795920712280488546433599550529123734495733692561760636194183857
22 6 1 318492717513107014201602685688062242176894864862007842464377911127319469247743636976931418700828196298793935323891462668363916/549141540824366662317211464327669663083116125185395685450414406795920712280488546433599550529123734495733692561760636194183857
22 6 6 2049822571892722764005187179275034465749139375381804695482111773780603417032303015328698021520344323545977859922370335286745/183047180274788887439070488109223221027705375061798561816804802265306904093496182144533183509707911498577897520586878731394619
22 6 16 20409032326871043620326656100162028864452167472476584445417287304296312071058909128243821614884955020572893059827460229087246/49921958256760605665201042211606333007556011380490516859128582435992792025498958766690868229920339499612153869250966926743987
22 7 1 122430730664777932844888862511264276323480575241593563386968545969207709112595897847190054390104705782995358686893173805859779/366094360549577774878140976218446442055410750123597123633609604530613808186992364289066367019415822997155795041173757462789238
22 7 2 33239703724797169063964470873511252171398558449921524282173593935862820314103052626704927641681986339805396325078502467414191/366094360549577774878140976218446442055410750123597123633609604530613808186992364289066367019415822997155795041173757462789238
22 7 21 105211963080001336484643821416835456780265808216041017982233732312771639380146706907585692493814565437177520014601040594757634/183047180274788887439070488109223221027705375061798561816804802265306904093496182144533183509707911498577897520586878731394619
22 8 8 366565747272390612057985393684344712483562478988504452792116287311106758285335362870785432367303255166010199810186090462366357/1098283081648733324634422928655339326166232250370791370900828813591841424560977092867199101058247468991467385123521272388367714
22 8 9 42558246301299348720133563121394335228644531297775281561779237841693225174326427049379623381243879597372680059014274916201346/183047180274788887439070488109223221027705375061798561816804802265306904093496182144533183509707911498577897520586878731394619
22 8 10 476367856568546620255636156242628602310802583595635228738037099230575315229683167700135928403480936241221104959249532428793281/1098283081648733324634422928655339326166232250370791370900828813591841424560977092867199101058247468991467385123521272388367714
22 9 1 96701213044257710706067312242736453115294925388580963736172864026126216420150545369879600151288757354198309707875409348978617/1098283081648733324634422928655339326166232250370791370900828813591841424560977092867199101058247468991467385123521272388367714
22 9 13 43657240919230075464257090620266022214051170881367251758437991769624268829403097086329685247463039270169243412573920326087369/549141540824366662317211464327669663083116125185395685450414406795920712280488546433599550529123734495733692561760636194183857
22 9 17 836555288393053449246530626586432786520011791336218539797802407194302895442232142524283396385717802509352621490191750450034511/1098283081648733324634422928655339326166232250370791370900828813591841424560977092867199101058247468991467385123521272388367714
22 9 23 38856049186481006876655404292819021051411595941628681924988779416081887519894105400188367013157415293788983550153135968589924/549141540824366662317211464327669663083116125185395685450414406795920712280488546433599550529123734495733692561760636194183857
22 10 2 417774966213179404394215912378426225723190865531526112237451773430691005615312219813895559591835442017875636698421836488282007/1098283081648733324634422928655339326166232250370791370900828813591841424560977092867199101058247468991467385123521272388367714
22 10 13 104588707483947764682114376487423661710495038884043990757153665446579378518568231175720313452901878649044567589340241500723506/183047180274788887439070488109223221027705375061798561816804802265306904093496182144533183509707911498577897520586878731394619
22 10 15 52975870531867332147520757352371130180071151535001314120455047481674147834255485998981660749000755079324342889057986895744671/1098283081648733324634422928655339326166232250370791370900828813591841424560977092867199101058247468991467385123521272388367714
22 11 11 334116091784835423155102917695526500589329361869650023997221174221874059005423210263040207386397577919238900265788999346843973/1098283081648733324634422928655339326166232250370791370900828813591841424560977092867199101058247468991467385123521272388367714
22 11 14 764166989863897901479320010959812825576902888501141346903607639369967365555553882604158893671849891072228484857732273041523741/1098283081648733324634422928655339326166232250370791370900828813591841424560977092867199101058247468991467385123521272388367714
22 12 1 51990644117812789586060224675907143395481681777727334874657296861892751663043607816758968697530708742647321012276018503987091/366094360549577774878140976218446442055410750123597123633609604530613808186992364289066367019415822997155795041173757462789238
22 12 7 351146119342273093241670853131158881213580215194511821903923417149747661931670301973244270374492343068096950700801093094323995/1098283081648733324634422928655339326166232250370791370900828813591841424560977092867199101058247468991467385123521272388367714
22 12 19 453394617364765042539531873362648565950944258761229483461162088132116378069794782380806307316084306467609049203449893962674441/1098283081648733324634422928655339326166232250370791370900828813591841424560977092867199101058247468991467385123521272388367714
22 12 20 137770412588256820095039528133810448815262731081868060911771417724299129570381185062871617275078693227819422182442229819408005/1098283081648733324634422928655339326166232250370791370900828813591841424560977092867199101058247468991467385123521272388367714
22 13 4 405753981501968628388699261033391192334801362291845276605379638835321514276778058180164910224429104894775914233251607855077023/1098283081648733324634422928655339326166232250370791370900828813591841424560977092867199101058247468991467385123521272388367714
22 13 5 38968083206821476337204497720222310460068495128430112814402022240368970684866916866806784008826083639668215143783034128537653/549141540824366662317211464327669663083116125185395685450414406795920712280488546433599550529123734495733692561760636194183857
22 13 14 10018989155858636611753977880196570848352232693910302877241902911473599537484119588511322027974523954836463743723773676333075/99843916513521211330402084423212666015112022760981033718257164871985584050997917533381736459840678999224307738501933853487974
22 13 19 252192026509338370421010457749670616789709669094536268508492099124786187001069942739898040254223216657076969710871042918275780/549141540824366662317211464327669663083116125185395685450414406795920712280488546433599550529123734495733692561760636194183857
22 14 2 13647407364420531510433087925513021188447680428538936616726681918561103085297368736468998692741072991906569216318613173685225/1098283081648733324634422928655339326166232250370791370900828813591841424560977092867199101058247468991467385123521272388367714
22 14 4 35636169198121280890768121089505143350044491590345330266722044144812876286055553242245324176762819889502160084864219007700907/183047180274788887439070488109223221027705375061798561816804802265306904093496182144533183509707911498577897520586878731394619
22 14 15 870818659095585107779381114192795444877517620400180452683769866804403063759346404677258157304929476662547855398017345168477047/1098283081648733324634422928655339326166232250370791370900828813591841424560977092867199101058247468991467385123521272388367714
22 15 1 51848111033036201203794871454773759713580738866450138840966029096000811225205691543966471317131581780524076560839813918931604/549141540824366662317211464327669663083116125185395685450414406795920712280488546433599550529123734495733692561760636194183857
22 15 12 497293429791330461113416592872895903369535386318945546609448377699919901055282854889633079211992152715209616000920822275252253/549141540824366662317211464327669663083116125185395685450414406795920712280488546433599550529123734495733692561760636194183857
22 16 0 153327971659185507554615997998539488015578365603197614443979633890231446243382469957200601862750140675826275367811033986382489/1098283081648733324634422928655339326166232250370791370900828813591841424560977092867199101058247468991467385123521272388367714
22 16 2 53019170230385792483859463083567548800248527292176450561126928904371546885328710764421768267136103331637391512699762628023777/183047180274788887439070488109223221027705375061798561816804802265306904093496182144533183509707911498577897520586878731394619
22 16 13 626840088607233062176650152155394545349162721014535053090087606275380697005622358323467889592680708325816760679511662633842563/1098283081648733324634422928655339326166232250370791370900828813591841424560977092867199101058247468991467385123521272388367714
22 17 3 177259439800143151286687271806809270860530950356241086225896096941446137673866927731413038115599567210859700829818235281639235/549141540824366662317211464327669663083116125185395685450414406795920712280488546433599550529123734495733692561760636194183857
22 17 14 7722726544230967819632681374486244058003580917217066339972911859783754547358016594540308908334926423784343894246869367590516/49921958256760605665201042211606333007556011380490516859128582435992792025498958766690868229920339499612153869250966926743987
22 17 15 95644036345894288338188232467170569194848594913255623161605426465617758195227812054081038140613325541082069631742279289682982/183047180274788887439070488109223221027705375061798561816804802265306904093496182144533183509707911498577897520586878731394619
22 18 3 315243685334585362468906442031167536411892634233147157427511001445565766868880132674383905581015391671663582442734847870309431/549141540824366662317211464327669663083116125185395685450414406795920712280488546433599550529123734495733692561760636194183857
22 18 7 233897855489781299848305022296502126671223490952248528022903405350354945411608413759215644948108342824070110119025788323874426/549141540824366662317211464327669663083116125185395685450414406795920712280488546433599550529123734495733692561760636194183857
22 19 0 94366978988551646666403812177520654741368264634950831695893884774173673380681896583439694349293551069252338375767967454384807/549141540824366662317211464327669663083116125185395685450414406795920712280488546433599550529123734495733692561760636194183857
22 19 5 454774561835815015650807652150149008341747860550444853754520522021747038899806649850159856179830183426481354185992668739799050/549141540824366662317211464327669663083116125185395685450414406795920712280488546433599550529123734495733692561760636194183857
22 20 0 106948148612620277235881632489473778649856718472767023184608380822320829603374887008068351608606293916160395838287737657424761/122031453516525924959380325406148814018470250041199041211203201510204602728997454763022122339805274332385265013724585820929746
22 20 2 15083304903905647723498692916675035368613531568432018026594820687883773125622567754953770731198980416224869175436848163504985/122031453516525924959380325406148814018470250041199041211203201510204602728997454763022122339805274332385265013724585820929746
22 21 0 96531740276473436972836475794672592439827490143356509638307321120158750664924258402015445929408148464295050706796199995172329/549141540824366662317211464327669663083116125185395685450414406795920712280488546433599550529123734495733692561760636194183857
22 21 9 5755722336898004978995328945548531397273167342534847149406095568846177683598324420586704935744503898249485353974642877230840/49921958256760605665201042211606333007556011380490516859128582435992792025498958766690868229920339499612153869250966926743987
22 21 10 389296854842015170575426370131963225273283794274155857168640034418454007095982719405130350306526043150694302961243364549472288/549141540824366662317211464327669663083116125185395685450414406795920712280488546433599550529123734495733692561760636194183857
22 22 4 100991328099999345838041005124130110039170237798252226584701515101406450424493390627664336179436696309749144746640154545741311/366094360549577774878140976218446442055410750123597123633609604530613808186992364289066367019415822997155795041173757462789238
22 22 8 125142234688210769366288223604857643060767748091178028852408917978882257980724534596834857544466127418452650402370150532122178/183047180274788887439070488109223221027705375061798561816804802265306904093496182144533183509707911498577897520586878731394619
22 22 9 4939521024385630102507841294867015298235005380996279781363417823814280600349968155910771917015623950167116496597767284267857/122031453516525924959380325406148814018470250041199041211203201510204602728997454763022122339805274332385265013724585820929746
23 0 1 19296502933870061997048969835383413160982997579356211665212747905795466455317800138196586624929228282311014377752892198661785/549141540824366662317211464327669663083116125185395685450414406795920712280488546433599550529123734495733692561760636194183857
23 0 9 37967229605310310295176925506264180396051907661945463651784968455746147465668372435567690708090065610997185958779809937933748/183047180274788887439070488109223221027705375061798561816804802265306904093496182144533183509707911498577897520586878731394619
23 0 18 282447797615298046366001014054332951070638446982461816920333938814308184723487186913822649495381992647063548129692023493229213/549141540824366662317211464327669663083116125185395685450414406795920712280488546433599550529123734495733692561760636194183857
23 0 22 41541105878579897545016005846367883528553671751811244515416806890622713422898694354060834040216587909456623851381265498198912/549141540824366662317211464327669663083116125185395685450414406795920712280488546433599550529123734495733692561760636194183857
23 0 23 6798150609564514628476364587520829796053538104425269253780722201947767145710375385692211377071117374405432061975636049166394/49921958256760605665201042211606333007556011380490516859128582435992792025498958766690868229920339499612153869250966926743987
23 0 32 5724929625159354870124895870021248792732122245750686534169354532176822226321872826067361032181145901817065214954342883154123/183047180274788887439070488109223221027705375061798561816804802265306904093496182144533183509707911498577897520586878731394619
23 1 23 981483105054971755750332681672404919444596282887360792470557761067738369807983811566291591160488797339576831475429094918450095/1098283081648733324634422928655339326166232250370791370900828813591841424560977092867199101058247468991467385123521272388367714
23 1 26 116799976593761568884090246982934406721635967483430578430271052524103054752993281300907509897758671651890553648092177469917619/1098283081648733324634422928655339326166232250370791370900828813591841424560977092867199101058247468991467385123521272388367714
23 2 6 139405307037542694786448666086679853652505880693966112477841866932405741492458628172950958896899731557280837468074055567186131/549141540824366662317211464327669663083116125185395685450414406795920712280488546433599550529123734495733692561760636194183857
23 2 17 186996151466956541444231786811931949128921197640533098405555656662654554327821416867332905693871422422338153901069162173978239/549141540824366662317211464327669663083116125185395685450414406795920712280488546433599550529123734495733692561760636194183857
23 2 19 42391426583027410454148619613390729474612257207206501483042548119238626654677859934433462078373775454812242262931245594065961/1098283081648733324634422928655339326166232250370791370900828813591841424560977092867199101058247468991467385123521272388367714
23 2 27 403088738056707441718913403244724991128765836494586447650991218282482206265739142852197909798331385577417160122303591311973013/1098283081648733324634422928655339326166232250370791370900828813591841424560977092867199101058247468991467385123521272388367714
23 3 12 3426950979432442744694711081223297167053754015784220406646839217422417304596644106496610679213067997940282310632504016478244/183047180274788887439070488109223221027705375061798561816804802265306904093496182144533183509707911498577897520586878731394619
23 3 22 419727920461290580995162510371992456943088833044669307076209787548130666215201452079008662902235432523069894398268328742040439/1098283081648733324634422928655339326166232250370791370900828813591841424560977092867199101058247468991467385123521272388367714
23 3 26 657993455310848087171092151796007086220820893231416741384737990739176254518195776149210774080733628480755796861457919547457811/1098283081648733324634422928655339326166232250370791370900828813591841424560977092867199101058247468991467385123521272388367714
23 4 2 319198558624629455782107719375594386994134119687773229559782835550621822190880738325554910119462501908497344037051386834462463/549141540824366662317211464327669663083116125185395685450414406795920712280488546433599550529123734495733692561760636194183857
23 4 27 229942982199737206535103744952075276088982005497622455890631571245298890089607808108044640409661232587236348524709249359721394/549141540824366662317211464327669663083116125185395685450414406795920712280488546433599550529123734495733692561760636194183857
23 5 5 299939259114788710865207169202003410301582324053172562365325741128167409186880011213893186668750123076943066637951299043913101/1098283081648733324634422928655339326166232250370791370900828813591841424560977092867199101058247468991467385123521272388367714
23 5 8 195736826146712148332999724303323758211784363406321622751842944759720620394718269149795095117268283243139980792411697129323592/549141540824366662317211464327669663083116125185395685450414406795920712280488546433599550529123734495733692561760636194183857
23 5 14 135623390080173439034405436948896133147027066501658521010605727648077591528220181117905241384986926476081452300248859695269143/366094360549577774878140976218446442055410750123597123633609604530613808186992364289066367019415822997155795041173757462789238
23 6 0 47426109498872285345649541812260573251048740714296988961631700844463378056942554672669919992422112720372667139274004385170253/1098283081648733324634422928655339326166232250370791370900828813591841424560977092867199101058247468991467385123521272388367714
23 6 5 388782947635849507787472046805637089233766727419145974972857473470038519323837148405513397082499048276062192840639978319734583/1098283081648733324634422928655339326166232250370791370900828813591841424560977092867199101058247468991467385123521272388367714
23 6 11 5350068691475427624422060753490010718945561743382270523998541503080122803739999644369487424111567891531036658798424043689530/49921958256760605665201042211606333007556011380490516859128582435992792025498958766690868229920339499612153869250966926743987
23 6 15 272186256650776061882008001730330713932307211941469227719185863104788412748958698806443530326435907190674859325020980361146609/549141540824366662317211464327669663083116125185395685450414406795920712280488546433599550529123734495733692561760636194183857
23 7 4 116864165068776870672099610914467500136540061895121855151940313023893917889802802312156014423977834814793190025246121094725639/366094360549577774878140976218446442055410750123597123633609604530613808186992364289066367019415822997155795041173757462789238
23 7 7 544133321070706429854833080549479973874062842374746494215217424750798714427668295822094904454534123556823024947745054399278721/1098283081648733324634422928655339326166232250370791370900828813591841424560977092867199101058247468991467385123521272388367714
23 7 16 2534156809028261354328742379965368108294631428239771342342324983569821168378662185026724564820552242493729449868466989359350/49921958256760605665201042211606333007556011380490516859128582435992792025498958766690868229920339499612153869250966926743987
23 7 24 24634302595512422161343113833869792250011221814900723616376550021804148459928303673008035484287948609233790367155263489834396/183047180274788887439070488109223221027705375061798561816804802265306904093496182144533183509707911498577897520586878731394619
23 8 10 621915225080186704378786772412710723855429666775156142162791714361266109331293925167063172654766532750246280164271739959574433/1098283081648733324634422928655339326166232250370791370900828813591841424560977092867199101058247468991467385123521272388367714
23 8 16 21523744530275643741021009605705551800669316606093411202569305806797499282655000411502201534632336619087906661399106521532532/183047180274788887439070488109223221027705375061798561816804802265306904093496182144533183509707911498577897520586878731394619
23 8 19 6905903080793433021843588603542306836451862352838472442359762905782959833044904435804754655365575708058865122402207430267471/183047180274788887439070488109223221027705375061798561816804802265306904093496182144533183509707911498577897520586878731394619
23 8 24 305789970902132159678448566987141450488075509842043926868462686955092560535483738616294191263493462278340474256441648717993263/1098283081648733324634422928655339326166232250370791370900828813591841424560977092867199101058247468991467385123521272388367714
23 9 1 53849686760230767922104867479008893693972383837993153476632661072213059229320660401231964658842647113557114404552620527770326/549141540824366662317211464327669663083116125185395685450414406795920712280488546433599550529123734495733692561760636194183857
23 9 3 23025131355830452712401507247535722842621930917442960649814348426975441253539056558950929488927905948041309041543013919516139/366094360549577774878140976218446442055410750123597123633609604530613808186992364289066367019415822997155795041173757462789238
23 9 19 349766020234805451133037976795900783022253998572545216136282980585481273952858355526001839492116558505880695101483785047605116/549141540824366662317211464327669663083116125185395685450414406795920712280488546433599550529123734495733692561760636194183857
23 9 22 221976273591169528386932718362912804205913692797385749725554484995526434436001891335878704289545339908467838986819419479068413/1098283081648733324634422928655339326166232250370791370900828813591841424560977092867199101058247468991467385123521272388367714
23 10 2 173263802494173300843078497513778738248295795083527898788277345026491981989751896471310019620785478765440215293962666626218256/549141540824366662317211464327669663083116125185395685450414406795920712280488546433599550529123734495733692561760636194183857
23 10 4 2749352634228277089128693291990008155298118783288307325179293216873526692086355218549504199554402000880289027559403009556077/13559050390725102773264480600683201557607805560133226801244800167800511414333050529224680259978363814709473890413842868992194
23 10 5 17877427045651952618021701732879333960345812027886817483392765819508460823399186285450515175285407229997959510367380090065680/183047180274788887439070488109223221027705375061798561816804802265306904093496182144533183509707911498577897520586878731394619
23 10 6 170469436954878493639341280117870980360954924705202258027741978755994984660196352595802680411545366173640934030796222193743351/549141540824366662317211464327669663083116125185395685450414406795920712280488546433599550529123734495733692561760636194183857
23 10 11 2994610263119539842297370605317526837278085821468787371441141501594854231914470530287435917702473098593108080721761867926229/40677151172175308319793441802049604672823416680399680403734400503401534242999151587674040779935091444128421671241528606976582
23 11 0 32453003038713970735384165495996513176393496104947772545225757478331881234905842417520839566100289411477039554718737105858305/122031453516525924959380325406148814018470250041199041211203201510204602728997454763022122339805274332385265013724585820929746
23 11 9 12516642628300615509767909493171899414219857308759658595493144030832755780376210593009335648429947598035252164192075953978810/49921958256760605665201042211606333007556011380490516859128582435992792025498958766690868229920339499612153869250966926743987
23 11 11 55702150034089911823570546227272794263752661612043470726684436589484974457933090182681452496624591048069274053549514792138473/183047180274788887439070488109223221027705375061798561816804802265306904093496182144533183509707911498577897520586878731394619
23 11 17 196627016273154575859648152977952154883337954961288104532841208071624019530949336967217445718138470842982837197529878695278311/1098283081648733324634422928655339326166232250370791370900828813591841424560977092867199101058247468991467385123521272388367714
23 12 1 281008041463405571388092279427800348255374925589563431887383147473191223509736841994070422769073272961425487960533026415889845/549141540824366662317211464327669663083116125185395685450414406795920712280488546433599550529123734495733692561760636194183857
23 12 9 125160252951108935502558282765564029557620394434938428065235849286459315042021735341276440941296083860069352937215848925331238/549141540824366662317211464327669663083116125185395685450414406795920712280488546433599550529123734495733692561760636194183857
23 12 17 47657748803284051808853634044768428423373601720297941832598470012090057909576656366084228939584792558079617221337253617654258/183047180274788887439070488109223221027705375061798561816804802265306904093496182144533183509707911498577897520586878731394619
23 13 1 18953867020153385730800100307155721475255692689678395207156142809243676959880954537950590010918821862630888577435773957924804/183047180274788887439070488109223221027705375061798561816804802265306904093496182144533183509707911498577897520586878731394619
23 13 3 286235765942032482325246465236175130240698329952508024439272454104048698906221678674620280222731561229869920506326086744010501/549141540824366662317211464327669663083116125185395685450414406795920712280488546433599550529123734495733692561760636194183857
23 13 4 202855532361482260666740228897452609516445429500698128071765661843814238712200366269130166509052396611861222176068007470128921/1098283081648733324634422928655339326166232250370791370900828813591841424560977092867199101058247468991467385123521272388367714
23 13 13 209232815282265784932389167442602127316856004827006822707581386684467726277047642021124834038219018744080990470186447682668967/1098283081648733324634422928655339326166232250370791370900828813591841424560977092867199101058247468991467385123521272388367714
23 14 0 276797101907194805280691839406705071490929203791224206423201367877191603968358035583623195698589574755691363357779042697967715/1098283081648733324634422928655339326166232250370791370900828813591841424560977092867199101058247468991467385123521272388367714
23 14 3 184553840510439650244695541230905976370797296420371074961083231886021025651150692678816365877382192398064620875097227198771563/549141540824366662317211464327669663083116125185395685450414406795920712280488546433599550529123734495733692561760636194183857
23 14 12 452378298720659218864340006786822301933708453738825014555460981942607769290317671925943173604893509439646780015547775292856873/1098283081648733324634422928655339326166232250370791370900828813591841424560977092867199101058247468991467385123521272388367714
23 15 5 112611664255077043721731622674073643874826532725326665139072090608312053372552594825956776822322180959570292506715977089448241/549141540824366662317211464327669663083116125185395685450414406795920712280488546433599550529123734495733692561760636194183857
23 15 6 43316603798229815729044130699781046808528163189284833720498582552413999018192172565517788961104053068431693872845790068603910/549141540824366662317211464327669663083116125185395685450414406795920712280488546433599550529123734495733692561760636194183857
23 15 15 384217861725940116692277805708551466159516088273095513395217632214520485160677018047941508645776188002713021604360144972810265/549141540824366662317211464327669663083116125185395685450414406795920712280488546433599550529123734495733692561760636194183857
23 15 17 999490116124409574906433916140389582249482333076519243958455713408241636562973443798164011102368051668742730870969340369049/61015726758262962479690162703074407009235125020599520605601600755102301364498727381511061169902637166192632506862292910464873
23 16 0 232958517968867373336216054297717401923475361441056763285859866397516194132935370804600066817551973565718145481725716467018165/549141540824366662317211464327669663083116125185395685450414406795920712280488546433599550529123734495733692561760636194183857
23 16 4 152997658788477754202014599926521304957603856497808796053568512089206753215525484349790600507387778407562598924517681854631119/366094360549577774878140976218446442055410750123597123633609604530613808186992364289066367019415822997155795041173757462789238
23 16 9 173373069345565315355947020280340607446469957995251456168403544529188776648529898208627165900980186637343297386516793890438027/1098283081648733324634422928655339326166232250370791370900828813591841424560977092867199101058247468991467385123521272388367714
23 17 1 137550778262267774265108218650173350663106725584896242238304916404703433411921943452789251261063316408231364448918948698130923/1098283081648733324634422928655339326166232250370791370900828813591841424560977092867199101058247468991467385123521272388367714
23 17 8 26271430991639789550376459117848710228543733120258923659415880146252378776923006944176095015377632617715569579564973021519463/40677151172175308319793441802049604672823416680399680403734400503401534242999151587674040779935091444128421671241528606976582
23 17 9 63908406402148825495527208144316256021866851987345185587322085552043005980206501646230456457949571335736683453956321855871828/549141540824366662317211464327669663083116125185395685450414406795920712280488546433599550529123734495733692561760636194183857
23 17 15 20597808967982263586349316255769714548118504427368969780608493689039625368620159771532395244348154872240379186405901399577939/183047180274788887439070488109223221027705375061798561816804802265306904093496182144533183509707911498577897520586878731394619
23 18 0 119929880069390869733534485062724228788470868465196755005465537299927452304388566121074740815455068267621373515311114030240572/549141540824366662317211464327669663083116125185395685450414406795920712280488546433599550529123734495733692561760636194183857
23 18 4 164541395703047865667229485612694374429365108564763276612440347622284451355893687866083676535224086318807743822762951806201747/549141540824366662317211464327669663083116125185395685450414406795920712280488546433599550529123734495733692561760636194183857
23 18 10 127841721894524767364502172912354025744979855874278711398355031903268214527403074512090931630287319983973590520252071783933991/1098283081648733324634422928655339326166232250370791370900828813591841424560977092867199101058247468991467385123521272388367714
23 18 13 401498808209331086468392814392148093985580440436592596266662011844149402713009510380791334726601839834635559927121068931549085/1098283081648733324634422928655339326166232250370791370900828813591841424560977092867199101058247468991467385123521272388367714
23 19 1 604638916013631419578564935319505444501453527518577320712996696831875823239009098942156465105237426689243558503986292974321267/1098283081648733324634422928655339326166232250370791370900828813591841424560977092867199101058247468991467385123521272388367714
23 19 2 317504904343524700960901493055501990075379755744309445352721734871906061479387268186660534737915738490858451771011287292142529/1098283081648733324634422928655339326166232250370791370900828813591841424560977092867199101058247468991467385123521272388367714
23 19 3 29356543548596200682492750046721981931566494517984100805851730314676589973763454289730350202515717301894229141420615353650653/183047180274788887439070488109223221027705375061798561816804802265306904093496182144533183509707911498577897520586878731394619
23 20 3 377427490447819483470920954339897160896499010649377842667430783845315504081024736567539022655398442076489103167197601938628463/1098283081648733324634422928655339326166232250370791370900828813591841424560977092867199101058247468991467385123521272388367714
23 20 9 45177236142173365476405775062770460993466577218959016502042199333137664539003480794408539253871648729423625645023881147805591/1098283081648733324634422928655339326166232250370791370900828813591841424560977092867199101058247468991467385123521272388367714
23 20 12 337839177529370237843548099626335852138133331251227255865677915206694127970474437752625769574488689092777328155649894650966830/549141540824366662317211464327669663083116125185395685450414406795920712280488546433599550529123734495733692561760636194183857
23 21 0 242144323880822997458666039893180909483343153992811343378179889572911610784866328824316917485575595141811063419601621674264739/1098283081648733324634422928655339326166232250370791370900828813591841424560977092867199101058247468991467385123521272388367714
23 21 7 270110290037271032676369854907445343781964607637356140024466690924293017417449126079167574102422531574564834991223721565111196/549141540824366662317211464327669663083116125185395685450414406795920712280488546433599550529123734495733692561760636194183857
23 21 9 105306059231122753941005726315755909706319960367755915824571847390114592980404170628182345122608936900175550573824069194626861/366094360549577774878140976218446442055410750123597123633609604530613808186992364289066367019415822997155795041173757462789238
23 22 5 271505630588564144519346658771967321594839017082538377868005796131280008301374953852811988044948997167856943174484725810853340/549141540824366662317211464327669663083116125185395685450414406795920712280488546433599550529123734495733692561760636194183857
23 22 9 4498364889991952824408165796954308970598054767543600296723013571877831595862974005073913354616205263823732636452582088029645/33281305504507070443467361474404222005037340920327011239419054957328528016999305844460578819946892999741435912833977951162658
23 22 10 406825779101870592390260139811912486946818408876775805372957773457312965294749042994135984266014700949570321771616611861682749/1098283081648733324634422928655339326166232250370791370900828813591841424560977092867199101058247468991467385123521272388367714
23 23 2 261791732130702096631692062462750193676515437968457826203853486968307146958314836909256810319092271149113917470157569491140959/1098283081648733324634422928655339326166232250370791370900828813591841424560977092867199101058247468991467385123521272388367714
23 23 6 172015436382399105623432854924885325353460105988619671719333354567104344018569036697324607767058552851773201946388049991482963/1098283081648733324634422928655339326166232250370791370900828813591841424560977092867199101058247468991467385123521272388367714
23 23 7 479867457566583815635393198932627772798762965605910753988544776395056067536400826709217151878124784281894792973004466175143813/1098283081648733324634422928655339326166232250370791370900828813591841424560977092867199101058247468991467385123521272388367714
23 23 8 184608455569048306743904812335076034337493740807803118989097195661373866047692392551400531093971860708685472733971186730599979/1098283081648733324634422928655339326166232250370791370900828813591841424560977092867199101058247468991467385123521272388367714
24 0 4 151036859435866017506443611744995141765950848894527242197447294783366555579971686170261445336718944694373415390179237167875465/549141540824366662317211464327669663083116125185395685450414406795920712280488546433599550529123734495733692561760636194183857
24 0 6 102854439765067880348101068295680512733570031814306779707830198966210686847038211507690909252626198604268731797702585598680157/183047180274788887439070488109223221027705375061798561816804802265306904093496182144533183509707911498577897520586878731394619
24 0 20 89541362093297003766464647695632983116455180847948104129476515113922096159402225740265377434526193988554081778473642230267921/549141540824366662317211464327669663083116125185395685450414406795920712280488546433599550529123734495733692561760636194183857
24 1 7 223101597315011118378033275007715865327706110245028822936543609402433338587094184927900017535815183279462577013275386538202501/1098283081648733324634422928655339326166232250370791370900828813591841424560977092867199101058247468991467385123521272388367714
24 1 8 348093875040103288042306284634918434866128622912965547322142880831463633562013364060662937956508055515602723377572518421624302/549141540824366662317211464327669663083116125185395685450414406795920712280488546433599550529123734495733692561760636194183857
24 1 27 178993734253515630171777084377786591106268894299831453319999442526480818849856179817973207609416174680799361355100849006916609/1098283081648733324634422928655339326166232250370791370900828813591841424560977092867199101058247468991467385123521272388367714
24 2 2 405668116116814032358746397571508745756197949656084213290056054574485511567591532015180413612519574019859140415504914874194909/1098283081648733324634422928655339326166232250370791370900828813591841424560977092867199101058247468991467385123521272388367714
24 2 4 18642311097391619196542131759032620925513452887798904002335784873728725767641428949129172596495705214735887015493454496050261/549141540824366662317211464327669663083116125185395685450414406795920712280488546433599550529123734495733692561760636194183857
24 2 9 106867301670922929548842830612088276762812954793834767713370400672429326504266471508407802359535702918339421892917895387934073/549141540824366662317211464327669663083116125185395685450414406795920712280488546433599550529123734495733692561760636194183857
24 2 13 413861232515445668750367350443049310621411675144081585043278849051141728844645024013939363537495914288577691178793416907946999/1098283081648733324634422928655339326166232250370791370900828813591841424560977092867199101058247468991467385123521272388367714
24 2 17 4622417913307421005756542649756579068661635034559704856013589812316346600820789320500895666028194069479989285400040139709523/183047180274788887439070488109223221027705375061798561816804802265306904093496182144533183509707911498577897520586878731394619
24 3 3 7790988035238773105002808520840746387777429656936721475239670138673232690800899949231402546515930920401784876778072242594125/49921958256760605665201042211606333007556011380490516859128582435992792025498958766690868229920339499612153869250966926743987
24 3 10 106845148939992465026511984249103405665077553701240623509413076575215468923274644544984587952647174788386550629709236594536562/549141540824366662317211464327669663083116125185395685450414406795920712280488546433599550529123734495733692561760636194183857
24 3 24 187907905290870153607713811178078160910635692852574684183125042003588408462870108108387565615695381477075117458927629551683355/366094360549577774878140976218446442055410750123597123633609604530613808186992364289066367019415822997155795041173757462789238
24 3 25 21844448377285885514111417538679309104340107425049468179956184738373800767228935406813176582456624968502209024456618111123225/183047180274788887439070488109223221027705375061798561816804802265306904093496182144533183509707911498577897520586878731394619
24 3 27 6133546952389870787842411310775252315675322469227129932539227649863779174941356042699104262592248307872136683820870846811475/366094360549577774878140976218446442055410750123597123633609604530613808186992364289066367019415822997155795041173757462789238
24 4 13 35899461560064833841768520272024587521631807979378920943922170259309026923020614136295572847373710214562456853050960190787938/183047180274788887439070488109223221027705375061798561816804802265306904093496182144533183509707911498577897520586878731394619
24 4 15 13292226292378955061900141894157276848609883995193798278887158661136922933177741396218593883468916015325290944812173092649040/16640652752253535221733680737202111002518670460163505619709527478664264008499652922230289409973446499870717956416988975581329
24 4 26 311076499518515972133469000489529390454947711762619935041295577830574968506804216611025981392041705145746758200671507155747/61015726758262962479690162703074407009235125020599520605601600755102301364498727381511061169902637166192632506862292910464873
24 5 1 1576451388838116808375956260468190143847480934730224815878833841212921673500182846621901864364209128652374644181702791934539/11093768501502356814489120491468074001679113640109003746473018319109509338999768614820192939982297666580478637611325983720886
24 5 10 30875981991671795354011272435307026874287789660831934480154761111174475490780911837654709302813944153389406017497098053107873/99843916513521211330402084423212666015112022760981033718257164871985584050997917533381736459840678999224307738501933853487974
24 5 18 27389936011153182350503602821845963923098452343788537947596449594947406749357680038064955188874426343981764961684755336484625/49921958256760605665201042211606333007556011380490516859128582435992792025498958766690868229920339499612153869250966926743987
24 6 1 10511653003663969187176698182160732688410266065666614120419939555527261393291788424991261255135800985120116103438757634380481/49921958256760605665201042211606333007556011380490516859128582435992792025498958766690868229920339499612153869250966926743987
24 6 22 323667252428692031921119114082892162381006928708031391582910906228177945416662358394707183231374069966889544003632083622998224/549141540824366662317211464327669663083116125185395685450414406795920712280488546433599550529123734495733692561760636194183857
24 6 26 36615368451790323112382890080336480376532089918343846180961388485647630512538838454662831163751951230840957140100739531000114/183047180274788887439070488109223221027705375061798561816804802265306904093496182144533183509707911498577897520586878731394619
24 7 0 52031279268045283650118413267031580175647963728442010903543228410600092827674421747998255707819837553233114438078369282298791/99843916513521211330402084423212666015112022760981033718257164871985584050997917533381736459840678999224307738501933853487974
24 7 18 19054475595625647027871703343787979673673900860263347402334467562321672295353553641854864316603419522915533260934697843448971/122031453516525924959380325406148814018470250041199041211203201510204602728997454763022122339805274332385265013724585820929746
24 7 19 226721086838082834922063387824126810470658890956420738685326072827842100708965654671053267398374875290537900716840140003167867/1098283081648733324634422928655339326166232250370791370900828813591841424560977092867199101058247468991467385123521272388367714
24 7 22 127727642501521546310211664799773316700380650659138385655517020186503252089410816191471242024423604909125426239406789688872407/1098283081648733324634422928655339326166232250370791370900828813591841424560977092867199101058247468991467385123521272388367714
24 8 12 108115947222142046201289533940039023644693183528658262159813157313741676654715804508334378770399955420530824347802537763930/49921958256760605665201042211606333007556011380490516859128582435992792025498958766690868229920339499612153869250966926743987
24 8 17 660333874517919853457166571392976428556940544484855331871754097203695784261903123255383156818798540262823508077730965138971085/1098283081648733324634422928655339326166232250370791370900828813591841424560977092867199101058247468991467385123521272388367714
24 8 18 70825604485311455291015221912854856703173157403296694804710296015429960712273377190582642219207706699430175015925053365914505/366094360549577774878140976218446442055410750123597123633609604530613808186992364289066367019415822997155795041173757462789238
24 8 20 37182307139331996714630386962852911496598163939735912141237989813492240212641681723480776874812834935183612310393915220141109/183047180274788887439070488109223221027705375061798561816804802265306904093496182144533183509707911498577897520586878731394619
24 9 11 316039348326795574944097459914026305194186328251714996721591423436406169797536399950375765137838626491617253437932905878199170/549141540824366662317211464327669663083116125185395685450414406795920712280488546433599550529123734495733692561760636194183857
24 9 12 12639784010260026832670240295325788743063593745684555281240734601986411633337138130313340379009055598432597764698287798160984/183047180274788887439070488109223221027705375061798561816804802265306904093496182144533183509707911498577897520586878731394619
24 9 14 47341774186652984402771053786194573145990994848695818934068613857618765788542631427652936936899205056475562286253609543643348/549141540824366662317211464327669663083116125185395685450414406795920712280488546433599550529123734495733692561760636194183857
24 9 16 147841066280138022472332229741471418513748020847931203951032165695936541794398100664630827317358736152343083543479257377858387/549141540824366662317211464327669663083116125185395685450414406795920712280488546433599550529123734495733692561760636194183857
24 10 0 26573252121963949672351287519600112121681934953912632404905062587778469404151865490264194178566045582386132236951396828144613/122031453516525924959380325406148814018470250041199041211203201510204602728997454763022122339805274332385265013724585820929746
24 10 3 77032420006067682977689087886465807752971558756144336251342260684794893726510990917480412977732691347953549985613297607970268/549141540824366662317211464327669663083116125185395685450414406795920712280488546433599550529123734495733692561760636194183857
24 10 10 67631617559351218333194392286021897459074437358408758890723203187678147552099498173082708073496970501207373915846688909140430/183047180274788887439070488109223221027705375061798561816804802265306904093496182144533183509707911498577897520586878731394619
24 10 22 299269267182815101628716811489875316810705094122836453409659509806176527157991332581364279054705853046840851524651972264283081/1098283081648733324634422928655339326166232250370791370900828813591841424560977092867199101058247468991467385123521272388367714
24 11 2 74259216137653109227671959512948554620599294188159992244340477506592962279348280797739587299177240987862424658975881871855248/183047180274788887439070488109223221027705375061798561816804802265306904093496182144533183509707911498577897520586878731394619
24 11 3 108787964137135778211398528596274666407106080873638569572464324758713941814147901346793596210530670510715472861610996859539371/183047180274788887439070488109223221027705375061798561816804802265306904093496182144533183509707911498577897520586878731394619
24 12 16 217200579289444380133617456488150674071989276414894483213547212593954107603735172570723434145226373224897913039807393123586369/1098283081648733324634422928655339326166232250370791370900828813591841424560977092867199101058247468991467385123521272388367714
24 12 17 185233917509648618858925734598008832605799185846435337614751479960161714632646271027507992715882999689324882488597050511121205/366094360549577774878140976218446442055410750123597123633609604530613808186992364289066367019415822997155795041173757462789238
24 12 18 162690374915171543962014134186581077138422708208295437421513580558701086529651553606975844382686048349297412308961363865708865/549141540824366662317211464327669663083116125185395685450414406795920712280488546433599550529123734495733692561760636194183857
24 13 6 499041440105908056687888703508760321355948660249453896503573609572320778929344663634082524473905260268443320942021114650708597/1098283081648733324634422928655339326166232250370791370900828813591841424560977092867199101058247468991467385123521272388367714
24 13 11 495294552838264615954087534746771466975070853171503719863229956374117561328824402679068812852439968987798669760639576979473003/1098283081648733324634422928655339326166232250370791370900828813591841424560977092867199101058247468991467385123521272388367714
24 13 18 5774838261364480666247038355544863213067374274990764140779180424744615794600445919669320207327902207512521912270032264343673/61015726758262962479690162703074407009235125020599520605601600755102301364498727381511061169902637166192632506862292910464873
24 14 7 199071477949595239917601183437017820872493004068046531654933974655909270239059855420757764562623153421046028977146806883852442/549141540824366662317211464327669663083116125185395685450414406795920712280488546433599550529123734495733692561760636194183857
24 14 12 264261529957897816094207001126593366045257648623233928187525134442429090276390876362900577901231185098548899907295428834506027/549141540824366662317211464327669663083116125185395685450414406795920712280488546433599550529123734495733692561760636194183857
24 14 17 85808532916873606305403279764058476165365472494115225607955297697582351765037814649941208065269395976138763677318400475825388/549141540824366662317211464327669663083116125185395685450414406795920712280488546433599550529123734495733692561760636194183857
24 15 1 752474531934471305859117910494987325027011399267745692419359357111114105138531371975580055894687779374860258814683435257562035/1098283081648733324634422928655339326166232250370791370900828813591841424560977092867199101058247468991467385123521272388367714
24 15 11 115916221665709490663101354759963242095885157052040300721803430189313177457564417375813151277019250608083018997330524141418551/549141540824366662317211464327669663083116125185395685450414406795920712280488546433599550529123734495733692561760636194183857
24 15 13 37992035460947679149700769546808505649150178999655025679287532034033654835772295379997580869840396133480362771392262949322859/366094360549577774878140976218446442055410750123597123633609604530613808186992364289066367019415822997155795041173757462789238
24 16 4 52610705714524049493911215536483271053806044954310678830761382149562739313634798124137874429069660643366271224024909311995501/1098283081648733324634422928655339326166232250370791370900828813591841424560977092867199101058247468991467385123521272388367714
24 16 5 311200988220914354442140470206125124913051622984810012159365705845719572380016024104875948675120524150881395900109047396936749/549141540824366662317211464327669663083116125185395685450414406795920712280488546433599550529123734495733692561760636194183857
24 16 11 57843673555725845463729886926879763165989971729339700554773227938682963985407006030306111776170627963452301311862691812393651/1098283081648733324634422928655339326166232250370791370900828813591841424560977092867199101058247468991467385123521272388367714
24 16 16 182713362968327360396250442889863021060166493858760483598281395906078288250951620251501608751383066041443010393707788235052532/549141540824366662317211464327669663083116125185395685450414406795920712280488546433599550529123734495733692561760636194183857
24 17 1 107455222562003755489227747779784796327010510106995437736109148475132367094991888712349095008916072590690493568414776512960197/549141540824366662317211464327669663083116125185395685450414406795920712280488546433599550529123734495733692561760636194183857
24 17 14 441686318262362906827983716547884866756105615078400247714305258320788345185496657721250455520207661905043198993345859681223660/549141540824366662317211464327669663083116125185395685450414406795920712280488546433599550529123734495733692561760636194183857
24 18 12 512021827452301766764518449236992277588874797668908940450761563475709452796878828585851903883966127090192647595216339659092912/549141540824366662317211464327669663083116125185395685450414406795920712280488546433599550529123734495733692561760636194183857
24 18 13 37119713372064895552693015090677385494241327516486744999652843320211259483609717847747646645157607405541044966544296535090945/549141540824366662317211464327669663083116125185395685450414406795920712280488546433599550529123734495733692561760636194183857
24 19 2 267200166659133551007197981593783127108679444258101565707744962146960858897395699272710446713928034126439961693081742128212978/549141540824366662317211464327669663083116125185395685450414406795920712280488546433599550529123734495733692561760636194183857
24 19 3 140189308046169495601756865696505451396929641633328356540911266057011082788362865501702195277843326037861762114915651721110218/549141540824366662317211464327669663083116125185395685450414406795920712280488546433599550529123734495733692561760636194183857
24 19 4 16427387567473713205606116416061051690682891229192778039542827883672156632224135570996947612813564878667720668977655586460619/1098283081648733324634422928655339326166232250370791370900828813591841424560977092867199101058247468991467385123521272388367714
24 19 7 3813684786621100208286577118873553149944150597358778405498295397345281889091001963543782502172785779769794660495947948877881/20338575586087654159896720901024802336411708340199840201867200251700767121499575793837020389967545722064210835620764303488291
24 19 9 61137766193114106963431953239529247367347055101364714467065577843580162546321721716012614344560751676627305171767639863855129/1098283081648733324634422928655339326166232250370791370900828813591841424560977092867199101058247468991467385123521272388367714
24 20 0 15083304903905647723498692916675035368613531568432018026594820687883773125622567754953770731198980416224869175436848163504985/122031453516525924959380325406148814018470250041199041211203201510204602728997454763022122339805274332385265013724585820929746
24 20 4 560169034545299515953670033350522683044130638796051248826656276832890783498248067514017982467967067294735186749907999680953303/1098283081648733324634422928655339326166232250370791370900828813591841424560977092867199101058247468991467385123521272388367714
24 20 9 201182151484141489584632329527370662402289913729425979917409575283998341466062957779298591004744788975354187897340819617934773/549141540824366662317211464327669663083116125185395685450414406795920712280488546433599550529123734495733692561760636194183857
24 21 1 138036969543393374372610138198681508589935409815664607709356409173020018587756694906457042039916753510930734863855343482798935/549141540824366662317211464327669663083116125185395685450414406795920712280488546433599550529123734495733692561760636194183857
24 21 2 81720074486615553996908864803013516849892367264925417519981616333710956598164457010509843780652889595805582657780409748405963/366094360549577774878140976218446442055410750123597123633609604530613808186992364289066367019415822997155795041173757462789238
24 21 9 257359547137396930414905869457522882817019667122206246358622401489735107221958677965817085191259910492110388221434812888128817/1098283081648733324634422928655339326166232250370791370900828813591841424560977092867199101058247468991467385123521272388367714
24 21 10 159844685982351491741785094195706437809832330911239828281774372377466705184505827028469200222597691345039389600517271644711569/549141540824366662317211464327669663083116125185395685450414406795920712280488546433599550529123734495733692561760636194183857
24 22 3 62035165336384069498759307673953323495547894437106479209494657970398524953451844429391785396618536483761271844837241742417049/183047180274788887439070488109223221027705375061798561816804802265306904093496182144533183509707911498577897520586878731394619
24 22 5 277635910235802517797864805555702341488277108102857307582408610664640703979113592580787562484174737327876749387275910383330517/549141540824366662317211464327669663083116125185395685450414406795920712280488546433599550529123734495733692561760636194183857
24 22 6 9663457607472989966213809054156200064355076112698792933345334012571613768864601093781379377051394941445112638607480255176851/183047180274788887439070488109223221027705375061798561816804802265306904093496182144533183509707911498577897520586878731394619
24 22 10 56409761756992966124427308587638750915130105433122561439485820182369592134425617283292493723939202892237789724150559818071640/549141540824366662317211464327669663083116125185395685450414406795920712280488546433599550529123734495733692561760636194183857
24 23 0 335967109037425048008473315883852461703160885405657523708393448610106183171647128041653497596794866820347968678487099142671644/549141540824366662317211464327669663083116125185395685450414406795920712280488546433599550529123734495733692561760636194183857
24 23 4 128275192355109933655997731181587800659541788447866169672475496077148059563020611457726954094299295166241717929552028412757229/549141540824366662317211464327669663083116125185395685450414406795920712280488546433599550529123734495733692561760636194183857
24 23 6 48924440316657807467389256589517461917092346388731779099551662612212712352919961948207997943039585212836976078216365869238/584815272443414975843675680860138086350496405948238216667107994457849533845035725701383972874466170921974113484303126937363
24 23 8 4328798886054444382317989480519167108918193119205872388340716768422081405158773629427976529946155777143342824030704565282278/61015726758262962479690162703074407009235125020599520605601600755102301364498727381511061169902637166192632506862292910464873
24 24 0 1288518496074650999889078957142027277302348285638281054696925965702700290809243540035430001100508474841238982392717143499319/122031453516525924959380325406148814018470250041199041211203201510204602728997454763022122339805274332385265013724585820929746
24 24 5 226555086403706353624945080361075972722086121460344455623992529944188660057353376503620669929403617014907034577047502023217855/549141540824366662317211464327669663083116125185395685450414406795920712280488546433599550529123734495733692561760636194183857
24 24 8 633576242376648758385531057318909135226338872879357930160571420012139801828987147999638891189535658688082165127891814050438133/1098283081648733324634422928655339326166232250370791370900828813591841424560977092867199101058247468991467385123521272388367714
25 0 13 32/33
25 0 24 1/33
25 1 6 292888034864802503040068213471948593098382944974340242662365408490827407717816074767333040656375688700457394773785038036147289/1098283081648733324634422928655339326166232250370791370900828813591841424560977092867199101058247468991467385123521272388367714
25 1 14 82116926984483555109715209896342778370750302966993759450670664440434565210241785346431340776638610788490710189771995532571643/366094360549577774878140976218446442055410750123597123633609604530613808186992364289066367019415822997155795041173757462789238
25 1 19 26511088859288087248702106258576694028465487267986184637719288318644688102069605972783813953725143209729035647986483212285251/61015726758262962479690162703074407009235125020599520605601600755102301364498727381511061169902637166192632506862292910464873
25 1 23 40922333181647292894285586419990952721609812835859263203752111022052967687591377275231693452451685075207609058331774966685489/549141540824366662317211464327669663083116125185395685450414406795920712280488546433599550529123734495733692561760636194183857
25 2 8 28633093001221323700550704280754525594713324556197973621543007426330494561322883149025323402558204709445051760887742926205337/99843916513521211330402084423212666015112022760981033718257164871985584050997917533381736459840678999224307738501933853487974
25 2 14 160342724733096173439646176964397617817193482483908152579097427373575541241438870593991186203270755062741581766946024799792904/549141540824366662317211464327669663083116125185395685450414406795920712280488546433599550529123734495733692561760636194183857
25 2 30 154211203056368805683024275879414769663332905094932451968553625718351633967849212346646057074521902354029550739954683533507733/366094360549577774878140976218446442055410750123597123633609604530613808186992364289066367019415822997155795041173757462789238
25 3 3 56484457431182186436882626209955607464592916399096561080226167841871683674422110652130640541705236475867820992018264273042807/549141540824366662317211464327669663083116125185395685450414406795920712280488546433599550529123734495733692561760636194183857
25 3 14 142196092903007671536649602035837186755687604784255345949323035225415131002229001041479117978662202101648661929989376643905487/1098283081648733324634422928655339326166232250370791370900828813591841424560977092867199101058247468991467385123521272388367714
25 3 28 843118073883361280224008074199590924481358812788342902791053442682682926209903870521458701996174793938083081209495367198376613/1098283081648733324634422928655339326166232250370791370900828813591841424560977092867199101058247468991467385123521272388367714
25 4 11 149404843649027492519917803107729086986458733929107636346066608353058673289799703765863807305011097718408243604403711065184917/366094360549577774878140976218446442055410750123597123633609604530613808186992364289066367019415822997155795041173757462789238
25 4 17 170482805345328172913243312639038787691689426920016128091467357532085141016304593163970659977888082592455827275021157599225317/1098283081648733324634422928655339326166232250370791370900828813591841424560977092867199101058247468991467385123521272388367714
25 4 18 177209222460711916202469089255611400568400375675412796487162910044609010585746859287624804893211452961644287116218821568551716/549141540824366662317211464327669663083116125185395685450414406795920712280488546433599550529123734495733692561760636194183857
25 4 19 62583650217449420878244014090945238189182935156313370398417905455681121251889834915193704689451593660249126401425669228242107/549141540824366662317211464327669663083116125185395685450414406795920712280488546433599550529123734495733692561760636194183857
25 5 0 64559398061370683813839171427586741984508821543196584504859387076696917571594972923723302685873171012988682688216466562283744/183047180274788887439070488109223221027705375061798561816804802265306904093496182144533183509707911498577897520586878731394619
25 5 16 147431773343512539468473882238514952664762696804902459986208307011032696170053655895474692115695630174655047976086750269606572/549141540824366662317211464327669663083116125185395685450414406795920712280488546433599550529123734495733692561760636194183857
25 5 21 42871910005473038280989988322904741482373632786260186758669731243259675513065830824743758364161504336004053726155657498771039/549141540824366662317211464327669663083116125185395685450414406795920712280488546433599550529123734495733692561760636194183857
25 5 22 55053221097089677708743359827829914327484443654881095063652735770512529294194713647403730663882362315369514264956276246318338/183047180274788887439070488109223221027705375061798561816804802265306904093496182144533183509707911498577897520586878731394619
25 6 2 493299794503194255468865784983020341810837651449292248388191844096380150643706221530729187070805116179586597841463364888767665/1098283081648733324634422928655339326166232250370791370900828813591841424560977092867199101058247468991467385123521272388367714
25 6 3 69396473776948907905687870305116352621016907992038890020181212303774940740768447533672807236123417890811303093270333512238807/183047180274788887439070488109223221027705375061798561816804802265306904093496182144533183509707911498577897520586878731394619
25 6 17 188604444483845621731429921841620868629293150969265782391549695672811629472660186134433070570701845467012968722435906426167207/1098283081648733324634422928655339326166232250370791370900828813591841424560977092867199101058247468991467385123521272388367714
25 7 2 10325114043644525300856624261606728724110150031472435226810855570913169381053935360004844913646739070443758013851398359980640/49921958256760605665201042211606333007556011380490516859128582435992792025498958766690868229920339499612153869250966926743987
25 7 9 185133899016336813847877998675246553716246605101651685864249466080696108778897173021430302247134299342093578123972402226266856/549141540824366662317211464327669663083116125185395685450414406795920712280488546433599550529123734495733692561760636194183857
25 7 11 225376457519914875498338295673576223450935879024465848384893410324086868811311825726358394248822215184648545564961272446782297/549141540824366662317211464327669663083116125185395685450414406795920712280488546433599550529123734495733692561760636194183857
25 7 25 8351643269341731553857434367057623316907330237693787902117373037030957166228752908585853327684363398036743573487193187115888/183047180274788887439070488109223221027705375061798561816804802265306904093496182144533183509707911498577897520586878731394619
25 8 3 14560243344280633113169329157629732507260908305151413131651747278119768401924297408651294470441792286749765554283521892784831/99843916513521211330402084423212666015112022760981033718257164871985584050997917533381736459840678999224307738501933853487974
25 8 7 202521804810031507012745661670443963277049303486842532580333997831932552787402417956919369903118949073216067202439765140001541/366094360549577774878140976218446442055410750123597123633609604530613808186992364289066367019415822997155795041173757462789238
25 8 12 119444147288327014361648094501289351234354496273515215387905467944013229700804905639974750937930754340396516423791186595803340/549141540824366662317211464327669663083116125185395685450414406795920712280488546433599550529123734495733692561760636194183857
25 8 16 565843801573443275481648974737664668435218246954122209480534963880863298617239235934118829001045666276411910935190512074835/6779525195362551386632240300341600778803902780066613400622400083900255707166525264612340129989181907354736945206921434496097
25 9 9 14000580129086521831139508286377785257997393901295498666741053910368249184597535194264626373330241643181566219267890776359790/49921958256760605665201042211606333007556011380490516859128582435992792025498958766690868229920339499612153869250966926743987
25 9 17 133935776239255566277992690590327284994607864322461410176657681072516231268511668845563545767612434876046218886294075629807115/1098283081648733324634422928655339326166232250370791370900828813591841424560977092867199101058247468991467385123521272388367714
25 9 18 210895416476384661313848430481868912069033429173493515140853284440200377579529987846762525025206459837749342255889045828034776/549141540824366662317211464327669663083116125185395685450414406795920712280488546433599550529123734495733692561760636194183857
25 9 22 108681739401590628802536878452080628952989886518337204118730201224115359388119908159221960500855460698825536994509995221180731/1098283081648733324634422928655339326166232250370791370900828813591841424560977092867199101058247468991467385123521272388367714
25 9 23 62930985107607163320563658174441156202312487677252377827715588193353798342069882947533382263050668795551243953522756400697468/549141540824366662317211464327669663083116125185395685450414406795920712280488546433599550529123734495733692561760636194183857
25 10 8 27294865939404582208459314424531520246043327094462771818162643070039488976694507253705919378701251880793126370861464941249906/549141540824366662317211464327669663083116125185395685450414406795920712280488546433599550529123734495733692561760636194183857
25 10 17 659146429962059575133594057892900920490077227159748026016792155129827093490330137887421921602787081479476794597803972462948035/1098283081648733324634422928655339326166232250370791370900828813591841424560977092867199101058247468991467385123521272388367714
25 10 21 14242478511402392040144823774569457969780309963782140786952273048960568633972516313791308914742884583348308806814606297885921/40677151172175308319793441802049604672823416680399680403734400503401534242999151587674040779935091444128421671241528606976582
25 11 5 309931545344535864238406092765397698786996731074592589207707368872223191055096221412184954193460387945527043124510828980919812/549141540824366662317211464327669663083116125185395685450414406795920712280488546433599550529123734495733692561760636194183857
25 11 15 293339156225899873704897070494676048980323712765747136104488695214042839924125779583538625549116468488827241327129904397597195/1098283081648733324634422928655339326166232250370791370900828813591841424560977092867199101058247468991467385123521272388367714
25 11 17 61693611577920574150904557543289293203971691818619685460308460211117400842219623486430189040736741537195352515789903342976965/366094360549577774878140976218446442055410750123597123633609604530613808186992364289066367019415822997155795041173757462789238
25 12 0 324796440869038585178755800024292460408375629888187736906056066342953762023132537950542801155575025213127281058846564822998467/1098283081648733324634422928655339326166232250370791370900828813591841424560977092867199101058247468991467385123521272388367714
25 12 3 50938349086666527492401170338195893686902826511049325987334647866717357540253548638153670156934550878820463618778277949212030/549141540824366662317211464327669663083116125185395685450414406795920712280488546433599550529123734495733692561760636194183857
25 12 7 8796953497005666062865621891029146898208913351563806161734655846819922297256243416163691723414566791844490384912016175448744/549141540824366662317211464327669663083116125185395685450414406795920712280488546433599550529123734495733692561760636194183857
25 12 8 549299508918177482015358559334024976635423366455769383179439136421890396365092758050015466658489921494621807728055071328363161/1098283081648733324634422928655339326166232250370791370900828813591841424560977092867199101058247468991467385123521272388367714
25 12 12 17452754449028811721629164139761967992034962383601331086199167233320451082955368793001018247247381157064731388206507997947423/183047180274788887439070488109223221027705375061798561816804802265306904093496182144533183509707911498577897520586878731394619
25 13 6 313306517724313803683989806323618640503811728305443909794895435812745271930902015759959602393501388908257943241959072574480659/1098283081648733324634422928655339326166232250370791370900828813591841424560977092867199101058247468991467385123521272388367714
25 13 9 152631759338785182524553254318040467566711044579134247556971333589854120307088266062488501085755113088122159537716618741796553/1098283081648733324634422928655339326166232250370791370900828813591841424560977092867199101058247468991467385123521272388367714
25 13 13 19/33
25 14 0 184490014150773557409573192696458580983531787625207840351091729946147052301833096842303938905705550794590626820482962190295635/1098283081648733324634422928655339326166232250370791370900828813591841424560977092867199101058247468991467385123521272388367714
25 14 3 108950098531301131285606088782511197041817018662535912101828248778873750045135070267665318398714835929293351297809338359155751/549141540824366662317211464327669663083116125185395685450414406795920712280488546433599550529123734495733692561760636194183857
25 14 5 69433965927617956522637822539627012652728209148284788597838432292546007302829403306484506500657103843046623109537750096792657/1098283081648733324634422928655339326166232250370791370900828813591841424560977092867199101058247468991467385123521272388367714
25 14 11 62040539317388596785365049495654808293891604253000788190968623468230114843375255142977534743128807395584121705641625502094333/1098283081648733324634422928655339326166232250370791370900828813591841424560977092867199101058247468991467385123521272388367714
25 14 14 456636472093225909460098693135448596240310912846719390677349409289388795123416733475338031599182867992511138777462189020730799/1098283081648733324634422928655339326166232250370791370900828813591841424560977092867199101058247468991467385123521272388367714
25 14 18 53890946548562520942767996611563966956067849586253369439962060518890977449626231782382226256071733553574086057389034430071394/549141540824366662317211464327669663083116125185395685450414406795920712280488546433599550529123734495733692561760636194183857
25 15 4 75496129494567327885625743672308738156229333779362689437917215389235845608801653392092127826602144290142891341848253864790296/549141540824366662317211464327669663083116125185395685450414406795920712280488546433599550529123734495733692561760636194183857
25 15 5 143986392589281170467180924734543716880131085703375478592058180259411229087669707075805300038629178345425249771712911056063733/366094360549577774878140976218446442055410750123597123633609604530613808186992364289066367019415822997155795041173757462789238
25 15 6 515331644891755157461628667107090699213380325701939556248819842035136046080364664855598945289155645374905853124686031490595923/1098283081648733324634422928655339326166232250370791370900828813591841424560977092867199101058247468991467385123521272388367714
25 16 3 271826515596349216140049567184211465050371657042358909671275595799692742740042404022018855638571931487956503641453738239962715/549141540824366662317211464327669663083116125185395685450414406795920712280488546433599550529123734495733692561760636194183857
25 16 7 36998556262325991715460459154523709283122104109244611336334678764067144045284250500048542522045424068356438613281365245998913/183047180274788887439070488109223221027705375061798561816804802265306904093496182144533183509707911498577897520586878731394619
25 16 9 120127512862567261581546044130066218443436725784849660179225979189722069802201658211467915549107405160782792140719995171191555/1098283081648733324634422928655339326166232250370791370900828813591841424560977092867199101058247468991467385123521272388367714
25 16 12 212511200019511680480014995229707921923319585845756223361043570218331005006985123611402219099723656444632954020205609261257251/1098283081648733324634422928655339326166232250370791370900828813591841424560977092867199101058247468991467385123521272388367714
25 17 10 286089991232493628603084357370997091663853639500655946529956664190451904452406202602120164180797367939620666855213153912367943/1098283081648733324634422928655339326166232250370791370900828813591841424560977092867199101058247468991467385123521272388367714
25 17 12 812193090416239696031338571284342234502378610870135424370872149401389520108570890265078936877450101051846718268308118475999771/1098283081648733324634422928655339326166232250370791370900828813591841424560977092867199101058247468991467385123521272388367714
25 18 4 41738628360306826812908164719238441035305335697727442121023779627638458457505245743672614692275771632464437511118386718405823/61015726758262962479690162703074407009235125020599520605601600755102301364498727381511061169902637166192632506862292910464873
25 18 14 19277098397956135666781997983835965973929789322872078484577821127463842906993481637838446477626865533728194995743906192059050/61015726758262962479690162703074407009235125020599520605601600755102301364498727381511061169902637166192632506862292910464873
25 19 2 82125947995647173886375157470757027291164535370092931377539051475337881762266142045039224297491887415909669988782166946599743/366094360549577774878140976218446442055410750123597123633609604530613808186992364289066367019415822997155795041173757462789238
25 19 5 94366978988551646666403812177520654741368264634950831695893884774173673380681896583439694349293551069252338375767967454384807/549141540824366662317211464327669663083116125185395685450414406795920712280488546433599550529123734495733692561760636194183857
25 19 10 7533099573686632274226123446369815159030600597663137162175923082949239041170174668297709486052444684526474810193838253652093/16640652752253535221733680737202111002518670460163505619709527478664264008499652922230289409973446499870717956416988975581329
25 19 11 26957613277854507944985131602082823218678447010147348232236481428283196661108220542507210343754398462076917317082391688168647/183047180274788887439070488109223221027705375061798561816804802265306904093496182144533183509707911498577897520586878731394619
25 19 12 385548014022157443059535892283835909264708498541797389035825233921043257175820200228177393199724059456805184577378342704441/99843916513521211330402084423212666015112022760981033718257164871985584050997917533381736459840678999224307738501933853487974
25 20 4 198199845497030307474357871935385286064625860301226049397275702325438974363632324897024920985714275958910777663427476324942754/549141540824366662317211464327669663083116125185395685450414406795920712280488546433599550529123734495733692561760636194183857
25 20 9 17129232672343006079489666918276350913632665316043734661074379245324278051822881725784547826321057168182695323317515845141906/183047180274788887439070488109223221027705375061798561816804802265306904093496182144533183509707911498577897520586878731394619
25 20 10 299553997310307336604384591637455324277592268936038432069915566734508903761387576359220986064446287032274828928380612333815385/549141540824366662317211464327669663083116125185395685450414406795920712280488546433599550529123734495733692561760636194183857
25 21 4 18120878193688292693841874501497060689986270737109369880070815186223319849409191731961288987804309686561182651993202463569302/49921958256760605665201042211606333007556011380490516859128582435992792025498958766690868229920339499612153869250966926743987
25 21 8 285193522416245130009634714940207181776710144724512688169442454475769963730224889340054469902453749747123003873526337221406213/1098283081648733324634422928655339326166232250370791370900828813591841424560977092867199101058247468991467385123521272388367714
25 21 11 5116422703349947597040333020767861842096594437405833893454671913816770668441357844740694733630850693086399542051166431709097/13559050390725102773264480600683201557607805560133226801244800167800511414333050529224680259978363814709473890413842868992194
25 22 1 105986317962072362934050693450566389300296459997010455549004758358262740062166302072983070367156584227516185813983152935098305/122031453516525924959380325406148814018470250041199041211203201510204602728997454763022122339805274332385265013724585820929746
25 22 3 16045135554453562025329631955582424718173790044188585662198443151941862666831152690039051972648690104869079199741432885831441/122031453516525924959380325406148814018470250041199041211203201510204602728997454763022122339805274332385265013724585820929746
25 23 2 365258216639772629434999222021987933321074914342356477849861990870635703276636686240768035876891252504867473720996122930577292/549141540824366662317211464327669663083116125185395685450414406795920712280488546433599550529123734495733692561760636194183857
25 23 7 183883324184594032882212242305681729762041210843039207600552415925285009003851860192831514652232481990866218840764513263606565/549141540824366662317211464327669663083116125185395685450414406795920712280488546433599550529123734495733692561760636194183857
25 24 0 36395624424628379415703246086742901316270183643822840405639440185203300414201323896922861983671451859143783070268388596468136/49921958256760605665201042211606333007556011380490516859128582435992792025498958766690868229920339499612153869250966926743987
25 24 1 191486695403084588564293364689395531332720180173848033406405057737955793982259202466493052319633620984323177683732499681152145/1098283081648733324634422928655339326166232250370791370900828813591841424560977092867199101058247468991467385123521272388367714
25 24 6 35364216301274796308219383352533321958522676677613616190118690593137673822096254889467695032613969035326993297961407861638859/366094360549577774878140976218446442055410750123597123633609604530613808186992364289066367019415822997155795041173757462789238
25 25 1 275991511834062368823042914725061143610758033394867719931461959930717237162604338472074417096624331977422190772475999706129334/549141540824366662317211464327669663083116125185395685450414406795920712280488546433599550529123734495733692561760636194183857
25 25 6 178379409741400183316362672907223104318287762561959946886741354510944907161374428355966782648503219972737709268090990638534748/549141540824366662317211464327669663083116125185395685450414406795920712280488546433599550529123734495733692561760636194183857
25 25 7 1170007645048198891084023169078832285852720113932938501632235708077266271068021970438991984987607191920664105199921553697775/6779525195362551386632240300341600778803902780066613400622400083900255707166525264612340129989181907354736945206921434496097
26 0 2 236165714792386216679730450011400812587516669508671690620814296847759765616376259626725874050952595921161705903160925110919363/1098283081648733324634422928655339326166232250370791370900828813591841424560977092867199101058247468991467385123521272388367714
26 0 5 22994707649563524861494037194758266514406025623566742987513280930350541045871906352168072391750441196522130730050686196510440/49921958256760605665201042211606333007556011380490516859128582435992792025498958766690868229920339499612153869250966926743987
26 0 6 24723898002209223018523817356202338285739775046946763376609511703548670551459127562741309557170224561406772534827663214110032/183047180274788887439070488109223221027705375061798561816804802265306904093496182144533183509707911498577897520586878731394619
26 0 8 14634156771874896062179666515406251163359407437065351622813244947078154820456566673342441357787436799554964198970046383179647/366094360549577774878140976218446442055410750123597123633609604530613808186992364289066367019415822997155795041173757462789238
26 0 20 27331323372844922450690292779303977842877690758462449904437588535640544694215738016050075495400251496618879225561522086669923/183047180274788887439070488109223221027705375061798561816804802265306904093496182144533183509707911498577897520586878731394619
26 1 11 772145992273351209532621686262870834478636593878134571887246960625848571918321222607193124393641741181251604208007297869028275/1098283081648733324634422928655339326166232250370791370900828813591841424560977092867199101058247468991467385123521272388367714
26 1 13 326137089375382115101801242392468491687595656492656799013581852965992852642655870260005976664605727810215780915513974519339439/1098283081648733324634422928655339326166232250370791370900828813591841424560977092867199101058247468991467385123521272388367714
26 2 5 315134155535034285727269349722667896399081353082820710225449461842162209417304663770314130060365163363670817820681075842610983/1098283081648733324634422928655339326166232250370791370900828813591841424560977092867199101058247468991467385123521272388367714
26 2 9 186607562328238638058125866693579561009435335397954380089680063272632526249637199771280505315192605128390669237570942458917721/549141540824366662317211464327669663083116125185395685450414406795920712280488546433599550529123734495733692561760636194183857
26 2 25 409933801457221762790901845545512307748280226492061900496019225204414162644398029554323960367497095371015228827698311627921289/1098283081648733324634422928655339326166232250370791370900828813591841424560977092867199101058247468991467385123521272388367714
26 3 13 317051510726349751283657392556128298105516589964489221858691413759514763362794590202635831029809444038511467285099289040168268/549141540824366662317211464327669663083116125185395685450414406795920712280488546433599550529123734495733692561760636194183857
26 3 16 107793437909159966091362924828063722682414194143292155894081666548183095815113631736174565065484566645938591978395308682587886/549141540824366662317211464327669663083116125185395685450414406795920712280488546433599550529123734495733692561760636194183857
26 3 18 206457426294249661220350606973259117145169041788743307626073995176231092915203466831954456946505013296638482206488870293458287/1098283081648733324634422928655339326166232250370791370900828813591841424560977092867199101058247468991467385123521272388367714
26 3 24 1560583632720897357927099515322080275748208902462418806266987325933874566294710450282364885968682752812177199631229875903597/40677151172175308319793441802049604672823416680399680403734400503401534242999151587674040779935091444128421671241528606976582
26 4 1 69464136329456611834393682053886387860670599725214668886596742682998098144148036739844634948377672194477375866545961115973946/549141540824366662317211464327669663083116125185395685450414406795920712280488546433599550529123734495733692561760636194183857
26 4 10 45215225879862174393461707464945727027763451260020628019033096632871327028754821959267700369278708956020929664563859764337349/549141540824366662317211464327669663083116125185395685450414406795920712280488546433599550529123734495733692561760636194183857
26 4 20 807437035916167270759882407679796040089270950642657314776979708969680029649810975686107928526516265354824042005635781159950041/1098283081648733324634422928655339326166232250370791370900828813591841424560977092867199101058247468991467385123521272388367714
26 4 22 61487321313928481418829741937879056300093197757663462312589425990422544565360399782866501896418441335646732055665849467795083/1098283081648733324634422928655339326166232250370791370900828813591841424560977092867199101058247468991467385123521272388367714
26 5 7 41427196540707031318746921396067727267303938690651986949387001258299958209827346652622372707614843920169263564118473927006787/183047180274788887439070488109223221027705375061798561816804802265306904093496182144533183509707911498577897520586878731394619
26 5 9 84502462105145412474112448288718505496565635854958273845195980325868552318582902390089668693497752745966756254249719119424461/1098283081648733324634422928655339326166232250370791370900828813591841424560977092867199101058247468991467385123521272388367714
26 5 10 92772166559941550959360335398437485297407221396540648082922093517920362912051427234451832810143428020249529063139719507002219/549141540824366662317211464327669663083116125185395685450414406795920712280488546433599550529123734495733692561760636194183857
26 5 25 579673107179462622329108281193339486471028539578839879193466638680332397159327256092471530498773796683985989358281270692898093/1098283081648733324634422928655339326166232250370791370900828813591841424560977092867199101058247468991467385123521272388367714
26 6 2 54080973811727146974125247296614623904549694489243029587293446832349403392847790364525144284243366190709147653997644550393337/549141540824366662317211464327669663083116125185395685450414406795920712280488546433599550529123734495733692561760636194183857
26 6 5 58826571012178682243322289826433792416157717308819462066911356671860596114180993959773962498521727147813917602098758423247872/549141540824366662317211464327669663083116125185395685450414406795920712280488546433599550529123734495733692561760636194183857
26 6 9 579185896425189016473451621553920303793838209032416370592572593544224841113244308578564348507804877681520509146009229960276469/1098283081648733324634422928655339326166232250370791370900828813591841424560977092867199101058247468991467385123521272388367714
26 6 13 16804181007393081157674756597783156440550256583676987753521876774561192028026257320533740694665670045961404633735772183185189/1098283081648733324634422928655339326166232250370791370900828813591841424560977092867199101058247468991467385123521272388367714
26 6 23 39474811414262075220845238476256302131118046264325892928109243609068109564130800193870117835240977933583126990247552308799159/549141540824366662317211464327669663083116125185395685450414406795920712280488546433599550529123734495733692561760636194183857
26 6 25 8978558715446155369395954513864837683099675846814601972277556774840871512608516269625571028171126305444231220504016349092060/49921958256760605665201042211606333007556011380490516859128582435992792025498958766690868229920339499612153869250966926743987
26 7 15 604138788776212927450517487550205383800653620648876762475791673156148015774625717106345074502519418659181986201013709555458077/1098283081648733324634422928655339326166232250370791370900828813591841424560977092867199101058247468991467385123521272388367714
26 7 16 494144292872520397183905441105133942365578629721914608425037140435693408786351375760854026555728050332285398922507562832909637/1098283081648733324634422928655339326166232250370791370900828813591841424560977092867199101058247468991467385123521272388367714
26 8 2 26678420068490036430645891144011736242229857305289871258604555531747085857449743497172981194945349864290287159924221671008157/1098283081648733324634422928655339326166232250370791370900828813591841424560977092867199101058247468991467385123521272388367714
26 8 5 136806118301760182148369964572424374078282758435571262863312714436001333690031146701303744085869780254176857260663873715889125/1098283081648733324634422928655339326166232250370791370900828813591841424560977092867199101058247468991467385123521272388367714
26 8 21 322214888362625595154145486581087955637802284590791738163694102305208465975564230201533490557349561787964703993408347668341086/549141540824366662317211464327669663083116125185395685450414406795920712280488546433599550529123734495733692561760636194183857
26 8 23 145184383276615957873558049888363652285057532724173380225761669506838036531183871132827697331366607648535416358058240832394130/549141540824366662317211464327669663083116125185395685450414406795920712280488546433599550529123734495733692561760636194183857
26 9 1 39512332932208869228810487822677268078173832508785491977862656208395596777629064657308240204399854341233726418619449301913473/549141540824366662317211464327669663083116125185395685450414406795920712280488546433599550529123734495733692561760636194183857
26 9 14 112657052135294697835157539792114631596817530970036483326600577195390394350202512786868471078743410043604300048857989101907661/183047180274788887439070488109223221027705375061798561816804802265306904093496182144533183509707911498577897520586878731394619
26 9 19 123828462896370855578553612497192377465450170893336411418988606938005827541851765320428816810447251554030887256212125818136999/1098283081648733324634422928655339326166232250370791370900828813591841424560977092867199101058247468991467385123521272388367714
26 9 21 219487640076176543587303101760104622963529228639665075566511431064702037362652121510942977366540048493343244736922313354957803/1098283081648733324634422928655339326166232250370791370900828813591841424560977092867199101058247468991467385123521272388367714
26 10 0 280161649588850250903274709488994940210852684424449823070989548954600991090419941776351142561680810340465781223189648561176779/1098283081648733324634422928655339326166232250370791370900828813591841424560977092867199101058247468991467385123521272388367714
26 10 7 287974629987568941366691617090923558030641680707669676246788748702084705473932966314512322301226260402439809008842581739023771/549141540824366662317211464327669663083116125185395685450414406795920712280488546433599550529123734495733692561760636194183857
26 10 8 242172172084745190997764984984497269894096204531002195336261767233071022522691218461823313894114137846121985882646460349143393/1098283081648733324634422928655339326166232250370791370900828813591841424560977092867199101058247468991467385123521272388367714
26 11 1 81877135651392648055328045276939599417270145032559401840774975318970975051455396879089812779839384160564842320800604302897597/183047180274788887439070488109223221027705375061798561816804802265306904093496182144533183509707911498577897520586878731394619
26 11 8 8778686350313403726300382604861923584337641145626503707199756489746916546363587675120210537068289427034675363693505472630753/99843916513521211330402084423212666015112022760981033718257164871985584050997917533381736459840678999224307738501933853487974
26 11 12 64178998446838592999229097561645555917271873488000918119819951189883125728379873395297207844236524673297454324313967934231191/549141540824366662317211464327669663083116125185395685450414406795920712280488546433599550529123734495733692561760636194183857
26 11 16 11578688514947054827717947067179680557586472139319441904161870845788886084408651526537681599484452454063696774226095469805499/33281305504507070443467361474404222005037340920327011239419054957328528016999305844460578819946892999741435912833977951162658
26 12 0 19882987353175859320650733809670340419192747851026577139419132077169939507774396080417081816082006412996802092371500456840705/1098283081648733324634422928655339326166232250370791370900828813591841424560977092867199101058247468991467385123521272388367714
26 12 6 491126947258202284096058744206298986046719577118783544502111050497936909343597514478213120417428432348458837105921980057555349/549141540824366662317211464327669663083116125185395685450414406795920712280488546433599550529123734495733692561760636194183857
26 12 11 96146199779152897121654706433071013653600348282197704757187580518797666366007667830355778407308597881552908819305811816416311/1098283081648733324634422928655339326166232250370791370900828813591841424560977092867199101058247468991467385123521272388367714
26 13 7 208087532328153459043545348620834130067596907378419870424620315314093538425609511147112555516226193765576695385707916176307209/366094360549577774878140976218446442055410750123597123633609604530613808186992364289066367019415822997155795041173757462789238
26 13 14 78980311246683259842706504550413827885768731932574593171966408647362407095158229823263845682994711089642749059499070977564197/1098283081648733324634422928655339326166232250370791370900828813591841424560977092867199101058247468991467385123521272388367714
26 13 15 197520086708794843830540189121211554038836398151478583227500729501099201094495164801298794413287088302547274953449226440940945/549141540824366662317211464327669663083116125185395685450414406795920712280488546433599550529123734495733692561760636194183857
26 14 10 182472840176383238514864818981865772921984185646371060522778141548292366015971634295375847158910272243082078008006531988249992/549141540824366662317211464327669663083116125185395685450414406795920712280488546433599550529123734495733692561760636194183857
26 14 14 507916564440171410287281309229243697560616956156881773660796014361103152685841486643304959205069259166803157528662412655172113/1098283081648733324634422928655339326166232250370791370900828813591841424560977092867199101058247468991467385123521272388367714
26 14 16 6329713433680348709188638175496053987530881707052108153547478962714936162218314957032060987980387716834765396873820438269577/183047180274788887439070488109223221027705375061798561816804802265306904093496182144533183509707911498577897520586878731394619
26 14 17 187442556253713345062280152409387758836461632678854827273191642357863922869882447890950081607475339037491479197602873127078155/1098283081648733324634422928655339326166232250370791370900828813591841424560977092867199101058247468991467385123521272388367714
26 15 3 166512849421737656546768538886534703567137334110009501861326024666618025387936747753103332890854656573308980539610770326954248/549141540824366662317211464327669663083116125185395685450414406795920712280488546433599550529123734495733692561760636194183857
26 15 12 51848111033036201203794871454773759713580738866450138840966029096000811225205691543966471317131581780524076560839813918931604/549141540824366662317211464327669663083116125185395685450414406795920712280488546433599550529123734495733692561760636194183857
26 15 17 330780580369592804566648053986361199802398052208936044748122353033301875667346107136529746321137496141900635461310051948298005/549141540824366662317211464327669663083116125185395685450414406795920712280488546433599550529123734495733692561760636194183857
26 16 3 95319082310728725439165697591096025081824407679840586364150523352729672400853258317917121508467135467300836108255871017889121/549141540824366662317211464327669663083116125185395685450414406795920712280488546433599550529123734495733692561760636194183857
26 16 4 84110809300588775454554973962650734458825625724319985105871863306304035904514636266332314704794486677514349932036084601364834/549141540824366662317211464327669663083116125185395685450414406795920712280488546433599550529123734495733692561760636194183857
26 16 9 19506579554312769091127164346476008188353181577959359044655682423715236434936025729097438791808969726668672018499733073966069/49921958256760605665201042211606333007556011380490516859128582435992792025498958766690868229920339499612153869250966926743987
26 16 13 155139274115608701421091984962686813470581094423682164489179513476019403190824368829278287605963445357563114317971616761303143/549141540824366662317211464327669663083116125185395685450414406795920712280488546433599550529123734495733692561760636194183857
26 17 0 338956214770837896574810663579466491764437970265265326426196066909774899748522614963376458604982476860123735242292690909899167/1098283081648733324634422928655339326166232250370791370900828813591841424560977092867199101058247468991467385123521272388367714
26 17 2 759326866877895428059612265075872834401794280105526044474632746682066524812454477903822642453264992131343649881228581478468547/1098283081648733324634422928655339326166232250370791370900828813591841424560977092867199101058247468991467385123521272388367714
26 18 1 180579545331995272328784035240387371501496552473317563373202490577368411038348732338559894221576413665549938217546716165968921/549141540824366662317211464327669663083116125185395685450414406795920712280488546433599550529123734495733692561760636194183857
26 18 10 368561995492371389988427429087282291581619572712078122077211916218552301242139814095039656307547320830183754344213920028214936/549141540824366662317211464327669663083116125185395685450414406795920712280488546433599550529123734495733692561760636194183857
26 19 6 40334660930072202727213431289040231723148007831868058491805478426802106752662945356214025711719919281189538079104347562728715/366094360549577774878140976218446442055410750123597123633609604530613808186992364289066367019415822997155795041173757462789238
26 19 8 318749432744047133383178597622550555044216599193051711031180382110323415434988119693909022591294669532052936761031415154958635/549141540824366662317211464327669663083116125185395685450414406795920712280488546433599550529123734495733692561760636194183857
26 19 13 339780233370422449686425439543117520908355028489083773363051614090788273433012017410738978740498372083792897364145399390264299/1098283081648733324634422928655339326166232250370791370900828813591841424560977092867199101058247468991467385123521272388367714
26 20 1 346767174321598669193912738123942057441338114583669868084618140943530961335989580505223131014720571810192484224986476213261306/549141540824366662317211464327669663083116125185395685450414406795920712280488546433599550529123734495733692561760636194183857
26 20 11 202374366502767993123298726203727605641778010601725817365796265852389750944498965928376419514403162685541208336774159980922551/549141540824366662317211464327669663083116125185395685450414406795920712280488546433599550529123734495733692561760636194183857
26 21 3 30521706521470930947229245865900000716029894804191491783192514603996256107180654628995955705094115823298840053806043312542985/61015726758262962479690162703074407009235125020599520605601600755102301364498727381511061169902637166192632506862292910464873
26 21 5 17181409870946921873528822694757876302728614519005710730693523314002984505112920349157396291108344039857720776394745399873966/49921958256760605665201042211606333007556011380490516859128582435992792025498958766690868229920339499612153869250966926743987
26 21 8 85450673550712143183331201892233017308832312238609441364053018905921577759620530931904589981084907647609203537164046982683366/549141540824366662317211464327669663083116125185395685450414406795920712280488546433599550529123734495733692561760636194183857
26 22 0 1
26 23 3 12793603905323429860773615918554857334824397754114529021125769515329332951743174338748936406793475186772173131777014242521489/20338575586087654159896720901024802336411708340199840201867200251700767121499575793837020389967545722064210835620764303488291
26 23 4 54783756202043001858745464881111687635890106634832255835190530381369553882788322684852269442849827295226660454878316752688162/549141540824366662317211464327669663083116125185395685450414406795920712280488546433599550529123734495733692561760636194183857
26 23 9 148930479178591054217578369645576827406967279189471146044828099500659168700634516602525998102850077157658357548902934893415492/549141540824366662317211464327669663083116125185395685450414406795920712280488546433599550529123734495733692561760636194183857
26 24 2 633576242376648758385531057318909135226338872879357930160571420012139801828987147999638891189535658688082165127891814050438133/1098283081648733324634422928655339326166232250370791370900828813591841424560977092867199101058247468991467385123521272388367714
26 24 8 464706839272084566248891871336430190939893377491433440740257393579701622731989944867560209868711810303385219995629458337929581/1098283081648733324634422928655339326166232250370791370900828813591841424560977092867199101058247468991467385123521272388367714
26 25 0 8875086125759134023537040869984222568754471955266166050592117068341576664423054689688964472064188793747466566275239698445503/366094360549577774878140976218446442055410750123597123633609604530613808186992364289066367019415822997155795041173757462789238
26 25 4 279674948426228851772471167159447794585155796871256560899569078072988435960341674721618852748953771766427902851308851984683683/549141540824366662317211464327669663083116125185395685450414406795920712280488546433599550529123734495733692561760636194183857
26 25 6 512307926418998219018869471726491069289657240762479750949914306240839822647024579354894502144147359077369179722077849323663839/1098283081648733324634422928655339326166232250370791370900828813591841424560977092867199101058247468991467385123521272388367714
26 26 4 463385081940576737666113473068501666453618005158256996003973484608543966702836971205401901831994578753979138451877162367073758/549141540824366662317211464327669663083116125185395685450414406795920712280488546433599550529123734495733692561760636194183857
26 26 5 85756458883789924651097991259167996629498120027138689446440922187376745577651575228197648697129155741754554109883473827110099/549141540824366662317211464327669663083116125185395685450414406795920712280488546433599550529123734495733692561760636194183857
27 0 11 31606178005650470934021964638791915456575218143307927071302804915672337060231653767164454671482529627442223135874786622587314/61015726758262962479690162703074407009235125020599520605601600755102301364498727381511061169902637166192632506862292910464873
27 0 15 23224739258996950587156153887813884516032823250631869290461177195963403625897113519133001566022852089778613728018283132433962/549141540824366662317211464327669663083116125185395685450414406795920712280488546433599550529123734495733692561760636194183857
27 0 18 150209173943293869399074685112921934994846984981789329192113775630962679497503789064164875163927616349575118737149689871885341/549141540824366662317211464327669663083116125185395685450414406795920712280488546433599550529123734495733692561760636194183857
27 0 19 30417341857073867974927647859268868154353117887734381108704736575981198538334253315273860585276833136466650624573194528859576/183047180274788887439070488109223221027705375061798561816804802265306904093496182144533183509707911498577897520586878731394619
27 1 7 20400923483720259432837666957742198965427925754299143786789094869343090987226848240879735953845512289608176494536807907736441/61015726758262962479690162703074407009235125020599520605601600755102301364498727381511061169902637166192632506862292910464873
27 1 15 122372713447575270359064554859946296182811154360701267707579258844461886135378196800346340468044242231316089011895493358138749/366094360549577774878140976218446442055410750123597123633609604530613808186992364289066367019415822997155795041173757462789238
27 1 16 164496504184287930335316092346594177480839890949795463796560249465141504503474353689940354746020109791548302827371811219074444/549141540824366662317211464327669663083116125185395685450414406795920712280488546433599550529123734495733692561760636194183857
27 1 23 34955310230466983095519074142952501278416341811712052022766830479997119377810526750444122992855301501475335531428627536546641/1098283081648733324634422928655339326166232250370791370900828813591841424560977092867199101058247468991467385123521272388367714
27 2 11 30605659044904093561998908374498208803544507028108095119622333420656957842076933629926808950592655171163621997293652090472783/40677151172175308319793441802049604672823416680399680403734400503401534242999151587674040779935091444128421671241528606976582
27 2 17 2917986176946890644298215244097032550643036257142822630679397561853869259935909001129649394787047153000541289804399220058765/20338575586087654159896720901024802336411708340199840201867200251700767121499575793837020389967545722064210835620764303488291
27 2 21 1411839924459144489732700979785776922664279046001980007584423986345612627016799985162644346589447322321239031446359358795423/13559050390725102773264480600683201557607805560133226801244800167800511414333050529224680259978363814709473890413842868992194
27 3 5 434910818821550606287661148488241278339547059411779693582254536909532946099561962316464564583295406853514731638702447692288159/1098283081648733324634422928655339326166232250370791370900828813591841424560977092867199101058247468991467385123521272388367714
27 3 20 18010283723053550514078041480710794669547214255860140857524175189895058222139550079027889421191974116872082413429363136342491/49921958256760605665201042211606333007556011380490516859128582435992792025498958766690868229920339499612153869250966926743987
27 3 21 267146020920004607037044867591460565096646477330088578453042422504617197574345028812120969208728631566766840389372835696544753/1098283081648733324634422928655339326166232250370791370900828813591841424560977092867199101058247468991467385123521272388367714
27 4 10 122297402205307824347171930397090431164547279713876988478413650194053121417216410767360888929698866770779401646605712145665987/183047180274788887439070488109223221027705375061798561816804802265306904093496182144533183509707911498577897520586878731394619
27 4 17 60749778069481063091898557712132789863158095347921573338391152071253782676279771377172294580009044727798495873981166585728632/183047180274788887439070488109223221027705375061798561816804802265306904093496182144533183509707911498577897520586878731394619
27 5 7 63147117149938532649416893520335032110465872251505469418408397477406672965465174509291909296738667888563500953816185165306653/99843916513521211330402084423212666015112022760981033718257164871985584050997917533381736459840678999224307738501933853487974
27 5 9 127315238230642077977707133445003354381561813274093461301671669637366208907017587558952030099794297767368689819251176456022029/549141540824366662317211464327669663083116125185395685450414406795920712280488546433599550529123734495733692561760636194183857
27 5 13 49678105512708436511807611013882421395994676352014761564997700688545201375608332715694679531511175560843831664346960885983491/366094360549577774878140976218446442055410750123597123633609604530613808186992364289066367019415822997155795041173757462789238
27 6 19 377902974172232521576726948005317924025220794190413691433217272027041096433265767823097485991764666755664750982955309453127061/1098283081648733324634422928655339326166232250370791370900828813591841424560977092867199101058247468991467385123521272388367714
27 6 25 720380107476500803057695980650021402141011456180377679467611541564800328127711325044101615066482802235802634140565962935240653/1098283081648733324634422928655339326166232250370791370900828813591841424560977092867199101058247468991467385123521272388367714
27 7 3 292751542191563788361549635438417347252092685405210880855174316898632773626280540177074068337007469771008730948900256683000039/549141540824366662317211464327669663083116125185395685450414406795920712280488546433599550529123734495733692561760636194183857
27 7 13 250633771936273607114478354346769576616484986798436904482970303929198573233852856460614585639505676497473855579482083352784454/549141540824366662317211464327669663083116125185395685450414406795920712280488546433599550529123734495733692561760636194183857
27 7 20 5756226696529266841183474542482739214538452981747900112269785968089365420355149795910896552610588227251106033378296158399364/549141540824366662317211464327669663083116125185395685450414406795920712280488546433599550529123734495733692561760636194183857
27 8 8 32445082024694074844602591568419333689117754906701640986681901328987626522676793616084684053212507209683348112715491617180229/1098283081648733324634422928655339326166232250370791370900828813591841424560977092867199101058247468991467385123521272388367714
27 8 12 90947044088472052941311690893539582122385495799182252178333059786459679255015633629766681815154220196719835719076552542567308/183047180274788887439070488109223221027705375061798561816804802265306904093496182144533183509707911498577897520586878731394619
27 8 24 520155735093206932141950191725682499742801520668996216844148553544095722508206497472514326114109640601465022696346465515783637/1098283081648733324634422928655339326166232250370791370900828813591841424560977092867199101058247468991467385123521272388367714
27 9 6 403202946508101641661936837085815783917621313405334424610317977300780133569599065600374900554945351138555009079506088725099319/1098283081648733324634422928655339326166232250370791370900828813591841424560977092867199101058247468991467385123521272388367714
27 9 8 4230593932921305224366893779340197112755447052844481072428216174650288849398727452942699397413069381478743457288936053048403/99843916513521211330402084423212666015112022760981033718257164871985584050997917533381736459840678999224307738501933853487974
27 9 15 5102169592045250476817874582834695097359851084981248143226621439172419886249701647990189322497413806583626811581273559449871/11093768501502356814489120491468074001679113640109003746473018319109509338999768614820192939982297666580478637611325983720886
27 9 21 47809604088672509433160225432048853123225253990341362771454978630612848303090520711141921401504795934955714555763601564732911/366094360549577774878140976218446442055410750123597123633609604530613808186992364289066367019415822997155795041173757462789238
27 10 16 60926494812182970610857680833463868743506348977336826297148063577853313392207575076751111382634921037383472031883834995279941/183047180274788887439070488109223221027705375061798561816804802265306904093496182144533183509707911498577897520586878731394619
27 10 19 122120685462605916828212807275759352284199026084461735519656738687453590701288607067782072127072990461194425488703043736114678/183047180274788887439070488109223221027705375061798561816804802265306904093496182144533183509707911498577897520586878731394619
27 11 1 148239270995050196473177185635625720480251628339870397434685512551392262041731449565840905147931077002262917702395649812939788/549141540824366662317211464327669663083116125185395685450414406795920712280488546433599550529123734495733692561760636194183857
27 11 7 467688447873797508532965639688561384616399631821400552034236614267182841472090983472477083375987737067702649452940973415644165/1098283081648733324634422928655339326166232250370791370900828813591841424560977092867199101058247468991467385123521272388367714
27 11 14 334116091784835423155102917695526500589329361869650023997221174221874059005423210263040207386397577919238900265788999346843973/1098283081648733324634422928655339326166232250370791370900828813591841424560977092867199101058247468991467385123521272388367714
27 12 2 92224501912375665829084959323921884433894077585410484121893051789341275340929639316410313376766837925277768063070396310496336/549141540824366662317211464327669663083116125185395685450414406795920712280488546433599550529123734495733692561760636194183857
27 12 3 98256477525953345975894587137761364680013706891356034691434042360009871750793385267050407339378148928308818926302751939273343/366094360549577774878140976218446442055410750123597123633609604530613808186992364289066367019415822997155795041173757462789238
27 12 4 49090059025512657447412849412339504798000820817788700712553357955716250113089754480407510221417046080911625973479316457588011/366094360549577774878140976218446442055410750123597123633609604530613808186992364289066367019415822997155795041173757462789238
27 12 8 187891649522136348760897082688426301575327591316799698521018814981021903604690952707533606277848916892412112285121362018319952/549141540824366662317211464327669663083116125185395685450414406795920712280488546433599550529123734495733692561760636194183857
27 12 16 4364144051150512962933478862742742986988424065406218154683767231997122776276658617133523139392289742201194987626888660915958/49921958256760605665201042211606333007556011380490516859128582435992792025498958766690868229920339499612153869250966926743987
27 13 5 14432311994686339117176418008935612708505409474121366877047103167680534748197244141856903400516034440970084335625796577209299/549141540824366662317211464327669663083116125185395685450414406795920712280488546433599550529123734495733692561760636194183857
27 13 6 15171790946022273721280910807244767843092212250965011161727982469164348508241467424937632980252786947992358869405263148803261/122031453516525924959380325406148814018470250041199041211203201510204602728997454763022122339805274332385265013724585820929746
27 13 17 932872339145160182908541895372265190161391521163863536691182765034001218490409397759046597434940317577595986627622310894719767/1098283081648733324634422928655339326166232250370791370900828813591841424560977092867199101058247468991467385123521272388367714
27 14 4 147411011076667606548302367019718077677660883471453231550082758120494027807440628902287859332945091609075737435722659723693712/183047180274788887439070488109223221027705375061798561816804802265306904093496182144533183509707911498577897520586878731394619
27 14 15 35636169198121280890768121089505143350044491590345330266722044144812876286055553242245324176762819889502160084864219007700907/183047180274788887439070488109223221027705375061798561816804802265306904093496182144533183509707911498577897520586878731394619
27 15 8 59846793943824584940991687386454662955795625555813636451477678666800835912988772783825698464439987365736344594197109013391173/1098283081648733324634422928655339326166232250370791370900828813591841424560977092867199101058247468991467385123521272388367714
27 15 9 305912734486067066930742443510971835498855965655970458106536170458561389949905331692356584839001419155914993600436354288689967/1098283081648733324634422928655339326166232250370791370900828813591841424560977092867199101058247468991467385123521272388367714
27 15 14 13165048755992600401899295862790611178096008827529203792540951085533830531673749037738132795935171048258484136226051792647159/49921958256760605665201042211606333007556011380490516859128582435992792025498958766690868229920339499612153869250966926743987
27 15 16 221446240293502231960452144388259690896734232476682396453457020292367463500630254780388948122116149704064697965957334824024538/549141540824366662317211464327669663083116125185395685450414406795920712280488546433599550529123734495733692561760636194183857
27 16 3 121611646294122542855751690915151147648983112224998852226211294241415566226623299219229494345219938925093654034585561024285473/549141540824366662317211464327669663083116125185395685450414406795920712280488546433599550529123734495733692561760636194183857
27 16 10 255592152566457175792287013916427464392792350762150962793608743845742382589551138243509182422435487409542551714217000536975095/549141540824366662317211464327669663083116125185395685450414406795920712280488546433599550529123734495733692561760636194183857
27 16 12 8899779017504009231905895022304785556579179526563368079581402017577364809129945482813300958974736152325321666504246533766351/33281305504507070443467361474404222005037340920327011239419054957328528016999305844460578819946892999741435912833977951162658
27 16 16 50182776349941582685450983256124178715568400019900594235002470837472488227340017008882815876770323295459358631276013651556995/1098283081648733324634422928655339326166232250370791370900828813591841424560977092867199101058247468991467385123521272388367714
27 17 5 710605188710593691484866428914825971854417457624219125606202922688825982723099976501041631831922621309701311697756910758873979/1098283081648733324634422928655339326166232250370791370900828813591841424560977092867199101058247468991467385123521272388367714
27 17 13 176908574062402912226177406622797077580199029103074478138655655185649214302176951184497391778766272843440987563467565753830834/549141540824366662317211464327669663083116125185395685450414406795920712280488546433599550529123734495733692561760636194183857
27 17 14 1254101659753104025822284684997007375978397575571232926567206686359889379019378296191210580325640814625336974030712226734521/40677151172175308319793441802049604672823416680399680403734400503401534242999151587674040779935091444128421671241528606976582
27 18 6 65729070801887829326826240140176664673902729246024915520706174395909347595324657855622363005046718436125909547246140630281321/366094360549577774878140976218446442055410750123597123633609604530613808186992364289066367019415822997155795041173757462789238
27 18 9 300365289747689945551314736078269777381508020877572208112903430134704460591667706433444004014369104561029885493927616832507917/366094360549577774878140976218446442055410750123597123633609604530613808186992364289066367019415822997155795041173757462789238
27 19 3 99849174145796020625256932639478032116382087678297081390312471176295100269976102758938984207696680634292570817475464263115943/366094360549577774878140976218446442055410750123597123633609604530613808186992364289066367019415822997155795041173757462789238
27 19 4 266245186403781754252884043578968409939028662445300042243297133354318707917016261530127382811719142362863224223698293199673295/366094360549577774878140976218446442055410750123597123633609604530613808186992364289066367019415822997155795041173757462789238
27 20 1 138981995024413101802177637198183592046371110205958061254960563578241833579521778099862925208090508609133717033917894311321666/549141540824366662317211464327669663083116125185395685450414406795920712280488546433599550529123734495733692561760636194183857
27 20 2 410159545799953560515033827129486071036745014979437624195453843217678878700966768333736625321033225886599975527842741882862191/549141540824366662317211464327669663083116125185395685450414406795920712280488546433599550529123734495733692561760636194183857
27 21 0 73675030801662605914453770796979247978137124010140778694003809086512479160695805248761254634872841880118468921147472302639813/122031453516525924959380325406148814018470250041199041211203201510204602728997454763022122339805274332385265013724585820929746
27 21 11 48356422714863319044926554609169566040333126031058262517199392423692123568301649514260867704932432452266796092577113518289933/122031453516525924959380325406148814018470250041199041211203201510204602728997454763022122339805274332385265013724585820929746
27 22 6 240111726730199805055788238726530151546181803400485315645719019157979742132262179022662824122692605875774684814807780867078463/549141540824366662317211464327669663083116125185395685450414406795920712280488546433599550529123734495733692561760636194183857
27 22 8 41537817605144316612040414790972448200553091298118187748322092126703348150072423247855712466246745104646845001459746839753729/183047180274788887439070488109223221027705375061798561816804802265306904093496182144533183509707911498577897520586878731394619
27 22 9 184416361278733907425301981228222166935275047890555806559729111257830925698009097667369589007690893306018472742573614807844207/549141540824366662317211464327669663083116125185395685450414406795920712280488546433599550529123734495733692561760636194183857
27 23 0 213174431786941614308738148443817201379955239779738161742020958185814529108841418391946052932328867675385723883273537051512213/549141540824366662317211464327669663083116125185395685450414406795920712280488546433599550529123734495733692561760636194183857
27 23 3 7544971680764224299123104982469945001587310586085311180741430736371434169756401455088083983174070535292037703843750060966802/20338575586087654159896720901024802336411708340199840201867200251700767121499575793837020389967545722064210835620764303488291
27 23 8 132252873656790991932149481357163946660303499581354121828374818728077460588224288754275230051094962367462950674705847496567990/549141540824366662317211464327669663083116125185395685450414406795920712280488546433599550529123734495733692561760636194183857
27 24 1 58809480319334234390217186550615986538413656419841786748616325536400782869401715402590025032024264313833629096794523632784814/183047180274788887439070488109223221027705375061798561816804802265306904093496182144533183509707911498577897520586878731394619
27 24 5 297149801075844239617517400959625895276740225181750370006937200888862983657037190377464267881745244909956405383746035706407591/549141540824366662317211464327669663083116125185395685450414406795920712280488546433599550529123734495733692561760636194183857
27 24 6 75563298790519719529042503716195808191134930744119955197628229297855380015246209848365207551305696644276399887631029589421824/549141540824366662317211464327669663083116125185395685450414406795920712280488546433599550529123734495733692561760636194183857
27 25 0 45215747398314720259875915437670464291010199858493502778300081620948860152151225899552376460288482192070915235791373782025619/1098283081648733324634422928655339326166232250370791370900828813591841424560977092867199101058247468991467385123521272388367714
27 25 1 273150028990304293494168549602608519472358091790527965518952446865203475117884207961525133432499402518311501789284636488054523/549141540824366662317211464327669663083116125185395685450414406795920712280488546433599550529123734495733692561760636194183857
27 25 2 68606277584002393487711502190608643954226335492867207571836169918082818366795600336595985148404457277280942649957796963186715/366094360549577774878140976218446442055410750123597123633609604530613808186992364289066367019415822997155795041173757462789238
27 25 7 50158073919633806153845901240104315177971143408773385728185888081039526512111775005801417047957801655155106393214539123445484/183047180274788887439070488109223221027705375061798561816804802265306904093496182144533183509707911498577897520586878731394619
27 26 1 245647466651906837999855842522990248755679097491254351963907692070449440909031666975060809776665643855664951428073710680693/16640652752253535221733680737202111002518670460163505619709527478664264008499652922230289409973446499870717956416988975581329
27 26 2 56353170415565749203575709237599124315736050819062525347076883898616388886434745921386363841478692320925514552197192730697181/99843916513521211330402084423212666015112022760981033718257164871985584050997917533381736459840678999224307738501933853487974
27 26 6 42016861298044021098827240130475600206841897356970982259396834820946498519108981610145007759701992815164803477736298858706635/99843916513521211330402084423212666015112022760981033718257164871985584050997917533381736459840678999224307738501933853487974
27 27 0 347915957280363736141634365797057055711449477554374391829835871440939405059432755761518030529138660260935195956601544352568914/549141540824366662317211464327669663083116125185395685450414406795920712280488546433599550529123734495733692561760636194183857
27 27 1 56776599668887072200394088551530545105122555165299877004922519294723256523380094625829957313771936724814506796608736564613269/183047180274788887439070488109223221027705375061798561816804802265306904093496182144533183509707911498577897520586878731394619
27 27 5 30895784537341709574394832876020972056298982135121662605810977470811537650915506794591648058669264060354976215332882147775136/549141540824366662317211464327669663083116125185395685450414406795920712280488546433599550529123734495733692561760636194183857
28 0 8 33296035135245865826901476367565211326788418068150364941063187544473218968983653382795429458272619162689110605106658764900337/40677151172175308319793441802049604672823416680399680403734400503401534242999151587674040779935091444128421671241528606976582
28 0 14 7381116036929442492891965434484393346034998612249315462671212958928315274015498204878611321662472281439311066134869842076245/40677151172175308319793441802049604672823416680399680403734400503401534242999151587674040779935091444128421671241528606976582
28 1 10 280450115880655311294243451796511957234770006549651565008279570608340132286776463592562612291010925229157359574991477612631869/549141540824366662317211464327669663083116125185395685450414406795920712280488546433599550529123734495733692561760636194183857
28 1 21 268691424943711351022968012531157705848346118635744120442134836187580579993712082841036938238112809266576332986769158581551988/549141540824366662317211464327669663083116125185395685450414406795920712280488546433599550529123734495733692561760636194183857
28 2 1 32888215664130463737262079015980885595373402402301013111534296456400312424293856369185921016541750597203744259266967738289771/1098283081648733324634422928655339326166232250370791370900828813591841424560977092867199101058247468991467385123521272388367714
28 2 7 14475953325087761035967954594421312395953787630371092263776604736641164575771323281780226789546134361883204528184877984293069/122031453516525924959380325406148814018470250041199041211203201510204602728997454763022122339805274332385265013724585820929746
28 2 16 294239530437621169761505911578580756697431317356708402015688750063116623538822921969008218702934196340621345303016070019946115/1098283081648733324634422928655339326166232250370791370900828813591841424560977092867199101058247468991467385123521272388367714
28 2 18 58744945262016440869109735805715469990704307055523097466938651393756600679601336832612189122241630455950223138884386438127665/122031453516525924959380325406148814018470250041199041211203201510204602728997454763022122339805274332385265013724585820929746
28 2 20 18694541377173978998325954076591107065584113073122374699528076983124100216584395583245536355446939782190241092935809138057537/183047180274788887439070488109223221027705375061798561816804802265306904093496182144533183509707911498577897520586878731394619
28 3 11 11780530922170630967737967783951870069695979657475152115615446057224555461149068859118314623079563982278177465185691656784000/16640652752253535221733680737202111002518670460163505619709527478664264008499652922230289409973446499870717956416988975581329
28 3 12 94419128640058356527020183072166781937137491830561576049033645839579730586883912418288165221804522398215752121865278561605063/366094360549577774878140976218446442055410750123597123633609604530613808186992364289066367019415822997155795041173757462789238
28 3 13 12503551621765537060885501899338518584961705828582201041036145432093857454828936970175280089860892988820138685223262451936175/366094360549577774878140976218446442055410750123597123633609604530613808186992364289066367019415822997155795041173757462789238
28 4 9 28175950254610357171093278958057384047611765538691669921164641685442134801589763856863540218118916068607702433662766936561357/549141540824366662317211464327669663083116125185395685450414406795920712280488546433599550529123734495733692561760636194183857
28 4 19 5135420804707767076643184021764288204869666680280122470260142619538274962180872069139421460180609198431327188340315594672369/1098283081648733324634422928655339326166232250370791370900828813591841424560977092867199101058247468991467385123521272388367714
28 4 22 1036795760334804843215593186717460269866139052613127908588239387601418879995616693084332599161829027655820653067855422920572631/1098283081648733324634422928655339326166232250370791370900828813591841424560977092867199101058247468991467385123521272388367714
28 5 12 243379359501898010290644263215452945165749435223852486640562593602675969021904596707849672923076758134748194400639151600234308/549141540824366662317211464327669663083116125185395685450414406795920712280488546433599550529123734495733692561760636194183857
28 5 19 90655923689924183760802985965331264690029062062216585811452021112647347771064291746634249311196857172443343454586709239499537/1098283081648733324634422928655339326166232250370791370900828813591841424560977092867199101058247468991467385123521272388367714
28 5 20 8675477981345367850877689428407709429593848809197422366328691834447483834213021564843667479283946480906891226439681971969158/20338575586087654159896720901024802336411708340199840201867200251700767121499575793837020389967545722064210835620764303488291
28 5 22 52392627962363256344936187125085861946636482164209004026502246213678011698600443203307462019563985580555526639913433462065029/1098283081648733324634422928655339326166232250370791370900828813591841424560977092867199101058247468991467385123521272388367714
28 6 6 326914879232066051149847288526242171152604171216376174116455099834773721522803789055925876755874047078568162577038653174210471/1098283081648733324634422928655339326166232250370791370900828813591841424560977092867199101058247468991467385123521272388367714
28 6 13 337011879517481399853322224172741505465597533043965142494549965050310028366866889585862840209129900444921481573382466480322671/1098283081648733324634422928655339326166232250370791370900828813591841424560977092867199101058247468991467385123521272388367714
28 6 17 19743469222690266983238791634379802252183206641384093376810170395761712485059382464791381095147432793998988226050006942447026/49921958256760605665201042211606333007556011380490516859128582435992792025498958766690868229920339499612153869250966926743987
28 7 6 202030178883680516456718129026212655517400459096876026303370707241079841135324527944546555229386918512999090432153562745228803/549141540824366662317211464327669663083116125185395685450414406795920712280488546433599550529123734495733692561760636194183857
28 7 8 47657180232957605984450250690900265579586854882216808824900391775348841732384822527857412366489198428533399317456592376384489/1098283081648733324634422928655339326166232250370791370900828813591841424560977092867199101058247468991467385123521272388367714
28 7 11 115661408850177674224133320835246840887380484271703079237516375149797643134994111946935139855513042869784712933848028488315189/1098283081648733324634422928655339326166232250370791370900828813591841424560977092867199101058247468991467385123521272388367714
28 7 17 187425342559206850132229814564095359037441895146745776468743295732524141918416927518251064985458244849699912539335935944660324/549141540824366662317211464327669663083116125185395685450414406795920712280488546433599550529123734495733692561760636194183857
28 7 18 26008908279970551874657244991429365098263367121604646215697340119914495597685874577801884734425816827958544488206275690648297/183047180274788887439070488109223221027705375061798561816804802265306904093496182144533183509707911498577897520586878731394619
28 8 8 19816201647581017250690595277123397787667819412327803726260382855369169047583245236853785156853014675662753037726501130244114/61015726758262962479690162703074407009235125020599520605601600755102301364498727381511061169902637166192632506862292910464873
28 8 15 26312872962256869408827069918687170497475580982222595875192722408188164122395629937169428541010200662411149327531964237898561/1098283081648733324634422928655339326166232250370791370900828813591841424560977092867199101058247468991467385123521272388367714
28 8 23 715278579030018144713165143748430995490735919966668307952949199787008217582083048666661539693883004167126681116912287806075101/1098283081648733324634422928655339326166232250370791370900828813591841424560977092867199101058247468991467385123521272388367714
28 9 4 87949443814466590401938169972237476169145866571314585576083799188414094712166657222296403030762003903989539567195177534109747/183047180274788887439070488109223221027705375061798561816804802265306904093496182144533183509707911498577897520586878731394619
28 9 10 91065951962282025474730887960105696366277631462572161334603666905509290849114720075675960445669578020217624388997908911776526/549141540824366662317211464327669663083116125185395685450414406795920712280488546433599550529123734495733692561760636194183857
28 9 16 194227257418684865636666066450851538209400894008879767387559342325169137294873854691034380991168144763547449471177194680078090/549141540824366662317211464327669663083116125185395685450414406795920712280488546433599550529123734495733692561760636194183857
28 10 1 23199897326110051954680108413508810609270287927445682244321151272050096370780307034197142853567789768049849183056918714038988/549141540824366662317211464327669663083116125185395685450414406795920712280488546433599550529123734495733692561760636194183857
28 10 6 191937125633002537903775938726397904741007806205416354410079479650537509136967887551634212773005090512640992078760075215815084/549141540824366662317211464327669663083116125185395685450414406795920712280488546433599550529123734495733692561760636194183857
28 10 7 20224327464684839012212289655381096762266272610242876636474719539386031645849911254061589972729017647999789572956744114896418/61015726758262962479690162703074407009235125020599520605601600755102301364498727381511061169902637166192632506862292910464873
28 10 10 72795041332319327652505882060093025578371917392423535900599243307226808780928528913023618176665257277472066348847390481837677/1098283081648733324634422928655339326166232250370791370900828813591841424560977092867199101058247468991467385123521272388367714
28 10 12 79147963654634169840609240338316234192077990985540119475353182239361721993906378832532918473336315261295777396307357421092324/549141540824366662317211464327669663083116125185395685450414406795920712280488546433599550529123734495733692561760636194183857
28 10 16 26130688102345183423328586856425705270898295393634671229415084560464149447413318907598646007210522900536143374124313808942213/549141540824366662317211464327669663083116125185395685450414406795920712280488546433599550529123734495733692561760636194183857
28 10 17 20618796519903008517308084129089249240558664969922400825346823130839092256614376729141023158220457164953582396955157518617295/1098283081648733324634422928655339326166232250370791370900828813591841424560977092867199101058247468991467385123521272388367714
28 11 6 6557939268220524547379052563625436526404959201596935753229055465175167834396914883466408792706563597558730226312420115330147/33281305504507070443467361474404222005037340920327011239419054957328528016999305844460578819946892999741435912833977951162658
28 11 13 179501101893791077402664231235185827004151419399038051136266218007790284802722113500092578611873118164260136739495240124257865/1098283081648733324634422928655339326166232250370791370900828813591841424560977092867199101058247468991467385123521272388367714
28 11 15 341738735057410541377079182323392626693790501251918262256570471586221172647637551083899842703573828876458019249134851545863541/549141540824366662317211464327669663083116125185395685450414406795920712280488546433599550529123734495733692561760636194183857
28 11 18 3148752298140642402348599695621473400522695802536319232477137010138042654646947674152557813318349059142185402907744227747986/183047180274788887439070488109223221027705375061798561816804802265306904093496182144533183509707911498577897520586878731394619
28 12 4 192001228244730874946752643854436442607088628489211291190647120869670633225321081845408160699167122581400680572825349043226020/549141540824366662317211464327669663083116125185395685450414406795920712280488546433599550529123734495733692561760636194183857
28 12 9 226541530661700968148286560141164810248029509570009243875065699736530080264898114954528354024385082161320442508487417683221069/549141540824366662317211464327669663083116125185395685450414406795920712280488546433599550529123734495733692561760636194183857
28 12 19 4836991922886474786006380012298830008444369893562042606840799488508148103343309245691223548354501101963428499275847017323584/20338575586087654159896720901024802336411708340199840201867200251700767121499575793837020389967545722064210835620764303488291
28 13 2 39386352906944981821384959120025786407173035046147384518077947993047140019696529781737295561710225219699546498385794161693625/99843916513521211330402084423212666015112022760981033718257164871985584050997917533381736459840678999224307738501933853487974
28 13 5 60457563606576229509017125303186879607938987714833649200179216878938444031301387751644440898130453779524761240116139691794349/99843916513521211330402084423212666015112022760981033718257164871985584050997917533381736459840678999224307738501933853487974
28 14 5 177558751420722457851216202821859243765680001543884939188634480406366579412454629180197066052405726865610465149456528211330279/549141540824366662317211464327669663083116125185395685450414406795920712280488546433599550529123734495733692561760636194183857
28 14 7 94748169444730574305943490627855911215812815015397591824281799810935594789525325627183736127308971873261993155051865197727071/1098283081648733324634422928655339326166232250370791370900828813591841424560977092867199101058247468991467385123521272388367714
28 14 10 228766171304001820100150209061669961702000869994324140106423550718520126047402798334535842002008286253334608385393771189396364/549141540824366662317211464327669663083116125185395685450414406795920712280488546433599550529123734495733692561760636194183857
28 14 11 190885066754554194425746614260425004015057692278975620486430951531132418851736912210549548822110470880315244898768808389187357/1098283081648733324634422928655339326166232250370791370900828813591841424560977092867199101058247468991467385123521272388367714
28 15 0 211539811275148793756954409623941984266084566545528876793846854884744506920795656823725859789049899765029496020219456023408155/549141540824366662317211464327669663083116125185395685450414406795920712280488546433599550529123734495733692561760636194183857
28 15 8 506269529687412195654010410784608686925310347304279491967419194220003738819776765705132724012276632289727532739573713140387327/1098283081648733324634422928655339326166232250370791370900828813591841424560977092867199101058247468991467385123521272388367714
28 15 14 56311309803674513822167899540948890236250923325151375115238636534116223966536337838204885822623679057226953447836215733721359/366094360549577774878140976218446442055410750123597123633609604530613808186992364289066367019415822997155795041173757462789238
28 16 2 59224901984975256604394651459206560052966312461252174150107448181182155160209584472492213456225500386963513778375755322372840/549141540824366662317211464327669663083116125185395685450414406795920712280488546433599550529123734495733692561760636194183857
28 16 5 17857536050428194889716323157405047024060575776899362836366060978951044597798151000531270914494948574133752351617644980436737/366094360549577774878140976218446442055410750123597123633609604530613808186992364289066367019415822997155795041173757462789238
28 16 7 9530985835151007490624562709599721073668471427942684913238232946646819400509895569579067951653587872708518894821741350154708/49921958256760605665201042211606333007556011380490516859128582435992792025498958766690868229920339499612153869250966926743987
28 16 10 41499935700862240820410292987981240163870595518135288362225210890978857594414000022307805384525056591817622905720996528695789/366094360549577774878140976218446442055410750123597123633609604530613808186992364289066367019415822997155795041173757462789238
28 16 12 296039587025794669750756698844786740437899870074222000456799488396728690426351884161478975156178759760049408054337763756410440/549141540824366662317211464327669663083116125185395685450414406795920712280488546433599550529123734495733692561760636194183857
28 17 4 379123862475031608980018999298162284903191316850518615839552538985858023934410129457172429670591650266902522915559395273844055/549141540824366662317211464327669663083116125185395685450414406795920712280488546433599550529123734495733692561760636194183857
28 17 12 306964989135853054214267663587569739084303661625614353320367695905434696303575230986046217348775434567034990039096967912171/6779525195362551386632240300341600778803902780066613400622400083900255707166525264612340129989181907354736945206921434496097
28 17 13 145153514229330955945836784278914229314096211743202306991912084441722477945488823266557377253281274028901335453034386519453951/549141540824366662317211464327669663083116125185395685450414406795920712280488546433599550529123734495733692561760636194183857
28 18 2 282392943304919716722004725133743016241333917467235088718836928947978436928804223813033666537042616842441191301273559808327159/1098283081648733324634422928655339326166232250370791370900828813591841424560977092867199101058247468991467385123521272388367714
28 18 13 64594827858290725280071238575304371289402290344462324003563851346370735397078445668058370060240962764666318622116751648735741/1098283081648733324634422928655339326166232250370791370900828813591841424560977092867199101058247468991467385123521272388367714
28 18 14 41738628360306826812908164719238441035305335697727442121023779627638458457505245743672614692275771632464437511118386718405823/61015726758262962479690162703074407009235125020599520605601600755102301364498727381511061169902637166192632506862292910464873
28 19 0 73976024349212339943403611961459655022968992267434809783860504086893189751685664661504928572130207210198264086380293191121087/122031453516525924959380325406148814018470250041199041211203201510204602728997454763022122339805274332385265013724585820929746
28 19 1 48055429167313585015976713444689158995501257773764231427342697423311412977311790101517193767675067122187000927344292629808659/122031453516525924959380325406148814018470250041199041211203201510204602728997454763022122339805274332385265013724585820929746
28 20 5 142214245913675374092867038146291865775220436296027960270567740965529709028440446405141913835390193472243611488904155151098467/1098283081648733324634422928655339326166232250370791370900828813591841424560977092867199101058247468991467385123521272388367714
28 20 9 5640663564283201223653112902822454108394618537975912393447696203746766648078206250781482201154350377682790695899469994031263/13559050390725102773264480600683201557607805560133226801244800167800511414333050529224680259978363814709473890413842868992194
28 20 10 249587543514059325712826872690214338805523856249357253380498840061411808519100970074378564464677447463458863633380023860368472/549141540824366662317211464327669663083116125185395685450414406795920712280488546433599550529123734495733692561760636194183857
28 21 3 163418640566580501515960404230448759911606581912702569433369531321854685481613073957092491297154248722552102089296428868303029/549141540824366662317211464327669663083116125185395685450414406795920712280488546433599550529123734495733692561760636194183857
28 21 6 282886464820096772671647722704968978623172038492489912623485914299468568183236810965787044908499118567987710982180475157039205/549141540824366662317211464327669663083116125185395685450414406795920712280488546433599550529123734495733692561760636194183857
28 21 11 11426270604187709792178148599139102727593056086689244821506551241621939846182073501191112702607818578354875498920414685426847/61015726758262962479690162703074407009235125020599520605601600755102301364498727381511061169902637166192632506862292910464873
28 22 7 1
28 23 1 210437832828745582634748373638103819033011365368759272716482607526366776003527243902633868044208065602851341140256239084034445/1098283081648733324634422928655339326166232250370791370900828813591841424560977092867199101058247468991467385123521272388367714
28 23 8 29141041842812175266802788551016611926974397670061006457724530491650520465913929767472709387164029570821791319183210234265513/366094360549577774878140976218446442055410750123597123633609604530613808186992364289066367019415822997155795041173757462789238
28 23 9 400211061645775608099633094682092835676148845995924539405586307295261543579854029831073552426273657338075335012857701300768365/549141540824366662317211464327669663083116125185395685450414406795920712280488546433599550529123734495733692561760636194183857
28 24 0 257219246484863827982743157489991582257837891521080758965612530375123781496781184365133500200453300394533779669146282763760225/1098283081648733324634422928655339326166232250370791370900828813591841424560977092867199101058247468991467385123521272388367714
28 24 3 841063835163869496651679771165347743908394358849710611935216283216717643064195908502065600857794168596933605454374989624607489/1098283081648733324634422928655339326166232250370791370900828813591841424560977092867199101058247468991467385123521272388367714
28 25 0 275475662789415270145177559825014104145200238719793920019417677820537296932708476584061707904623968084442349272264454842802594/549141540824366662317211464327669663083116125185395685450414406795920712280488546433599550529123734495733692561760636194183857
28 25 3 273665878034951392172033904502655558937915886465601765430996728975383415347780069849537842624499766411291343289496181351381263/549141540824366662317211464327669663083116125185395685450414406795920712280488546433599550529123734495733692561760636194183857
28 26 1 417186224470573708420420116211579841945194849489817798612848951407554213583076082768164816884396052506843710575932212296903283/1098283081648733324634422928655339326166232250370791370900828813591841424560977092867199101058247468991467385123521272388367714
28 26 5 681096857178159616214002812443759484221037400880973572287979862184287210977901010099034284173851416484623674547589060091464431/1098283081648733324634422928655339326166232250370791370900828813591841424560977092867199101058247468991467385123521272388367714
28 27 1 126270580605901815238676399557692675922582819896498684811882282970583647570116087518703226195935974773763390723978142166781350/183047180274788887439070488109223221027705375061798561816804802265306904093496182144533183509707911498577897520586878731394619
28 27 2 17383801993559133477334645326553456082897657089629633316385938012089870880829791162414056971156716579182462398811596656991299/183047180274788887439070488109223221027705375061798561816804802265306904093496182144533183509707911498577897520586878731394619
28 27 3 74456662862919633756354568196751693542157867225009672935701516150065969910842190324870401509664475761718803280154782707002831/549141540824366662317211464327669663083116125185395685450414406795920712280488546433599550529123734495733692561760636194183857
28 27 4 43721730163064182412823761478179573524516827002001058129908227697834187016808720065377299518181184675177329913236637015863079/549141540824366662317211464327669663083116125185395685450414406795920712280488546433599550529123734495733692561760636194183857
28 28 2 479319486272141592223801576854640065481786281011750587015330625630662792109048232901320153140863253238551921149199178521310499/549141540824366662317211464327669663083116125185395685450414406795920712280488546433599550529123734495733692561760636194183857
28 28 4 69822054552225070093409887473029597601329844173645098435083781165257920171440313532279397388260481257181771412561457672873358/549141540824366662317211464327669663083116125185395685450414406795920712280488546433599550529123734495733692561760636194183857
29 0 0 1622447012391817496839651464585233835302497414719845776320961447940589743249309893920159728747458608965308950512806589118254/6779525195362551386632240300341600778803902780066613400622400083900255707166525264612340129989181907354736945206921434496097
29 0 16 13206995084543589375568361159917085149437175620742988744406776626317636271254365361896187954737382676354720836289590620506873/366094360549577774878140976218446442055410750123597123633609604530613808186992364289066367019415822997155795041173757462789238
29 0 20 1656708210040191821663435959150164343207261219817968928619584729401524129446879560750143326409607553928377415822925484062793/183047180274788887439070488109223221027705375061798561816804802265306904093496182144533183509707911498577897520586878731394619
29 0 23 20613443660100907538811358092898681720616618513588108825436195614262342446287191983083969200587154107418269830255679471390690/549141540824366662317211464327669663083116125185395685450414406795920712280488546433599550529123734495733692561760636194183857
29 0 24 179084312517265604549702139244244726575028248230343582517115102937110067415638390352186224172080726634664544919879360276002124/549141540824366662317211464327669663083116125185395685450414406795920712280488546433599550529123734495733692561760636194183857
29 0 26 35135447161150358810244245225781126068034803774288744786072056697032637530935759266491219493923056318389752603306381880957051/99843916513521211330402084423212666015112022760981033718257164871985584050997917533381736459840678999224307738501933853487974
29 1 17 132322385227156774155734272385451923056134093508510954146180648504849842401406510271996416077173240403489419423404067709425992/549141540824366662317211464327669663083116125185395685450414406795920712280488546433599550529123734495733692561760636194183857
29 1 20 416819155597209888161477191942217740026982031676884731304233758291070869879082036161603134451950494092244273138356568484757865/549141540824366662317211464327669663083116125185395685450414406795920712280488546433599550529123734495733692561760636194183857
29 2 7 54528576897245700138574313451096572613037366802125437281777520230162204354850691246653955414974257198830105515551928553614043/549141540824366662317211464327669663083116125185395685450414406795920712280488546433599550529123734495733692561760636194183857
29 2 12 256280143323235205711790044959264193320318930708288053267326429390970170675628224780749969900552472915977538423161179662716111/1098283081648733324634422928655339326166232250370791370900828813591841424560977092867199101058247468991467385123521272388367714
29 2 15 25349938162663941854165997003624424451551205827651016662474916236067698915106084816398838050597986420583373218746745518119369/122031453516525924959380325406148814018470250041199041211203201510204602728997454763022122339805274332385265013724585820929746
29 2 18 84132723511171873659665047293543694592646288934898882184612182935989592489948787040925279645394100648763212783422587659224866/183047180274788887439070488109223221027705375061798561816804802265306904093496182144533183509707911498577897520586878731394619
29 3 8 189572434181865834707638923480502296006056510927028377054558372505129267703558307751376158083565177716757468829611331732903799/366094360549577774878140976218446442055410750123597123633609604530613808186992364289066367019415822997155795041173757462789238
29 3 9 176521926367711940170502052737944146049354239196568746579051232025484540483434056537690208935850645280398326211562425729885439/366094360549577774878140976218446442055410750123597123633609604530613808186992364289066367019415822997155795041173757462789238
29 4 11 216689516900550282358223173110717355068952016194489487287542996177555134897192660523202559714404725278747551436770046397604321/366094360549577774878140976218446442055410750123597123633609604530613808186992364289066367019415822997155795041173757462789238
29 4 16 149404843649027492519917803107729086986458733929107636346066608353058673289799703765863807305011097718408243604403711065184917/366094360549577774878140976218446442055410750123597123633609604530613808186992364289066367019415822997155795041173757462789238
29 5 8 165100579299197523101652092472174271040050157006445571165132583262970809835505915850737480964137697162280537339625580876650813/1098283081648733324634422928655339326166232250370791370900828813591841424560977092867199101058247468991467385123521272388367714
29 5 9 289363580426865692292443267430198836264727422446567280415434393183013339476993652993921317834986348661175439516121754725482216/549141540824366662317211464327669663083116125185395685450414406795920712280488546433599550529123734495733692561760636194183857
29 5 16 354455341495804416947884301322767382596727248471211238904827443962843935771483871028618984424137074506835968751652182060752469/1098283081648733324634422928655339326166232250370791370900828813591841424560977092867199101058247468991467385123521272388367714
29 6 3 64423273867100953887318388631307539474319520624846028542989502149734317377472690358192053366622055406323398851235482725696314/549141540824366662317211464327669663083116125185395685450414406795920712280488546433599550529123734495733692561760636194183857
29 6 7 117339804557509930205256278245601500543488421498627275060207682067351118231495558303351519712619333727464211899886626647607446/549141540824366662317211464327669663083116125185395685450414406795920712280488546433599550529123734495733692561760636194183857
29 6 18 122459487466585259408212265816920207688436061020640793949072407526278425557173432590685325816627448453982027270212842273626699/183047180274788887439070488109223221027705375061798561816804802265306904093496182144533183509707911498577897520586878731394619
29 7 10 319442046601836257594290512549588743833895711410878836434786705446383032321782193188840707803928278715086472717468644142866133/549141540824366662317211464327669663083116125185395685450414406795920712280488546433599550529123734495733692561760636194183857
29 7 18 229699494222530404722920951778080919249220413774516849015627701349537679958706353244758842725195455780647219844291992051317724/549141540824366662317211464327669663083116125185395685450414406795920712280488546433599550529123734495733692561760636194183857
29 8 0 6592981749128377021876457694190439505920350834949674942659412006600031999825137915987575726709131528160864360107835700637667/183047180274788887439070488109223221027705375061798561816804802265306904093496182144533183509707911498577897520586878731394619
29 8 5 159574099219281217470432548369505806442534706457318284790800299441781164627844124764815889071855872729315516934186000890721056/549141540824366662317211464327669663083116125185395685450414406795920712280488546433599550529123734495733692561760636194183857
29 8 17 437949207130813471177256357262362897609291705885936039029074716388145640299073969611815944239448928728643877045790307249396629/1098283081648733324634422928655339326166232250370791370900828813591841424560977092867199101058247468991467385123521272388367714
29 8 22 11171399466095820606853434388474895505049963946685952319785075047427157889157927638141700900549333542045455112915257376063073/40677151172175308319793441802049604672823416680399680403734400503401534242999151587674040779935091444128421671241528606976582
29 9 7 931275489351590815240527294389276122497490702140891186101162518743122730901955231274875179331137312562585484551713922294567327/1098283081648733324634422928655339326166232250370791370900828813591841424560977092867199101058247468991467385123521272388367714
29 9 20 167007592297142509393895634266063203668741548229900184799666294848718693659021861592323921727110156428881900571807350093800387/1098283081648733324634422928655339326166232250370791370900828813591841424560977092867199101058247468991467385123521272388367714
29 10 7 79147963654634169840609240338316234192077990985540119475353182239361721993906378832532918473336315261295777396307357421092324/549141540824366662317211464327669663083116125185395685450414406795920712280488546433599550529123734495733692561760636194183857
29 10 12 469993577169732492476602223989353428891038134199855565975061224556558990286582167601066632055787419234437915165453278773091533/549141540824366662317211464327669663083116125185395685450414406795920712280488546433599550529123734495733692561760636194183857
29 11 4 543429712116420340583215990248299892317444046265763517822980147446758988903733071112193178598810006378356496178698685912929/49921958256760605665201042211606333007556011380490516859128582435992792025498958766690868229920339499612153869250966926743987
29 11 8 7236246525900551648939848214443538961230609380816932612596095826455094811513303758878773652080642422870585562860095207338703/11093768501502356814489120491468074001679113640109003746473018319109509338999768614820192939982297666580478637611325983720886
29 11 10 14918404301571517641999028610201532545964798721936621204441728437835479047948638432967075622214426363983158635122992456932745/122031453516525924959380325406148814018470250041199041211203201510204602728997454763022122339805274332385265013724585820929746
29 11 17 117836791601936902559277973074076289229867482077319327010867103794219514516870073638514289486580105855553571884166771829678487/549141540824366662317211464327669663083116125185395685450414406795920712280488546433599550529123734495733692561760636194183857
29 12 0 12429752357501869862421422907862355385414903060836058496056684505280832120716460262845211104575327884269761230639396607871307/549141540824366662317211464327669663083116125185395685450414406795920712280488546433599550529123734495733692561760636194183857
29 12 15 536711788466864792454790041419807307697701222124559626954357722290639880159772086170754339424548406611463931331121239586312550/549141540824366662317211464327669663083116125185395685450414406795920712280488546433599550529123734495733692561760636194183857
29 13 8 86721011190993352209567169848914094695190816036193157363323457648084137609278264028106963276341050684715777937340435664092533/549141540824366662317211464327669663083116125185395685450414406795920712280488546433599550529123734495733692561760636194183857
29 13 10 462420529633373310107644294478755568387925309149202528087090949147836574671210282405492587252782683811017914624420200530091324/549141540824366662317211464327669663083116125185395685450414406795920712280488546433599550529123734495733692561760636194183857
29 14 0 19550277966746149134422787718858954593176814414388530403042581407464200903475382700103816626874755738914611141594044680998283/49921958256760605665201042211606333007556011380490516859128582435992792025498958766690868229920339499612153869250966926743987
29 14 13 30371680290014456530778254492747378414379196966101986456086001028528591122023576066587051603045583760697542727656922245745704/49921958256760605665201042211606333007556011380490516859128582435992792025498958766690868229920339499612153869250966926743987
29 15 1 95015338858904339144852119237433538397648717518819681424157062419143778823178867568200000421173429365517186115879344853100828/549141540824366662317211464327669663083116125185395685450414406795920712280488546433599550529123734495733692561760636194183857
29 15 4 454126201965462323172359345090236124685467407666576004026257344376776933457309678865399550107950305130216506445881291341083029/549141540824366662317211464327669663083116125185395685450414406795920712280488546433599550529123734495733692561760636194183857
29 16 10 20460633867360393059850796289660644108750404010606786976372188503107863788547658645949446397090891363117485670693281031528499/1098283081648733324634422928655339326166232250370791370900828813591841424560977092867199101058247468991467385123521272388367714
29 16 11 218174397650554787048386908435817296784035084269969214931482208963137756101838342683777439392419817187530647358030588101966297/1098283081648733324634422928655339326166232250370791370900828813591841424560977092867199101058247468991467385123521272388367714
29 16 13 53721481603427619871862935524857051291969113502963996277460726788140640391235332295058212084546623316841465269355458743972955/366094360549577774878140976218446442055410750123597123633609604530613808186992364289066367019415822997155795041173757462789238
29 16 14 698483605320535284910596417355290231397539421581323380160592235761173883496885094652297579015096890490294856286731027022954053/1098283081648733324634422928655339326166232250370791370900828813591841424560977092867199101058247468991467385123521272388367714
29 17 2 338956214770837896574810663579466491764437970265265326426196066909774899748522614963376458604982476860123735242292690909899167/1098283081648733324634422928655339326166232250370791370900828813591841424560977092867199101058247468991467385123521272388367714
29 17 5 20103301292073402038807125498616610431830227316419563901718121998782067859816280099649701208847109150536044700387883363286436/61015726758262962479690162703074407009235125020599520605601600755102301364498727381511061169902637166192632506862292910464873
29 17 13 397467443620574191361084006100773846628850188409973894243706550703989303335761436110128020694017027421694845274246680939312699/1098283081648733324634422928655339326166232250370791370900828813591841424560977092867199101058247468991467385123521272388367714
29 18 3 233897855489781299848305022296502126671223490952248528022903405350354945411608413759215644948108342824070110119025788323874426/549141540824366662317211464327669663083116125185395685450414406795920712280488546433599550529123734495733692561760636194183857
29 18 4 8952489878557355333808496241829319336002995341085429748760042524890134807047646874462341763417703484746011138932203922329703/549141540824366662317211464327669663083116125185395685450414406795920712280488546433599550529123734495733692561760636194183857
29 18 7 18409287283044441899534425275694250353941145989759889565375647817443989437012510503109103384020050160697298809716753515328831/549141540824366662317211464327669663083116125185395685450414406795920712280488546433599550529123734495733692561760636194183857
29 18 11 483664606499875096307990841074260274791407491563782799078849993060933218027632858522245567947721224440018912296414671207467951/1098283081648733324634422928655339326166232250370791370900828813591841424560977092867199101058247468991467385123521272388367714
29 18 12 37119713372064895552693015090677385494241327516486744999652843320211259483609717847747646645157607405541044966544296535090945/549141540824366662317211464327669663083116125185395685450414406795920712280488546433599550529123734495733692561760636194183857
29 18 13 17859783101962243057750169771672887664006839207847387148594942505107548254787656375884059629118836801339542758668516587651953/1098283081648733324634422928655339326166232250370791370900828813591841424560977092867199101058247468991467385123521272388367714
29 19 3 342217681827429067460181899063562435433827736961338808812958486060874418331742327848595656664376471201500773592739884034895531/1098283081648733324634422928655339326166232250370791370900828813591841424560977092867199101058247468991467385123521272388367714
29 19 9 617400383280356643016396229750810763444971776962509930908167715280109809134022806012568870336149428610891852456699089919355359/1098283081648733324634422928655339326166232250370791370900828813591841424560977092867199101058247468991467385123521272388367714
29 19 12 700328366368422293726488888085687511552690588115871874644962688135642409571777570737548353826876612015529086232738880980388/5546884250751178407244560245734037000839556820054501873236509159554754669499884307410096469991148833290239318805662991860443
29 20 6 1
29 21 2 284374286062962220881232111415432925205518382858671706113627988196902851588827907278556523238762933401350212383393347714383275/366094360549577774878140976218446442055410750123597123633609604530613808186992364289066367019415822997155795041173757462789238
29 21 8 67396018697202580126705435567642659017647381564596065490285638196957966241086144079371513899714244138912216523241974609193225/366094360549577774878140976218446442055410750123597123633609604530613808186992364289066367019415822997155795041173757462789238
29 21 11 2387342631568828978367238205895142972040830950054892004949329689458831726179718821856388313489774242815561022423072523202123/61015726758262962479690162703074407009235125020599520605601600755102301364498727381511061169902637166192632506862292910464873
29 22 1 16045135554453562025329631955582424718173790044188585662198443151941862666831152690039051972648690104869079199741432885831441/122031453516525924959380325406148814018470250041199041211203201510204602728997454763022122339805274332385265013724585820929746
29 22 2 610528494056054488719142483623052688273233445266985472378978883415720108986412683765937519044014990901205228838679691630013769/1098283081648733324634422928655339326166232250370791370900828813591841424560977092867199101058247468991467385123521272388367714
29 22 8 5455709327144600486913949904464376588794845224167448405357930719907099320899741433280871166331679658492800705585660453172904/61015726758262962479690162703074407009235125020599520605601600755102301364498727381511061169902637166192632506862292910464873
29 22 10 122572799856996984461431329575843018415563740335547278132810594425158381898444344545927216633212016646785015393313398314379352/549141540824366662317211464327669663083116125185395685450414406795920712280488546433599550529123734495733692561760636194183857
29 23 1 260142980875819901896753969976785710743296806447776262018080708034772355842228984808752228088925552090318236557489233294818611/1098283081648733324634422928655339326166232250370791370900828813591841424560977092867199101058247468991467385123521272388367714
29 23 5 838140100772913422737668958678553615422935443923015108882748105557069068718748108058446872969321916901149148566032039093549103/1098283081648733324634422928655339326166232250370791370900828813591841424560977092867199101058247468991467385123521272388367714
29 24 1 553939504329643329728826444662247875603030131677892617002725802635480933362307597985165898546468262124142432859021630910506685/1098283081648733324634422928655339326166232250370791370900828813591841424560977092867199101058247468991467385123521272388367714
29 24 5 2826294816090674341638775889663088342698864282588984424387186218096563174010886616946068079774985841207805844551899829395379/61015726758262962479690162703074407009235125020599520605601600755102301364498727381511061169902637166192632506862292910464873
29 24 7 44860933693587077886918047089014169126783869236936094023557605366420214006043048707000361552348132884144040642051404049885837/99843916513521211330402084423212666015112022760981033718257164871985584050997917533381736459840678999224307738501933853487974
29 25 0 237745375147155331006790385478843992939279078603455764965958512562396620275069874865228207686259242124634685822187634912700199/549141540824366662317211464327669663083116125185395685450414406795920712280488546433599550529123734495733692561760636194183857
29 25 5 131191998535829307879338015527749764015891536226496038263826663379312132139877895445457217356211771591191742204628186925110979/366094360549577774878140976218446442055410750123597123633609604530613808186992364289066367019415822997155795041173757462789238
29 25 6 229216335746934738982828111114402048239999484484391726177431798329111787591203656800371033617093669968622786865261441787634379/1098283081648733324634422928655339326166232250370791370900828813591841424560977092867199101058247468991467385123521272388367714
29 26 0 229181695238584745778806952280628370636918809200359656300865308360037425906570470689311094244187353563936284713309972504086524/549141540824366662317211464327669663083116125185395685450414406795920712280488546433599550529123734495733692561760636194183857
29 26 1 1274027933771580176495245624658287000474417508653830750544855436778877299019285444324298956115737946313422942826447479199979/366094360549577774878140976218446442055410750123597123633609604530613808186992364289066367019415822997155795041173757462789238
29 26 6 57827055215477190231574844292737065808270125404010051458860330051039085531888935923236728700138686184059504260765634994781339/99843916513521211330402084423212666015112022760981033718257164871985584050997917533381736459840678999224307738501933853487974
29 27 2 43721730163064182412823761478179573524516827002001058129908227697834187016808720065377299518181184675177329913236637015863079/549141540824366662317211464327669663083116125185395685450414406795920712280488546433599550529123734495733692561760636194183857
29 27 4 505419810661302479904387702849490089558599298183394627320506179098086525263679826368222251010942549820556362648523999178320778/549141540824366662317211464327669663083116125185395685450414406795920712280488546433599550529123734495733692561760636194183857
29 28 0 136191478754386642645976596206166070484780464629564984656537107028382623058223991737564914049117564880798287033070013223167693/549141540824366662317211464327669663083116125185395685450414406795920712280488546433599550529123734495733692561760636194183857
29 28 1 405627779025624223745918624700865875845295689106163329022591526148014455126763248174765829138470294628243847791391453398493482/549141540824366662317211464327669663083116125185395685450414406795920712280488546433599550529123734495733692561760636194183857
29 28 4 2440761014785265308438747806879238917679990483222457257095257873174544698500435507089602447178624995563852579099723190840894/183047180274788887439070488109223221027705375061798561816804802265306904093496182144533183509707911498577897520586878731394619
29 29 2 73545997424009743401277322584671995593942896187025629719848872170511215467922584127436003975218049669010457799578999403807903/1098283081648733324634422928655339326166232250370791370900828813591841424560977092867199101058247468991467385123521272388367714
29 29 3 1024737084224723581233145606070667330572289354183765741180979941421330209093054508739763097083029419322456927323942272984559811/1098283081648733324634422928655339326166232250370791370900828813591841424560977092867199101058247468991467385123521272388367714
30 0 14 134775635990051179488968391810604245405019899790990391198668957800639408148411181942315828076199333855663768164045681269757761/549141540824366662317211464327669663083116125185395685450414406795920712280488546433599550529123734495733692561760636194183857
30 0 21 20/33
30 0 24 81552849789244778393569457773023197627722816191135181857554899421996023962084306046677934253455470642655565269375175412799516/549141540824366662317211464327669663083116125185395685450414406795920712280488546433599550529123734495733692561760636194183857
30 1 9 29203281070064658113464841976747719234726794556804473670895419167160615550702007416634300854161743361531454443326158439131640/183047180274788887439070488109223221027705375061798561816804802265306904093496182144533183509707911498577897520586878731394619
30 1 13 5174690847358816247990904517750692198946256764626954167379717504238912111617073981881073331780050665040822410413300809820365/11093768501502356814489120491468074001679113640109003746473018319109509338999768614820192939982297666580478637611325983720886
30 1 16 107252163836356431773559603996672936717964861485303042066453801552508682607823196170120638163483257939597729515054308933092166/549141540824366662317211464327669663083116125185395685450414406795920712280488546433599550529123734495733692561760636194183857
30 1 19 196264673667109703855415121544188609626262340361289982171956662564208066991028331820925759760085477104041780802538923715177407/1098283081648733324634422928655339326166232250370791370900828813591841424560977092867199101058247468991467385123521272388367714
30 2 10 406082561462641491718059713217236167388336054999489777396261764844013376192094770441425940953071076493640441610191041852800278/549141540824366662317211464327669663083116125185395685450414406795920712280488546433599550529123734495733692561760636194183857
30 2 17 143058979361725170599151751110433495694780070185905908054152641951907336088393775992173609576052658002093250951569594341383579/549141540824366662317211464327669663083116125185395685450414406795920712280488546433599550529123734495733692561760636194183857
30 3 19 840970719121101700203454880700017654256902328947064339265833325111780729134371191419212667836394358973262420376024790491331891/1098283081648733324634422928655339326166232250370791370900828813591841424560977092867199101058247468991467385123521272388367714
30 3 22 76179938775977682347840120067640050230717281793672562634957470266136725239740395567242171408598385948258218877209348264074529/1098283081648733324634422928655339326166232250370791370900828813591841424560977092867199101058247468991467385123521272388367714
30 3 25 90566211875826971041563963943840810839306319815027234500019009106961985093432752940372130906627362034973372935143566816480647/549141540824366662317211464327669663083116125185395685450414406795920712280488546433599550529123734495733692561760636194183857
30 4 6 3925294449004300848301249591887455115708579844390440967419219561073041899017350864805976649284278436706688092427725448727717/366094360549577774878140976218446442055410750123597123633609604530613808186992364289066367019415822997155795041173757462789238
30 4 10 53830844567313338773565561985442087549117482482926563897592722187568700957586227561097736320881192728020968175294695114941902/549141540824366662317211464327669663083116125185395685450414406795920712280488546433599550529123734495733692561760636194183857
30 4 13 147147718714724053597301967837198633506073567082419640872882632005997877170475568008237610662334201284015440667535918540606681/183047180274788887439070488109223221027705375061798561816804802265306904093496182144533183509707911498577897520586878731394619
30 4 15 95959196878749422958576248885600984684430143377249074966089918497497633925899177101160034494627040521212740490433194568660673/1098283081648733324634422928655339326166232250370791370900828813591841424560977092867199101058247468991467385123521272388367714
30 5 5 130650006024620129334988188658124095059371163882184080751555620011144906801052298841795420869038340093304731330292771579398591/1098283081648733324634422928655339326166232250370791370900828813591841424560977092867199101058247468991467385123521272388367714
30 5 15 967633075624113195299434739997215231106861086488607290149273193580696517759924794025403680189209128898162653793228500808969123/1098283081648733324634422928655339326166232250370791370900828813591841424560977092867199101058247468991467385123521272388367714
30 6 5 129625368919898915028643123674923968742583927558957637178013256274004143035183408456364905270588390204136494280116446148413383/549141540824366662317211464327669663083116125185395685450414406795920712280488546433599550529123734495733692561760636194183857
30 6 13 423045110644066146077071161074997672407951187137352960561807367374194800148693988913134465571571546596760308025766952971562177/1098283081648733324634422928655339326166232250370791370900828813591841424560977092867199101058247468991467385123521272388367714
30 6 18 155318324542541212187338518615815701360606238455204169045412040254525445193113285513088701724927418691581830593074596874750266/549141540824366662317211464327669663083116125185395685450414406795920712280488546433599550529123734495733692561760636194183857
30 6 23 3901873484436552745384758629587493094514841896485733255265587154095831405766285778339163759097937207528534346347119754462157/40677151172175308319793441802049604672823416680399680403734400503401534242999151587674040779935091444128421671241528606976582
30 7 9 112181905459600768561928171066486941742275057215945959375972702983517079091441398532831227028709017185610960260949015011630671/366094360549577774878140976218446442055410750123597123633609604530613808186992364289066367019415822997155795041173757462789238
30 7 12 93900988370226991379344067756492814971085827972589756265284897472772153330088707636657580600988366892381919542484802295711416/549141540824366662317211464327669663083116125185395685450414406795920712280488546433599550529123734495733692561760636194183857
30 7 14 342860968120284841159086398208070373993889996909187669683741013782459381982112073068623169338294946186403539255628808753470109/1098283081648733324634422928655339326166232250370791370900828813591841424560977092867199101058247468991467385123521272388367714
30 7 20 4279155933503559167238220032126342537098989367936783528862961035431231456377100165310501656145346990064206037038441000158940/20338575586087654159896720901024802336411708340199840201867200251700767121499575793837020389967545722064210835620764303488291
30 8 14 444481514380622984693562397715538600979146851478047537535116439964501654512098447850084787920510190551454838733592948735386659/1098283081648733324634422928655339326166232250370791370900828813591841424560977092867199101058247468991467385123521272388367714
30 8 16 653801567268110339940860530939800725187085398892743833365712373627339770048878645017114313137737278440012546389928323652981055/1098283081648733324634422928655339326166232250370791370900828813591841424560977092867199101058247468991467385123521272388367714
30 9 9 4729337380654830902259545232530301210029900241785352991773942251414112168609724347628778688668090449750740381781534799495699/61015726758262962479690162703074407009235125020599520605601600755102301364498727381511061169902637166192632506862292910464873
30 9 11 233102192497571087373114004413643357888929796933680688728822983359514542482952146483223785391285108004116439123827730315984687/549141540824366662317211464327669663083116125185395685450414406795920712280488546433599550529123734495733692561760636194183857
30 9 12 62859299466235971385367105237969459639619358866382413432501649120927202826597733852978221929862946359859997833377185435154190/183047180274788887439070488109223221027705375061798561816804802265306904093496182144533183509707911498577897520586878731394619
30 9 21 84897413502194182667660237107345215385059149476499579498120995810897551800255679262782091150236973364280596501767536377275309/549141540824366662317211464327669663083116125185395685450414406795920712280488546433599550529123734495733692561760636194183857
30 10 5 227991777479850539431078637005069697069354923360886818047953187581123546647604338426667130573560483232360136837728659584526245/549141540824366662317211464327669663083116125185395685450414406795920712280488546433599550529123734495733692561760636194183857
30 10 8 7849836827700908940839819917541746154778799247283951727208534565740637672271845448860505280843672050412160645075790460567513/20338575586087654159896720901024802336411708340199840201867200251700767121499575793837020389967545722064210835620764303488291
30 10 11 109204168996591581483457689548972819834733622147842170767830785939799948481544380887698777372784105902245218306985634174334761/549141540824366662317211464327669663083116125185395685450414406795920712280488546433599550529123734495733692561760636194183857
30 11 12 108839456551963083757416476093897136625119646166249022947743188839650988838834049539676488888243984675503813562876309018828935/183047180274788887439070488109223221027705375061798561816804802265306904093496182144533183509707911498577897520586878731394619
30 11 18 74207723722825803681654012015326084402585728895549538869061613425655915254662132604856694621463926823074083957710569712565684/183047180274788887439070488109223221027705375061798561816804802265306904093496182144533183509707911498577897520586878731394619
30 12 4 272737629367482325510268121926773498225814248490368310831239502834793069396522281273643949090915279617583833898544139155509484/549141540824366662317211464327669663083116125185395685450414406795920712280488546433599550529123734495733692561760636194183857
30 12 11 10097820295707062193279903391721272374230950643952571217528596730593760825423921536004040939783120737833166204841706066647383/33281305504507070443467361474404222005037340920327011239419054957328528016999305844460578819946892999741435912833977951162658
30 12 14 219579753155435621235649872874990341364982382139619899059906115812661178528943119631777851863573925407805232566656693877985107/1098283081648733324634422928655339326166232250370791370900828813591841424560977092867199101058247468991467385123521272388367714
30 13 8 256313595769517690408636937502049899935339284377241810005526781241052049191672943135429493654307830110783716552794833530053589/1098283081648733324634422928655339326166232250370791370900828813591841424560977092867199101058247468991467385123521272388367714
30 13 9 222842487832409643268883883818487078946837111307054415389551705684873700050249207225185226950419179170417370898681855843376353/366094360549577774878140976218446442055410750123597123633609604530613808186992364289066367019415822997155795041173757462789238
30 13 10 86721011190993352209567169848914094695190816036193157363323457648084137609278264028106963276341050684715777937340435664092533/549141540824366662317211464327669663083116125185395685450414406795920712280488546433599550529123734495733692561760636194183857
30 14 1 23208354923289436360515490320259178744421669070559894745149675688936316547996591296918060553900151686369632851079710930647266/49921958256760605665201042211606333007556011380490516859128582435992792025498958766690868229920339499612153869250966926743987
30 14 2 139916382860170568428604276976251561002904502824011634157772630522272848852531930504479069642049533936509518341450195077922885/549141540824366662317211464327669663083116125185395685450414406795920712280488546433599550529123734495733692561760636194183857
30 14 13 87068231250344291479415330683243619708921071901630105814653648724673643024134675288743759667174861093081668449735285522908645/549141540824366662317211464327669663083116125185395685450414406795920712280488546433599550529123734495733692561760636194183857
30 14 14 66865022557668002443521463145323516182652190683595103281341694970674738375859436374278055126997670916076544408698335356232401/549141540824366662317211464327669663083116125185395685450414406795920712280488546433599550529123734495733692561760636194183857
30 15 3 382628691402629005770442925441134959515978791075386183589088382129302686892551798680496217638269077922424712022149865867229609/549141540824366662317211464327669663083116125185395685450414406795920712280488546433599550529123734495733692561760636194183857
30 15 5 84491540539687014059783648917572244396474674777051362633543316809910020337868414386275603926523456755161575919686977928111737/549141540824366662317211464327669663083116125185395685450414406795920712280488546433599550529123734495733692561760636194183857
30 15 9 82021308882050642486984889968962459170662659332958139227782707856708005050068333366827728964331199818147404619923792398842511/549141540824366662317211464327669663083116125185395685450414406795920712280488546433599550529123734495733692561760636194183857
30 16 1 323325518545211885361137266350626438222673265151505970063026836676110454310835152069040574281841716698376492872204668614165281/549141540824366662317211464327669663083116125185395685450414406795920712280488546433599550529123734495733692561760636194183857
30 16 11 225816022279154776956074197977043224860442860033889715387387570119810257969653394364558976247282017797357199689555967580018576/549141540824366662317211464327669663083116125185395685450414406795920712280488546433599550529123734495733692561760636194183857
30 17 6 382551110121523056792125279375891115632328092307258792560420879396392222795358852257265837813063587305004120659892698004960792/549141540824366662317211464327669663083116125185395685450414406795920712280488546433599550529123734495733692561760636194183857
30 17 9 47427815183556091034174711878820328232470797366403229552244596378149436454024778052476250535738425746450903951025209443347981/1098283081648733324634422928655339326166232250370791370900828813591841424560977092867199101058247468991467385123521272388367714
30 17 10 31750338469125680001777517558304085185456140932207839580860273157878615835137178922243463877375763181667582205856740770566461/122031453516525924959380325406148814018470250041199041211203201510204602728997454763022122339805274332385265013724585820929746
30 18 8 288709159340292671497811619861937598415734170388327065479366405812743371632122883654357375011777187101458911015316352944489545/366094360549577774878140976218446442055410750123597123633609604530613808186992364289066367019415822997155795041173757462789238
30 18 9 64786082391515290753430731950954743056555365399687322952389911178584249632519285712768525577435642342973589652023124655737543/366094360549577774878140976218446442055410750123597123633609604530613808186992364289066367019415822997155795041173757462789238
30 18 13 21210637740353219910603744790495118826803391137344672056992066564454860138636691787778563013809753455763121841471851620475/616320472305686489693840027303781888982172980006055763692945462172750518833320478601121829999016537032248813200629221317827
30 19 6 796847021018567801643728721872650514861956238830018959598819344690653106701675507426930032618209224171444982001396474004312029/1098283081648733324634422928655339326166232250370791370900828813591841424560977092867199101058247468991467385123521272388367714
30 19 11 301436060630165522990694206782688811304276011540772411302009468901188317859301585440269068440038244820022403122124798384055685/1098283081648733324634422928655339326166232250370791370900828813591841424560977092867199101058247468991467385123521272388367714
30 20 5 956068835735057950541555890509047460391011814074763410630261072626311715532536646462057187222857275519223773634617117237269247/1098283081648733324634422928655339326166232250370791370900828813591841424560977092867199101058247468991467385123521272388367714
30 20 7 142214245913675374092867038146291865775220436296027960270567740965529709028440446405141913835390193472243611488904155151098467/1098283081648733324634422928655339326166232250370791370900828813591841424560977092867199101058247468991467385123521272388367714
30 21 3 111027541564547782276187847304120896727240490034969689968312244038099721834249580815543457886122443363492029988209817512993963/549141540824366662317211464327669663083116125185395685450414406795920712280488546433599550529123734495733692561760636194183857
30 21 6 92627778519219107222895314298111753277375087114641934684669469152521056149644253056461892803544281475837538679910193744902643/1098283081648733324634422928655339326166232250370791370900828813591841424560977092867199101058247468991467385123521272388367714
30 21 7 141563401165298914829992196060297170708932025513202722571276317042329653640618074541055151040262085849623908314059382131844711/366094360549577774878140976218446442055410750123597123633609604530613808186992364289066367019415822997155795041173757462789238
30 21 9 59818336084086984728195888594682377884596684441100314760950984206021993970163242426080806560278673873295676920835549536990502/183047180274788887439070488109223221027705375061798561816804802265306904093496182144533183509707911498577897520586878731394619
30 22 2 487754587592678835915280445032286637892998805103805898521849930176121315574564409101261582014232478090262156284841580758353945/1098283081648733324634422928655339326166232250370791370900828813591841424560977092867199101058247468991467385123521272388367714
30 22 3 19931416493673920435256389601637895144979821811438283740486446600014691376139601175121654953840863275353870299362581882305039/1098283081648733324634422928655339326166232250370791370900828813591841424560977092867199101058247468991467385123521272388367714
30 22 4 23373172567590703382858234682268317506384315772624663841383111445112082400889541488744742546567618060181809583849124135084159/99843916513521211330402084423212666015112022760981033718257164871985584050997917533381736459840678999224307738501933853487974
30 22 10 333492179318882831072445512516463300558026149956675886383278210919472511200488126214623696077930328963851453116976744261782981/1098283081648733324634422928655339326166232250370791370900828813591841424560977092867199101058247468991467385123521272388367714
30 23 6 363806732647085372055730706240450677556164546047597883297974121077862474897868138919753777021026957416816764404497414915602731/1098283081648733324634422928655339326166232250370791370900828813591841424560977092867199101058247468991467385123521272388367714
30 23 7 83549658570987147744868415037116031281128954359600733903726401782071779672290848590772973291885906909280051489662593228670257/366094360549577774878140976218446442055410750123597123633609604530613808186992364289066367019415822997155795041173757462789238
30 23 8 241913686644343254672043488651770277383340420622195642945837743583881805323118204087563202080781395423405233125018038893377106/549141540824366662317211464327669663083116125185395685450414406795920712280488546433599550529123734495733692561760636194183857
30 24 0 14381715678686645253603323321362834727364592057431796759438132725460365667241795454721883603558825711099613533467993105407313/549141540824366662317211464327669663083116125185395685450414406795920712280488546433599550529123734495733692561760636194183857
30 24 4 464706839272084566248891871336430190939893377491433440740257393579701622731989944867560209868711810303385219995629458337929581/1098283081648733324634422928655339326166232250370791370900828813591841424560977092867199101058247468991467385123521272388367714
30 24 7 54982982819934133443484037334198496888328153524044939694699559505565370044954868826381374907492546115080267096450529803602137/99843916513521211330402084423212666015112022760981033718257164871985584050997917533381736459840678999224307738501933853487974
30 25 4 81748280335935176213114526805232786895994586484962725272256252199125715830948368207654200642623195837013037233612421073285409/183047180274788887439070488109223221027705375061798561816804802265306904093496182144533183509707911498577897520586878731394619
30 25 7 101298899938853711225955961303990434131710788576835836544548550066181188262547813936878982867084715661564860286974457658109210/183047180274788887439070488109223221027705375061798561816804802265306904093496182144533183509707911498577897520586878731394619
30 26 0 319959845585781916538404512047041292446197315985036029149549098435883286373918075744288456284936380931797407848450663690097333/549141540824366662317211464327669663083116125185395685450414406795920712280488546433599550529123734495733692561760636194183857
30 26 1 229181695238584745778806952280628370636918809200359656300865308360037425906570470689311094244187353563936284713309972504086524/549141540824366662317211464327669663083116125185395685450414406795920712280488546433599550529123734495733692561760636194183857
30 27 2 1358937963476651323890227042684079100670423752436527081328437785918542017570121090607778524784981129319014165415317674725062/16640652752253535221733680737202111002518670460163505619709527478664264008499652922230289409973446499870717956416988975581329
30 27 3 474684877961447028560856896130917969540958257960386012514712890645854742369646356108729149019459258734014889281605853487181026/549141540824366662317211464327669663083116125185395685450414406795920712280488546433599550529123734495733692561760636194183857
30 27 5 29611710068190140067977075788177083220033883394604279251863069214754083331028194334813710191760098494191335821449299441075785/549141540824366662317211464327669663083116125185395685450414406795920712280488546433599550529123734495733692561760636194183857
30 28 0 412950062069980019671234868121503592598335660555830700793877299767538089222264554696034636480006169614935405528690622971016164/549141540824366662317211464327669663083116125185395685450414406795920712280488546433599550529123734495733692561760636194183857
30 28 4 136191478754386642645976596206166070484780464629564984656537107028382623058223991737564914049117564880798287033070013223167693/549141540824366662317211464327669663083116125185395685450414406795920712280488546433599550529123734495733692561760636194183857
30 29 0 267788194553017067062511821479421051381741329471675316099416645269638363255054402361002677639878860234281368430827047743940259/549141540824366662317211464327669663083116125185395685450414406795920712280488546433599550529123734495733692561760636194183857
30 29 2 489160695118689447108121963111825227808806695240415108982146650882053482582945704017757741803271698853894190462288177496679293/1098283081648733324634422928655339326166232250370791370900828813591841424560977092867199101058247468991467385123521272388367714
30 29 3 73545997424009743401277322584671995593942896187025629719848872170511215467922584127436003975218049669010457799578999403807903/1098283081648733324634422928655339326166232250370791370900828813591841424560977092867199101058247468991467385123521272388367714
30 30 1 207280699947485217420139912815222996105408463941949374241742598584072742273110701231597319389449497679735056394044866155089338/549141540824366662317211464327669663083116125185395685450414406795920712280488546433599550529123734495733692561760636194183857
30 30 2 341860840876881444897071551512446666977707661243446311208671808211847970007377845202002231139674236815998636167715770039094519/549141540824366662317211464327669663083116125185395685450414406795920712280488546433599550529123734495733692561760636194183857
31 0 8 60480634813961966877794605585634898947622312425323032894204400704671851056532748177337499795173980074871804413068682123009643/1098283081648733324634422928655339326166232250370791370900828813591841424560977092867199101058247468991467385123521272388367714
31 0 10 324085507673603720666626072348451883705541057338025519954300000164929166287344196600157135662281213986438147355265790481152149/549141540824366662317211464327669663083116125185395685450414406795920712280488546433599550529123734495733692561760636194183857
31 0 12 68613617030537211088738600715227477105518361540827083328950231183958490876059431682409021141347043784179252566028119698044334/549141540824366662317211464327669663083116125185395685450414406795920712280488546433599550529123734495733692561760636194183857
31 0 16 252404197426489494245898976942345705596491100187763131440123950189394259177637088124729287655816973375360780867864769906965105/1098283081648733324634422928655339326166232250370791370900828813591841424560977092867199101058247468991467385123521272388367714
31 1 12 860236848462674304173769755613395775314378365856693873273421350464254974017152454714775570739223150838362007949515601874275551/1098283081648733324634422928655339326166232250370791370900828813591841424560977092867199101058247468991467385123521272388367714
31 1 14 238046233186059020460653173041943550851853884514097497627407463127586450543824638152423530319024318153105377174005670514092163/1098283081648733324634422928655339326166232250370791370900828813591841424560977092867199101058247468991467385123521272388367714
31 2 14 47376811233018452395399993192595192022339014503062980710536448260643862726823147353372899827684793176811217739059605414761412/549141540824366662317211464327669663083116125185395685450414406795920712280488546433599550529123734495733692561760636194183857
31 2 19 501764729591348209921811471135074471060777110682332704739877958535276849553665399080226650701438941318922474822701030779422445/549141540824366662317211464327669663083116125185395685450414406795920712280488546433599550529123734495733692561760636194183857
31 3 7 10630588741863658846938278090404473455975340811675730330842465941524526357619626114287637378424526388145423807754876219136101/549141540824366662317211464327669663083116125185395685450414406795920712280488546433599550529123734495733692561760636194183857
31 3 15 538510952082503003470273186237265189627140784373719955119571940854396185922868920319311913150699208107588268754005759975047756/549141540824366662317211464327669663083116125185395685450414406795920712280488546433599550529123734495733692561760636194183857
31 4 12 549889435362232536449747563298405754249392625345068360007581790025916754006118066790428481590970720888790028137608397493676317/1098283081648733324634422928655339326166232250370791370900828813591841424560977092867199101058247468991467385123521272388367714
31 4 16 548393646286500788184675365356933571916839625025723010893247023565924670554859026076770619467276748102677356985912874894691397/1098283081648733324634422928655339326166232250370791370900828813591841424560977092867199101058247468991467385123521272388367714
31 5 8 4713837241966007878913763473491649984031640208093544186145425459835800384347221025038589054899069805106857036738656677123853/33281305504507070443467361474404222005037340920327011239419054957328528016999305844460578819946892999741435912833977951162658
31 5 12 59103522877890071407064250058709653896708460087732712328709841275593595298224792391210556037300068819160049027963055257142251/549141540824366662317211464327669663083116125185395685450414406795920712280488546433599550529123734495733692561760636194183857
31 5 17 97053256547133381345229376907114847323267082332343444756601928011091454727047695212392485393037633842616913673982874916093359/549141540824366662317211464327669663083116125185395685450414406795920712280488546433599550529123734495733692561760636194183857
31 5 18 22532022245607423314697439389760369084457559036701978911532132841045385276141278728625913041045913155630388907566211590259362/49921958256760605665201042211606333007556011380490516859128582435992792025498958766690868229920339499612153869250966926743987
31 5 20 44902801470148282067445937841245918131723579952036187511233104113630478583955230601316497494297556891839540513599028903701127/366094360549577774878140976218446442055410750123597123633609604530613808186992364289066367019415822997155795041173757462789238
31 6 14 26765089026054141066973655316382247563011420936628601928401054167890367918653053143809170837669103537118473902759313179017129/40677151172175308319793441802049604672823416680399680403734400503401534242999151587674040779935091444128421671241528606976582
31 6 20 13912062146121167252819786485667357109811995743771078475333346335511166324346098443864869942265987907009947768482215427959453/40677151172175308319793441802049604672823416680399680403734400503401534242999151587674040779935091444128421671241528606976582
31 7 10 229699494222530404722920951778080919249220413774516849015627701349537679958706353244758842725195455780647219844291992051317724/549141540824366662317211464327669663083116125185395685450414406795920712280488546433599550529123734495733692561760636194183857
31 7 14 319442046601836257594290512549588743833895711410878836434786705446383032321782193188840707803928278715086472717468644142866133/549141540824366662317211464327669663083116125185395685450414406795920712280488546433599550529123734495733692561760636194183857
31 8 9 189274953715220001449492654887415045140201236507221831617288353342617862441285898207091353361044541057185019086697328191674894/549141540824366662317211464327669663083116125185395685450414406795920712280488546433599550529123734495733692561760636194183857
31 8 15 359866587109146660867718809440254617942914888678173853833126053453302849839202648226508197168079193438548673475063308002508963/549141540824366662317211464327669663083116125185395685450414406795920712280488546433599550529123734495733692561760636194183857
31 9 7 167007592297142509393895634266063203668741548229900184799666294848718693659021861592323921727110156428881900571807350093800387/1098283081648733324634422928655339326166232250370791370900828813591841424560977092867199101058247468991467385123521272388367714
31 9 8 817002151652684419008672418930151322329333485016466699588815120014870606274050981564847672402281662104555256415915143056576633/1098283081648733324634422928655339326166232250370791370900828813591841424560977092867199101058247468991467385123521272388367714
31 9 12 6348518761050355346214159747729155564897623173579138139574855484902895812661347206112639273825313914335012674211043290999483/61015726758262962479690162703074407009235125020599520605601600755102301364498727381511061169902637166192632506862292910464873
31 10 8 197546761642196948948081014976239683063249034123199991474590480992486887799576789950839676092117512089246956510646361620310007/1098283081648733324634422928655339326166232250370791370900828813591841424560977092867199101058247468991467385123521272388367714
31 10 9 128546446600137179100997504497404318388959768114514341061351439710034843802504082398516184457485459837047270964353323955640557/183047180274788887439070488109223221027705375061798561816804802265306904093496182144533183509707911498577897520586878731394619
31 10 17 129457640405713301080356886694673732769224607560505333058129694339145473946375808525262318221217197879936802826754967034214365/1098283081648733324634422928655339326166232250370791370900828813591841424560977092867199101058247468991467385123521272388367714
31 11 9 14713469571917520046031760024812392526896754236666854056097051067414964465737604576864340789805374436493507924397683251960705/549141540824366662317211464327669663083116125185395685450414406795920712280488546433599550529123734495733692561760636194183857
31 11 12 158444172721638818045732938484332697290485313198647698487364889087084620035606524419272876020155255795924797548817741203465861/549141540824366662317211464327669663083116125185395685450414406795920712280488546433599550529123734495733692561760636194183857
31 11 13 125327966176936774741815588606174857755244685916693710968984155547140375926381472479154111239721034754438462362848403912919097/183047180274788887439070488109223221027705375061798561816804802265306904093496182144533183509707911498577897520586878731394619
31 12 2 89873281767058999667605531836428409644295314566913954480584424758318387871114315240293311818132644254795251487403292782522711/366094360549577774878140976218446442055410750123597123633609604530613808186992364289066367019415822997155795041173757462789238
31 12 8 57733424562094381699090067981487248793384567093807530226450682402635740328834143134038807281353237904007117608407825674454883/366094360549577774878140976218446442055410750123597123633609604530613808186992364289066367019415822997155795041173757462789238
31 12 10 21937750801284084296262957935660091475274024575605334834456984196992368552618744015310528395938063163815988568450818842847950/61015726758262962479690162703074407009235125020599520605601600755102301364498727381511061169902637166192632506862292910464873
31 12 11 35338850170763073004253110024503770805856174389041329216672537430256116151799354556244731503576220710415150860621701290724641/1098283081648733324634422928655339326166232250370791370900828813591841424560977092867199101058247468991467385123521272388367714
31 12 13 29785254750752547920813507383920702122096207194895304002893210379921852137262779768152074854535098198449306949949099477678/159495074302749538866457003870946750822862656167701331818302180306686236503191561554922901693036228433265667313900852801099
31 12 14 1974994062267617264958829839547422370424796950947882724264820278402405413439299563651557600455609973814282797754740642611792/183047180274788887439070488109223221027705375061798561816804802265306904093496182144533183509707911498577897520586878731394619
31 12 16 8293369480108841624874985452244444457100724188953200833313670786303983564367672046963968078266118818549708299473533696485731/1098283081648733324634422928655339326166232250370791370900828813591841424560977092867199101058247468991467385123521272388367714
31 13 3 475980383465434363248551261186282922384108825997067858688394836374151178655306258863054387481843955015828252167754474008105693/1098283081648733324634422928655339326166232250370791370900828813591841424560977092867199101058247468991467385123521272388367714
31 13 5 326449091573379169126472718861967804141755576302518270315959177107419529350533505581782876360128241255418412523426074367135971/1098283081648733324634422928655339326166232250370791370900828813591841424560977092867199101058247468991467385123521272388367714
31 13 11 174942522059987306161847628334824483244081797127986077585298766818623222022827557443833010816068863782881262634102060755927217/1098283081648733324634422928655339326166232250370791370900828813591841424560977092867199101058247468991467385123521272388367714
31 13 14 120911084549932486097551320272264116396286050943219164311176033291647494532309770978528826400206408937339457798238663257198833/1098283081648733324634422928655339326166232250370791370900828813591841424560977092867199101058247468991467385123521272388367714
31 14 8 489540130149581164380254796114992014402242387460211195974077922668850251320432394459852298745594804126393349384922234951145327/1098283081648733324634422928655339326166232250370791370900828813591841424560977092867199101058247468991467385123521272388367714
31 14 11 484883243438061979927263653374228651578282475897970627437398399209114424245679515105799201093545755009404565226389621214142923/1098283081648733324634422928655339326166232250370791370900828813591841424560977092867199101058247468991467385123521272388367714
31 14 13 5629986730049553651222930871187211826623063046027706704061476896085306772493871968252163691777586811621339568736791646503612/49921958256760605665201042211606333007556011380490516859128582435992792025498958766690868229920339499612153869250966926743987
31 15 7 115916221665709490663101354759963242095885157052040300721803430189313177457564417375813151277019250608083018997330524141418551/549141540824366662317211464327669663083116125185395685450414406795920712280488546433599550529123734495733692561760636194183857
31 15 11 433225319158657171654110109567706420987230968133355384728610976606607534822924129057786399252104483887650673564430112052765306/549141540824366662317211464327669663083116125185395685450414406795920712280488546433599550529123734495733692561760636194183857
31 16 3 60384296623166177882244508637211025301936948238197337188776993402082730912969584874434079036864728615382698777465465912046548/549141540824366662317211464327669663083116125185395685450414406795920712280488546433599550529123734495733692561760636194183857
31 16 6 3253279797332775950080440567930021619932589561084338554857163468336592961645059645878896306104395735025181020504912543104630/5546884250751178407244560245734037000839556820054501873236509159554754669499884307410096469991148833290239318805662991860443
31 16 7 90481384438641413984066690146763391496772791145660356703653149829439271108775873425785586558591506162461648210740284191838675/366094360549577774878140976218446442055410750123597123633609604530613808186992364289066367019415822997155795041173757462789238
31 16 15 61920935214587088801806608490482820325387247362716592550597010568712743002988492956952714700073137738331200876396804454041853/1098283081648733324634422928655339326166232250370791370900828813591841424560977092867199101058247468991467385123521272388367714
31 17 3 51564598478868653815606369023737351699895250084886497622331323520139699759114935885864257180632470426497911910854187656030387/1098283081648733324634422928655339326166232250370791370900828813591841424560977092867199101058247468991467385123521272388367714
31 17 4 170017678349335053337192465029507378179924808334877069610861867810062688346078416976427120858532084228831169646201240920339802/549141540824366662317211464327669663083116125185395685450414406795920712280488546433599550529123734495733692561760636194183857
31 17 9 21004951493092739386969137125851098734195805413052837928129546821642480525285422769534590179989897087381644936027926003845071/61015726758262962479690162703074407009235125020599520605601600755102301364498727381511061169902637166192632506862292910464873
31 17 11 328593999595525255178987161307267440890962886181199651350441911662011698654567713176857978920732682534437525071761934822446445/1098283081648733324634422928655339326166232250370791370900828813591841424560977092867199101058247468991467385123521272388367714
31 18 1 100572757377046793862173393179234541629082875726227788928990960088384520661330902950298949717567080046408244761043836903233063/549141540824366662317211464327669663083116125185395685450414406795920712280488546433599550529123734495733692561760636194183857
31 18 6 542109659718169643222782027875142560151878486798197528517931264179529494774619011726445782477145335375900618271572326680290997/1098283081648733324634422928655339326166232250370791370900828813591841424560977092867199101058247468991467385123521272388367714
31 18 7 352198941945352477967107589854061917904145920581125486819966839583567594575280158811593906863134745243293317644192223977979257/1098283081648733324634422928655339326166232250370791370900828813591841424560977092867199101058247468991467385123521272388367714
31 18 9 157164735062089762232584698203653602891227307722932094719377202887516327134228690475639571268512682192053315870502662423963/61015726758262962479690162703074407009235125020599520605601600755102301364498727381511061169902637166192632506862292910464873
31 19 1 30572651564639819956033786166815725352633701444167983670873919975081442263080941505693946021967219101270409136718172872884258/549141540824366662317211464327669663083116125185395685450414406795920712280488546433599550529123734495733692561760636194183857
31 19 4 128806617116161926115871714999384645348155613796746334030539833904674959884051408023041370598912265946547434500739651829675588/549141540824366662317211464327669663083116125185395685450414406795920712280488546433599550529123734495733692561760636194183857
31 19 10 286505775542418176066369962805854893470473205885634741230817205926925942958239262003509861498983364862280543130900277124386203/549141540824366662317211464327669663083116125185395685450414406795920712280488546433599550529123734495733692561760636194183857
31 19 11 103256496601146740178936000355614398911853604058846626518183446989238367175116934901354372409260884585635305793402534367237808/549141540824366662317211464327669663083116125185395685450414406795920712280488546433599550529123734495733692561760636194183857
31 20 2 142214245913675374092867038146291865775220436296027960270567740965529709028440446405141913835390193472243611488904155151098467/1098283081648733324634422928655339326166232250370791370900828813591841424560977092867199101058247468991467385123521272388367714
31 20 7 956068835735057950541555890509047460391011814074763410630261072626311715532536646462057187222857275519223773634617117237269247/1098283081648733324634422928655339326166232250370791370900828813591841424560977092867199101058247468991467385123521272388367714
31 21 4 4420937526292977282473690109629877037562937127930012678824997946913865644670288272725968046887595382607998265214195505403133/13559050390725102773264480600683201557607805560133226801244800167800511414333050529224680259978363814709473890413842868992194
31 21 6 48875819276591185785359129883032179515834787363463290107687501760042581338317690875462568715300550042183824942138903147709629/122031453516525924959380325406148814018470250041199041211203201510204602728997454763022122339805274332385265013724585820929746
31 21 7 48454551337660979531802661058633899379706912965199746808627506751553020173710947038741556428445004656234820207766133158786617/549141540824366662317211464327669663083116125185395685450414406795920712280488546433599550529123734495733692561760636194183857
31 21 8 101697832927179766811108269355380935860853715403445619664780725274164517475201315409874728982878641654047730373194520901877023/549141540824366662317211464327669663083116125185395685450414406795920712280488546433599550529123734495733692561760636194183857
31 22 3 280867226573336464489322002704869833792200475769508470471794215400979409731323025452687632985428587934862085478731172039538706/549141540824366662317211464327669663083116125185395685450414406795920712280488546433599550529123734495733692561760636194183857
31 22 9 268274314251030197827889461622799829290915649415887214978620191394941302549165520980911917543695146560871607083029464154645151/549141540824366662317211464327669663083116125185395685450414406795920712280488546433599550529123734495733692561760636194183857
31 23 1 313851133972083920051460292520224898194962039277127918083132749015351146357610432077906502462556925649148903712887900004757329/549141540824366662317211464327669663083116125185395685450414406795920712280488546433599550529123734495733692561760636194183857
31 23 6 235290406852282742265751171807444764888154085908267767367281657780569565922878114355693048066566808846584788848872736189426528/549141540824366662317211464327669663083116125185395685450414406795920712280488546433599550529123734495733692561760636194183857
31 24 2 464706839272084566248891871336430190939893377491433440740257393579701622731989944867560209868711810303385219995629458337929581/1098283081648733324634422928655339326166232250370791370900828813591841424560977092867199101058247468991467385123521272388367714
31 24 4 633576242376648758385531057318909135226338872879357930160571420012139801828987147999638891189535658688082165127891814050438133/1098283081648733324634422928655339326166232250370791370900828813591841424560977092867199101058247468991467385123521272388367714
31 25 3 275475662789415270145177559825014104145200238719793920019417677820537296932708476584061707904623968084442349272264454842802594/549141540824366662317211464327669663083116125185395685450414406795920712280488546433599550529123734495733692561760636194183857
31 25 5 273665878034951392172033904502655558937915886465601765430996728975383415347780069849537842624499766411291343289496181351381263/549141540824366662317211464327669663083116125185395685450414406795920712280488546433599550529123734495733692561760636194183857
31 26 1 11261036116702751823272926966778362529327872751103887789166487304290336898205895687060288076214975723518719416568717096709206/61015726758262962479690162703074407009235125020599520605601600755102301364498727381511061169902637166192632506862292910464873
31 26 2 43490746097955462126826375185613541699375971941918508371180280973369195164563171611995372618361986678298793186304741122790793/99843916513521211330402084423212666015112022760981033718257164871985584050997917533381736459840678999224307738501933853487974
31 26 4 85756458883789924651097991259167996629498120027138689446440922187376745577651575228197648697129155741754554109883473827110099/549141540824366662317211464327669663083116125185395685450414406795920712280488546433599550529123734495733692561760636194183857
31 26 5 81891102234331286372741377897747949562066203145180139906655702344266907475924310770589839830045913674444867452055088214227695/366094360549577774878140976218446442055410750123597123633609604530613808186992364289066367019415822997155795041173757462789238
31 27 0 60507494605531849642371908664198055276332865529725941857674046685565620981943701129405358250429362554546312036782181588850921/549141540824366662317211464327669663083116125185395685450414406795920712280488546433599550529123734495733692561760636194183857
31 27 5 488634046218834812674839555663471607806783259655669743592740360110355091298544845304194192278694371941187380524978454605332936/549141540824366662317211464327669663083116125185395685450414406795920712280488546433599550529123734495733692561760636194183857
31 28 1 143513761798742438571292839626803787237820436079232356427822880647906257153725298258833721390653439867489844770369182795690375/549141540824366662317211464327669663083116125185395685450414406795920712280488546433599550529123734495733692561760636194183857
31 28 2 69822054552225070093409887473029597601329844173645098435083781165257920171440313532279397388260481257181771412561457672873358/549141540824366662317211464327669663083116125185395685450414406795920712280488546433599550529123734495733692561760636194183857
31 28 3 167861446433903297920399000171627892877336538221823948206348264585103755751266449814865490570171632136005015686504881835167839/549141540824366662317211464327669663083116125185395685450414406795920712280488546433599550529123734495733692561760636194183857
31 28 4 167944278039495855732109737056208385366629306710694282381159480397652779204056484827620941180038181235057060692325113890452285/549141540824366662317211464327669663083116125185395685450414406795920712280488546433599550529123734495733692561760636194183857
31 29 0 281353346271349595254699642848248611701374795713720369350997761526282349025434144072596872889244874261452324130933588450243598/549141540824366662317211464327669663083116125185395685450414406795920712280488546433599550529123734495733692561760636194183857
31 29 2 267788194553017067062511821479421051381741329471675316099416645269638363255054402361002677639878860234281368430827047743940259/549141540824366662317211464327669663083116125185395685450414406795920712280488546433599550529123734495733692561760636194183857
31 30 0 31/33
31 30 2 2/33
31 31 0 190640047195231682198406232078020885102889793481785868622033071105408478264611048309367029979476051179864338437627877179508009/549141540824366662317211464327669663083116125185395685450414406795920712280488546433599550529123734495733692561760636194183857
31 31 1 358501493629134980118805232249648777980226331703609816828381335690512234015877498124232520549647683315869354124132759014675848/549141540824366662317211464327669663083116125185395685450414406795920712280488546433599550529123734495733692561760636194183857
32 0 16 299442178520564823526126566280015760436274884753761463378263481205589862967560897103402159793404508625702943672026099028260154/549141540824366662317211464327669663083116125185395685450414406795920712280488546433599550529123734495733692561760636194183857
32 0 19 43469805843922875274736075003000759263621856630662953447479828490101079747825710589566768206285727513200087594770775670019205/549141540824366662317211464327669663083116125185395685450414406795920712280488546433599550529123734495733692561760636194183857
32 0 20 206229556459878963516348823044653143383219383800971268624671097100229769565101938740630622529433498356830661294963761495904498/549141540824366662317211464327669663083116125185395685450414406795920712280488546433599550529123734495733692561760636194183857
32 1 13 22529328935455034088225666865519764687270746124332153152908629264806855644558981379051696945435144712941232807920865905016795/183047180274788887439070488109223221027705375061798561816804802265306904093496182144533183509707911498577897520586878731394619
32 1 15 147937662182059347999725675474903184006915207436332022786002398103750595510227830745992772290735038764019310781726414872282252/549141540824366662317211464327669663083116125185395685450414406795920712280488546433599550529123734495733692561760636194183857
32 1 17 333615891835942212052808788256207185014388679376067203205686120897749549836583771550451687402083261592890683356271623606851220/549141540824366662317211464327669663083116125185395685450414406795920712280488546433599550529123734495733692561760636194183857
32 2 13 45357435476833989816486829554537882816988582867956305040584125797016606012910894449084656964173433060309593481884749645027905/122031453516525924959380325406148814018470250041199041211203201510204602728997454763022122339805274332385265013724585820929746
32 2 15 76674018039691935142893495851610931201481667173242736170619075713187996716086560313937465375631841272075671531839836175901841/122031453516525924959380325406148814018470250041199041211203201510204602728997454763022122339805274332385265013724585820929746
32 3 12 263330397259794683948366323487089213237800582696452589719170882687070084396221118076723142996072500856719068041007802363110695/1098283081648733324634422928655339326166232250370791370900828813591841424560977092867199101058247468991467385123521272388367714
32 3 13 178022412710705617291389632039139347494981217347511347367057199866112075755833440884616896488656835360483918671361217482822085/549141540824366662317211464327669663083116125185395685450414406795920712280488546433599550529123734495733692561760636194183857
32 3 15 10630588741863658846938278090404473455975340811675730330842465941524526357619626114287637378424526388145423807754876219136101/549141540824366662317211464327669663083116125185395685450414406795920712280488546433599550529123734495733692561760636194183857
32 3 18 50849631275977787601044531656573607891835394595107180642873177698833126215316648976962987814223582737498848013809031402371183/122031453516525924959380325406148814018470250041199041211203201510204602728997454763022122339805274332385265013724585820929746
32 4 12 69742042080089277601456919389955298202547656527727539436750946578585821769010601099062633893962581695835459358884676318833/16640652752253535221733680737202111002518670460163505619709527478664264008499652922230289409973446499870717956416988975581329
32 4 14 596379724936530259312274258885023088414414535483431316029279259649778772365834064186169490685855554882459826386599926625214959/1098283081648733324634422928655339326166232250370791370900828813591841424560977092867199101058247468991467385123521272388367714
32 4 17 497300381934917173000452513090579188070449569556530037268723991467875987958388329008491476535390383717082418419234957126109777/1098283081648733324634422928655339326166232250370791370900828813591841424560977092867199101058247468991467385123521272388367714
32 5 11 394798275909901379600577992543278417375683511708692354777129078023777080766178563956046758740971451179909439853824717742861865/549141540824366662317211464327669663083116125185395685450414406795920712280488546433599550529123734495733692561760636194183857
32 5 12 154343264914465282716633471784391245707432613476703330673285328772143631514309982477552791788152283315824252707935918451321992/549141540824366662317211464327669663083116125185395685450414406795920712280488546433599550529123734495733692561760636194183857
32 6 9 47159111475742960265648550041773288388470953280890772605561693797759350486273960499649540533695766144556272737536682524014621/183047180274788887439070488109223221027705375061798561816804802265306904093496182144533183509707911498577897520586878731394619
32 6 10 59140412184605674834021303240931981009174685998915668171254347676854213434299357418641157416005423365518484029322639968038540/549141540824366662317211464327669663083116125185395685450414406795920712280488546433599550529123734495733692561760636194183857
32 6 13 321421910479792697546354786809816991852133273605796280090949604392775404017389957047668054582880351903824190890636080753297677/1098283081648733324634422928655339326166232250370791370900828813591841424560977092867199101058247468991467385123521272388367714
32 6 14 13912062146121167252819786485667357109811995743771078475333346335511166324346098443864869942265987907009947768482215427959453/40677151172175308319793441802049604672823416680399680403734400503401534242999151587674040779935091444128421671241528606976582
32 7 11 210382745108508744652104659674432776972883016303186960837021769804264630206432089790811296360832334750585830747637178963521261/549141540824366662317211464327669663083116125185395685450414406795920712280488546433599550529123734495733692561760636194183857
32 7 12 475937383249588040374843572993882926553678707191765821151606288912975698653694921058019191634848451526955948062750099714155263/1098283081648733324634422928655339326166232250370791370900828813591841424560977092867199101058247468991467385123521272388367714
32 7 15 67193402727375931651790012104196948555595836857550542691726328356778821831472664075852438900578115987779925188498938249056643/366094360549577774878140976218446442055410750123597123633609604530613808186992364289066367019415822997155795041173757462789238
32 8 13 380146662531477741434523600922003908638127233018846384392629163264172797947058331302805880247421550248766159569183145523862978/549141540824366662317211464327669663083116125185395685450414406795920712280488546433599550529123734495733692561760636194183857
32 8 14 168994878292888920882687863405665754444988892166549301057785243531747914333430215130793670281702184246967532992577490670320879/549141540824366662317211464327669663083116125185395685450414406795920712280488546433599550529123734495733692561760636194183857
32 9 10 458075588862084636842480576367563966716838493722823524115810739890411421431373826357923590083454156475516068172762727282407331/549141540824366662317211464327669663083116125185395685450414406795920712280488546433599550529123734495733692561760636194183857
32 9 13 91065951962282025474730887960105696366277631462572161334603666905509290849114720075675960445669578020217624388997908911776526/549141540824366662317211464327669663083116125185395685450414406795920712280488546433599550529123734495733692561760636194183857
32 10 9 54500733674651708338072983611818902638745606947284220755453362555272060290992099746016999052222451661530626556233554775754062/183047180274788887439070488109223221027705375061798561816804802265306904093496182144533183509707911498577897520586878731394619
32 10 11 8860825814695552868957458858440551233212021751695378617028656565795327894577109201262997468569529863733528403368549476522215/183047180274788887439070488109223221027705375061798561816804802265306904093496182144533183509707911498577897520586878731394619
32 10 14 39895206928480542077346681879654589051915915454272987481440927714746505302642324399084395662971976657771247520328258159706114/61015726758262962479690162703074407009235125020599520605601600755102301364498727381511061169902637166192632506862292910464873
32 11 9 396745002341142371663732699877966376999800940552372586843892771389345434230612625333632517606588936480852410831250117448456242/549141540824366662317211464327669663083116125185395685450414406795920712280488546433599550529123734495733692561760636194183857
32 11 11 152396538483224290653478764449703286083315184633023098606521635406575278049875921099967032922534798014881281730510518745727615/549141540824366662317211464327669663083116125185395685450414406795920712280488546433599550529123734495733692561760636194183857
32 12 9 21937750801284084296262957935660091475274024575605334834456984196992368552618744015310528395938063163815988568450818842847950/61015726758262962479690162703074407009235125020599520605601600755102301364498727381511061169902637166192632506862292910464873
32 12 10 39077975956978878183427204767414315533961100444994185771144616558109932811879983366200532773964574002376643938411474067616923/61015726758262962479690162703074407009235125020599520605601600755102301364498727381511061169902637166192632506862292910464873
32 13 12 1
32 14 5 5971728767275594440218155270088607354703472772169224943396894471324309054919721568861277697667460600966187418059008633123731/183047180274788887439070488109223221027705375061798561816804802265306904093496182144533183509707911498577897520586878731394619
32 14 6 52882732931422308421734655898001522508769329639340809162828225835309311159652826705187259507574681983505327302978272034722369/99843916513521211330402084423212666015112022760981033718257164871985584050997917533381736459840678999224307738501933853487974
32 14 8 18730177965169647971205754441503290512332488744441971802166859161989037634181475324180067931859534589520337216969843653768047/99843916513521211330402084423212666015112022760981033718257164871985584050997917533381736459840678999224307738501933853487974
32 14 9 14570344341885620308777050713822850862911620235453120043570285820978919292810797659479909046910710916550592417909265621998812/61015726758262962479690162703074407009235125020599520605601600755102301364498727381511061169902637166192632506862292910464873
32 14 12 6222245514313536056391285225721711636741123639004634920618183507996593114343541630176235097036763292238643686685583410126068/549141540824366662317211464327669663083116125185395685450414406795920712280488546433599550529123734495733692561760636194183857
32 15 7 113677193645777687431630221611370117812259524262778973392399973320247342277929622945958321056591681964108690133232551007099835/549141540824366662317211464327669663083116125185395685450414406795920712280488546433599550529123734495733692561760636194183857
32 15 8 74246567647203133600079572437795705879602034912891903668087261317583746540891505871680653429799591967484227636404145211098605/183047180274788887439070488109223221027705375061798561816804802265306904093496182144533183509707911498577897520586878731394619
32 15 10 212724644236979574085342525402912427632050496183941001053752649522922130379884405872599269183133276629172319519315649553788207/549141540824366662317211464327669663083116125185395685450414406795920712280488546433599550529123734495733692561760636194183857
32 16 7 395165902385530967595719723676713032356474880863603564680620166692890720151726267058811591313821472894356393125533918633454635/1098283081648733324634422928655339326166232250370791370900828813591841424560977092867199101058247468991467385123521272388367714
32 16 8 20954530528158480619689448921517617510272691241801469092260442776007036603982576001579638414887896456626530249073804648770165/33281305504507070443467361474404222005037340920327011239419054957328528016999305844460578819946892999741435912833977951162658
32 16 9 5808835916986248294475695284272457985379279263869663087807017645359248238912908878129721026562706514217746889275900172748817/549141540824366662317211464327669663083116125185395685450414406795920712280488546433599550529123734495733692561760636194183857
32 17 7 101992878256951127875224876026394063093515329948767575428681021607435387565083942849193192842150005382620789617017674413986395/183047180274788887439070488109223221027705375061798561816804802265306904093496182144533183509707911498577897520586878731394619
32 17 11 81054302017837759563845612082829157934190045113030986388123780657871516528412239295339990667557906115957107903569204317408224/183047180274788887439070488109223221027705375061798561816804802265306904093496182144533183509707911498577897520586878731394619
32 18 5 494822054927121225109092845900756055853490458513849329405424915588361074019465726825264791313570603888585486647442029615299530/549141540824366662317211464327669663083116125185395685450414406795920712280488546433599550529123734495733692561760636194183857
32 18 11 54319485897245437208118618426913607229625666671546356044989491207559638261022819608334759215553130607148205914318606578884327/549141540824366662317211464327669663083116125185395685450414406795920712280488546433599550529123734495733692561760636194183857
32 19 4 12753450318795248219210625751801876981076072106102899035157458917931612204800678329868631906225972565557561390984716771768017/549141540824366662317211464327669663083116125185395685450414406795920712280488546433599550529123734495733692561760636194183857
32 19 6 90216038919974457404526956457784058067415994022584117913296516810390998800656374685813495652439243488226894442405877847934770/549141540824366662317211464327669663083116125185395685450414406795920712280488546433599550529123734495733692561760636194183857
32 19 7 16524890799466553951610143782151249186467557742841061796368904854355485232408573830293237887794759942294416175124816354610410/20338575586087654159896720901024802336411708340199840201867200251700767121499575793837020389967545722064210835620764303488291
32 20 3 15074113626145232471529160459619993830599281334080042069221647945918400662917469806712300706647690292578271930343167651804265/366094360549577774878140976218446442055410750123597123633609604530613808186992364289066367019415822997155795041173757462789238
32 20 4 15746039567708132636893016826005118999205543441365335919957903567563632481718263951014586290983538864323404782973146673058767/122031453516525924959380325406148814018470250041199041211203201510204602728997454763022122339805274332385265013724585820929746
32 20 8 410136993431822394545942973971441310787579381587797069342642470965370109976092304020872443887997514812444380454839930979058589/549141540824366662317211464327669663083116125185395685450414406795920712280488546433599550529123734495733692561760636194183857
32 20 9 45536198898639822197956173949775326053212876110334541364128897857636655142287849923093017271728759354966582688026793708654419/549141540824366662317211464327669663083116125185395685450414406795920712280488546433599550529123734495733692561760636194183857
32 21 4 341527821757859725489532790742383950943936386792054206554446045794905270655681524673247331528657429895873507297320982252189297/1098283081648733324634422928655339326166232250370791370900828813591841424560977092867199101058247468991467385123521272388367714
32 21 5 32740548385813683791672219516848456704827396861484806128435059121989807520386038417533471938811995459754433092856221526870021/49921958256760605665201042211606333007556011380490516859128582435992792025498958766690868229920339499612153869250966926743987
32 21 7 1350488718628613175114863279344049174670116023187830722993017300487421794696397148452421736138005147444309251235682094260665/40677151172175308319793441802049604672823416680399680403734400503401534242999151587674040779935091444128421671241528606976582
32 22 4 269102099552618774954429665888998751739247031738581694445755021195694583438855982304006962253846790700110022730630221632609016/549141540824366662317211464327669663083116125185395685450414406795920712280488546433599550529123734495733692561760636194183857
32 22 6 280039441271747887362781798438670911343869093446813991004659385600226128841632564129592588275276943795623669831130414561574841/549141540824366662317211464327669663083116125185395685450414406795920712280488546433599550529123734495733692561760636194183857
32 23 2 35324972079495323044244140716204421949188994572540196332417114960754290349796294492135406328457564277539506737123819012024057/366094360549577774878140976218446442055410750123597123633609604530613808186992364289066367019415822997155795041173757462789238
32 23 4 366082592267213726802468268264970174787684230102697259942748380337403098834679612291020326991974612034265314177330291028738466/549141540824366662317211464327669663083116125185395685450414406795920712280488546433599550529123734495733692561760636194183857
32 23 5 260142980875819901896753969976785710743296806447776262018080708034772355842228984808752228088925552090318236557489233294818611/1098283081648733324634422928655339326166232250370791370900828813591841424560977092867199101058247468991467385123521272388367714
32 24 3 257219246484863827982743157489991582257837891521080758965612530375123781496781184365133500200453300394533779669146282763760225/1098283081648733324634422928655339326166232250370791370900828813591841424560977092867199101058247468991467385123521272388367714
32 24 6 841063835163869496651679771165347743908394358849710611935216283216717643064195908502065600857794168596933605454374989624607489/1098283081648733324634422928655339326166232250370791370900828813591841424560977092867199101058247468991467385123521272388367714
32 25 2 297488082965575381390429474027837798101184414630729916061773434612530989820196763952470381871011365719874852391215960499602523/366094360549577774878140976218446442055410750123597123633609604530613808186992364289066367019415822997155795041173757462789238
32 25 4 24221751390332281905396716752523507809976568859250948734076572125555128827301767089018095852300375218266678009614520989643947/549141540824366662317211464327669663083116125185395685450414406795920712280488546433599550529123734495733692561760636194183857
32 25 5 157375329971342616652341073066778916242725868760099725247355365503138197445783266831751763740612621395309471930644348910272251/1098283081648733324634422928655339326166232250370791370900828813591841424560977092867199101058247468991467385123521272388367714
32 26 3 1
32 27 0 140718088938471076533205189866414552095333782101295351762904488669415686239112089542676161749555711680252184568376910252764022/549141540824366662317211464327669663083116125185395685450414406795920712280488546433599550529123734495733692561760636194183857
32 27 2 408423451885895585784006274461255110987782343084100333687509918126505026041376456890923388779568022815481507993383725941419835/549141540824366662317211464327669663083116125185395685450414406795920712280488546433599550529123734495733692561760636194183857
32 28 3 381280094390463364396812464156041770205779586963571737244066142210816956529222096618734059958952102359728676875255754359016018/549141540824366662317211464327669663083116125185395685450414406795920712280488546433599550529123734495733692561760636194183857
32 28 4 167861446433903297920399000171627892877336538221823948206348264585103755751266449814865490570171632136005015686504881835167839/549141540824366662317211464327669663083116125185395685450414406795920712280488546433599550529123734495733692561760636194183857
32 29 1 1
32 30 0 2/33
32 30 1 341860840876881444897071551512446666977707661243446311208671808211847970007377845202002231139674236815998636167715770039094519/549141540824366662317211464327669663083116125185395685450414406795920712280488546433599550529123734495733692561760636194183857
32 30 2 173999394442978146976672551340818774100371123021622363002323543626744214256111395387136740569502604679993620481210888203926680/549141540824366662317211464327669663083116125185395685450414406795920712280488546433599550529123734495733692561760636194183857
32 31 0 358501493629134980118805232249648777980226331703609816828381335690512234015877498124232520549647683315869354124132759014675848/549141540824366662317211464327669663083116125185395685450414406795920712280488546433599550529123734495733692561760636194183857
32 31 1 190640047195231682198406232078020885102889793481785868622033071105408478264611048309367029979476051179864338437627877179508009/549141540824366662317211464327669663083116125185395685450414406795920712280488546433599550529123734495733692561760636194183857
32 32 0 1
